{"type":"FeatureCollection","features":[{"type":"Feature","properties":{"@id":"relation/79348","alt_name":"Laguna Lake","ele":"2","name":"Laguna de Bay","name:en":"Laguna de Bay","name:es":"Laguna de Baý","name:fa":"لاگونا دبی","name:tl":"Lawa ng Laguna","natural":"water","type":"multipolygon","water":"lake","wikidata":"Q47136","wikipedia":"en:Laguna de Bay"},"geometry":{"type":"Polygon","coordinates":[[[121.0716775,14.5058517],[121.0713986,14.506114],[121.0712805,14.5062101],[121.0712001,14.5062568],[121.0711652,14.5062698],[121.0711411,14.5062594],[121.0711411,14.5062179],[121.0712725,14.5060257],[121.0714066,14.5058206],[121.0714086,14.5057946],[121.0713986,14.5057745],[121.0713805,14.5057622],[121.0713597,14.5057628],[121.0713261,14.5057687],[121.071251,14.5058154],[121.0703204,14.5063971],[121.0697544,14.5066983],[121.0694432,14.5069008],[121.0694117,14.5068593],[121.0692892,14.5069096],[121.0692396,14.5068276],[121.0691456,14.5066721],[121.0682729,14.5051071],[121.068262,14.5050881],[121.0680342,14.5046537],[121.0684361,14.5044182],[121.0678746,14.5032079],[121.0676545,14.5019751],[121.0659801,14.4962455],[121.0652559,14.4938839],[121.0647585,14.492403],[121.0645959,14.4924459],[121.0643277,14.4916288],[121.0640614,14.4906566],[121.0637985,14.4906852],[121.0636856,14.4899595],[121.0636693,14.4898546],[121.0635947,14.489375],[121.0635364,14.4890798],[121.0634441,14.4887545],[121.0634349,14.4887216],[121.0632835,14.4881675],[121.0632071,14.4878507],[121.0631682,14.4877585],[121.0630435,14.4875624],[121.0629871,14.4875183],[121.0628535,14.4874011],[121.0628315,14.4873788],[121.0627967,14.4873495],[121.0627793,14.4872975],[121.0627806,14.4871975],[121.0627578,14.4870846],[121.0626613,14.4869651],[121.0625821,14.4868924],[121.0625352,14.4868405],[121.0624829,14.4868132],[121.0624078,14.4867833],[121.0623635,14.4867405],[121.0623448,14.4867067],[121.0622415,14.4863756],[121.0622495,14.4863081],[121.0622817,14.486225],[121.0624078,14.4861211],[121.0628155,14.4859861],[121.0632929,14.4859679],[121.0636952,14.4859757],[121.0640144,14.4859887],[121.0641834,14.4859523],[121.064229,14.4858796],[121.0642424,14.4858121],[121.0642263,14.4857627],[121.0641646,14.4856173],[121.0640386,14.4854849],[121.0637999,14.48522],[121.063647,14.4850616],[121.0634351,14.4848382],[121.063242,14.4847447],[121.0628316,14.4846434],[121.062566,14.4845396],[121.0624453,14.4844643],[121.0623515,14.4842773],[121.0623381,14.4841656],[121.0623823,14.4839332],[121.0624199,14.4837475],[121.0624292,14.4836332],[121.0624359,14.4835155],[121.0624091,14.4833073],[121.0623837,14.4832697],[121.0623582,14.4832541],[121.0623085,14.4832476],[121.0622254,14.4832385],[121.0621476,14.4832268],[121.0621168,14.4832047],[121.0621047,14.483184],[121.0620926,14.4829944],[121.0621127,14.4829398],[121.0621986,14.4828074],[121.0622241,14.4827918],[121.0624051,14.482771],[121.0624306,14.4827542],[121.0624467,14.4827165],[121.0623769,14.4824542],[121.0623702,14.4823698],[121.0623863,14.4819504],[121.0623756,14.4819192],[121.0623407,14.4818816],[121.0620497,14.4816712],[121.0620216,14.4816037],[121.0620202,14.481544],[121.0620417,14.4814544],[121.0620806,14.4813583],[121.0621101,14.4813024],[121.0621476,14.4812583],[121.0622227,14.4812051],[121.0622509,14.4811609],[121.0622589,14.4811051],[121.0622415,14.4810479],[121.0622066,14.4810207],[121.0621449,14.4809869],[121.0620967,14.4809622],[121.0620725,14.4809311],[121.0620658,14.480909],[121.0620725,14.4808798],[121.0620832,14.4808597],[121.0621034,14.4808454],[121.0621208,14.4808226],[121.0621288,14.4807876],[121.0621342,14.4807532],[121.0621275,14.4807064],[121.0621074,14.4806818],[121.062047,14.4806402],[121.0620229,14.4805961],[121.0620229,14.4805662],[121.0620311,14.4805363],[121.062039,14.4805078],[121.0620685,14.480461],[121.0621838,14.4803701],[121.0622348,14.4803175],[121.0622549,14.4802812],[121.062271,14.4802344],[121.062275,14.4801974],[121.062263,14.4801494],[121.062218,14.4801163],[121.0621637,14.4800663],[121.0621543,14.4800208],[121.0621583,14.4799793],[121.0621932,14.4799143],[121.06222,14.479878],[121.0622388,14.4798416],[121.0622589,14.4797832],[121.0622442,14.4797222],[121.0621999,14.4796352],[121.0621892,14.4795871],[121.0621811,14.4794741],[121.0621825,14.4793404],[121.0622039,14.4790937],[121.0622133,14.4790132],[121.0622321,14.4789353],[121.062263,14.4788937],[121.0624118,14.4788119],[121.0624453,14.478782],[121.0624722,14.4787041],[121.0624775,14.4786587],[121.0624681,14.4786028],[121.0624319,14.4785587],[121.0623541,14.4785171],[121.0620993,14.47836],[121.0620658,14.4783276],[121.062035,14.478286],[121.0618713,14.4780185],[121.0616876,14.4776952],[121.0616796,14.477651],[121.061693,14.4775991],[121.0619625,14.4772667],[121.0619827,14.4772017],[121.0619894,14.4771264],[121.0619156,14.476794],[121.0618861,14.4767213],[121.0618083,14.4766083],[121.0617305,14.4764811],[121.0616648,14.4763538],[121.0616165,14.4762681],[121.0611069,14.4755825],[121.0610667,14.4755124],[121.0609594,14.4753267],[121.0605275,14.4742827],[121.0605235,14.4740826],[121.060773,14.4739567],[121.0607166,14.4737957],[121.0607207,14.4736113],[121.0607046,14.4735632],[121.0607033,14.4734905],[121.0610171,14.4733646],[121.0610547,14.4732542],[121.0610037,14.4731217],[121.060942,14.4729568],[121.0609245,14.4728984],[121.060891,14.4728244],[121.0608535,14.4728036],[121.0607757,14.4727555],[121.0607126,14.472788],[121.0606188,14.4727997],[121.0605128,14.4728413],[121.0604592,14.472853],[121.060423,14.4728439],[121.0603787,14.4728023],[121.0603639,14.4727582],[121.0603613,14.4727218],[121.060368,14.472679],[121.0604283,14.4725984],[121.0604753,14.4725452],[121.0605061,14.472466],[121.0605128,14.4723816],[121.0604994,14.4723309],[121.0604779,14.4722725],[121.0604431,14.4722245],[121.0603867,14.4721868],[121.0603505,14.4721725],[121.0602808,14.4721647],[121.0601909,14.4721699],[121.0600314,14.4722076],[121.0599482,14.4722452],[121.0598101,14.4723283],[121.0596156,14.4724387],[121.0595097,14.4725037],[121.059393,14.4725504],[121.0593219,14.4725738],[121.0592535,14.4725907],[121.0591717,14.4725816],[121.05911,14.4725517],[121.0590564,14.4725075],[121.0590067,14.4724335],[121.0589732,14.4723063],[121.0589732,14.4722374],[121.0589987,14.472131],[121.0590376,14.4720712],[121.0590953,14.4720232],[121.0592642,14.4719699],[121.0597886,14.4718544],[121.0598154,14.4718193],[121.0598235,14.4717804],[121.0597336,14.4714921],[121.0597014,14.4714635],[121.0596679,14.4714635],[121.0595083,14.4715129],[121.0594346,14.4715116],[121.0593769,14.4714973],[121.0593139,14.4713934],[121.0591677,14.4713148],[121.0591254,14.471172],[121.0592381,14.4710233],[121.0592133,14.4709421],[121.0591623,14.4708928],[121.0590443,14.4708779],[121.0589806,14.4709331],[121.0589182,14.4708636],[121.058882,14.4707993],[121.0589343,14.4707532],[121.0589685,14.47065],[121.0588646,14.4704611],[121.0585427,14.4705974],[121.0584261,14.4702546],[121.0585749,14.4701026],[121.0585105,14.469939],[121.0582611,14.4700195],[121.058123,14.4698767],[121.0580184,14.4696858],[121.0581927,14.4696248],[121.0581538,14.4694741],[121.0584073,14.4693897],[121.0584676,14.4693235],[121.0584315,14.4692352],[121.059338,14.4689326],[121.0593621,14.4689079],[121.0593702,14.4688606],[121.0592783,14.4685366],[121.059212,14.4684249],[121.0591663,14.4683924],[121.059104,14.4683911],[121.058701,14.4684301],[121.0584334,14.4684833],[121.0583181,14.4685781],[121.0581887,14.4685989],[121.0581364,14.4685768],[121.0580988,14.4685495],[121.0580814,14.4685178],[121.0580566,14.4684801],[121.0579828,14.4683184],[121.0579078,14.468169],[121.0580003,14.4681567],[121.0581297,14.4680885],[121.0581572,14.467995],[121.0581505,14.4679191],[121.05808,14.4678645],[121.058015,14.4678606],[121.0577528,14.4680022],[121.0576945,14.4679132],[121.0577481,14.4678561],[121.0577655,14.4677957],[121.0578574,14.4677393],[121.0578655,14.4676509],[121.0577676,14.4675821],[121.05773,14.4674016],[121.0580277,14.4671315],[121.0580398,14.4670958],[121.0580304,14.467025],[121.0579687,14.4669289],[121.0578668,14.4668588],[121.0577837,14.466812],[121.0573746,14.4665445],[121.0573427,14.4665214],[121.0573143,14.4664887],[121.0572606,14.4664627],[121.0572177,14.4664601],[121.0570313,14.4665082],[121.0569897,14.4664913],[121.0569133,14.4663666],[121.0568959,14.466329],[121.0566692,14.4655225],[121.0566129,14.4653174],[121.0565579,14.4651576],[121.0565378,14.4651096],[121.0563447,14.4648148],[121.0563165,14.4647434],[121.0563192,14.4646889],[121.0563366,14.4646434],[121.0565726,14.4645096],[121.0565981,14.4644733],[121.0565914,14.4644473],[121.0564546,14.4642343],[121.0564238,14.4641798],[121.0564238,14.4641344],[121.0564385,14.4640863],[121.056928,14.4638565],[121.0569642,14.463824],[121.056971,14.4637837],[121.0569549,14.4636889],[121.0569119,14.4636279],[121.0568596,14.4636019],[121.056798,14.4636084],[121.0560389,14.46385],[121.055996,14.4638331],[121.0558994,14.4637253],[121.0558578,14.4636097],[121.0558619,14.4635578],[121.0558967,14.4634773],[121.0559209,14.463411],[121.055937,14.4633487],[121.0559396,14.4632591],[121.0559168,14.4631565],[121.0558927,14.4630695],[121.0558994,14.4630176],[121.0559396,14.4629604],[121.0562025,14.462837],[121.0562401,14.4628059],[121.0562575,14.4627578],[121.0562588,14.462728],[121.0562199,14.4626241],[121.0561851,14.462589],[121.0561354,14.4625877],[121.0556352,14.4627267],[121.0555829,14.4627332],[121.0554984,14.462741],[121.0553978,14.4627306],[121.055367,14.4626955],[121.0553496,14.4626111],[121.0553603,14.4625617],[121.0555722,14.4622955],[121.0556017,14.4622358],[121.0556084,14.4622111],[121.0556057,14.462154],[121.0555816,14.4620968],[121.0554086,14.4617579],[121.0552463,14.4614982],[121.0552101,14.4614138],[121.0552101,14.46138],[121.0552195,14.4613411],[121.0553469,14.4612346],[121.0553978,14.4611761],[121.0554153,14.4611333],[121.0554327,14.4610943],[121.0554354,14.4610424],[121.0554273,14.4609333],[121.0553884,14.4608528],[121.0553563,14.4608411],[121.0553133,14.4608437],[121.0549834,14.4609904],[121.0549543,14.4609991],[121.0549231,14.4609982],[121.0548802,14.4609774],[121.054785,14.4608359],[121.0547072,14.460658],[121.054683,14.4605917],[121.0545731,14.4601918],[121.0545717,14.4601255],[121.0546079,14.4597026],[121.0546052,14.4596425],[121.0545556,14.4592243],[121.0545301,14.4591243],[121.0544363,14.4588828],[121.0543048,14.4585984],[121.0542136,14.4583698],[121.054109,14.4579516],[121.0540179,14.4575854],[121.0541815,14.4575555],[121.0542754,14.4574101],[121.0543901,14.4572704],[121.0544455,14.4572252],[121.055334,14.4569542],[121.0549486,14.4561284],[121.054932,14.4561089],[121.0549052,14.4560933],[121.054624,14.4561452],[121.0545664,14.456131],[121.0545234,14.4561063],[121.0544617,14.4560374],[121.0544282,14.4559388],[121.0544001,14.4558465],[121.0543933,14.4557881],[121.0543786,14.4557115],[121.0543665,14.4556686],[121.054337,14.4556089],[121.0542954,14.455579],[121.0542177,14.4555725],[121.0540634,14.4555803],[121.0540004,14.4555777],[121.0539441,14.4555595],[121.0538837,14.4554933],[121.0538502,14.4554011],[121.0537738,14.4551375],[121.0537013,14.4549609],[121.0536262,14.4546959],[121.0536356,14.4546167],[121.0536557,14.4545908],[121.0537148,14.454555],[121.0537422,14.4545219],[121.053751,14.4544706],[121.0537476,14.4544343],[121.0537362,14.4544057],[121.0537168,14.4543726],[121.0536873,14.4543518],[121.0536329,14.4543271],[121.0535672,14.4543193],[121.0535203,14.4543258],[121.0534666,14.4543102],[121.0534278,14.4542609],[121.0533996,14.4541596],[121.0533848,14.454031],[121.0533848,14.4537843],[121.053409,14.4534414],[121.0533741,14.4530648],[121.053299,14.4527116],[121.0532612,14.452435],[121.0531582,14.4516818],[121.0529369,14.4500143],[121.0526365,14.4470831],[121.053191,14.4470219],[121.0535117,14.4499447],[121.053612,14.450859],[121.0536799,14.4514779],[121.0537,14.4515441],[121.053724,14.4516088],[121.0538596,14.4517597],[121.0539092,14.451809],[121.0539629,14.4518298],[121.0540152,14.4518259],[121.054046,14.4517947],[121.0540366,14.4514194],[121.0540648,14.4513844],[121.0541144,14.4513597],[121.0541627,14.4513194],[121.0542002,14.4512649],[121.054219,14.4512168],[121.0542297,14.4510675],[121.0542324,14.4507688],[121.0542458,14.4504753],[121.0541707,14.4501402],[121.0540473,14.4494519],[121.0539186,14.4469636],[121.0539052,14.4465714],[121.0538757,14.4465091],[121.0538381,14.4464701],[121.0536884,14.4464815],[121.0526097,14.4465636],[121.0525775,14.4463169],[121.0554984,14.4461429],[121.0555387,14.4460675],[121.0555226,14.4459922],[121.0554635,14.4459117],[121.0553133,14.445826],[121.0551739,14.4457792],[121.0549405,14.4457351],[121.0547501,14.4457532],[121.05427,14.4457766],[121.0542002,14.4457636],[121.0541734,14.4456987],[121.0542029,14.4453221],[121.0542136,14.4450571],[121.0542135,14.4449092],[121.0541439,14.4433948],[121.0540768,14.442787],[121.0540332,14.4425736],[121.0537738,14.4420883],[121.0536611,14.4420129],[121.0535431,14.4419896],[121.0531676,14.4420233],[121.053004,14.4420389],[121.0528484,14.4420467],[121.0526231,14.4420415],[121.0523468,14.4420181],[121.052269,14.4419844],[121.0522208,14.4419272],[121.052025,14.441535],[121.0519874,14.4414077],[121.051974,14.4413116],[121.0519525,14.4411792],[121.05175,14.4375],[121.0524416,14.4372701],[121.0523687,14.4368663],[121.0526139,14.4366973],[121.052587,14.4363788],[121.0525761,14.43626],[121.0526851,14.4362581],[121.0525521,14.4359837],[121.0524508,14.4352909],[121.0523991,14.4350667],[121.0523083,14.4348488],[121.0523191,14.4346001],[121.0522752,14.4344334],[121.0522557,14.434204],[121.0522014,14.4340118],[121.052205,14.433727],[121.0521576,14.4333489],[121.0521308,14.4332009],[121.0520992,14.4330896],[121.0520706,14.4330178],[121.0521403,14.4329736],[121.0521859,14.4329061],[121.0521832,14.431706],[121.0521564,14.4311034],[121.0521322,14.4309164],[121.0520974,14.4307034],[121.0520008,14.4302228],[121.0519472,14.4298513],[121.0519445,14.4297267],[121.0519606,14.4295137],[121.0522422,14.4281811],[121.0522985,14.4280226],[121.0524273,14.4277785],[121.0525851,14.4275861],[121.0535324,14.4265809],[121.0536557,14.4264303],[121.0537228,14.4263082],[121.053755,14.4261705],[121.0537308,14.4260666],[121.0534921,14.4254562],[121.0534052,14.4253366],[121.0533553,14.4252899],[121.053167,14.4251685],[121.052902,14.4249496],[121.0527357,14.4247496],[121.0526928,14.4245834],[121.0526794,14.4242405],[121.0526821,14.4240223],[121.0526731,14.4237971],[121.0526475,14.4231871],[121.0526365,14.4229234],[121.0525802,14.4219701],[121.0526043,14.4208869],[121.0524903,14.4195906],[121.0523348,14.4196153],[121.0522865,14.4194724],[121.0522033,14.4193477],[121.0522147,14.4186937],[121.0523066,14.4185424],[121.052316,14.4184086],[121.052275,14.4182719],[121.0525319,14.4182788],[121.0526633,14.418258],[121.0527425,14.4182112],[121.0528081,14.4181307],[121.0527706,14.4178865],[121.0527518,14.4178138],[121.052721,14.4177527],[121.0523602,14.4171734],[121.0523321,14.4171098],[121.0521631,14.4166747],[121.052151,14.4166006],[121.052147,14.4165227],[121.052155,14.4158875],[121.0521631,14.4158434],[121.0521778,14.4157771],[121.0528444,14.4145977],[121.053004,14.4143626],[121.0532923,14.4139834],[121.0533191,14.4139184],[121.0533352,14.4138574],[121.0533352,14.4138067],[121.0532279,14.4131235],[121.0531866,14.4130216],[121.0528416,14.4124079],[121.052598,14.4119552],[121.0525239,14.4118116],[121.0524809,14.411683],[121.0524219,14.4113999],[121.0524142,14.4113163],[121.0524112,14.4106173],[121.0524099,14.4105575],[121.0524152,14.4105101],[121.0524246,14.4104731],[121.0524372,14.4104311],[121.0524395,14.4104198],[121.0524405,14.4104096],[121.052436,14.4102841],[121.0524373,14.4102211],[121.0524219,14.4101321],[121.0524005,14.4100295],[121.0523763,14.4099828],[121.052324,14.4099425],[121.052269,14.4099178],[121.0516682,14.4098996],[121.0516401,14.4098879],[121.0516293,14.4098594],[121.0516159,14.4097814],[121.0515261,14.4091813],[121.0514349,14.4086332],[121.0513544,14.4080785],[121.0512833,14.4074408],[121.0512739,14.4073045],[121.051298,14.405618],[121.0513034,14.4055664],[121.0513182,14.4055261],[121.0513517,14.405482],[121.0516468,14.4053274],[121.0516857,14.405304],[121.0517058,14.4052728],[121.0517366,14.405204],[121.0517728,14.4050663],[121.0517862,14.4049533],[121.0517862,14.4048987],[121.0517728,14.4048195],[121.0517514,14.4047494],[121.0517192,14.404674],[121.0516387,14.4045597],[121.0515475,14.4044246],[121.0514376,14.404222],[121.0514134,14.4040947],[121.0514349,14.4039856],[121.0514778,14.4039025],[121.0519204,14.4030919],[121.0521752,14.4025853],[121.0522154,14.4024346],[121.0522261,14.4022814],[121.0521939,14.4021463],[121.0521403,14.4020553],[121.0519391,14.4018839],[121.0517594,14.4017722],[121.0516843,14.4017098],[121.0516468,14.4016553],[121.0516226,14.4015721],[121.0516065,14.4014812],[121.0515636,14.4013721],[121.051349,14.4009304],[121.0512686,14.4007564],[121.0512458,14.4007018],[121.051231,14.4006395],[121.051227,14.4005732],[121.051231,14.4004953],[121.0512578,14.4001017],[121.05129,14.3996367],[121.0513034,14.3989612],[121.0513034,14.3977324],[121.0513142,14.397205],[121.0513222,14.3970465],[121.0513303,14.3969556],[121.0513423,14.3968906],[121.0514295,14.3964925],[121.051442,14.3964268],[121.0514496,14.396371],[121.0514992,14.396106],[121.0515261,14.3960229],[121.0515636,14.395919],[121.0516173,14.3957761],[121.0516682,14.3956176],[121.0517205,14.3954345],[121.0517514,14.3952279],[121.051797,14.3949343],[121.0519418,14.3938094],[121.0520008,14.393599],[121.0521162,14.3933807],[121.0522503,14.3931937],[121.0523817,14.3930638],[121.0527518,14.3928196],[121.0528511,14.3927208],[121.0529155,14.3926013],[121.0529664,14.3924143],[121.0530201,14.3922402],[121.0530898,14.3920609],[121.053181,14.3918219],[121.0532078,14.3917102],[121.0532185,14.3915907],[121.0532024,14.3914608],[121.0531837,14.3913049],[121.0531515,14.3911568],[121.0531247,14.3910139],[121.0531005,14.3908476],[121.0530952,14.3906528],[121.0530952,14.3904865],[121.0530925,14.3903449],[121.0530885,14.3902215],[121.0530683,14.3901241],[121.0530268,14.3900656],[121.0529852,14.3900396],[121.0529369,14.3900241],[121.0528323,14.3900163],[121.0526405,14.3900176],[121.0526177,14.3900137],[121.052603,14.3900013],[121.052599,14.3899851],[121.0526016,14.3899123],[121.0526365,14.3893719],[121.052658,14.3892784],[121.0526848,14.3892265],[121.0527371,14.3891745],[121.0528028,14.3891017],[121.0528316,14.3890491],[121.0528484,14.3889952],[121.052894,14.3887744],[121.053063,14.3877663],[121.05313,14.3873428],[121.0531662,14.3871363],[121.053181,14.3870662],[121.0532078,14.3870155],[121.0532588,14.3869882],[121.0533486,14.3869856],[121.0534438,14.3870077],[121.0535216,14.3870467],[121.0536115,14.387122],[121.0536799,14.3871688],[121.0537322,14.3871766],[121.0537885,14.3871662],[121.0538355,14.3871233],[121.0540366,14.3869479],[121.0541412,14.3868674],[121.0542592,14.3867998],[121.0544081,14.3867349],[121.05462,14.3866518],[121.0547286,14.3866206],[121.054785,14.3866076],[121.0548359,14.3865894],[121.054844,14.386579],[121.0548413,14.3865621],[121.0548265,14.3865128],[121.0547876,14.3864049],[121.0547608,14.3863296],[121.0547715,14.386275],[121.0548909,14.3861348],[121.0549607,14.3860685],[121.0550291,14.3859373],[121.055165,14.3856079],[121.0552028,14.3855524],[121.0552589,14.3855169],[121.0553442,14.3854475],[121.0553912,14.3853008],[121.055434,14.3851215],[121.0554662,14.38495],[121.0554247,14.384727],[121.0553247,14.3845026],[121.0551394,14.3842783],[121.0549712,14.3841956],[121.0547883,14.3842003],[121.0546451,14.3842765],[121.0546189,14.3842688],[121.0546036,14.3842393],[121.0546274,14.3840439],[121.0546445,14.3839831],[121.0546542,14.3839559],[121.0546591,14.3839211],[121.0546494,14.3838709],[121.054642,14.383826],[121.0546189,14.3837741],[121.0545951,14.3837345],[121.054553,14.3836613],[121.0545543,14.3836029],[121.0545878,14.3834041],[121.0546374,14.3830689],[121.0547006,14.3828684],[121.0547848,14.3825793],[121.0549882,14.3822],[121.0550663,14.3821186],[121.0551589,14.3820796],[121.0553101,14.3820229],[121.0555636,14.3818741],[121.0558123,14.3816734],[121.0565516,14.3810883],[121.0566547,14.3810605],[121.0567692,14.3810741],[121.0568436,14.3810853],[121.0570374,14.3810865],[121.0571191,14.3810416],[121.057164,14.3809424],[121.0571962,14.3808393],[121.0572606,14.380764],[121.0573746,14.3806955],[121.0574982,14.3806461],[121.0575986,14.3806056],[121.057679,14.3806124],[121.0577621,14.3806419],[121.0578444,14.380665],[121.0578712,14.3806827],[121.057934,14.3807128],[121.0580614,14.380763],[121.0581309,14.3807441],[121.0581739,14.3807007],[121.0582132,14.3806467],[121.0582528,14.3806118],[121.0582726,14.3805982],[121.0583113,14.3805696],[121.0583159,14.3805548],[121.0583266,14.380528],[121.0583496,14.3804682],[121.0583284,14.3803768],[121.0582747,14.3802233],[121.0581726,14.3800057],[121.0580438,14.3797122],[121.0579432,14.3794652],[121.0578292,14.3792679],[121.0576067,14.3788652],[121.0576174,14.3783234],[121.0577327,14.3780363],[121.0578366,14.3776884],[121.0580345,14.3773764],[121.0582437,14.37701],[121.0583282,14.3768957],[121.0585374,14.3768411],[121.0586996,14.3767957],[121.0588539,14.3767697],[121.0589343,14.3767632],[121.058984,14.3767619],[121.0590175,14.3767502],[121.0590336,14.3767359],[121.0590403,14.3767073],[121.0590671,14.3766268],[121.0590939,14.3765826],[121.0591301,14.3765462],[121.0591878,14.3765111],[121.0592361,14.3764917],[121.0592656,14.3764722],[121.0592924,14.3764293],[121.0593756,14.3762656],[121.0594091,14.3762124],[121.0594234,14.3761971],[121.0594507,14.3761682],[121.0596491,14.375998],[121.0597122,14.375933],[121.0597739,14.3758655],[121.0598248,14.3757733],[121.0599536,14.3755069],[121.0600501,14.375277],[121.0600971,14.3751913],[121.0601413,14.3751289],[121.0603358,14.374886],[121.0604095,14.3747768],[121.0604806,14.3746482],[121.0605369,14.3745495],[121.0606027,14.3744598],[121.0607274,14.3743143],[121.0608213,14.3742091],[121.0609218,14.3740948],[121.0610077,14.3739896],[121.0611123,14.3738246],[121.0611472,14.3737752],[121.06117,14.3737544],[121.0612155,14.3737323],[121.0612679,14.3737064],[121.0613376,14.3736687],[121.0613912,14.3736193],[121.0614489,14.3735284],[121.0614771,14.3734426],[121.0614851,14.3733322],[121.0614932,14.3732504],[121.0615079,14.3731841],[121.0615455,14.373088],[121.0616112,14.3729308],[121.0618418,14.3724371],[121.0619169,14.3723046],[121.0620484,14.3721357],[121.0621798,14.3720266],[121.0623005,14.3719668],[121.0624212,14.3719382],[121.062609,14.3719123],[121.0628101,14.3719045],[121.0630596,14.3719071],[121.0632473,14.3719071],[121.0633251,14.3718954],[121.0633841,14.3718759],[121.0634807,14.3718109],[121.0635692,14.3717109],[121.0636389,14.3716213],[121.0636859,14.3715732],[121.0637462,14.3715251],[121.0638535,14.371455],[121.0640869,14.3713328],[121.0645401,14.3711588],[121.064744,14.3710834],[121.0649831,14.3710321],[121.0651866,14.3710314],[121.0653609,14.3710704],[121.065605,14.371164],[121.0660315,14.3713666],[121.066407,14.3715719],[121.0667127,14.371746],[121.0669729,14.3718915],[121.0672224,14.3720188],[121.0674396,14.3721175],[121.0675764,14.3721851],[121.0677615,14.3722838],[121.0678875,14.3723358],[121.0680699,14.3723722],[121.0682416,14.372367],[121.0684347,14.372328],[121.0685903,14.3722552],[121.0687619,14.3721279],[121.0688987,14.3720396],[121.0690731,14.3719668],[121.0692823,14.3719149],[121.0694781,14.3718551],[121.06958,14.3718109],[121.0697195,14.3717148],[121.0699502,14.3716109],[121.0701647,14.3715511],[121.0703284,14.3715225],[121.0704678,14.3715173],[121.0705939,14.3714913],[121.0706744,14.3714446],[121.070736,14.3713458],[121.070783,14.3712461],[121.0708326,14.3712107],[121.0709023,14.3711951],[121.0709761,14.3711951],[121.0710405,14.3712419],[121.071078,14.3713056],[121.071129,14.3714147],[121.0711732,14.3714628],[121.0712457,14.3714861],[121.0713154,14.3714861],[121.0714307,14.3714809],[121.0716078,14.3714498],[121.0718062,14.3714082],[121.0718894,14.371351],[121.0719484,14.3712757],[121.0719699,14.3711821],[121.0719538,14.3710081],[121.0719189,14.3708963],[121.0718545,14.3708002],[121.0718036,14.3707586],[121.071758,14.3707456],[121.0717016,14.3707326],[121.071656,14.3707041],[121.0715702,14.3706183],[121.0714468,14.3704312],[121.0712671,14.3701052],[121.0711974,14.3699558],[121.0711625,14.3698466],[121.071125,14.3696336],[121.0710888,14.3694803],[121.0710579,14.3693893],[121.071011,14.3693387],[121.0709466,14.3693062],[121.0708688,14.3692737],[121.0708272,14.3692646],[121.0707682,14.369275],[121.070728,14.3693114],[121.0706985,14.3693815],[121.0706958,14.3694309],[121.0706811,14.369466],[121.0706435,14.3695127],[121.0705966,14.3695608],[121.0704973,14.3696647],[121.0703284,14.3698051],[121.0702345,14.369857],[121.0701165,14.3698752],[121.0699153,14.36987],[121.0695264,14.3698388],[121.0693386,14.3698077],[121.0691857,14.3697557],[121.0690114,14.3696725],[121.068534,14.3694439],[121.0681397,14.3692698],[121.0678688,14.3691763],[121.0676059,14.3691191],[121.0673511,14.3690879],[121.0669756,14.3690619],[121.0665438,14.3690048],[121.0663909,14.3689775],[121.0662715,14.3689164],[121.0661736,14.3688255],[121.0659537,14.3685449],[121.0657176,14.3681577],[121.0655487,14.3678174],[121.0654253,14.3674458],[121.0653609,14.3671834],[121.0653421,14.3669495],[121.0653475,14.3665728],[121.0653609,14.3652866],[121.0653609,14.3649072],[121.0653716,14.3646864],[121.0653877,14.3644291],[121.0654145,14.3641537],[121.0654682,14.3637198],[121.0654789,14.3634651],[121.0654789,14.3632391],[121.0654628,14.3630936],[121.0654601,14.3630312],[121.0654655,14.362961],[121.0654601,14.3629273],[121.065436,14.3628857],[121.0653985,14.3628792],[121.0653582,14.3628896],[121.0653274,14.362913],[121.0652871,14.3629273],[121.0652563,14.3629247],[121.0652161,14.3629013],[121.0651731,14.3628285],[121.0651275,14.3627168],[121.0650417,14.3624855],[121.0649452,14.3622309],[121.0648674,14.362088],[121.0648218,14.3619685],[121.0647923,14.3618437],[121.0647601,14.3616437],[121.0647467,14.3613604],[121.0647467,14.3610668],[121.0647681,14.3608771],[121.0647923,14.3607134],[121.0648513,14.3605108],[121.0649022,14.3603393],[121.0650203,14.3599911],[121.0651544,14.3596845],[121.0653582,14.3592635],[121.0654789,14.3590323],[121.065613,14.3588244],[121.0657445,14.3586581],[121.0658357,14.3585386],[121.0658826,14.3584749],[121.0659054,14.3584424],[121.0659329,14.3584249],[121.0659698,14.3584242],[121.0660603,14.3584366],[121.0661495,14.3584346],[121.0662112,14.3584294],[121.0662574,14.3584171],[121.0662863,14.3583957],[121.0663144,14.3583424],[121.0663426,14.3582553],[121.0663895,14.3581553],[121.0664539,14.3580579],[121.0665679,14.3579331],[121.0666832,14.3578058],[121.0668361,14.3576395],[121.0669354,14.3575356],[121.0670346,14.3574914],[121.0671741,14.3574888],[121.0673726,14.3575148],[121.0678232,14.3576343],[121.0682201,14.3577538],[121.0685849,14.3578526],[121.0687941,14.3579149],[121.0689336,14.3579305],[121.069057,14.3579046],[121.0692286,14.3578214],[121.0693118,14.3577175],[121.0693574,14.3575616],[121.0693735,14.3573589],[121.0694003,14.3571458],[121.0694861,14.3570107],[121.0695854,14.3569561],[121.069698,14.3569301],[121.0698724,14.3569301],[121.0701808,14.3569743],[121.0704195,14.3570393],[121.0706261,14.3570964],[121.0708326,14.3571224],[121.0710874,14.3571016],[121.0712779,14.3570627],[121.0713959,14.3570081],[121.0715488,14.356899],[121.0717607,14.3567171],[121.0721576,14.3563845],[121.0722917,14.3563039],[121.072458,14.3562364],[121.0725841,14.3562],[121.0727236,14.3561844],[121.0728067,14.3561818],[121.0728872,14.3561636],[121.0729435,14.3561194],[121.0730588,14.3560207],[121.0733753,14.3557582],[121.0735846,14.3555893],[121.0737964,14.3554724],[121.0739762,14.3554022],[121.0741237,14.3553529],[121.0742766,14.3553139],[121.0744013,14.3553022],[121.0745662,14.3553074],[121.0746923,14.3553321],[121.0748935,14.3553815],[121.0750732,14.3554399],[121.0752998,14.3555335],[121.0754876,14.3556192],[121.0755667,14.3556413],[121.0756499,14.3556413],[121.075737,14.3556257],[121.0758416,14.3556101],[121.0759355,14.3555984],[121.0759825,14.3555958],[121.0760307,14.3555971],[121.0760643,14.3555932],[121.0761031,14.3555815],[121.0761635,14.355527],[121.0762185,14.3555023],[121.0762976,14.355488],[121.0763767,14.3554854],[121.0765082,14.3555075],[121.0769574,14.3556075],[121.0772578,14.3556829],[121.0776079,14.3557738],[121.0777688,14.3558102],[121.077911,14.355844],[121.0780786,14.355896],[121.0783468,14.3559739],[121.0784367,14.3560194],[121.0785131,14.3560739],[121.0786097,14.356174],[121.0786968,14.356239],[121.0788269,14.3563052],[121.0789302,14.3563546],[121.0790147,14.3563845],[121.0791394,14.3564156],[121.0792829,14.3564507],[121.0794532,14.3565196],[121.0796021,14.3565988],[121.0797402,14.3566872],[121.0798623,14.3567742],[121.0799441,14.3568392],[121.0800447,14.3569223],[121.0801238,14.3569756],[121.0801962,14.3570133],[121.0803813,14.3571068],[121.0808963,14.3573225],[121.0810062,14.3573667],[121.0810867,14.3573797],[121.0811712,14.3573836],[121.0812423,14.3573797],[121.0814112,14.3573459],[121.0815775,14.3573121],[121.0816821,14.3573121],[121.0817331,14.3573251],[121.0817707,14.3573511],[121.0818592,14.357442],[121.08189,14.3574667],[121.0819343,14.3574784],[121.0819611,14.3574771],[121.082,14.3574654],[121.0820737,14.3574238],[121.0823205,14.3572212],[121.0824077,14.3571432],[121.0824412,14.3571042],[121.08246,14.3570705],[121.0824781,14.3570139],[121.0824868,14.3569457],[121.0824841,14.3568314],[121.0824841,14.3567768],[121.0824881,14.3567603],[121.0825029,14.356744],[121.0825616,14.3566998],[121.0825941,14.3566807],[121.0826172,14.3566726],[121.0826424,14.3566677],[121.0826682,14.356669],[121.0826819,14.3566794],[121.082688,14.3567041],[121.0826907,14.3568132],[121.0826907,14.3568808],[121.0826967,14.3569029],[121.0827121,14.3569119],[121.0827363,14.3569158],[121.0827765,14.3569094],[121.0830045,14.3568496],[121.0830072,14.3568496],[121.0831493,14.3567924],[121.0831594,14.3567921],[121.0831909,14.3567882],[121.0832673,14.356782],[121.0834095,14.3568002],[121.0835972,14.3568834],[121.0836697,14.3569301],[121.0837314,14.3569509],[121.0837904,14.3569457],[121.0838467,14.3569223],[121.0839057,14.3568626],[121.0839862,14.3568288],[121.0840934,14.3568392],[121.0841551,14.356886],[121.08419,14.3569379],[121.0842007,14.356999],[121.0842092,14.3570207],[121.0842262,14.3570458],[121.0842611,14.3570769],[121.084304,14.3570782],[121.0843509,14.3570562],[121.0844234,14.3569886],[121.0844931,14.3569444],[121.0845548,14.3569301],[121.0846768,14.3569223],[121.0849196,14.3569042],[121.0850188,14.3569016],[121.0850885,14.3568886],[121.0851663,14.3568574],[121.0852656,14.3567827],[121.0853192,14.3567268],[121.0853561,14.3566839],[121.0853655,14.3566625],[121.0853682,14.3566398],[121.0853621,14.3566001],[121.0853507,14.3565826],[121.0853326,14.3565742],[121.0853011,14.3565735],[121.0852783,14.3565696],[121.0852683,14.356556],[121.0852666,14.3565461],[121.0852683,14.3565352],[121.0852776,14.3565124],[121.0853139,14.3564475],[121.0853608,14.356391],[121.0853776,14.3563845],[121.085403,14.356389],[121.0854215,14.356401],[121.0854429,14.3564355],[121.0854748,14.3564916],[121.0854852,14.3565043],[121.0855009,14.3565111],[121.0855237,14.3565079],[121.0855459,14.3564949],[121.0855586,14.3564572],[121.085568,14.3564117],[121.0855957,14.3562752],[121.0856143,14.3562305],[121.0856464,14.3561844],[121.0857242,14.3561298],[121.0858724,14.3560616],[121.0862662,14.3559375],[121.0865666,14.3558232],[121.0867032,14.3557349],[121.0867944,14.3556543],[121.0869285,14.3555114],[121.0870333,14.355449],[121.0871245,14.3554178],[121.087256,14.3554022],[121.0874303,14.355436],[121.0878058,14.3555451],[121.0880686,14.3556283],[121.0882994,14.355701],[121.0883716,14.3557634],[121.0883957,14.355844],[121.088393,14.3559843],[121.088326,14.3568288],[121.0883072,14.3570653],[121.0883126,14.3572082],[121.0883635,14.3572757],[121.0884681,14.3573043],[121.0886425,14.3572965],[121.0896376,14.3572549],[121.0897569,14.3572497],[121.0898019,14.3572439],[121.0898253,14.3572342],[121.0898421,14.3572108],[121.0898454,14.357188],[121.0898468,14.3571601],[121.0898334,14.3570081],[121.0898173,14.3568912],[121.0898066,14.3567534],[121.0898253,14.3566833],[121.089887,14.3566001],[121.0899916,14.3565456],[121.0901526,14.3565222],[121.0904637,14.3565534],[121.0909465,14.3566105],[121.0912308,14.3566547],[121.0913622,14.3566677],[121.09144,14.3566521],[121.0915098,14.3566079],[121.0915607,14.3564962],[121.0916157,14.3563507],[121.0916895,14.356174],[121.0917404,14.3561038],[121.0918102,14.3560675],[121.0919094,14.3560571],[121.0920382,14.3560727],[121.0921669,14.3561298],[121.0922903,14.3562052],[121.0926443,14.3563975],[121.092875,14.3565248],[121.0931057,14.3566729],[121.093221,14.3567534],[121.093284,14.3568197],[121.093327,14.3568795],[121.0933953,14.3570185],[121.0934168,14.3570549],[121.0934396,14.357086],[121.0934664,14.3571094],[121.0936341,14.357216],[121.0936891,14.3572445],[121.0937333,14.3572601],[121.0937615,14.3572588],[121.093799,14.3572355],[121.0939988,14.3568574],[121.0940954,14.3566989],[121.0941061,14.3566469],[121.0941035,14.3566027],[121.0940753,14.3565703],[121.0939734,14.3565001],[121.093962,14.3564897],[121.0939566,14.35648],[121.0939559,14.356467],[121.0939593,14.3564488],[121.0940004,14.3563438],[121.0940756,14.3561373],[121.0940864,14.3561022],[121.0940914,14.3560752],[121.09409,14.355983],[121.0940632,14.3556777],[121.0940015,14.3552178],[121.0939211,14.3548592],[121.0938138,14.3545266],[121.0937682,14.3544044],[121.0937011,14.3542979],[121.093567,14.3541342],[121.0934302,14.3539913],[121.093272,14.353864],[121.0929662,14.3536561],[121.0927758,14.3534768],[121.0926846,14.3533702],[121.0925773,14.3532065],[121.0924003,14.3528921],[121.0922688,14.3527128],[121.0921106,14.3525257],[121.0917431,14.352136],[121.0916465,14.3519956],[121.0915768,14.3518631],[121.0915178,14.3516786],[121.0914615,14.3514733],[121.0914239,14.3511953],[121.0913783,14.3507536],[121.0913515,14.3505197],[121.0913166,14.3503092],[121.091263,14.3501247],[121.0912053,14.3499779],[121.0911557,14.349883],[121.0911155,14.3497921],[121.0910793,14.349657],[121.0910679,14.3495784],[121.0910699,14.3495037],[121.0910994,14.3492854],[121.0911369,14.3489762],[121.0911557,14.3487137],[121.0911638,14.3485864],[121.0911705,14.3485461],[121.0911758,14.3485162],[121.0911919,14.3484915],[121.0913032,14.3484071],[121.091322,14.3483837],[121.0913314,14.3483499],[121.0913247,14.3482031],[121.0913287,14.3480823],[121.0913368,14.3480082],[121.0913502,14.3479575],[121.0913649,14.3479173],[121.0913944,14.3478627],[121.0914025,14.3478123],[121.0913864,14.3477587],[121.0913301,14.3476795],[121.0912737,14.3476106],[121.0912617,14.3475898],[121.0912549,14.3475729],[121.0912529,14.3475528],[121.0912549,14.3475301],[121.091267,14.3474209],[121.0912724,14.3473768],[121.0912791,14.3473287],[121.0912885,14.3472455],[121.0912979,14.3471923],[121.091318,14.3471091],[121.0913394,14.3470337],[121.0913622,14.3469688],[121.091381,14.3469129],[121.0914038,14.3468324],[121.0914253,14.346718],[121.0914347,14.3466518],[121.09144,14.3465738],[121.0914373,14.3463659],[121.0914427,14.345993],[121.0914615,14.3457124],[121.0914829,14.3454811],[121.0915312,14.3452005],[121.0915795,14.3449432],[121.0917217,14.3444417],[121.0918182,14.3441324],[121.0918853,14.3439453],[121.0920194,14.3436491],[121.0921454,14.3433685],[121.0922071,14.3432307],[121.0922554,14.3431034],[121.0923064,14.3429345],[121.0924244,14.3425109],[121.0924727,14.3423524],[121.0925209,14.3422537],[121.0925665,14.3421887],[121.0926363,14.3421185],[121.0927784,14.3420354],[121.0929461,14.3419639],[121.0930856,14.3419158],[121.0931915,14.3418833],[121.093272,14.3418561],[121.0932834,14.3418489],[121.0933095,14.3418327],[121.0933511,14.3418002],[121.0934047,14.3417547],[121.0935603,14.3415904],[121.0936274,14.3415676],[121.093675,14.3415644],[121.0937373,14.3415728],[121.0938165,14.3415949],[121.093907,14.3416189],[121.094204,14.3416859],[121.0944253,14.3417404],[121.0947472,14.3418223],[121.0948035,14.341834],[121.0948277,14.3418366],[121.0948585,14.3418249],[121.0948867,14.3417729],[121.0949671,14.3415702],[121.095053,14.3413389],[121.0951468,14.3410817],[121.0952702,14.3407984],[121.095399,14.3405827],[121.0954982,14.3404658],[121.0956323,14.3403567],[121.0958952,14.3402033],[121.0961151,14.34005],[121.0962841,14.3398811],[121.0964745,14.3396732],[121.0965738,14.3395641],[121.0966355,14.3395108],[121.0967052,14.3394627],[121.0968339,14.339403],[121.0970351,14.3393432],[121.0971263,14.3392886],[121.0971907,14.3392262],[121.0972416,14.3391457],[121.0973462,14.3388884],[121.0975099,14.3384544],[121.097652,14.338101],[121.0977083,14.3380101],[121.0977915,14.3379269],[121.0979524,14.3378178],[121.0980892,14.3377528],[121.098285,14.3376593],[121.0984299,14.3375735],[121.0985345,14.3374981],[121.0988215,14.3372487],[121.098977,14.3371005],[121.0991004,14.3369784],[121.0993338,14.3367289],[121.099374,14.3366848],[121.0994183,14.336651],[121.0994625,14.336625],[121.0995041,14.336612],[121.0997803,14.3365184],[121.0999547,14.3364431],[121.1000191,14.3364132],[121.1000942,14.3363716],[121.1001532,14.3363261],[121.1001948,14.3362703],[121.1003812,14.3359662],[121.1004281,14.3358727],[121.1004683,14.335809],[121.1005247,14.3357362],[121.100581,14.3356843],[121.1006588,14.3356167],[121.1008385,14.3354842],[121.1010852,14.3353321],[121.1014903,14.335084],[121.1017665,14.3349358],[121.1019623,14.3348527],[121.1021045,14.3348293],[121.1022225,14.3348371],[121.1023673,14.3348891],[121.1025068,14.3350034],[121.1026436,14.3351671],[121.1027482,14.3352867],[121.1028166,14.3353334],[121.1028904,14.3353672],[121.103062,14.335414],[121.1033142,14.3354426],[121.1036199,14.3354634],[121.1039391,14.3354764],[121.1040732,14.3354634],[121.1041671,14.3354348],[121.104269,14.3353867],[121.1043267,14.3353516],[121.1043656,14.3353269],[121.1044165,14.3353061],[121.1045077,14.3352906],[121.1046593,14.3352893],[121.1047465,14.3352958],[121.1048095,14.3353074],[121.1049356,14.3353295],[121.1050683,14.3353568],[121.1051998,14.3353776],[121.1053178,14.3353958],[121.1054452,14.3354192],[121.1055833,14.3354426],[121.1056906,14.3354712],[121.1057939,14.3355101],[121.1058985,14.3355582],[121.1059642,14.3355829],[121.1060138,14.335592],[121.1060581,14.3355868],[121.1060956,14.3355608],[121.1061412,14.3354998],[121.106168,14.3354439],[121.1062063,14.3353614],[121.1062337,14.3353029],[121.1062666,14.3352509],[121.1063035,14.33521],[121.1063263,14.3351853],[121.1063652,14.3351457],[121.1064081,14.3350996],[121.1064711,14.3350333],[121.1065234,14.3349995],[121.1065702,14.33498],[121.106624,14.3349638],[121.1066696,14.3349527],[121.1066984,14.3349482],[121.1067434,14.334941],[121.1067796,14.3349306],[121.1068057,14.3349124],[121.1068359,14.3348767],[121.1068748,14.3348267],[121.1069097,14.334789],[121.1069539,14.3347539],[121.1070304,14.3346929],[121.1071216,14.3346292],[121.1071423,14.3346233],[121.1071578,14.3346227],[121.1071893,14.3346272],[121.1072691,14.3346344],[121.107308,14.3346344],[121.1073536,14.3346214],[121.1074448,14.3345785],[121.1075373,14.3345226],[121.1076164,14.3344733],[121.1076835,14.3344291],[121.1077572,14.3343732],[121.1078203,14.3343342],[121.1078967,14.3343018],[121.1079892,14.334268],[121.1081059,14.3342212],[121.1082092,14.3341796],[121.1082669,14.334151],[121.1083299,14.334112],[121.1084184,14.3340471],[121.1084989,14.3339938],[121.108574,14.3339665],[121.1086665,14.3339509],[121.1087309,14.3339457],[121.1087792,14.3339392],[121.1088221,14.3339288],[121.1088596,14.3339119],[121.1089079,14.333873],[121.1089508,14.3338288],[121.108979,14.3337924],[121.1090058,14.3337482],[121.1090253,14.3336963],[121.1090554,14.333591],[121.1091077,14.3334182],[121.1091265,14.3333792],[121.1091506,14.333348],[121.1092257,14.3332999],[121.1092713,14.3332818],[121.1093599,14.3332662],[121.1095114,14.3332545],[121.1095758,14.3332597],[121.1096308,14.3332727],[121.1097206,14.333296],[121.1097743,14.3333025],[121.1098453,14.3332986],[121.1099365,14.3332701],[121.1100559,14.3332103],[121.1104086,14.332966],[121.1108083,14.3326698],[121.1110684,14.3324619],[121.1111529,14.3323813],[121.1112133,14.3323137],[121.1113018,14.3321916],[121.1113581,14.3320565],[121.1113983,14.3319083],[121.1114681,14.3316355],[121.1114869,14.3315471],[121.1115056,14.3314808],[121.1115338,14.3314276],[121.1115727,14.3313756],[121.1116317,14.331308],[121.1118034,14.3311651],[121.1119911,14.3310378],[121.1121199,14.3309689],[121.1122406,14.3309182],[121.1123452,14.3308948],[121.1124417,14.3308883],[121.1126684,14.3308922],[121.1128642,14.3309013],[121.1129782,14.3309013],[121.1130801,14.3308896],[121.1132008,14.3308532],[121.1132786,14.3307974],[121.1133376,14.3307259],[121.1133577,14.3306869],[121.1133657,14.3306272],[121.1133698,14.3305258],[121.1133738,14.3304972],[121.1133791,14.3304842],[121.1133912,14.3304712],[121.1134677,14.3304154],[121.1135119,14.330379],[121.113575,14.3303114],[121.1136568,14.3301984],[121.1137842,14.3299762],[121.1138231,14.3299255],[121.1138633,14.3298995],[121.1139089,14.3298865],[121.1139598,14.3298631],[121.1140028,14.3298189],[121.114051,14.3297397],[121.1141168,14.3296019],[121.1141677,14.3295162],[121.1142535,14.3293979],[121.1143675,14.329255],[121.1144266,14.3291628],[121.1144762,14.3290692],[121.1145097,14.3290211],[121.1145593,14.3289743],[121.1146492,14.3289146],[121.1149777,14.3287028],[121.1150582,14.3286508],[121.1150904,14.3286209],[121.1150971,14.3285845],[121.1150944,14.3285403],[121.1150622,14.328465],[121.1150515,14.3283935],[121.1150569,14.3283415],[121.1150743,14.3283013],[121.1151092,14.3282688],[121.1152004,14.3282428],[121.1152862,14.3282246],[121.1153452,14.3282012],[121.1153921,14.3281505],[121.1154176,14.3280778],[121.1154203,14.3280076],[121.1154284,14.3279296],[121.1154512,14.3278465],[121.1154887,14.3277542],[121.1155222,14.3276918],[121.1155947,14.3276035],[121.115655,14.3275268],[121.1157462,14.3274437],[121.1157998,14.3273787],[121.1158535,14.327263],[121.1158977,14.3271929],[121.115934,14.3271318],[121.1159427,14.3271091],[121.115942,14.3270811],[121.1159346,14.3270486],[121.1159338,14.3270273],[121.1159509,14.3269688],[121.1160064,14.3268927],[121.1160553,14.3268284],[121.1161036,14.326766],[121.1161874,14.3266848],[121.1162565,14.3266328],[121.1163229,14.3265757],[121.1163792,14.3265185],[121.1164033,14.3264691],[121.1164087,14.3264171],[121.1164114,14.3263366],[121.1164382,14.3262794],[121.1164972,14.326191],[121.1166018,14.3260299],[121.1166367,14.3259987],[121.116685,14.3259935],[121.1167252,14.3260117],[121.1168432,14.3261001],[121.116864,14.3261183],[121.1168788,14.3261277],[121.1168898,14.3261293],[121.1169022,14.3261235],[121.1169291,14.3260975],[121.116972,14.3260559],[121.1169773,14.3260403],[121.1169693,14.3260273],[121.1169291,14.3259987],[121.1169022,14.3259805],[121.1168969,14.325952],[121.1169103,14.3259169],[121.1169639,14.3258272],[121.1171463,14.3255283],[121.1171892,14.3254471],[121.1172187,14.3254114],[121.1172657,14.3253711],[121.1173086,14.325338],[121.1173441,14.325288],[121.117377,14.325223],[121.1174005,14.3251821],[121.1174051,14.3251424],[121.1173998,14.3250904],[121.1173958,14.3250495],[121.1174018,14.3250177],[121.1174333,14.3249202],[121.1174574,14.3248241],[121.1174896,14.3247409],[121.1175406,14.3246603],[121.117664,14.324442],[121.1177579,14.3242679],[121.1178061,14.3242159],[121.1178946,14.3241692],[121.1179698,14.3241575],[121.1180744,14.3241536],[121.1181441,14.3241614],[121.118183,14.3241562],[121.1182058,14.3241302],[121.1182098,14.3240977],[121.1182058,14.3240678],[121.1181763,14.3239639],[121.1181575,14.3238729],[121.1181655,14.3238183],[121.1181897,14.323743],[121.1182487,14.3236169],[121.1182728,14.323587],[121.1183265,14.3235558],[121.1183828,14.3235325],[121.1184391,14.3234961],[121.1184874,14.3234415],[121.118525,14.3233791],[121.1185411,14.3233142],[121.1185625,14.3232622],[121.1186121,14.3231985],[121.118757,14.3230881],[121.1188442,14.323027],[121.1188737,14.3230127],[121.1189032,14.3230075],[121.1189421,14.3230218],[121.1189702,14.3230153],[121.1189823,14.3229945],[121.1189783,14.3229607],[121.1189742,14.3228737],[121.1189903,14.3228022],[121.1190158,14.3227398],[121.11904,14.3226956],[121.1190695,14.322667],[121.1191285,14.3226424],[121.1192237,14.3226164],[121.1192532,14.3225969],[121.119272,14.3225709],[121.1192921,14.3225163],[121.1193296,14.322389],[121.1193484,14.3223032],[121.1193672,14.3222551],[121.1194088,14.3221915],[121.1194745,14.3220992],[121.1195026,14.3220511],[121.1195455,14.3219628],[121.1195844,14.3218146],[121.1196019,14.3217652],[121.119618,14.3217497],[121.1196381,14.3217419],[121.1196703,14.3217367],[121.1197937,14.3217237],[121.1198312,14.3217159],[121.1198486,14.3216951],[121.1198755,14.3216119],[121.1199076,14.3214807],[121.1199224,14.3214352],[121.1199345,14.3214105],[121.1199573,14.3213884],[121.1200002,14.3213806],[121.1200324,14.3213611],[121.1200578,14.3213052],[121.1200672,14.3212481],[121.1200726,14.3212026],[121.1200914,14.3211623],[121.120133,14.3211181],[121.1202148,14.3210558],[121.1202738,14.3210428],[121.1203609,14.3210571],[121.120491,14.3210921],[121.1207056,14.3211857],[121.1207727,14.3212091],[121.1207851,14.3212114],[121.1207968,14.3212091],[121.1208038,14.3212039],[121.1208142,14.3211883],[121.1208397,14.3211467],[121.1208947,14.3210207],[121.1209068,14.3209726],[121.1209014,14.320944],[121.1208732,14.3209154],[121.1208397,14.3208608],[121.1208263,14.3207972],[121.1208223,14.3207348],[121.1208397,14.3206529],[121.1208987,14.3205113],[121.1209604,14.3203969],[121.1211133,14.3201267],[121.1211777,14.3200123],[121.1212742,14.3199097],[121.1213359,14.319859],[121.1214016,14.3198382],[121.1214647,14.3198369],[121.1215304,14.3198473],[121.121572,14.319846],[121.1216082,14.3198265],[121.1216363,14.3197966],[121.1216524,14.3197446],[121.1216551,14.3196991],[121.1216618,14.319668],[121.1216752,14.3196485],[121.1217181,14.3196225],[121.1218067,14.319577],[121.1218388,14.3195497],[121.1218496,14.319525],[121.1218429,14.3195055],[121.1217932,14.3194769],[121.1217557,14.3194419],[121.1217517,14.3194133],[121.1217785,14.3193652],[121.1218148,14.3193234],[121.1218938,14.3192768],[121.1220025,14.3192301],[121.1220641,14.3192002],[121.1221272,14.3191365],[121.1221674,14.3190689],[121.1221929,14.3190169],[121.1222425,14.3189715],[121.1224423,14.3188259],[121.1227233,14.318644],[121.122789,14.3185933],[121.1228239,14.3185608],[121.122852,14.3185102],[121.1228883,14.3184179],[121.1229238,14.3183633],[121.1229774,14.3183295],[121.1230525,14.3183152],[121.1231826,14.3183022],[121.1235635,14.3183334],[121.1238277,14.3183945],[121.1239175,14.3184387],[121.1239846,14.3184933],[121.1240584,14.3185868],[121.1241402,14.3186661],[121.1242045,14.318722],[121.1242971,14.3187467],[121.124572,14.3187571],[121.1247879,14.318722],[121.124918,14.3186739],[121.1250173,14.3186115],[121.1251259,14.3185102],[121.1252023,14.3184543],[121.1252895,14.3184036],[121.1254075,14.318336],[121.1254679,14.3182958],[121.1255296,14.3182282],[121.1255698,14.3181385],[121.1256395,14.3179696],[121.1256905,14.3178461],[121.1257616,14.3176902],[121.1258487,14.3175486],[121.125901,14.3174394],[121.1259171,14.3173251],[121.1259252,14.3172016],[121.1259198,14.3171327],[121.1258943,14.3170431],[121.1258447,14.3169599],[121.1257924,14.3168833],[121.1257347,14.3167936],[121.1256368,14.3166403],[121.1253431,14.3161582],[121.1252452,14.3159996],[121.1251634,14.315871],[121.1250964,14.3157488],[121.1250347,14.3155929],[121.1249435,14.3152927],[121.1248107,14.3148002],[121.124745,14.3145533],[121.1247276,14.3144429],[121.1247209,14.3143298],[121.1247289,14.3141401],[121.1247236,14.3140335],[121.1247021,14.3139608],[121.1246377,14.3138204],[121.1245653,14.3137113],[121.1245331,14.3136463],[121.1245123,14.3136002],[121.1245076,14.3135755],[121.1245117,14.3135599],[121.1245277,14.3135423],[121.1245814,14.3135189],[121.1246337,14.3134981],[121.1246585,14.3134728],[121.1246753,14.3134273],[121.1246719,14.3133442],[121.1246639,14.3131986],[121.1246599,14.3131297],[121.1246639,14.3130849],[121.1246806,14.3130277],[121.1247081,14.3129823],[121.1247276,14.3129355],[121.124739,14.3128679],[121.1247457,14.3127769],[121.1247417,14.31271],[121.1247309,14.3126697],[121.1247081,14.3126346],[121.1246793,14.3125924],[121.1246672,14.3125502],[121.1246645,14.3124995],[121.1246759,14.3124456],[121.1247088,14.312378],[121.1247645,14.3122831],[121.1248027,14.3121532],[121.124808,14.3120648],[121.1247919,14.3119557],[121.1247745,14.3118322],[121.1247691,14.3117283],[121.1247826,14.3116139],[121.1248308,14.3115073],[121.124969,14.3112552],[121.125209,14.3108784],[121.1253163,14.3106965],[121.1253673,14.3106393],[121.1254263,14.3106185],[121.1255953,14.3106159],[121.1256704,14.3106107],[121.1257133,14.3105925],[121.1257306,14.3105636],[121.1257347,14.3105223],[121.1256891,14.3104678],[121.125555,14.3103248],[121.12526,14.3100155],[121.1251581,14.309831],[121.1251125,14.3097063],[121.125083,14.3095217],[121.1250401,14.3091969],[121.125032,14.308846],[121.1250535,14.3084353],[121.1250991,14.3080065],[121.1251581,14.3075387],[121.1252131,14.3071696],[121.1252171,14.3071449],[121.1252332,14.3070137],[121.1252895,14.3066264],[121.1253619,14.3062886],[121.1254638,14.3059169],[121.1255738,14.3055686],[121.1256489,14.3053633],[121.1257294,14.3051658],[121.1258286,14.3049345],[121.1261344,14.3042587],[121.1262766,14.303913],[121.1263128,14.3038416],[121.1263637,14.3037805],[121.1264509,14.3037129],[121.1264992,14.3036596],[121.1265381,14.3035375],[121.1265501,14.3034205],[121.1265461,14.3033451],[121.1265528,14.3033204],[121.1265716,14.3033035],[121.1266306,14.3032529],[121.1267231,14.3031723],[121.1267982,14.3030839],[121.1268264,14.3030397],[121.1268546,14.302993],[121.1268868,14.302954],[121.1269216,14.3029189],[121.1271469,14.302724],[121.1272059,14.3026629],[121.1272341,14.3026187],[121.1272663,14.3025303],[121.1273038,14.3024861],[121.1273521,14.3024602],[121.1274004,14.3024576],[121.1274433,14.3024757],[121.1274862,14.3025082],[121.1275211,14.3025238],[121.1275667,14.3025147],[121.1276069,14.3024861],[121.1276793,14.3024056],[121.1277021,14.3023497],[121.1277156,14.3022678],[121.1277115,14.302221],[121.1276847,14.3021898],[121.1276069,14.3021509],[121.1275452,14.3021015],[121.1275265,14.3020625],[121.1275318,14.3020131],[121.1275747,14.3018988],[121.1280361,14.3010177],[121.128138,14.3008747],[121.1282319,14.3007785],[121.128307,14.3007344],[121.1283714,14.3007136],[121.1284009,14.3007006],[121.128417,14.3006837],[121.1284317,14.3006434],[121.1284451,14.3005537],[121.1284545,14.3005225],[121.1284934,14.3004835],[121.1285269,14.3004511],[121.1288166,14.3002223],[121.1292136,14.2999026],[121.1294228,14.2997311],[121.1296647,14.2995088],[121.1297341,14.2994504],[121.1301094,14.2991463],[121.1303133,14.2989826],[121.1304635,14.2987564],[121.1305547,14.2984783],[121.1305912,14.2982886],[121.1306003,14.2982418],[121.1306036,14.2981696],[121.1306056,14.2981249],[121.1305842,14.2979793],[121.1305171,14.2977896],[121.1304447,14.2976024],[121.1304045,14.2974959],[121.130383,14.2974075],[121.1303562,14.2972678],[121.1303274,14.2971794],[121.1302985,14.2971086],[121.1302409,14.2970046],[121.1302006,14.2969448],[121.1301926,14.2969231],[121.1301926,14.2968981],[121.1302006,14.296874],[121.1302167,14.2968409],[121.1303562,14.2965836],[121.1305171,14.2963652],[121.1307585,14.2960793],[121.1309329,14.2959442],[121.1310831,14.295874],[121.1312655,14.2958168],[121.1316149,14.2957476],[121.1317483,14.2956869],[121.1318073,14.2956219],[121.1318234,14.2955673],[121.1318126,14.2954919],[121.1317348,14.2953074],[121.1317027,14.295167],[121.1317161,14.2950865],[121.131767,14.2949877],[121.1318555,14.2948525],[121.1323866,14.2941144],[121.132502,14.2939922],[121.1325771,14.2939324],[121.1327058,14.2938804],[121.1329365,14.2938363],[121.1330759,14.2938571],[121.133194,14.293922],[121.1332798,14.2939948],[121.1333898,14.2941196],[121.1334716,14.2943015],[121.1335453,14.294486],[121.1335775,14.2946186],[121.1335896,14.294759],[121.1335869,14.2949734],[121.1335883,14.2950735],[121.1336064,14.2951092],[121.1336312,14.2951254],[121.1336687,14.2951235],[121.133709,14.2950891],[121.1338323,14.2949474],[121.1339101,14.2948889],[121.1339785,14.2948642],[121.1341381,14.2948369],[121.1341971,14.2948213],[121.1342427,14.2947876],[121.1342601,14.2947473],[121.1342615,14.2947031],[121.1342347,14.2946667],[121.1342105,14.2946147],[121.1342119,14.2945627],[121.1342306,14.2945289],[121.1342776,14.2944925],[121.1343862,14.2944549],[121.1345163,14.2944315],[121.1345485,14.2944367],[121.1345834,14.2944562],[121.1346062,14.2944834],[121.1346598,14.2945224],[121.1347054,14.294538],[121.1348087,14.2945419],[121.1349173,14.2945367],[121.1349924,14.2945289],[121.1350326,14.2945159],[121.1350662,14.2944912],[121.1350876,14.2944367],[121.135093,14.2943613],[121.1350822,14.2942547],[121.1351064,14.2942079],[121.1351547,14.2941793],[121.1352378,14.2941767],[121.1353397,14.2941767],[121.1355717,14.2941871],[121.1356401,14.2941664],[121.1356723,14.2941326],[121.1356965,14.2940494],[121.1357099,14.2938077],[121.1357179,14.2936387],[121.1357461,14.2934399],[121.135793,14.2933112],[121.135852,14.2932177],[121.1359969,14.2930591],[121.1360559,14.2930227],[121.1361176,14.2930019],[121.1362275,14.293011],[121.1362731,14.293024],[121.136308,14.2930461],[121.136359,14.2930903],[121.1363835,14.2931023],[121.1364076,14.2931023],[121.1364254,14.2930939],[121.1364314,14.2930822],[121.1364351,14.2930572],[121.136426,14.2929525],[121.1364421,14.2928902],[121.1364797,14.2928434],[121.136544,14.2928044],[121.1366808,14.2927498],[121.1368176,14.2926978],[121.1368605,14.2926666],[121.1368981,14.2925913],[121.1369356,14.2925393],[121.1369893,14.2924977],[121.1370644,14.2924691],[121.1371314,14.2924067],[121.1371878,14.2923209],[121.1373487,14.2920272],[121.1374077,14.2919181],[121.1374989,14.2917777],[121.1376303,14.2916269],[121.1379012,14.2913046],[121.1384927,14.2907965],[121.1385691,14.2907536],[121.1386348,14.2907484],[121.1387166,14.2907666],[121.13885,14.2908102],[121.138893,14.2908329],[121.138906,14.290827],[121.1389285,14.2908017],[121.1389875,14.2907406],[121.1393389,14.2902442],[121.1393993,14.2901987],[121.1394918,14.2901922],[121.1396977,14.2902565],[121.1397453,14.2902526],[121.1397707,14.2902325],[121.1397728,14.2902078],[121.13976,14.2901662],[121.1396661,14.2900362],[121.1396447,14.2899765],[121.1396635,14.2898907],[121.1398014,14.2895892],[121.13998,14.2892253],[121.1402133,14.2887002],[121.1402804,14.2886041],[121.1403357,14.2885646],[121.1404869,14.2885339],[121.1406291,14.2885703],[121.1408302,14.2887054],[121.1409268,14.2887184],[121.1410126,14.288682],[121.1411521,14.2884845],[121.1412352,14.2883623],[121.1413103,14.2882454],[121.1413693,14.2881544],[121.1414498,14.288053],[121.1415383,14.2879672],[121.1416483,14.2878919],[121.1417904,14.2877983],[121.1420372,14.2876891],[121.1422598,14.2876345],[121.1424664,14.2875878],[121.1425629,14.2875436],[121.1426595,14.2874604],[121.1427641,14.2871745],[121.1429304,14.2864259],[121.1430591,14.285984],[121.1431517,14.2857283],[121.1433193,14.2853524],[121.1434373,14.2851574],[121.1436599,14.2849339],[121.1438236,14.2847922],[121.1439684,14.2846688],[121.1441535,14.2845258],[121.1442903,14.2844271],[121.1446618,14.2840891],[121.1447033,14.2840619],[121.1447409,14.2840476],[121.1448517,14.2841111],[121.1449199,14.2840159],[121.1448093,14.2839514],[121.1447509,14.2838831],[121.1447489,14.2838533],[121.1447476,14.283811],[121.144757,14.2837525],[121.1447757,14.2837044],[121.1449957,14.2834679],[121.1451191,14.283299],[121.1453122,14.2830364],[121.1454061,14.2829688],[121.1454697,14.282939],[121.1455536,14.2829325],[121.1456475,14.2829688],[121.1458755,14.283052],[121.1459532,14.2830676],[121.1460417,14.2830364],[121.1461893,14.2828701],[121.1463046,14.2827427],[121.1463851,14.2826699],[121.146487,14.2826205],[121.1467096,14.2825504],[121.146782,14.2825634],[121.146841,14.2826153],[121.1469054,14.2828103],[121.1469349,14.282859],[121.1469671,14.2828857],[121.1470637,14.2829195],[121.1471897,14.2829299],[121.1473614,14.2828545],[121.1474606,14.2828597],[121.1475652,14.2829195],[121.1477047,14.2831352],[121.147753,14.2832548],[121.1478361,14.2835719],[121.1478549,14.2836044],[121.1478978,14.2836447],[121.1480641,14.2837148],[121.1483592,14.2837772],[121.1485013,14.283785],[121.148555,14.2837707],[121.1486113,14.2837317],[121.1486542,14.2836499],[121.1486569,14.2833198],[121.148622,14.2829481],[121.1485845,14.2824932],[121.1485818,14.2820279],[121.148614,14.281469],[121.1485952,14.2812169],[121.1485429,14.2808569],[121.1485295,14.2807529],[121.1485295,14.280723],[121.1485342,14.2807022],[121.1485463,14.2806675],[121.1486377,14.2807103],[121.1486676,14.2806743],[121.1486974,14.2806434],[121.1487251,14.2806148],[121.1487769,14.2806425],[121.1488084,14.2805866],[121.1487592,14.2805599],[121.148791,14.2805092],[121.1488024,14.2804761],[121.148677,14.2804172],[121.1485281,14.2803622],[121.1485127,14.2803955],[121.1484249,14.280376],[121.1482599,14.2803305],[121.1481567,14.2802981],[121.1480824,14.2802281],[121.1480494,14.2801473],[121.14804,14.2800758],[121.148048,14.2800173],[121.1481205,14.2798757],[121.1481258,14.2798315],[121.1481164,14.2798146],[121.1480977,14.279799],[121.1477771,14.2796911],[121.1477463,14.2796703],[121.1477436,14.2796378],[121.1477812,14.2795147],[121.1477973,14.2795027],[121.1478335,14.2794942],[121.1478616,14.2794962],[121.1482546,14.2796729],[121.1484101,14.2797886],[121.1484691,14.2798055],[121.1485054,14.2798068],[121.1485563,14.2797717],[121.1486194,14.2797054],[121.1486699,14.2796368],[121.1487937,14.2795403],[121.1489305,14.2794988],[121.1489949,14.2795072],[121.1490324,14.2795338],[121.1490864,14.2796063],[121.1490998,14.2796135],[121.1491136,14.2796138],[121.1491239,14.2796018],[121.1491236,14.2795611],[121.1490914,14.2794208],[121.1491048,14.2793714],[121.1491424,14.2793324],[121.1493006,14.2792284],[121.1495072,14.2791335],[121.1495809,14.2790959],[121.1496373,14.2790413],[121.1496641,14.2789724],[121.1496788,14.2788671],[121.1496909,14.2786566],[121.14977,14.278459],[121.1498539,14.2783358],[121.1499524,14.2781913],[121.150116,14.2780379],[121.1503011,14.2779002],[121.1504835,14.2778144],[121.1507222,14.2777598],[121.1509314,14.2777728],[121.1511567,14.2777676],[121.1513364,14.277726],[121.1514759,14.2776298],[121.1516704,14.2774232],[121.1517173,14.2773426],[121.1517321,14.2772594],[121.1516999,14.2771554],[121.1515899,14.277032],[121.1515698,14.2769514],[121.1515872,14.276863],[121.1516781,14.2767428],[121.1519641,14.2763483],[121.1523369,14.2758726],[121.1527473,14.2753892],[121.1531174,14.2750512],[121.1533561,14.2748719],[121.1534862,14.2748332],[121.1535707,14.2748355],[121.1538803,14.2749556],[121.1543383,14.2752727],[121.1547929,14.274658],[121.1545095,14.2744651],[121.1544947,14.2744066],[121.1545148,14.2741726],[121.1545256,14.2738685],[121.1545403,14.273771],[121.1545618,14.2737398],[121.1545864,14.2737312],[121.1546946,14.2737281],[121.1549467,14.2737892],[121.1550191,14.2737827],[121.1550647,14.273758],[121.1551143,14.2736866],[121.1552565,14.2733642],[121.1553182,14.2732849],[121.1553788,14.2732255],[121.1554992,14.2731602],[121.1556749,14.2731082],[121.1557943,14.2730679],[121.1558855,14.2730081],[121.1559673,14.272934],[121.1561295,14.2726624],[121.1562154,14.2725428],[121.1563441,14.27237],[121.1564487,14.2722387],[121.1565493,14.2721061],[121.1566284,14.2720658],[121.1566807,14.2720593],[121.1570831,14.2722439],[121.15713,14.27224],[121.1571716,14.272227],[121.1572292,14.2721191],[121.1573043,14.2718462],[121.1573634,14.2716148],[121.1574438,14.2715108],[121.1575243,14.2714537],[121.1577174,14.2713731],[121.1581586,14.2712587],[121.1582523,14.2712655],[121.1582994,14.2713042],[121.1584912,14.2715745],[121.1585543,14.2715953],[121.1586079,14.2715849],[121.1590746,14.2712405],[121.1596754,14.2708714],[121.1599517,14.2707232],[121.1600751,14.2706374],[121.1602467,14.2704815],[121.1604318,14.2702527],[121.1605793,14.2700552],[121.1607483,14.2698875],[121.1608502,14.2698147],[121.1609508,14.2697653],[121.1611922,14.2696652],[121.1613679,14.2696159],[121.1614618,14.2696185],[121.1616603,14.2696704],[121.1617836,14.269686],[121.1618614,14.2696652],[121.1619982,14.2695366],[121.1621296,14.2693],[121.1623335,14.2689036],[121.1624891,14.2686567],[121.1626929,14.2682251],[121.162878,14.267752],[121.1630174,14.2674271],[121.163173,14.2670476],[121.1635593,14.2663093],[121.1638784,14.265766],[121.1641326,14.2653985],[121.1642218,14.2652695],[121.1644202,14.2650746],[121.1646,14.264994],[121.1647877,14.2649498],[121.1651042,14.2649134],[121.1651793,14.26489],[121.1652651,14.2648081],[121.165638,14.2641699],[121.1658579,14.263806],[121.1661261,14.2633485],[121.1663058,14.2628728],[121.1664051,14.2626362],[121.1664198,14.2626102],[121.1664601,14.2625907],[121.166629,14.2625907],[121.1666813,14.2625725],[121.1667149,14.2625426],[121.166802,14.2624646],[121.1670756,14.2621527],[121.1671534,14.2619551],[121.1671883,14.2617654],[121.1672714,14.2613416],[121.1673734,14.2608191],[121.1675209,14.2602654],[121.1677569,14.2595375],[121.1678964,14.2591736],[121.1681378,14.2587525],[121.1683094,14.2584821],[121.168465,14.2581286],[121.168583,14.2578114],[121.168701,14.2573279],[121.1688459,14.2560593],[121.1690015,14.2550246],[121.1691999,14.2542084],[121.1695433,14.2525654],[121.1699295,14.251302],[121.1701226,14.2505013],[121.1702728,14.2497578],[121.1705252,14.2484801],[121.1705625,14.2482915],[121.1706349,14.2478782],[121.1706805,14.2476364],[121.1707315,14.247457],[121.1707932,14.2472932],[121.1708522,14.2471191],[121.1709192,14.2469449],[121.1709863,14.2467707],[121.1711124,14.2463963],[121.1712331,14.246035],[121.1714289,14.2456034],[121.1718124,14.2449353],[121.1720699,14.2444387],[121.1724454,14.2436744],[121.1728531,14.2424993],[121.1732179,14.2415686],[121.1735934,14.2406847],[121.1739421,14.2400503],[121.1742264,14.239598],[121.1751013,14.2382883],[121.1757284,14.2376065],[121.1759564,14.2373283],[121.1760744,14.2372217],[121.1761415,14.2371749],[121.1762649,14.2371229],[121.1766136,14.2370813],[121.1767477,14.2370527],[121.1768764,14.2369747],[121.1770856,14.2367616],[121.1772948,14.2365744],[121.1775684,14.236304],[121.1779681,14.235966],[121.178247,14.235732],[121.1783731,14.2356592],[121.1785206,14.2356072],[121.178652,14.2355786],[121.1792314,14.2354044],[121.1795586,14.2353628],[121.1802185,14.2353109],[121.1803955,14.2352147],[121.1811814,14.2346011],[121.1821228,14.2338471],[121.182324,14.2337561],[121.1825225,14.2337093],[121.1827129,14.2336911],[121.1829141,14.2337015],[121.1838984,14.2339771],[121.1840057,14.2339875],[121.1841506,14.2339459],[121.1852932,14.233036],[121.1855051,14.2329424],[121.1856365,14.232919],[121.1858162,14.232919],[121.1862963,14.2329372],[121.1866987,14.2329684],[121.1868837,14.2329606],[121.1870581,14.2329372],[121.1873048,14.2328696],[121.1876053,14.2327552],[121.1881471,14.2324822],[121.188367,14.2323418],[121.1884743,14.2322365],[121.1884904,14.2321624],[121.188489,14.2320922],[121.1884743,14.2320324],[121.1883509,14.2317776],[121.1883469,14.2317243],[121.1883535,14.2316736],[121.188426,14.2315124],[121.1885118,14.2313045],[121.1886942,14.2309665],[121.1888015,14.2307793],[121.1888552,14.2306337],[121.1888874,14.2304985],[121.1889142,14.2302021],[121.1888874,14.2298121],[121.188882,14.2294273],[121.1889034,14.2290061],[121.1889893,14.2283354],[121.189059,14.227987],[121.1891878,14.2276178],[121.1893594,14.2272252],[121.1895311,14.2268222],[121.1895874,14.2266636],[121.1896276,14.226505],[121.1897188,14.226037],[121.1897778,14.225335],[121.1897805,14.225231],[121.1897725,14.2251374],[121.1897591,14.225036],[121.1897296,14.2249346],[121.1896169,14.2245914],[121.189515,14.2243678],[121.1893755,14.2240974],[121.1891314,14.2237724],[121.1889946,14.2236398],[121.1888498,14.2235384],[121.1887237,14.2234448],[121.1886352,14.2233226],[121.1885628,14.2231302],[121.1885628,14.2228962],[121.1886084,14.2226726],[121.188823,14.2224178],[121.1888525,14.2223632],[121.1888686,14.2222696],[121.1888552,14.2221916],[121.1888068,14.2221162],[121.1887076,14.2220486],[121.1884073,14.2219212],[121.1882879,14.2218276],[121.1882114,14.2217002],[121.1881404,14.2215351],[121.1881095,14.2211334],[121.1881632,14.2205666],[121.1882651,14.2199946],[121.1884689,14.219043],[121.1888605,14.2174206],[121.1889946,14.2169578],[121.1891127,14.2166146],[121.1892548,14.216313],[121.1893943,14.2160997],[121.1895069,14.2158761],[121.1895499,14.2157747],[121.1896223,14.2155537],[121.1896317,14.2154887],[121.189629,14.2154276],[121.1896156,14.2153925],[121.1895861,14.2153678],[121.189287,14.2152131],[121.1892535,14.2151845],[121.1892427,14.2151702],[121.189234,14.2151462],[121.1892293,14.2151156],[121.1891877,14.2147919],[121.1891663,14.2146931],[121.1891341,14.2146047],[121.1890483,14.2144383],[121.1889839,14.2143525],[121.1889008,14.2142823],[121.1887023,14.2141523],[121.188485,14.2140353],[121.1884019,14.2139547],[121.188316,14.2138429],[121.1882409,14.2137025],[121.1881873,14.2136089],[121.1881444,14.2135621],[121.1880881,14.2135244],[121.1880103,14.2134815],[121.187789,14.2133671],[121.1877447,14.213332],[121.1877179,14.2132943],[121.1877085,14.2132241],[121.1876991,14.2131174],[121.1876857,14.2126013],[121.1877179,14.2122386],[121.1877367,14.2120774],[121.1877421,14.212002],[121.1877548,14.2119227],[121.1879868,14.2117121],[121.1879962,14.2117225],[121.188253,14.2114781],[121.187892,14.2110696],[121.1878292,14.2111231],[121.1880022,14.211287],[121.1877742,14.2115002],[121.1877883,14.2115168],[121.1877682,14.2115367],[121.187576,14.2117351],[121.1875657,14.2117641],[121.1875422,14.2118015],[121.1875167,14.2118408],[121.1874537,14.2119136],[121.1873397,14.2120098],[121.1867378,14.212533],[121.1864734,14.2125831],[121.1863708,14.2126065],[121.1861522,14.2126098],[121.1860295,14.2126],[121.1859356,14.2125799],[121.1857948,14.2125168],[121.1857049,14.2124596],[121.185603,14.2123725],[121.1854689,14.2122399],[121.185426,14.2122126],[121.185375,14.2122035],[121.1852811,14.2122113],[121.185084,14.2122282],[121.1850008,14.2122009],[121.1849405,14.2121554],[121.1848654,14.2120449],[121.1847943,14.2118889],[121.1847594,14.211794],[121.1847326,14.2117004],[121.1846958,14.2115782],[121.1846495,14.2114534],[121.1845154,14.211092],[121.1843383,14.2105381],[121.1841613,14.2098855],[121.184113,14.2096697],[121.1840808,14.2094513],[121.1840486,14.2091601],[121.1840245,14.2085984],[121.1840031,14.2084554],[121.1839762,14.208328],[121.1839038,14.2081564],[121.1837456,14.2078626],[121.1835444,14.207444],[121.1834934,14.2073243],[121.1834559,14.2071813],[121.1834344,14.2067783],[121.1834586,14.2060659],[121.1834908,14.205798],[121.1835256,14.2055796],[121.1835712,14.2053794],[121.1836343,14.2051909],[121.1836718,14.2050635],[121.1836678,14.20494],[121.183641,14.2048724],[121.1835819,14.2047944],[121.1834304,14.20468],[121.183358,14.2045915],[121.1833191,14.2045317],[121.1832869,14.2044368],[121.1832601,14.2042379],[121.1832494,14.2039675],[121.1832547,14.2037543],[121.1832681,14.2034865],[121.1832869,14.2031614],[121.1832923,14.2030626],[121.1832869,14.2029196],[121.1832654,14.2027272],[121.183252,14.2024932],[121.1832574,14.2023242],[121.1832815,14.2021447],[121.1833405,14.2018899],[121.1834425,14.2015207],[121.1835739,14.2010942],[121.1837321,14.200595],[121.1839575,14.1999735],[121.1840782,14.1995965],[121.184183,14.1992574],[121.1842579,14.1989386],[121.1843196,14.1986084],[121.1843625,14.1984238],[121.1843685,14.1983828],[121.1843638,14.1983536],[121.1843464,14.1983321],[121.1843196,14.1983152],[121.1842773,14.1983035],[121.1842605,14.1982944],[121.1842508,14.1982743],[121.1842468,14.1982453],[121.1842458,14.1982093],[121.1842498,14.1981469],[121.1842753,14.1979661],[121.1843169,14.1976437],[121.1843249,14.1975007],[121.1843142,14.1973889],[121.1842632,14.197173],[121.1841747,14.1969156],[121.1840889,14.196718],[121.1840352,14.1966374],[121.1839333,14.1965308],[121.1838153,14.196458],[121.183657,14.1963774],[121.18359,14.1963098],[121.1835551,14.1961953],[121.1835605,14.1960185],[121.18359,14.1958391],[121.1836275,14.1957091],[121.1836249,14.1955713],[121.1836034,14.1954907],[121.1835015,14.1953892],[121.1833781,14.1952826],[121.1833432,14.1952384],[121.1833245,14.1951786],[121.1833164,14.195059],[121.1833003,14.1949342],[121.1832547,14.1948198],[121.1831716,14.1947028],[121.1830348,14.1945233],[121.183008,14.1944583],[121.1829999,14.1943933],[121.1830026,14.1942061],[121.1829892,14.1940345],[121.1829597,14.1938889],[121.1828899,14.1937588],[121.1827451,14.1935586],[121.1825332,14.1932856],[121.1822408,14.1929293],[121.1819487,14.1926609],[121.1815971,14.1923885],[121.1813933,14.1922038],[121.1812672,14.1920426],[121.1811706,14.1918476],[121.1810875,14.1915928],[121.1810151,14.1913015],[121.1809909,14.1911429],[121.1809829,14.1910649],[121.1809614,14.1910181],[121.1809266,14.1909843],[121.1808836,14.1909375],[121.1808669,14.1908946],[121.1808615,14.1908439],[121.1808649,14.1908023],[121.1808796,14.1907145],[121.1808924,14.1906267],[121.180893,14.1905923],[121.1808863,14.190563],[121.1808736,14.1905481],[121.1808394,14.1905409],[121.1807951,14.1905513],[121.1807576,14.1905773],[121.180653,14.1906716],[121.1805839,14.190732],[121.1805551,14.1907502],[121.1805269,14.1907567],[121.1805028,14.1907541],[121.1804813,14.1907372],[121.1804646,14.1907125],[121.1804545,14.1906644],[121.1804485,14.190578],[121.1804545,14.1904772],[121.180484,14.1902952],[121.1805323,14.1899883],[121.1805725,14.1897439],[121.1806127,14.1894709],[121.1806557,14.1892264],[121.1807495,14.188904],[121.1808702,14.1885737],[121.1810097,14.1883059],[121.1814174,14.187622],[121.1815596,14.187401],[121.1817124,14.1872007],[121.1818546,14.1870525],[121.1823454,14.186483],[121.1825133,14.1863089],[121.1825761,14.1862438],[121.1828309,14.1860513],[121.1829972,14.1859551],[121.1831313,14.1859031],[121.1832494,14.1858667],[121.1834371,14.1858641],[121.183531,14.1858797],[121.1836249,14.1859213],[121.1836919,14.1859759],[121.1837402,14.1860201],[121.1837831,14.1860409],[121.1838475,14.1860617],[121.1839172,14.1860643],[121.1839735,14.1860539],[121.1840567,14.1860617],[121.1841372,14.1860799],[121.184231,14.1861294],[121.1843061,14.1861866],[121.1843839,14.186236],[121.1845154,14.1862802],[121.1846441,14.1863062],[121.1847728,14.1863114],[121.1848453,14.1863114],[121.184907,14.1863036],[121.1849633,14.1863062],[121.1850169,14.186314],[121.185092,14.1863296],[121.1851779,14.1863764],[121.1852583,14.1864414],[121.1853173,14.1865337],[121.1853368,14.1865851],[121.1853482,14.1866208],[121.1853559,14.1866387],[121.1853629,14.1866488],[121.1853727,14.1866602],[121.1853864,14.1866741],[121.185426,14.1866936],[121.1854582,14.186704],[121.1855225,14.186717],[121.1855507,14.1867235],[121.1855909,14.1867379],[121.1856244,14.1867522],[121.1857022,14.186786],[121.185894,14.1868809],[121.1861891,14.1870213],[121.1863339,14.1870785],[121.186409,14.1870863],[121.1864895,14.1870525],[121.1865646,14.1870005],[121.1866799,14.1869173],[121.1867818,14.1868679],[121.1869079,14.1868497],[121.1870044,14.1868497],[121.1870769,14.1868679],[121.1871573,14.1868757],[121.1872002,14.1868549],[121.1872244,14.1868159],[121.1872807,14.1866494],[121.1873075,14.1866078],[121.1873585,14.1865688],[121.1875543,14.186457],[121.1876884,14.186418],[121.1878306,14.1864206],[121.1879888,14.1864726],[121.188072,14.1865376],[121.1881122,14.1866104],[121.1881095,14.186691],[121.1880586,14.1868445],[121.1880317,14.1869927],[121.1880505,14.1870733],[121.1881149,14.1871617],[121.1882597,14.1872657],[121.1884689,14.1873958],[121.1885548,14.187427],[121.188662,14.1874582],[121.188764,14.1874556],[121.1888632,14.1874439],[121.1889839,14.1874114],[121.1890369,14.1873841],[121.1890751,14.1873489],[121.1890979,14.1873015],[121.1891073,14.1872579],[121.1891153,14.1871669],[121.1891153,14.1871019],[121.1890952,14.1869953],[121.1890845,14.1869082],[121.1890925,14.1868302],[121.1891207,14.1867587],[121.1891958,14.1866156],[121.1893219,14.1863842],[121.1893782,14.1862386],[121.1894077,14.1861671],[121.1894533,14.1860799],[121.1895271,14.1859655],[121.1896907,14.1857237],[121.1899173,14.185396],[121.1900461,14.1852218],[121.1902499,14.1849774],[121.1904618,14.1847485],[121.1907059,14.1844781],[121.1908185,14.1843845],[121.190899,14.1843455],[121.191017,14.1843169],[121.1911646,14.1842779],[121.1912772,14.1842388],[121.191422,14.18414],[121.1916822,14.1839476],[121.1918619,14.1838098],[121.1919638,14.1837682],[121.1920725,14.183737],[121.1922227,14.1837292],[121.1923474,14.1837383],[121.1924788,14.1837682],[121.1926988,14.1838488],[121.1927538,14.1838696],[121.1928047,14.1838813],[121.1928543,14.1838696],[121.192908,14.1838254],[121.1929429,14.1837578],[121.1930019,14.1836381],[121.193077,14.1835237],[121.1932218,14.1833469],[121.1934444,14.1830843],[121.1936107,14.1828632],[121.1937422,14.1826032],[121.1938012,14.1824107],[121.1938226,14.1823171],[121.1938575,14.1822443],[121.1939487,14.1821715],[121.1941284,14.1820571],[121.1942142,14.1820103],[121.194292,14.1819791],[121.1943671,14.1819687],[121.1944342,14.1819921],[121.1944824,14.1820597],[121.1944985,14.1821091],[121.1945334,14.1821772],[121.1945844,14.1822053],[121.1946595,14.1822209],[121.1947212,14.1822105],[121.1948392,14.1821585],[121.1949331,14.1821117],[121.1950698,14.1820649],[121.1953247,14.1819843],[121.1954775,14.1819505],[121.1956331,14.181927],[121.1957109,14.1819036],[121.1957753,14.1818646],[121.1959228,14.1817606],[121.1960515,14.1816774],[121.1962125,14.1816046],[121.19636,14.1815682],[121.1965612,14.1815422],[121.1967704,14.1815474],[121.1968857,14.181576],[121.1969823,14.1816189],[121.1971982,14.1817489],[121.1972666,14.1817931],[121.1973001,14.1818217],[121.1973323,14.1818594],[121.1973618,14.1818971],[121.1974262,14.1819518],[121.1974912,14.1819996],[121.1974986,14.1820051],[121.1976819,14.1821146],[121.197803,14.1821871],[121.1979103,14.1822586],[121.1980243,14.182347],[121.1981155,14.182425],[121.1981665,14.1824588],[121.1982134,14.182464],[121.198263,14.1824471],[121.1983395,14.1823938],[121.1985272,14.1822443],[121.1987391,14.1820753],[121.1989698,14.1819427],[121.1991522,14.1818698],[121.1993131,14.1818308],[121.1994499,14.1818178],[121.1995545,14.1818334],[121.1996577,14.1818894],[121.1997507,14.1819886],[121.1998549,14.1821689],[121.1999192,14.1823171],[121.1999347,14.1824113],[121.1999354,14.1824887],[121.1998764,14.1826422],[121.1998656,14.1826838],[121.1998777,14.1827169],[121.1998985,14.1827449],[121.1999541,14.1827878],[121.2001312,14.1829256],[121.2002418,14.1830202],[121.2003162,14.1830608],[121.2003887,14.1830921],[121.2004396,14.1831025],[121.2004644,14.1831174],[121.2004799,14.1831389],[121.2004893,14.1831909],[121.2004866,14.1832299],[121.2004678,14.1832845],[121.2004556,14.1833173],[121.200453,14.1833287],[121.2004539,14.1833378],[121.2004584,14.1833443],[121.200466,14.1833508],[121.2004758,14.1833534],[121.2004946,14.1833537],[121.2005121,14.1833495],[121.2005563,14.18333],[121.2005969,14.1833037],[121.2006207,14.1832949],[121.2006442,14.1832939],[121.200669,14.1832962],[121.2007226,14.1833131],[121.2007977,14.1833573],[121.2009439,14.1834665],[121.2009935,14.1835237],[121.2010203,14.1835926],[121.2010217,14.1836641],[121.2010203,14.18375],[121.2010203,14.1838605],[121.201023,14.1839489],[121.2010364,14.1840074],[121.2010847,14.1840581],[121.2012,14.1841595],[121.201243,14.1841894],[121.2012899,14.1841933],[121.2013583,14.1841712],[121.201483,14.1841361],[121.2016104,14.1841283],[121.2017056,14.1841335],[121.2017566,14.1841621],[121.2018129,14.1842167],[121.2019041,14.1842948],[121.2019564,14.1843559],[121.2019779,14.1844079],[121.2019712,14.184443],[121.2019484,14.184482],[121.2018706,14.1845652],[121.2018612,14.1845886],[121.2018625,14.1846107],[121.2018961,14.1846445],[121.2019149,14.1846595],[121.2019455,14.1846826],[121.2021697,14.1848512],[121.2024674,14.1850528],[121.2026954,14.1851958],[121.2027973,14.1852673],[121.2028429,14.1852972],[121.2028703,14.1853255],[121.2029099,14.1853791],[121.202973,14.1854285],[121.2030494,14.1854662],[121.2031943,14.1855287],[121.2034987,14.1856665],[121.2037119,14.1857679],[121.2039211,14.1858654],[121.2039895,14.185907],[121.2040123,14.185933],[121.2040204,14.1859681],[121.2040123,14.1860461],[121.2040284,14.1860838],[121.2040566,14.1861099],[121.2041934,14.1861918],[121.2043704,14.1862867],[121.2045434,14.1863725],[121.2046748,14.186444],[121.2048291,14.186535],[121.2049887,14.1866286],[121.2051,14.1867053],[121.2051831,14.1867522],[121.2052502,14.1867834],[121.2053454,14.1868198],[121.205442,14.186864],[121.2055801,14.1869472],[121.2056753,14.1870148],[121.205745,14.1870447],[121.2058523,14.1870733],[121.2060347,14.1870967],[121.2061018,14.1870967],[121.2061688,14.1870733],[121.2064947,14.1868926],[121.206573,14.1868566],[121.2066275,14.1868315],[121.2067683,14.1867717],[121.2069869,14.1866923],[121.2072122,14.1866195],[121.2074107,14.1865532],[121.2075287,14.1865025],[121.2076494,14.1864414],[121.207872,14.18634],[121.2081215,14.1862321],[121.2081912,14.1861944],[121.2082368,14.1861606],[121.208269,14.1861294],[121.2082824,14.186106],[121.2082757,14.1860838],[121.2082569,14.1860396],[121.2082569,14.1860032],[121.2082717,14.1859772],[121.2083079,14.185946],[121.2083709,14.1859031],[121.2084031,14.1858667],[121.2084326,14.1858238],[121.2085372,14.1856483],[121.2086217,14.1854923],[121.2086579,14.1854506],[121.2087022,14.1854129],[121.2087545,14.185383],[121.2087893,14.1853622],[121.2088028,14.1853336],[121.2088175,14.1852764],[121.208847,14.1851802],[121.2088993,14.1850827],[121.2089945,14.1849423],[121.2091112,14.1847511],[121.209197,14.1845821],[121.2092641,14.1844105],[121.2093285,14.1841712],[121.2093499,14.1840984],[121.2093955,14.1840282],[121.2094411,14.1839762],[121.2095216,14.183867],[121.2095779,14.1837526],[121.2096262,14.1836225],[121.2096517,14.1834964],[121.2097161,14.1832026],[121.2097871,14.1828957],[121.2098126,14.1827189],[121.2098099,14.1826357],[121.2097925,14.1825434],[121.2097818,14.1824705],[121.2097898,14.1823925],[121.2098005,14.1823353],[121.2098274,14.1823093],[121.2098756,14.1822911],[121.2099186,14.1822833],[121.2099427,14.1822547],[121.2099494,14.1821936],[121.2099427,14.1821468],[121.2099212,14.1821117],[121.2098676,14.1820779],[121.2097979,14.1820324],[121.2097818,14.1820025],[121.2097844,14.1819739],[121.2098046,14.1819505],[121.2098569,14.1819427],[121.2099534,14.1819453],[121.2099963,14.1819322],[121.2100232,14.1819088],[121.2100312,14.1818542],[121.2100433,14.1817333],[121.2100661,14.1816059],[121.2100902,14.181498],[121.2100902,14.1814369],[121.2100701,14.1813783],[121.2099829,14.181234],[121.2099682,14.1811846],[121.2099762,14.1811443],[121.2100057,14.1810962],[121.2100808,14.1810611],[121.2103195,14.1810078],[121.2104724,14.180974],[121.2105878,14.1809389],[121.2106575,14.1808934],[121.2107366,14.1808244],[121.2108131,14.1807867],[121.210919,14.1807672],[121.2111175,14.180749],[121.2111524,14.180736],[121.2111738,14.1806996],[121.2111846,14.1806398],[121.2111819,14.1805202],[121.2111658,14.1804656],[121.211037,14.180372],[121.2110102,14.1803408],[121.2110129,14.1802992],[121.211032,14.1802832],[121.2110588,14.1802751],[121.2111078,14.1802787],[121.2112798,14.1803135],[121.211485,14.1804045],[121.2115856,14.1804136],[121.2116902,14.1803993],[121.2117679,14.1803616],[121.2118243,14.1802497],[121.2118779,14.1801314],[121.2119463,14.1799858],[121.2120791,14.1797921],[121.212189,14.1795489],[121.2122869,14.1793786],[121.2124371,14.1792421],[121.2126169,14.1790795],[121.2128261,14.1789287],[121.2130031,14.1788013],[121.2131131,14.1787441],[121.2132579,14.1786999],[121.2133974,14.1786868],[121.2138882,14.1787103],[121.2140948,14.1787545],[121.2143871,14.1788403],[121.2146138,14.1789131],[121.2147452,14.1789443],[121.2148806,14.1789625],[121.2149772,14.1789625],[121.2151207,14.1789781],[121.2152883,14.1790119],[121.2153172,14.1790248],[121.2153956,14.17906],[121.2155016,14.1791549],[121.2155794,14.1792577],[121.2156196,14.1793084],[121.2156652,14.1793526],[121.2157121,14.1793773],[121.215806,14.1793968],[121.2158771,14.1794189],[121.2159428,14.1794527],[121.2161198,14.1795684],[121.2162352,14.1796776],[121.2163398,14.1798025],[121.2164336,14.1798805],[121.2165114,14.1798987],[121.216616,14.1798961],[121.2167421,14.1798519],[121.2169486,14.1797374],[121.2171766,14.1795788],[121.2174261,14.179376],[121.2175682,14.1792356],[121.2176312,14.1791783],[121.2176571,14.1791606],[121.2176889,14.1791576],[121.2177238,14.1791744],[121.2177426,14.1791919],[121.2177627,14.1792186],[121.2177868,14.1792252],[121.2178123,14.17922],[121.2178659,14.1791731],[121.2180148,14.1790275],[121.2181194,14.178969],[121.2181972,14.1789495],[121.2182415,14.1789599],[121.218271,14.1789872],[121.2183125,14.1790574],[121.2183514,14.1791237],[121.218397,14.1791822],[121.2184507,14.1792056],[121.2184829,14.17919],[121.2185003,14.1791536],[121.218515,14.1790704],[121.2185298,14.1790158],[121.218562,14.1789924],[121.2186022,14.1789937],[121.2186505,14.1790301],[121.2186907,14.1790925],[121.2187484,14.1791601],[121.2188007,14.1792356],[121.2188785,14.17935],[121.2189308,14.1794462],[121.2189844,14.1795372],[121.21903,14.1795866],[121.2191024,14.1796698],[121.219199,14.1797765],[121.2192285,14.1798363],[121.2192419,14.1799585],[121.2192366,14.1801067],[121.2192634,14.1801899],[121.2193197,14.1802888],[121.2194216,14.1803798],[121.219537,14.1804188],[121.2197274,14.1804318],[121.219832,14.1804448],[121.2199312,14.180476],[121.2200385,14.1805176],[121.2202826,14.1806138],[121.2204945,14.1807204],[121.2205294,14.1807386],[121.2205482,14.1807672],[121.2205401,14.180801],[121.2205307,14.1808362],[121.2205334,14.1808739],[121.2205508,14.1809038],[121.2205897,14.1809285],[121.2208298,14.1810949],[121.2208942,14.1811417],[121.2209505,14.1812093],[121.2210095,14.1812717],[121.2210953,14.1813562],[121.2212509,14.1814785],[121.2213582,14.1815344],[121.2213944,14.18155],[121.2214226,14.1815474],[121.2214467,14.1815344],[121.221566,14.181273],[121.2215848,14.1812418],[121.2215976,14.1812341],[121.221617,14.1812366],[121.2216479,14.1812532],[121.2212921,14.1819542],[121.2212452,14.1819374],[121.2211835,14.1820595],[121.2213414,14.182136],[121.2214106,14.1820116],[121.2213414,14.1819709],[121.2217046,14.1812749],[121.2217914,14.181308],[121.221841,14.1813315],[121.221904,14.1813705],[121.2219644,14.1814304],[121.2220046,14.1814824],[121.2220341,14.1815578],[121.2220247,14.1816215],[121.2220059,14.181693],[121.2220046,14.1817112],[121.222018,14.1817294],[121.2220435,14.181732],[121.2220716,14.181719],[121.2221602,14.1816046],[121.2222218,14.1815578],[121.2222728,14.1815422],[121.2223238,14.1815578],[121.2224364,14.1816345],[121.2225263,14.1817294],[121.2225759,14.1818217],[121.2226067,14.1819166],[121.2225987,14.1820272],[121.2225705,14.1821377],[121.2225772,14.1821702],[121.2226041,14.1821949],[121.2226403,14.1822105],[121.2229474,14.1823145],[121.2229702,14.1823158],[121.2229849,14.182308],[121.222997,14.1822716],[121.2230064,14.182243],[121.2231464,14.1823039],[121.2234659,14.1824393],[121.2234342,14.1825382],[121.2234154,14.1826071],[121.2233511,14.1827631],[121.2233417,14.1828099],[121.2233524,14.1828359],[121.2233913,14.1828619],[121.2234221,14.1828697],[121.2234436,14.1828606],[121.223461,14.1828203],[121.2234972,14.1827267],[121.2235174,14.1827059],[121.2235415,14.1826994],[121.2235777,14.1827176],[121.2235992,14.1827488],[121.2236233,14.1827787],[121.2236421,14.1828307],[121.2236769,14.1828788],[121.2237132,14.1828996],[121.2237601,14.1829061],[121.2238111,14.1828983],[121.2238593,14.1828697],[121.2238862,14.1828385],[121.223913,14.1828229],[121.2239572,14.1828229],[121.2240243,14.1828203],[121.2241463,14.1828463],[121.2241772,14.1828463],[121.2241906,14.1828398],[121.2242,14.1828164],[121.2242228,14.1827241],[121.2242311,14.1826689],[121.2243123,14.1826982],[121.2243734,14.1825393],[121.2242892,14.1825082],[121.2243254,14.182401],[121.2243327,14.182386],[121.2243441,14.1823763],[121.2243555,14.1823756],[121.2244018,14.1823977],[121.2244199,14.182401],[121.2244286,14.1824003],[121.2244387,14.182386],[121.2244588,14.1823477],[121.2244698,14.1823365],[121.2245165,14.1823327],[121.2245969,14.1823379],[121.2248544,14.1823886],[121.2251334,14.1824445],[121.2253024,14.1824848],[121.2253547,14.182503],[121.2253815,14.1825252],[121.2253935,14.1825752],[121.2253775,14.1827683],[121.2253815,14.1828047],[121.2254016,14.1828242],[121.2254432,14.1828411],[121.2255947,14.1828528],[121.2256189,14.1828424],[121.225639,14.1828164],[121.2256789,14.1827375],[121.2258348,14.182619],[121.2259287,14.1825642],[121.2260413,14.1825382],[121.2262747,14.1825902],[121.2263384,14.1826353],[121.2263444,14.182702],[121.2263176,14.1828684],[121.2262908,14.183001],[121.2263042,14.1830895],[121.2263417,14.1831493],[121.2264329,14.1832013],[121.2266341,14.1832611],[121.2267226,14.1832585],[121.2268084,14.1832117],[121.2268862,14.1831857],[121.2269157,14.1831909],[121.2269264,14.1832117],[121.2269077,14.1832507],[121.2268728,14.1833443],[121.2268674,14.1833885],[121.2268674,14.1834327],[121.2269238,14.1834899],[121.2270015,14.1835133],[121.2270981,14.1835081],[121.2271973,14.1834535],[121.2272966,14.1834535],[121.2274119,14.1835107],[121.2276748,14.1837682],[121.2279577,14.1841409],[121.2280315,14.1843403],[121.2280476,14.1844989],[121.2280154,14.1846263],[121.2279969,14.1847417],[121.2280208,14.1848499],[121.228061,14.1849462],[121.2281335,14.1850768],[121.2283024,14.1853232],[121.228588,14.1856478],[121.2287235,14.1858355],[121.2288415,14.1860227],[121.2289166,14.1862074],[121.2289301,14.1864492],[121.2289569,14.1868653],[121.228996,14.1873689],[121.2290186,14.187479],[121.2290665,14.1875957],[121.2291312,14.187674],[121.2292083,14.1877326],[121.2293297,14.1877494],[121.2294853,14.1877052],[121.2296811,14.187583],[121.2298501,14.187466],[121.2299493,14.1874218],[121.2300244,14.187414],[121.2301049,14.1874426],[121.2303248,14.1875492],[121.2307281,14.1877784],[121.2312797,14.1880849],[121.2316391,14.1882669],[121.2316793,14.1882955],[121.2317035,14.1883527],[121.2316981,14.1884437],[121.2316935,14.1886465],[121.2317035,14.1887038],[121.2317437,14.1888052],[121.2318188,14.188917],[121.2319234,14.1890314],[121.2320575,14.1891666],[121.2321433,14.1892914],[121.2321889,14.1894007],[121.2322238,14.1895255],[121.2322775,14.1896633],[121.2323928,14.1898245],[121.2324701,14.1899843],[121.2324733,14.1899909],[121.2325162,14.190147],[121.2325269,14.1902588],[121.2325349,14.1903732],[121.2325564,14.190511],[121.2325993,14.1906592],[121.2326235,14.190771],[121.2326691,14.1909089],[121.2327012,14.1910051],[121.2327281,14.1910961],[121.2327442,14.1911533],[121.2327616,14.1912053],[121.2327991,14.1912482],[121.2328286,14.1912729],[121.2328649,14.1913015],[121.2329105,14.1913743],[121.2329695,14.1914549],[121.2330338,14.1915551],[121.2330875,14.1916474],[121.2331264,14.1917228],[121.2331612,14.1917917],[121.2331881,14.1918489],[121.233239,14.1919217],[121.2332793,14.1919607],[121.2333074,14.1919919],[121.2333383,14.1920296],[121.2333839,14.1920972],[121.2334187,14.19217],[121.2334576,14.1922871],[121.2334898,14.192369],[121.2335274,14.1924288],[121.2335663,14.1924782],[121.2336051,14.1925172],[121.2336588,14.1925653],[121.2337285,14.1926069],[121.233805,14.1926381],[121.2338372,14.1926693],[121.233868,14.1927161],[121.2338828,14.1927668],[121.2339042,14.1928201],[121.2339377,14.1928721],[121.2342046,14.1931517],[121.234336,14.1932934],[121.2344246,14.1933753],[121.2345158,14.1934507],[121.2345573,14.1934988],[121.2345909,14.1935742],[121.2345989,14.193673],[121.2345859,14.1937889],[121.2345842,14.1938043],[121.2345788,14.1938681],[121.2345868,14.193911],[121.2346137,14.1939682],[121.2347303,14.1941775],[121.2347504,14.1942399],[121.2347545,14.1942893],[121.2347639,14.1943426],[121.234784,14.1943751],[121.2348336,14.1944557],[121.2348819,14.1945441],[121.2349047,14.1946],[121.2349154,14.1946404],[121.2349449,14.1947912],[121.2349945,14.1949927],[121.2350106,14.1950551],[121.2350307,14.195124],[121.2350482,14.1951994],[121.235075,14.1953333],[121.2350991,14.1954647],[121.2351085,14.1955609],[121.2351179,14.1956441],[121.235134,14.195713],[121.2351581,14.1957715],[121.2351665,14.1957856],[121.2351944,14.1958495],[121.2352078,14.1958989],[121.2352547,14.1960874],[121.2353151,14.1962993],[121.2353607,14.1964216],[121.2353955,14.1965048],[121.235417,14.1965386],[121.2354505,14.1965503],[121.2354854,14.1965633],[121.2355055,14.1965828],[121.2355122,14.1966127],[121.2355055,14.1966855],[121.2355001,14.1967492],[121.2355122,14.1968415],[121.2355323,14.1969052],[121.2356007,14.1970599],[121.2356664,14.1971782],[121.2357321,14.1972628],[121.2358059,14.1973369],[121.2358837,14.1973902],[121.2359413,14.1974357],[121.235999,14.1975059],[121.2360848,14.1975917],[121.2362002,14.1976827],[121.2363839,14.1978023],[121.236624,14.1979154],[121.2369888,14.1980428],[121.237143,14.1980935],[121.2373133,14.1981104],[121.2374313,14.1980831],[121.2375171,14.1980324],[121.2376338,14.197957],[121.2378055,14.1978647],[121.2379543,14.1978114],[121.2380858,14.1977698],[121.238181,14.1977256],[121.2383795,14.1976086],[121.238468,14.1975202],[121.2385069,14.1974916],[121.238527,14.1974838],[121.2385699,14.1974773],[121.2386517,14.197489],[121.2386946,14.1974838],[121.238759,14.1974526],[121.2388314,14.1974071],[121.2388824,14.1973824],[121.2389414,14.1973668],[121.2390165,14.1973551],[121.2391613,14.1973421],[121.2392834,14.1973395],[121.2393692,14.1973551],[121.2394336,14.1973707],[121.2395087,14.1973759],[121.2396106,14.1973694],[121.2396884,14.1973473],[121.2397286,14.1973161],[121.2397729,14.1972992],[121.2398064,14.1972998],[121.2398319,14.1973089],[121.2398493,14.1973148],[121.2398641,14.1973151],[121.2398812,14.1973122],[121.2399006,14.1973005],[121.2399459,14.1972628],[121.2400685,14.1971378],[121.2401685,14.1970326],[121.2402879,14.196926],[121.2404636,14.1967895],[121.2405279,14.1967388],[121.2406017,14.1966881],[121.2406714,14.1966465],[121.2407331,14.1966192],[121.240776,14.1965867],[121.2408444,14.1965256],[121.2411287,14.1962889],[121.2413567,14.1961134],[121.2416303,14.1959028],[121.241928,14.1956675],[121.2420635,14.1955635],[121.2421775,14.195492],[121.242262,14.1954595],[121.2423196,14.195449],[121.2423907,14.195449],[121.2424107,14.19545],[121.2424221,14.1954466],[121.2424284,14.1954399],[121.2424356,14.1954278],[121.2424511,14.1953847],[121.2424685,14.1953392],[121.2425154,14.195241],[121.2425597,14.1951838],[121.2426388,14.1951123],[121.2429714,14.1948471],[121.2432557,14.1946352],[121.2433925,14.1945272],[121.2435307,14.1944102],[121.2436527,14.194301],[121.2437654,14.1941996],[121.2438753,14.1941242],[121.2439437,14.1941073],[121.2440282,14.1941138],[121.2440912,14.1941346],[121.2441342,14.1941294],[121.2441784,14.1940956],[121.244228,14.1940072],[121.2442723,14.1939318],[121.2443206,14.1938772],[121.2444144,14.1937861],[121.2445338,14.1936847],[121.2451078,14.1932934],[121.2452352,14.193218],[121.2453653,14.1931361],[121.2455437,14.1930099],[121.2458065,14.1928084],[121.2461337,14.1925835],[121.2461753,14.1925666],[121.2462088,14.1925705],[121.2462518,14.1925952],[121.2463135,14.1926693],[121.2463349,14.192694],[121.246351,14.1926966],[121.2463725,14.1926875],[121.2465401,14.1925744],[121.2465656,14.1925549],[121.2465709,14.1925406],[121.2465616,14.1925094],[121.2465294,14.1924652],[121.2465455,14.1924418],[121.247091,14.1921136],[121.247507,14.1918606],[121.2477927,14.1916812],[121.2479469,14.1915902],[121.2480851,14.1915121],[121.2482125,14.1914523],[121.2484458,14.1913717],[121.248765,14.1912833],[121.2488475,14.1912762],[121.2488998,14.1912794],[121.2489353,14.191295],[121.2489635,14.1913165],[121.2489876,14.1913626],[121.249046,14.1914757],[121.249062,14.1914987],[121.2490755,14.1915056],[121.2490922,14.191505],[121.249119,14.1914952],[121.2491941,14.1914601],[121.2492129,14.1914439],[121.2492163,14.1914315],[121.2492129,14.1914159],[121.2491928,14.1913698],[121.249119,14.1912456],[121.2491003,14.1911728],[121.249111,14.1911013],[121.2491499,14.1910402],[121.2492639,14.1909739],[121.2496716,14.1907906],[121.2498942,14.1906956],[121.2500632,14.1906436],[121.2501731,14.190641],[121.2502402,14.1906657],[121.2502831,14.1907086],[121.2503274,14.1907906],[121.2503596,14.190879],[121.2504065,14.1909271],[121.2505004,14.1909635],[121.250664,14.190983],[121.2507941,14.1909622],[121.2509349,14.1909089],[121.2510006,14.1908959],[121.2510489,14.1908998],[121.2511106,14.1909089],[121.2511589,14.190944],[121.2512058,14.1910259],[121.2512514,14.1910753],[121.2513198,14.1910922],[121.2513936,14.1910844],[121.2514713,14.1910597],[121.2515813,14.1910142],[121.2516202,14.1909687],[121.2516859,14.1908803],[121.2517385,14.1907998],[121.2518106,14.1907411],[121.2519206,14.1906748],[121.2520856,14.190615],[121.252158,14.1905994],[121.2522358,14.1906046],[121.2522814,14.1906371],[121.252331,14.1907229],[121.2523699,14.1907997],[121.2524101,14.1908283],[121.2524691,14.1908283],[121.2525214,14.1908127],[121.2525402,14.1907867],[121.2525362,14.190758],[121.2525228,14.1907034],[121.2525295,14.1906722],[121.2525563,14.190654],[121.2526126,14.1906384],[121.2529385,14.1905812],[121.2532926,14.190524],[121.2537713,14.1904798],[121.2540878,14.1904616],[121.2543359,14.1904382],[121.2545921,14.1904031],[121.2548845,14.1903394],[121.2550132,14.1902952],[121.2551245,14.1902458],[121.2552452,14.1901522],[121.2553605,14.1900611],[121.2554222,14.1900221],[121.2554759,14.1900221],[121.2555403,14.1900442],[121.2556355,14.1900963],[121.2557414,14.1901704],[121.2557951,14.1901925],[121.25585,14.1901821],[121.2559493,14.1901158],[121.2560472,14.1900742],[121.2561545,14.1900716],[121.2563154,14.1901106],[121.2565005,14.1902146],[121.2566131,14.190303],[121.2567365,14.190355],[121.2569082,14.1903849],[121.2570691,14.1903914],[121.2574339,14.1903498],[121.2575345,14.1903407],[121.2576216,14.1903472],[121.2576887,14.190368],[121.2577504,14.1904174],[121.2579824,14.1906761],[121.2580226,14.1907411],[121.2580535,14.1908205],[121.2580816,14.1908842],[121.2581259,14.1909193],[121.2581956,14.1909375],[121.2582439,14.1909219],[121.2582788,14.1908777],[121.2583043,14.1908504],[121.2583405,14.1908348],[121.2583888,14.1908283],[121.2584679,14.1908452],[121.2586597,14.1909193],[121.2588689,14.1909791],[121.2590405,14.1910181],[121.2592363,14.1910155],[121.2595579,14.1909719],[121.259762,14.1908907],[121.2600034,14.1907658],[121.2601912,14.190654],[121.2602878,14.190576],[121.2604058,14.1904148],[121.2605533,14.1902666],[121.2607652,14.1901288],[121.2609395,14.1900273],[121.2611461,14.1899259],[121.2613821,14.1898102],[121.2616289,14.1896945],[121.2618971,14.1895931],[121.2623236,14.1894787],[121.2628627,14.1893434],[121.263037,14.1893174],[121.2632275,14.189307],[121.2634447,14.189333],[121.26367,14.1894267],[121.2639087,14.1895411],[121.264134,14.1896191],[121.2645712,14.1897283],[121.2650004,14.1898375],[121.2652042,14.1898947],[121.265384,14.1899857],[121.2655529,14.1901262],[121.266,14.1905],[121.2664649,14.1909115],[121.2665706,14.1910015],[121.2666741,14.1910623],[121.2667868,14.1911091],[121.2669075,14.1911611],[121.2669638,14.1912235],[121.2670067,14.1913171],[121.2670818,14.191533],[121.2671542,14.1916838],[121.2673232,14.1918892],[121.2674412,14.1919906],[121.2674761,14.1920374],[121.2674814,14.1920816],[121.26746,14.1921414],[121.2673447,14.1922871],[121.2673044,14.1924171],[121.2672964,14.1926225],[121.2673259,14.1929033],[121.2673339,14.1930828],[121.2673554,14.1932544],[121.2674063,14.1934],[121.267468,14.1934988],[121.2676316,14.1936574],[121.2678891,14.1938967],[121.2681118,14.1941099],[121.2682727,14.1943049],[121.2684041,14.1944349],[121.2685141,14.1944817],[121.2685852,14.1945051],[121.2686536,14.1945129],[121.2687501,14.1945025],[121.2688896,14.1944713],[121.2693161,14.1943933],[121.2693878,14.1943758],[121.2694448,14.1943712],[121.2695454,14.1943803],[121.2696353,14.194405],[121.2697023,14.1944167],[121.2697868,14.1944115],[121.2699088,14.1943738],[121.2700564,14.1942789],[121.2701717,14.1941983],[121.2703353,14.1940449],[121.2705874,14.1938213],[121.2710488,14.193387],[121.2716496,14.1929397],[121.2719607,14.1927707],[121.2721834,14.1927369],[121.2724704,14.1927811],[121.2727198,14.1928929],[121.2728566,14.1930073],[121.2729827,14.1931608],[121.2731248,14.1933948],[121.2732938,14.1936314],[121.2734413,14.1937692],[121.2735754,14.1938473],[121.2737685,14.1938577],[121.2739187,14.1938369],[121.2740529,14.1937588],[121.2744498,14.1935352],[121.2748307,14.1933818],[121.275111,14.1932921],[121.2752102,14.1932804],[121.2753108,14.1932973],[121.2753806,14.1933389],[121.2755066,14.1934533],[121.2756622,14.1935898],[121.2757574,14.1936496],[121.2758486,14.1936795],[121.2759478,14.1936886],[121.2762415,14.1936743],[121.2763676,14.1936782],[121.2764709,14.1936951],[121.2766023,14.1937393],[121.2766922,14.1937757],[121.2768061,14.1938187],[121.2769443,14.1938733],[121.2770368,14.1938915],[121.2771749,14.1939045],[121.277352,14.1939019],[121.2778683,14.1938304],[121.277981,14.1938239],[121.2780641,14.193833],[121.2781285,14.1938564],[121.2781942,14.1939071],[121.2782559,14.1939669],[121.2783337,14.1940046],[121.2784141,14.1940228],[121.2785885,14.1940449],[121.2786797,14.1940657],[121.2787923,14.1941047],[121.2788835,14.1941463],[121.2789828,14.1942022],[121.2790163,14.1942139],[121.2790485,14.1942126],[121.2790887,14.1941957],[121.279141,14.194184],[121.2792604,14.1941775],[121.2793811,14.1941996],[121.2794562,14.1942282],[121.2799323,14.1944817],[121.2801924,14.1946065],[121.2804392,14.1947132],[121.2805518,14.1947496],[121.2806511,14.1947652],[121.2808388,14.1947938],[121.2809274,14.1948276],[121.2810051,14.1948952],[121.2810854,14.1950027],[121.2811108,14.1950366],[121.2811178,14.195046],[121.2811553,14.1952267],[121.2811647,14.1952579],[121.2811942,14.1952839],[121.2812345,14.1952878],[121.2814879,14.1952709],[121.2815054,14.1952618],[121.2815134,14.1952371],[121.2815107,14.1951513],[121.2815134,14.1951292],[121.2815174,14.195111],[121.2815329,14.1950967],[121.2815577,14.195085],[121.281673,14.1950564],[121.2817642,14.1950343],[121.2818554,14.1950226],[121.2819453,14.1950135],[121.2820016,14.1949992],[121.2820579,14.1949823],[121.2821263,14.1949511],[121.2822121,14.1949199],[121.2823302,14.1948861],[121.2826051,14.1948081],[121.2828559,14.1947392],[121.2829283,14.1947236],[121.2829685,14.1947236],[121.2829953,14.194734],[121.2830181,14.1947431],[121.2830544,14.1947418],[121.2831509,14.194721],[121.2833561,14.1946794],[121.283399,14.194669],[121.2834178,14.1946508],[121.2834272,14.1946326],[121.2834272,14.1946026],[121.2834406,14.1945844],[121.2834728,14.1945766],[121.2836766,14.1945441],[121.2839086,14.1945155],[121.2841983,14.1944791],[121.2843163,14.1944531],[121.2843941,14.1944193],[121.2844866,14.1943569],[121.2845403,14.1943192],[121.2846087,14.1942958],[121.28472,14.1942685],[121.2850767,14.1942035],[121.2853758,14.1941554],[121.2855756,14.194119],[121.2857674,14.19408],[121.2858331,14.1940683],[121.2858988,14.1940605],[121.2860329,14.1940501],[121.2861148,14.1940371],[121.2862006,14.1940137],[121.2863135,14.1939678],[121.2863387,14.1939591],[121.2863709,14.19395],[121.2864058,14.1939539],[121.2864594,14.1939747],[121.2864889,14.1939851],[121.2865144,14.1939812],[121.2865412,14.1939682],[121.2866069,14.1939162],[121.2867437,14.1938408],[121.2868886,14.1937991],[121.2871581,14.1937666],[121.2877777,14.1937432],[121.2880915,14.1937536],[121.2883624,14.1938161],[121.2885582,14.1939019],[121.2888318,14.1940605],[121.2890893,14.1942841],[121.2891993,14.1944193],[121.2893414,14.1946768],[121.2895238,14.195111],[121.2897679,14.1956155],[121.2899289,14.1959587],[121.2900817,14.1962681],[121.2902051,14.1964788],[121.2903661,14.196653],[121.2905243,14.1967544],[121.2907577,14.1968246],[121.2909776,14.1968428],[121.291227,14.1968506],[121.2914148,14.1968428],[121.2915355,14.1968272],[121.2916455,14.1968688],[121.2917608,14.196952],[121.2917393,14.1970924],[121.2917501,14.1971834],[121.2917769,14.1972225],[121.2918332,14.1972407],[121.2919539,14.1972251],[121.2922409,14.1971678],[121.2925172,14.1971522],[121.2928686,14.1971652],[121.2931797,14.1972147],[121.2935606,14.1973135],[121.293802,14.1973941],[121.2940541,14.1975397],[121.294274,14.1977295],[121.2944242,14.1979739],[121.2945664,14.1982652],[121.2947139,14.1984732],[121.2948373,14.1985941],[121.2949888,14.1987332],[121.2951055,14.1988281],[121.2951605,14.1988892],[121.2951766,14.1989438],[121.2951766,14.1989854],[121.2951645,14.1990309],[121.2951404,14.1991207],[121.2951216,14.1992871],[121.2951323,14.1994197],[121.2951967,14.1995575],[121.2953603,14.1997863],[121.2955186,14.1999735],[121.2956527,14.200205],[121.2957841,14.2004026],[121.2959236,14.200582],[121.2960738,14.200725],[121.2962455,14.200829],[121.2964198,14.2008862],[121.2965593,14.2009096],[121.2967068,14.2009226],[121.2969106,14.200933],[121.2970152,14.200907],[121.2971118,14.2008576],[121.2972325,14.2007744],[121.2974122,14.2006756],[121.2975436,14.2006314],[121.2976617,14.2006184],[121.297785,14.2006314],[121.2979057,14.2006262],[121.2980211,14.2006002],[121.2983429,14.2004988],[121.2987131,14.200361],[121.2990779,14.2002622],[121.2994561,14.2001868],[121.2996465,14.2001738],[121.2998611,14.2001972],[121.3001722,14.2002882],[121.3009313,14.2005482],[121.3014623,14.2007432],[121.3016581,14.2008316],[121.3017976,14.2009356],[121.3019049,14.2010812],[121.3019827,14.2012217],[121.3020927,14.2014557],[121.3022911,14.2018665],[121.3023663,14.2019965],[121.3024521,14.2020641],[121.3025433,14.2020797],[121.3026613,14.2020641],[121.3028169,14.2020381],[121.3028973,14.2020381],[121.3029242,14.2020589],[121.3029322,14.2020927],[121.3029215,14.2021525],[121.3029188,14.2022306],[121.3029376,14.202319],[121.3030019,14.2024334],[121.3031334,14.2025348],[121.3032836,14.2025894],[121.3035062,14.2026648],[121.3039219,14.2028286],[121.304099,14.2029326],[121.304343,14.203138],[121.3045388,14.2033174],[121.3051665,14.2040247],[121.3055661,14.2044979],[121.3059792,14.2050882],[121.3063145,14.2056576],[121.3064727,14.2059358],[121.3065559,14.2061205],[121.306631,14.2063961],[121.3066792,14.2065729],[121.3067329,14.2067133],[121.3068187,14.2068485],[121.3069421,14.2070565],[121.3070494,14.2072957],[121.3076287,14.2087206],[121.3080311,14.2097451],[121.3082832,14.2103743],[121.3084817,14.211014],[121.3085246,14.2113364],[121.3084495,14.2117576],[121.3082993,14.2122672],[121.3082886,14.2125012],[121.3083261,14.2126572],[121.3084012,14.2128028],[121.3085031,14.2129276],[121.308766,14.2130706],[121.3089538,14.2132189],[121.3090771,14.2133333],[121.3092113,14.2134191],[121.3093802,14.2134971],[121.309509,14.2135829],[121.3095868,14.2136973],[121.3099569,14.2144279],[121.310209,14.2149453],[121.3103351,14.2153119],[121.3104504,14.2157071],[121.310598,14.2162402],[121.3108715,14.2171294],[121.3111049,14.2177846],[121.3113946,14.2186738],[121.3115689,14.2191496],[121.3116655,14.219381],[121.3117459,14.2196202],[121.311813,14.2198984],[121.3119149,14.2202728],[121.3119847,14.2205198],[121.3120544,14.220746],[121.3120919,14.2209878],[121.3121241,14.2214142],[121.3121617,14.2218484],[121.3121939,14.2221084],[121.3122287,14.222345],[121.3122851,14.2225842],[121.3124165,14.2229898],[121.3125131,14.2232004],[121.3126069,14.2233876],[121.312674,14.2235176],[121.3127115,14.2235488],[121.3127598,14.223554],[121.3128081,14.2235176],[121.3128591,14.2233616],[121.3129154,14.2230834],[121.3130468,14.2227922],[121.313307,14.222488],[121.3135833,14.222254],[121.3139051,14.2221552],[121.3143423,14.2220642],[121.314691,14.2221006],[121.3149995,14.2221474],[121.3152811,14.2222852],[121.3154983,14.2224672],[121.3156056,14.2224932],[121.3158658,14.2224282],[121.3162306,14.2224152],[121.3165578,14.22254],[121.3168743,14.222761],[121.3172981,14.2231484],[121.3177058,14.223554],[121.31785,14.2237462],[121.3178989,14.2238114],[121.3179982,14.2240662],[121.3180867,14.2244406],[121.3180974,14.224685],[121.3180894,14.2252362],[121.3181135,14.2254676],[121.3181752,14.225673],[121.3184488,14.226167],[121.3194144,14.228299],[121.3200206,14.2292505],[121.3205785,14.2300253],[121.3212061,14.2307741],[121.3222146,14.2318244],[121.3228047,14.2325576],[121.3234752,14.23327],[121.3238956,14.2336395],[121.3241082,14.2338263],[121.3247466,14.2342787],[121.3250175,14.2344503],[121.3251168,14.2344893],[121.3251972,14.2344815],[121.3252991,14.2344373],[121.3253742,14.2344217],[121.3254762,14.2344399],[121.3255808,14.2344997],[121.325621,14.2345907],[121.3256612,14.2347545],[121.3257632,14.2348897],[121.3259295,14.2349963],[121.3278043,14.2359842],[121.3279223,14.236031],[121.328035,14.2360362],[121.3281369,14.2359842],[121.3282764,14.2358178],[121.32833,14.2357398],[121.3283783,14.2357138],[121.3284802,14.235745],[121.3286787,14.235953],[121.3289308,14.2362182],[121.3291562,14.2364106],[121.329478,14.2365406],[121.3299715,14.2365822],[121.3305063,14.2365287],[121.3309586,14.2364834],[121.3312805,14.2364418],[121.3315487,14.2365042],[121.3318062,14.2366602],[121.3321763,14.2370241],[121.3325787,14.2373621],[121.332922,14.2375701],[121.3330615,14.2376169],[121.3331848,14.2376429],[121.3332814,14.2376689],[121.333378,14.2377417],[121.3335818,14.2379029],[121.3340324,14.2382149],[121.3348532,14.2386724],[121.3357866,14.2391144],[121.336484,14.2394264],[121.3372511,14.2397176],[121.3377446,14.2398631],[121.3386136,14.2401231],[121.3393834,14.2403441],[121.340003,14.2405989],[121.3405099,14.2408589],[121.3409552,14.2411422],[121.3413683,14.2414594],[121.3417304,14.2417844],[121.3420737,14.2420886],[121.3424733,14.2424603],[121.3428435,14.2428191],[121.3430098,14.2430505],[121.3431492,14.2434248],[121.3432404,14.243807],[121.3432646,14.244093],[121.3432378,14.2443711],[121.3431573,14.2445687],[121.3429548,14.2447975],[121.342763,14.2449405],[121.3425337,14.2450796],[121.342472,14.2451446],[121.3424344,14.2452447],[121.3424331,14.2453616],[121.3424639,14.2454526],[121.3425471,14.245528],[121.3427214,14.24558],[121.3430755,14.2456216],[121.3433155,14.2456424],[121.3435569,14.2456996],[121.3437662,14.2457958],[121.3439244,14.2459024],[121.3441738,14.2461247],[121.3443857,14.2463885],[121.3446178,14.2468526],[121.3447545,14.2471736],[121.3448954,14.2476351],[121.344941,14.2480017],[121.3449343,14.2485892],[121.3449222,14.248944],[121.3449356,14.2493041],[121.3449959,14.249737],[121.3450764,14.2502062],[121.3452145,14.250847],[121.3453674,14.2515411],[121.3455686,14.2524094],[121.3457081,14.2529319],[121.3458247,14.2532933],[121.3459481,14.2536156],[121.3460594,14.253873],[121.3462338,14.254172],[121.3465288,14.2546165],[121.3467219,14.2549675],[121.3468963,14.2554432],[121.3470572,14.2561295],[121.3471243,14.2565428],[121.3472021,14.2568418],[121.347304,14.2570653],[121.3475937,14.2574007],[121.3478592,14.2576424],[121.3482213,14.2579622],[121.3485754,14.2582793],[121.3486791,14.2583701],[121.3492969,14.258911],[121.3500908,14.2596363],[121.3502705,14.2598105],[121.3504931,14.2599327],[121.3508713,14.2600107],[121.3512334,14.2600263],[121.3515204,14.2600289],[121.3517068,14.2600263],[121.3517994,14.2600536],[121.3518919,14.2601042],[121.3520394,14.2602355],[121.3523036,14.2605046],[121.3528374,14.2610817],[121.353119,14.2613572],[121.3534275,14.2616406],[121.3544065,14.2623581],[121.3555571,14.2632107],[121.355871,14.2634265],[121.3561124,14.2636474],[121.3563001,14.2639048],[121.3565227,14.2642193],[121.3567427,14.2645547],[121.3568795,14.2646664],[121.3571209,14.2647522],[121.3573274,14.2647665],[121.3575594,14.2647327],[121.3577136,14.2646872],[121.357896,14.264643],[121.3580355,14.2646417],[121.3583735,14.2647249],[121.3591191,14.2649654],[121.3596891,14.2651707],[121.3600016,14.2653371],[121.3602778,14.2655282],[121.3605957,14.2657803],[121.3607405,14.2658739],[121.3608733,14.2659324],[121.3609781,14.2659607],[121.3611482,14.2660065],[121.3617423,14.266104],[121.3622117,14.2661936],[121.3627012,14.2663262],[121.3632028,14.2665459],[121.3633369,14.2666213],[121.3634402,14.2666953],[121.3635407,14.2667831],[121.3635837,14.2668195],[121.3636306,14.266837],[121.3636883,14.2668383],[121.3637942,14.2668227],[121.3640074,14.2667993],[121.3642046,14.2668032],[121.3644299,14.266837],[121.3645754,14.2668773],[121.36468,14.2669228],[121.3648292,14.2670181],[121.3648675,14.2670398],[121.3650542,14.2671847],[121.3651863,14.2673127],[121.3653848,14.2675415],[121.3654934,14.2676702],[121.3656235,14.2677988],[121.3656905,14.2678495],[121.3657911,14.2678924],[121.3659105,14.2679002],[121.3661438,14.2678833],[121.3662846,14.267882],[121.3663866,14.2679054],[121.3664456,14.2679405],[121.3666601,14.2681017],[121.3667795,14.2681731],[121.3668613,14.2682056],[121.3669284,14.2682082],[121.3670893,14.2681822],[121.3672105,14.2682167],[121.3673267,14.2682498],[121.3675238,14.2683369],[121.367666,14.268437],[121.3678135,14.268567],[121.3679731,14.2687151],[121.3681474,14.2688919],[121.3682011,14.2689439],[121.3682976,14.2689959],[121.3685095,14.269057],[121.3686731,14.269144],[121.3688166,14.2692987],[121.3689293,14.269508],[121.3689749,14.2695847],[121.3690728,14.2696769],[121.3693182,14.2698563],[121.3695502,14.2700383],[121.3697796,14.2702787],[121.3699163,14.2704984],[121.3699995,14.2707297],[121.3700064,14.2707663],[121.3700424,14.2709585],[121.3700377,14.2710696],[121.3700075,14.2711196],[121.3699733,14.2711469],[121.3699237,14.271158],[121.3698714,14.2711476],[121.3697313,14.2710546],[121.369687,14.2710338],[121.3696381,14.2710325],[121.3696045,14.2710423],[121.369573,14.2710754],[121.3695529,14.2711326],[121.3695442,14.2711716],[121.3695502,14.271221],[121.3695838,14.2713159],[121.3697045,14.2714913],[121.3698547,14.2716759],[121.369974,14.2717643],[121.3701363,14.271828],[121.3704166,14.2718449],[121.3706312,14.2718462],[121.3708015,14.2718644],[121.3709021,14.2719073],[121.3709557,14.2719839],[121.3709879,14.2721308],[121.3710415,14.2722998],[121.3711287,14.2723972],[121.3712668,14.2724765],[121.3715015,14.272522],[121.3717107,14.2725272],[121.37216,14.2724349],[121.3725355,14.2723635],[121.3728574,14.2722894],[121.3731645,14.2721802],[121.373418,14.2720541],[121.3736232,14.2719917],[121.3738605,14.2719748],[121.374464,14.2720463],[121.3750461,14.2721581],[121.375443,14.2722855],[121.3757515,14.2724492],[121.3759929,14.2726052],[121.3763496,14.2728677],[121.3766634,14.2731433],[121.3772294,14.2737957],[121.3773984,14.2740323],[121.3775727,14.2741856],[121.3777913,14.2743],[121.3781762,14.2744209],[121.378427,14.2745457],[121.378777,14.2748407],[121.3791552,14.2752488],[121.3797319,14.2759194],[121.3802522,14.2764653],[121.3806653,14.2768916],[121.3810462,14.2772087],[121.3815397,14.2776272],[121.3820198,14.2779469],[121.3822022,14.2781289],[121.3823698,14.2783161],[121.3825482,14.2784694],[121.3827628,14.2786072],[121.3830551,14.2786696],[121.3834709,14.2787683],[121.3837217,14.2789256],[121.3839242,14.279066],[121.3841763,14.2792388],[121.384356,14.2793636],[121.3844419,14.2794377],[121.3845116,14.2795196],[121.3845733,14.2796261],[121.3846792,14.2797847],[121.3847838,14.2798419],[121.3849139,14.2798744],[121.3850132,14.2798718],[121.3852572,14.2797847],[121.3857897,14.2795741],[121.3861477,14.2794728],[121.3865152,14.279426],[121.3868666,14.2794208],[121.3870838,14.279478],[121.3873145,14.2795689],[121.3874835,14.2796599],[121.3876578,14.2796807],[121.3877946,14.2796131],[121.3879368,14.2795014],[121.3880306,14.2794832],[121.3882104,14.2795248],[121.3883203,14.2796001],[121.3884813,14.2797561],[121.3885832,14.2799796],[121.3886301,14.2802019],[121.3887146,14.2802669],[121.388838,14.2802955],[121.3890003,14.2802955],[121.3891076,14.2802565],[121.3892578,14.2800758],[121.3893637,14.2799562],[121.3895005,14.2798965],[121.3896427,14.2798679],[121.3898519,14.2798991],[121.3900664,14.2800368],[121.3903749,14.2804137],[121.3909006,14.2810194],[121.3913888,14.2817732],[121.3916945,14.2822228],[121.3919869,14.282592],[121.3924295,14.2830468],[121.3928157,14.2834081],[121.3933119,14.283746],[121.3941434,14.2840995],[121.3951335,14.2844263],[121.3956347,14.2847104],[121.3962221,14.2851341],[121.39689,14.2857215],[121.3972655,14.2860126],[121.3977349,14.2863947],[121.3980581,14.2867209],[121.39816,14.2868522],[121.3983035,14.2871485],[121.3984135,14.2873564],[121.3985798,14.2875878],[121.3990089,14.2881089],[121.3990974,14.2882428],[121.3991538,14.2884039],[121.399194,14.2886846],[121.3991967,14.2889108],[121.3992235,14.2890953],[121.3992986,14.2893162],[121.3993442,14.2894254],[121.3994086,14.2895112],[121.3995159,14.2896048],[121.3996446,14.2896515],[121.3997975,14.2897503],[121.3998699,14.2898517],[121.3999075,14.2899661],[121.3999289,14.2901896],[121.3999342,14.2903447],[121.3999397,14.2905041],[121.3999584,14.2912007],[121.3999477,14.2917803],[121.3998914,14.2923833],[121.3998324,14.292781],[121.3997814,14.2929343],[121.399709,14.2930721],[121.3995507,14.2932748],[121.3994327,14.2934646],[121.3994005,14.2935633],[121.3993871,14.2938051],[121.3994515,14.2943509],[121.3995346,14.2950839],[121.3996607,14.2957804],[121.3998243,14.2964302],[121.4000228,14.297067],[121.4002562,14.2976778],[121.4004976,14.2982522],[121.4005485,14.2983419],[121.4006142,14.2984069],[121.4007068,14.2984705],[121.4008167,14.2985433],[121.4009079,14.2986239],[121.4009455,14.298733],[121.4009696,14.2990761],[121.400983,14.2995622],[121.4009428,14.2997805],[121.4008838,14.299913],[121.400798,14.300056],[121.400755,14.3003081],[121.4007229,14.3006473],[121.4007001,14.3010618],[121.4007108,14.3011398],[121.4007376,14.3012126],[121.4008154,14.3013101],[121.4009334,14.3014231],[121.4010635,14.3015323],[121.4011574,14.3015856],[121.4012754,14.3015973],[121.401431,14.3016012],[121.4016737,14.3015869],[121.4017622,14.3016193],[121.4018279,14.3016947],[121.4018548,14.3017532],[121.4018977,14.3018234],[121.401954,14.3018598],[121.4020237,14.3018754],[121.4023496,14.3018754],[121.4027372,14.301839],[121.4033112,14.3016934],[121.4034775,14.3016323],[121.403574,14.3015817],[121.4036277,14.3015687],[121.4037082,14.3015635],[121.4038195,14.3015765],[121.4039308,14.30157],[121.4042084,14.3015024],[121.4046992,14.3014166],[121.4051056,14.3013127],[121.4054704,14.3012399],[121.4057399,14.3012568],[121.4061758,14.3013321],[121.4063206,14.3013737],[121.4063984,14.301388],[121.4064655,14.3013685],[121.4065352,14.301314],[121.4065754,14.3012373],[121.4066116,14.3011554],[121.4066277,14.3010865],[121.4070542,14.30098],[121.4074874,14.3009137],[121.4080426,14.3016336],[121.4081003,14.3016973],[121.408174,14.3017272],[121.4082478,14.3017337],[121.4083725,14.3016973],[121.4086139,14.3015401],[121.4090042,14.3013049],[121.409312,14.3011866],[121.4094092,14.3011665],[121.4095017,14.3011762],[121.409605,14.3012334],[121.409678,14.3012898],[121.4096948,14.3013081],[121.4097626,14.3014192],[121.409843,14.3016005],[121.4099148,14.3017324],[121.4099832,14.3018182],[121.4101294,14.3019598],[121.4102849,14.3021119],[121.4104056,14.3023263],[121.4105237,14.3026434],[121.4106913,14.3032594],[121.4107275,14.3033828],[121.4107811,14.3034816],[121.4108576,14.3035505],[121.4109582,14.3036089],[121.4111084,14.3036505],[121.4112385,14.3036739],[121.4113565,14.3036505],[121.4114745,14.3035907],[121.4115885,14.3034192],[121.4116636,14.3032659],[121.4116931,14.3030917],[121.411685,14.3028318],[121.4117467,14.3026057],[121.4119077,14.302403],[121.4122537,14.3021509],[121.4128786,14.3017246],[121.4133078,14.3014257],[121.413568,14.3013166],[121.4140883,14.3012308],[121.4142707,14.3012542],[121.4143968,14.3013114],[121.4144799,14.3013711],[121.4146087,14.3014595],[121.4147079,14.3014855],[121.4148179,14.3014491],[121.4148796,14.301362],[121.4149117,14.3012464],[121.4149372,14.3010969],[121.4149386,14.3009293],[121.4148661,14.3007084],[121.4147213,14.3003965],[121.4144839,14.2998572],[121.414386,14.299596],[121.4143029,14.2991645],[121.4142922,14.2985979],[121.4143136,14.2984705],[121.4143378,14.2983926],[121.4143927,14.2983289],[121.4145175,14.2982626],[121.4145711,14.2982145],[121.4145979,14.2981664],[121.4146087,14.2980859],[121.4146261,14.2977714],[121.4146046,14.2977233],[121.4145322,14.2976609],[121.414378,14.2976063],[121.4142224,14.2975608],[121.4140977,14.2974816],[121.4139864,14.2973893],[121.4138442,14.2971996],[121.4137597,14.2970397],[121.4137115,14.2968539],[121.413694,14.2967395],[121.4136592,14.2966265],[121.4136082,14.2965316],[121.4134553,14.296386],[121.4128196,14.2957882],[121.4125192,14.2955699],[121.4120954,14.2952372],[121.4118969,14.2949513],[121.4117682,14.2946342],[121.4117226,14.2943535],[121.4117414,14.2940676],[121.4118272,14.2936933],[121.4119801,14.2933086],[121.412141,14.2930487],[121.4123395,14.2928044],[121.4125112,14.2927004],[121.4126949,14.2926432],[121.4131334,14.2926822],[121.4134929,14.292729],[121.4138442,14.2927966],[121.4141151,14.2928343],[121.4142814,14.2928343],[121.4143632,14.292794],[121.4144075,14.292716],[121.4144544,14.2925744],[121.4145014,14.2924119],[121.4145483,14.2922975],[121.4146207,14.2921702],[121.4147991,14.2919492],[121.415011,14.2916633],[121.4150821,14.2915698],[121.4151444,14.2914957],[121.4151981,14.2914515],[121.4152551,14.2914268],[121.4153516,14.2914021],[121.41542,14.2913709],[121.4155032,14.2913118],[121.4156064,14.2912059],[121.4156654,14.2911409],[121.4157593,14.2910265],[121.4158103,14.2909512],[121.4158693,14.2908784],[121.4159283,14.2908732],[121.4159954,14.2908927],[121.4160383,14.2909408],[121.4160879,14.2910577],[121.4161643,14.291241],[121.4162529,14.2914281],[121.4163682,14.2916516],[121.4164393,14.291779],[121.4165117,14.2918726],[121.4165653,14.2919181],[121.416627,14.2919376],[121.4167115,14.2919531],[121.4168349,14.2919466],[121.4172211,14.2918531],[121.4176986,14.2917946],[121.4179829,14.2917192],[121.4181545,14.2916516],[121.4183316,14.2916243],[121.4184616,14.2916295],[121.4185394,14.2916724],[121.418636,14.2917439],[121.4187171,14.2917991],[121.4187735,14.2918206],[121.4188439,14.2918154],[121.4189646,14.2917699],[121.4191389,14.2916763],[121.4194822,14.2916179],[121.4197075,14.2915802],[121.4198591,14.291549],[121.4199691,14.2915295],[121.4201152,14.2915243],[121.4206141,14.2915542],[121.4211787,14.2915958],[121.421522,14.2916399],[121.4218225,14.291688],[121.4220176,14.2917543],[121.4220592,14.2917822],[121.422088,14.2918193],[121.4220893,14.2918635],[121.4220813,14.2918999],[121.4220276,14.2919492],[121.4219311,14.2920084],[121.4218674,14.2920701],[121.4218318,14.2921377],[121.4217903,14.2923196],[121.4217836,14.2925744],[121.421797,14.2927758],[121.4218546,14.2930084],[121.4219378,14.2932306],[121.4219727,14.2933229],[121.4220397,14.293423],[121.4221618,14.2934997],[121.4222918,14.2935361],[121.4224622,14.2935555],[121.4227653,14.293575],[121.4228068,14.2936192],[121.4228122,14.2936725],[121.4227961,14.2937362],[121.4227438,14.293848],[121.4227411,14.2938908],[121.4227512,14.293911],[121.4227746,14.2939194],[121.4228471,14.2939103],[121.4229034,14.2938804],[121.423071,14.2936855],[121.4231783,14.2935477],[121.4232105,14.2934256],[121.4232266,14.2932281],[121.4231837,14.2929499],[121.4232038,14.292742],[121.4233044,14.2924496],[121.4233714,14.2923131],[121.423535,14.2920922],[121.4236933,14.2919441],[121.4238931,14.2918453],[121.4241104,14.291753],[121.4242794,14.2917231],[121.4244832,14.2917491],[121.4247595,14.2918414],[121.4250652,14.2919285],[121.4253026,14.2919518],[121.4255762,14.2919116],[121.4257948,14.291857],[121.4260255,14.2917647],[121.4261663,14.2917426],[121.4262736,14.2917374],[121.4263554,14.2917634],[121.4264271,14.2918108],[121.4264975,14.2918817],[121.4266102,14.2920662],[121.4267738,14.2923222],[121.4268174,14.2923853],[121.4268409,14.2924054],[121.4268744,14.2924217],[121.4269287,14.2924249],[121.4271922,14.2923651],[121.4277609,14.2922339],[121.4281847,14.2921182],[121.4285763,14.2920311],[121.4288405,14.292009],[121.4290228,14.2920428],[121.4291395,14.2920844],[121.4292636,14.2921468],[121.4293675,14.2922313],[121.4294225,14.292291],[121.4294735,14.2923313],[121.4295271,14.2923469],[121.4295968,14.29233],[121.4296706,14.2922871],[121.4298195,14.2921884],[121.4301065,14.2920818],[121.4304498,14.2920142],[121.4307918,14.2919843],[121.4309648,14.2919895],[121.4311458,14.2919908],[121.4312477,14.291983],[121.4313537,14.291944],[121.4314194,14.2918817],[121.4315052,14.2917803],[121.4315817,14.2916477],[121.4316219,14.2915828],[121.4316514,14.2915516],[121.4316937,14.2915415],[121.4317215,14.2915464],[121.431751,14.2915652],[121.4317768,14.2916036],[121.4318405,14.2918024],[121.431874,14.2919051],[121.4319109,14.291985],[121.4319746,14.292076],[121.4320645,14.2921715],[121.4322321,14.2922586],[121.4324856,14.2923742],[121.432668,14.2924431],[121.4329134,14.2924964],[121.433191,14.2925133],[121.4334297,14.2925198],[121.4336255,14.2924769],[121.433879,14.2923573],[121.4341445,14.2921949],[121.4345764,14.2919518],[121.4348795,14.291818],[121.4354575,14.2916075],[121.4356385,14.2915191],[121.4357471,14.2914411],[121.4357981,14.2913657],[121.4358585,14.2912618],[121.4359074,14.2912085],[121.4359436,14.2911942],[121.4359812,14.2911987],[121.4360308,14.2912202],[121.4360784,14.2912683],[121.4361683,14.2913683],[121.436238,14.2914177],[121.4363506,14.2914476],[121.4365464,14.2914463],[121.4367355,14.2913943],[121.4370655,14.2912605],[121.4377253,14.2909304],[121.4379452,14.2908459],[121.438255,14.2907393],[121.4384468,14.2907055],[121.438538,14.2907185],[121.4386252,14.2907536],[121.4386667,14.2907985],[121.4386822,14.2908394],[121.4386842,14.2908888],[121.4386614,14.2909499],[121.4383516,14.2912436],[121.4379036,14.2916685],[121.4374289,14.2920272],[121.437394,14.2921026],[121.437388,14.2921585],[121.4374014,14.2922176],[121.437447,14.2922793],[121.437512,14.2923352],[121.4376435,14.2923742],[121.4378205,14.2923989],[121.4380485,14.2923768],[121.4382416,14.292356],[121.4383543,14.2923625],[121.4385299,14.292395],[121.4388075,14.2924808],[121.4391334,14.292638],[121.4396927,14.2930227],[121.4398697,14.2931345],[121.4400145,14.2931943],[121.4401446,14.2932306],[121.4402667,14.293219],[121.440441,14.2931449],[121.4407173,14.2929655],[121.4408474,14.2929161],[121.4409667,14.2928928],[121.4411223,14.292898],[121.4411545,14.2929194],[121.4411779,14.2929421],[121.4411847,14.2929941],[121.4411592,14.2930494],[121.4411203,14.2930844],[121.4409614,14.2931696],[121.4406314,14.293345],[121.4401594,14.2936543],[121.4397128,14.2939259],[121.4393198,14.294156],[121.4389685,14.2944029],[121.4389229,14.2944757],[121.4388934,14.2945874],[121.4389122,14.294694],[121.4390248,14.2948837],[121.4390838,14.2950124],[121.4391187,14.2951254],[121.43912,14.2952944],[121.4390892,14.2954204],[121.4390369,14.2955114],[121.4389202,14.2956297],[121.4387566,14.2957155],[121.4385474,14.29577],[121.4382872,14.2958142],[121.4379774,14.2957765],[121.4377373,14.2956843],[121.4370722,14.2953542],[121.4367422,14.295206],[121.4363909,14.2950995],[121.4359993,14.2950579],[121.4354655,14.2950527],[121.4351892,14.2950761],[121.4349519,14.295128],[121.4347896,14.2952138],[121.4346944,14.2953165],[121.4345978,14.2954165],[121.4344959,14.2955829],[121.4344047,14.2958025],[121.4343537,14.2960222],[121.4343457,14.2962132],[121.4343739,14.2964042],[121.4344087,14.2965667],[121.4344302,14.2967226],[121.4344302,14.2968461],[121.4344087,14.2969591],[121.4343604,14.2970397],[121.4342907,14.297093],[121.4338616,14.2971944],[121.433765,14.2972489],[121.4337033,14.2973243],[121.4336389,14.2974985],[121.4335665,14.2978467],[121.4335424,14.2983068],[121.4335531,14.298746],[121.4336041,14.2990995],[121.433714,14.2994894],[121.4338428,14.2997519],[121.434119,14.3002535],[121.434288,14.3004978],[121.4344436,14.3006434],[121.4347279,14.3007578],[121.4350525,14.3008591],[121.4354521,14.3009865],[121.4358383,14.3010463],[121.4361522,14.3010411],[121.4362702,14.3010411],[121.4363654,14.3010618],[121.4364244,14.3010982],[121.4364579,14.3011697],[121.4364848,14.3013516],[121.4365143,14.3014491],[121.4365733,14.301531],[121.4368227,14.3016414],[121.4370158,14.3016752],[121.4373136,14.3016778],[121.4376757,14.3016103],[121.4381531,14.3014569],[121.4384186,14.3014075],[121.4387137,14.3013997],[121.4390087,14.3014777],[121.4392447,14.3016388],[121.4394566,14.3018936],[121.4395505,14.3021665],[121.4395666,14.3024342],[121.4395666,14.3026551],[121.4395317,14.302798],[121.4394405,14.3029228],[121.4393386,14.3029826],[121.4392287,14.3029878],[121.4390784,14.3029527],[121.4389014,14.302863],[121.4387324,14.302824],[121.4385313,14.3028396],[121.4382711,14.302941],[121.4380807,14.3030397],[121.4378768,14.3031801],[121.4377749,14.3032659],[121.4376971,14.3034322],[121.4376596,14.3036011],[121.4376515,14.3037675],[121.4377078,14.3040222],[121.437846,14.304451],[121.4379036,14.3045797],[121.4380096,14.3047291],[121.4381504,14.3048331],[121.4382926,14.3048773],[121.4384522,14.3048708],[121.4385648,14.3048305],[121.4387137,14.3047148],[121.4388545,14.3045722],[121.4390085,14.3043403],[121.4391061,14.3041827],[121.4391777,14.3040819],[121.4393273,14.3039558],[121.4394444,14.3038424],[121.4396525,14.3037478],[121.439824,14.3037205],[121.4399908,14.3038172],[121.4400708,14.3038548],[121.4401599,14.303855],[121.4402761,14.3038477],[121.4405038,14.3038405],[121.4406226,14.3038389],[121.4407624,14.30382],[121.4408814,14.3037728],[121.4410212,14.3037172],[121.4411513,14.3036769],[121.4413093,14.3035944],[121.4414068,14.3035586],[121.4415297,14.3035317],[121.4416814,14.3035304],[121.441766,14.3035172],[121.4418959,14.3034802],[121.4420465,14.3034935],[121.4421496,14.3035422],[121.4422203,14.3035903],[121.4422911,14.3036668],[121.4422878,14.3037596],[121.4422073,14.3038163],[121.4420705,14.3038579],[121.4419658,14.3038796],[121.44189,14.3039045],[121.4418256,14.3039516],[121.4417605,14.3040295],[121.4417113,14.3040995],[121.4416419,14.3041269],[121.4415562,14.3041534],[121.4414781,14.3041589],[121.4413975,14.3041297],[121.4412852,14.3040972],[121.4412232,14.3040698],[121.4411158,14.3040554],[121.4410366,14.3040504],[121.4409552,14.3040583],[121.4409009,14.304096],[121.4408863,14.3041338],[121.4409076,14.3041773],[121.4409412,14.3042162],[121.4409297,14.3042715],[121.4408692,14.3042979],[121.44081,14.3043052],[121.440753,14.3043145],[121.4406568,14.3043348],[121.4405535,14.3043882],[121.440498,14.3044239],[121.4404195,14.3044692],[121.4403423,14.3044895],[121.4402421,14.3045194],[121.4401711,14.3045281],[121.4401109,14.3045187],[121.4400452,14.3044952],[121.4400031,14.3044566],[121.4399995,14.3044155],[121.440021,14.3043762],[121.4399956,14.3043462],[121.4399421,14.3043051],[121.4398265,14.304269],[121.4397259,14.3042637],[121.4396087,14.3042866],[121.439521,14.3043227],[121.4394476,14.3043641],[121.4394011,14.3044434],[121.4393872,14.3045081],[121.4393475,14.3045879],[121.439328,14.3046518],[121.4393306,14.3047343],[121.4393359,14.3048305],[121.4393038,14.3049501],[121.4392206,14.3050618],[121.4389846,14.305232],[121.4387566,14.3053893],[121.4385286,14.3056076],[121.4384669,14.3057454],[121.4384535,14.3059104],[121.438475,14.3061365],[121.4385165,14.3062951],[121.4385796,14.3064809],[121.438648,14.3066355],[121.438825,14.3069344],[121.4389215,14.3070592],[121.4390449,14.3071748],[121.4391991,14.307297],[121.4394781,14.3074867],[121.4397101,14.307653],[121.4399368,14.307809],[121.4403056,14.308],[121.4404584,14.3080572],[121.4406435,14.3080806],[121.440893,14.3080754],[121.4415622,14.3079519],[121.4418505,14.307909],[121.4422113,14.3078753],[121.4428684,14.3078376],[121.4437589,14.3078142],[121.4444134,14.3078662],[121.4448586,14.3079103],[121.4449364,14.3079584],[121.4449833,14.3080117],[121.4449967,14.3080806],[121.4449927,14.3081585],[121.4449619,14.3082157],[121.4448895,14.3082846],[121.4447674,14.308373],[121.4443034,14.3085835],[121.4441049,14.3086576],[121.4439359,14.3086926],[121.4436731,14.3087069],[121.4434853,14.3087031],[121.4433485,14.3087004],[121.4430602,14.3087186],[121.4427128,14.3087745],[121.4423092,14.3088759],[121.4419766,14.3089993],[121.4417177,14.3090799],[121.441526,14.3091332],[121.4413087,14.3091423],[121.441078,14.3091176],[121.4407253,14.3090747],[121.4402305,14.3090071],[121.4396524,14.3089707],[121.4393896,14.3089707],[121.439289,14.3090019],[121.439226,14.3090539],[121.4390624,14.3092202],[121.4389725,14.3093515],[121.4388961,14.3094697],[121.4388666,14.3095971],[121.4388625,14.3097128],[121.4388853,14.3098219],[121.4389215,14.3098973],[121.4390181,14.310048],[121.4391187,14.3101832],[121.4391938,14.310304],[121.4392233,14.3104132],[121.439234,14.3105106],[121.4392139,14.3106081],[121.4390892,14.3108966],[121.4389256,14.3111903],[121.4386989,14.3115593],[121.4386158,14.311701],[121.4385501,14.3118543],[121.4384347,14.3121402],[121.4383408,14.3124508],[121.4382604,14.3128055],[121.4382094,14.3131473],[121.4381638,14.3139192],[121.4381584,14.3144286],[121.4381745,14.3147755],[121.4382389,14.3152057],[121.4384106,14.3159411],[121.438652,14.3167026],[121.4388545,14.3172783],[121.4390302,14.3176525],[121.4391898,14.3178877],[121.4392783,14.3179605],[121.4393896,14.3180229],[121.4397342,14.3181905],[121.4403337,14.3184907],[121.4409748,14.3189013],[121.4415005,14.3192508],[121.4416842,14.3193288],[121.4418223,14.3193457],[121.4419176,14.3193366],[121.4420074,14.3193054],[121.4420946,14.3192378],[121.4421912,14.3190962],[121.4422703,14.3190091],[121.4423507,14.3189741],[121.442458,14.3189793],[121.4425774,14.3190351],[121.4426351,14.3191079],[121.4426659,14.3192093],[121.4426672,14.3194237],[121.4426579,14.3196641],[121.4426404,14.3198356],[121.4426002,14.319998],[121.4425197,14.3201514],[121.4423762,14.3203112],[121.4421241,14.3205841],[121.441766,14.3208738],[121.4415112,14.3211025],[121.4413007,14.3213325],[121.4411733,14.3215339],[121.4405724,14.3224617],[121.4399287,14.3234467],[121.4395773,14.3240106],[121.4392756,14.3244823],[121.4390396,14.3247981],[121.4383489,14.3255335],[121.4382444,14.3256383],[121.4378044,14.3260793],[121.4368173,14.3270032],[121.4360891,14.3276165],[121.4355996,14.328005],[121.4352496,14.3282324],[121.4349183,14.3284338],[121.4345857,14.3286092],[121.4341848,14.3287625],[121.4339045,14.3288847],[121.4335692,14.3291004],[121.4332406,14.3293109],[121.4329603,14.329446],[121.4326599,14.3295292],[121.4324346,14.3296253],[121.4323005,14.3297085],[121.43222,14.3298436],[121.4320806,14.3301321],[121.4319414,14.3303819],[121.4318351,14.3305726],[121.4314945,14.3309806],[121.4310291,14.3315198],[121.4304243,14.3321565],[121.4300206,14.3325164],[121.4295901,14.3328504],[121.4293179,14.3330167],[121.4289035,14.3332168],[121.4284582,14.3333792],[121.4280801,14.3335416],[121.4278668,14.333604],[121.4277112,14.3336209],[121.4275543,14.3336079],[121.4273921,14.3335754],[121.4270742,14.3334637],[121.426857,14.3333792],[121.4265539,14.3333142],[121.4261341,14.3332441],[121.4256714,14.3331713],[121.4253952,14.3330959],[121.425312,14.3330609],[121.4252517,14.333031],[121.4251833,14.3329764],[121.4251095,14.3329257],[121.4250156,14.332901],[121.4248976,14.3328958],[121.4247943,14.3329101],[121.4246804,14.3329322],[121.424561,14.3329907],[121.4244805,14.3330167],[121.4243478,14.3330388],[121.4240929,14.3330323],[121.4237429,14.3330466],[121.4234774,14.3330596],[121.4233929,14.3330427],[121.4233272,14.3329959],[121.4232856,14.332927],[121.4232588,14.3328075],[121.4232387,14.3327243],[121.4232011,14.3326789],[121.4231247,14.3326633],[121.4230563,14.3326763],[121.4230067,14.3327126],[121.4229785,14.3327659],[121.4229704,14.3328361],[121.4229678,14.3329738],[121.4229396,14.333131],[121.4228645,14.3332675],[121.422666,14.3335663],[121.4223254,14.3340003],[121.4221054,14.3342576],[121.4218707,14.334485],[121.4216575,14.3346136],[121.4214335,14.3346903],[121.4212109,14.3347201],[121.4210272,14.3347058],[121.4208475,14.3346669],[121.4206544,14.3345993],[121.4205591,14.3345993],[121.4204827,14.3346227],[121.4203405,14.3346851],[121.4202279,14.3347227],[121.4201152,14.3347513],[121.4199007,14.3347539],[121.41967,14.3347396],[121.4194541,14.3347201],[121.4192931,14.3347305],[121.4191174,14.3347838],[121.4189914,14.334828],[121.4188144,14.3349163],[121.4186306,14.335084],[121.4184938,14.3352711],[121.418349,14.3355062],[121.418243,14.3357362],[121.41818,14.3359207],[121.4185756,14.3367679],[121.4190048,14.3375579],[121.4191094,14.3376554],[121.4192449,14.3377255],[121.4194071,14.3377684],[121.4195077,14.3377476],[121.4195707,14.3377112],[121.4196137,14.3376554],[121.4196566,14.3374657],[121.4196981,14.3373578],[121.4198215,14.3371694],[121.4199731,14.3369966],[121.4201783,14.3368121],[121.4203928,14.3366809],[121.4205725,14.3365821],[121.420712,14.3365535],[121.4210822,14.3365665],[121.4213879,14.336612],[121.4216669,14.3366601],[121.4218815,14.3367172],[121.4220773,14.3367861],[121.4222878,14.3368563],[121.4225373,14.3368797],[121.4228484,14.3368719],[121.4231971,14.3368199],[121.4238059,14.3367211],[121.423983,14.3366562],[121.4240782,14.3366016],[121.4241908,14.3365015],[121.4243129,14.3364145],[121.4245167,14.3363105],[121.4250371,14.3361],[121.4253482,14.3360247],[121.4255843,14.3360143],[121.4258391,14.3361078],[121.4272848,14.3367757],[121.4282933,14.3372487],[121.4284998,14.337389],[121.4286514,14.3375072],[121.4287989,14.3376683],[121.4288928,14.3378113],[121.4289665,14.3379789],[121.4291167,14.3386182],[121.4292119,14.3390976],[121.4293233,14.3395966],[121.4294346,14.3401618],[121.4295137,14.3406685],[121.4295392,14.3410479],[121.4295512,14.3422692],[121.4295915,14.3423888],[121.42968,14.3425291],[121.4297323,14.3425824],[121.4298141,14.3426279],[121.4301816,14.3426668],[121.4303532,14.3427058],[121.4304203,14.3427344],[121.430429,14.3427484],[121.4304337,14.3427623],[121.4304293,14.3427815],[121.4303894,14.3428643],[121.4303197,14.3429865],[121.4302178,14.3431723],[121.4301373,14.3432762],[121.430085,14.3433243],[121.4300133,14.3433555],[121.4299509,14.3433594],[121.42992,14.3433801],[121.4299026,14.3434068],[121.4298892,14.3434438],[121.4298905,14.3435036],[121.4299066,14.343562],[121.4299341,14.3435854],[121.4299683,14.343588],[121.4300501,14.3435607],[121.4301708,14.3434958],[121.4305839,14.3432463],[121.4312947,14.3427708],[121.4317077,14.3424797],[121.4321959,14.3421939],[121.4326519,14.3419353],[121.4329429,14.3417391],[121.4332205,14.3415156],[121.4335477,14.3412051],[121.4337073,14.341031],[121.4338616,14.3408413],[121.4340976,14.3405516],[121.4345911,14.3400266],[121.434752,14.3398382],[121.4348875,14.339642],[121.4349908,14.3394341],[121.4351048,14.3391951],[121.4351611,14.3391041],[121.4352684,14.3389495],[121.4354266,14.3387507],[121.4356653,14.3385103],[121.435947,14.3382621],[121.4362943,14.3379854],[121.4367704,14.3376813],[121.4370896,14.3374968],[121.4374343,14.3373994],[121.4373833,14.337588],[121.4373152,14.3377406],[121.4373086,14.3378938],[121.4373592,14.3380579],[121.4374565,14.3381715],[121.437599,14.3383145],[121.4377437,14.338398],[121.4378833,14.3384653],[121.4380755,14.3384978],[121.4382848,14.3383962],[121.4383561,14.3382736],[121.4384815,14.3382052],[121.4386665,14.338225],[121.4388185,14.3383453],[121.4389054,14.3384296],[121.4389442,14.3385257],[121.4389085,14.3386628],[121.4388742,14.3387867],[121.438765,14.3388604],[121.4386374,14.3388994],[121.4384079,14.338937],[121.4381788,14.3390058],[121.4381023,14.3390877],[121.4380793,14.3392271],[121.4381205,14.3394359],[121.4381542,14.3396473],[121.4381471,14.3398314],[121.438135,14.3399123],[121.4381146,14.3400108],[121.4380913,14.3401542],[121.4381168,14.3403125],[121.4381967,14.3405326],[121.4382439,14.3406251],[121.4383096,14.3407414],[121.4384042,14.3408567],[121.438504,14.3409324],[121.4386518,14.3409921],[121.4387599,14.3410569],[121.4388708,14.3411435],[121.4388346,14.3412526],[121.438741,14.3413061],[121.4386634,14.3413853],[121.4386545,14.3414843],[121.4387071,14.3415839],[121.4388204,14.3416824],[121.4390034,14.3418317],[121.439087,14.3419548],[121.4391692,14.3420981],[121.4392467,14.3422124],[121.4393003,14.3423077],[121.4393779,14.3424531],[121.4394448,14.3426165],[121.4394642,14.3429121],[121.4395042,14.343228],[121.4395485,14.3434188],[121.43961,14.3436008],[121.4396763,14.3437372],[121.4397143,14.3438866],[121.4397303,14.3440072],[121.4397891,14.3441622],[121.4398417,14.3442834],[121.4398855,14.3444239],[121.4399026,14.3446112],[121.4399322,14.3448061],[121.4399615,14.3449134],[121.4399623,14.3450352],[121.4399002,14.3452053],[121.4399104,14.3453278],[121.439972,14.3454797],[121.4400121,14.3455896],[121.4400967,14.3456376],[121.440204,14.3455856],[121.4402438,14.3455109],[121.4403083,14.3453644],[121.4405081,14.3451353],[121.4415853,14.3441792],[121.4417611,14.3440948],[121.441906,14.3440414],[121.4420376,14.3440317],[121.4421632,14.3440131],[121.4422457,14.343963],[121.4422535,14.343878],[121.4422313,14.3437556],[121.4422302,14.3436068],[121.4422787,14.3434302],[121.4423219,14.3433044],[121.4423819,14.3431672],[121.4424756,14.3430716],[121.4424784,14.3429695],[121.4424154,14.3429106],[121.442207,14.3428861],[121.442011,14.3428324],[121.4419165,14.3427452],[121.4418508,14.3426289],[121.4417735,14.3425376],[121.4416674,14.3424314],[121.4416096,14.3423311],[121.4415873,14.3422287],[121.4417008,14.3417175],[121.441748,14.3415523],[121.4418361,14.3413029],[121.4419827,14.3410275],[121.4420878,14.340612],[121.4427233,14.3397018],[121.443121,14.3391763],[121.4432578,14.3389817],[121.4433466,14.3388663],[121.4434223,14.3387897],[121.4435564,14.3386338],[121.4437871,14.3383427],[121.4440875,14.3380309],[121.4445086,14.3376411],[121.4452207,14.3370642],[121.4456767,14.3366692],[121.4458081,14.3365938],[121.4459945,14.3365509],[121.4462212,14.3365145],[121.4464612,14.3365379],[121.4468957,14.3366146],[121.4472055,14.3366536],[121.447408,14.3366302],[121.4475623,14.3365847],[121.4477018,14.336521],[121.4479291,14.3363846],[121.448329,14.3360857],[121.44867,14.3358402],[121.4488162,14.335718],[121.449177,14.3354608],[121.4498019,14.3351385],[121.4500514,14.3350346],[121.4503115,14.3349787],[121.4505087,14.3349826],[121.4507648,14.3350242],[121.4510062,14.3351255],[121.4511926,14.3352672],[121.4512718,14.3353945],[121.4513616,14.3355699],[121.4514448,14.335696],[121.4515078,14.3357596],[121.4516057,14.335783],[121.4516714,14.3357713],[121.4517492,14.3357141],[121.4518297,14.3356323],[121.4518726,14.3355491],[121.4518766,14.3354686],[121.4518511,14.3353334],[121.4517465,14.3350008],[121.4517345,14.3349228],[121.4517452,14.3348475],[121.451776,14.3347539],[121.4520174,14.3343303],[121.4522226,14.334025],[121.4523661,14.3338236],[121.4524949,14.3336781],[121.452688,14.3335065],[121.4534551,14.3328907],[121.4535356,14.3328309],[121.4536402,14.3327932],[121.4537716,14.3327763],[121.4540452,14.3327945],[121.4542061,14.3327555],[121.4543134,14.3326763],[121.4543925,14.332584],[121.4544609,14.3324411],[121.454469,14.3323059],[121.4544287,14.3321942],[121.4543027,14.3320721],[121.4541203,14.3319447],[121.4539084,14.3318382],[121.4536348,14.3317134],[121.4532351,14.3316069],[121.4526987,14.3314718],[121.4522213,14.331295],[121.4518297,14.3311287],[121.4513791,14.3308792],[121.4511497,14.3307077],[121.4509714,14.3305154],[121.4508963,14.3304063],[121.4507729,14.3302347],[121.45073,14.3301152],[121.4507246,14.3299489],[121.4507514,14.3298553],[121.4508051,14.329767],[121.450907,14.3296786],[121.4510009,14.3296526],[121.4511564,14.3296292],[121.4513951,14.3296162],[121.4516312,14.3295903],[121.4518618,14.3295591],[121.4519732,14.3294928],[121.4520657,14.3293512],[121.4521515,14.3291121],[121.4522266,14.3284988],[121.4523125,14.3280206],[121.4524358,14.3276464],[121.452586,14.3273033],[121.4528596,14.3268979],[121.453203,14.3264249],[121.4535677,14.3260195],[121.4539432,14.3256505],[121.4544904,14.3252763],[121.4549839,14.325058],[121.4553809,14.3249696],[121.4558691,14.324954],[121.4567649,14.3251099],[121.457178,14.3252035],[121.4574891,14.3252399],[121.4577734,14.3251931],[121.4580631,14.3250632],[121.458739,14.3246422],[121.4597261,14.3239145],[121.4604717,14.3233012],[121.4607507,14.3229269],[121.4609009,14.3225475],[121.4609384,14.3220849],[121.4608473,14.3216795],[121.4606863,14.3212221],[121.4604449,14.3206503],[121.4602733,14.3202865],[121.4600801,14.3199746],[121.4598495,14.3196368],[121.4594632,14.3191586],[121.4591145,14.3187272],[121.458782,14.3182698],[121.4577305,14.3167312],[121.4573872,14.3162166],[121.4571512,14.3159308],[121.4569849,14.3157748],[121.4566952,14.3155825],[121.4565504,14.3154474],[121.4564806,14.3153018],[121.4564913,14.3151095],[121.4565343,14.3149328],[121.4566898,14.3145169],[121.4570814,14.3137425],[121.4572477,14.3134774],[121.4574408,14.313259],[121.4576125,14.3131135],[121.4577869,14.3130251],[121.4579317,14.3129706],[121.4580524,14.3129498],[121.4581221,14.312942],[121.4581731,14.3129212],[121.4582133,14.3128822],[121.4582723,14.3128094],[121.4584064,14.3126041],[121.4584869,14.3124794],[121.4586425,14.3123546],[121.4588249,14.3123286],[121.4590555,14.312365],[121.4592647,14.3125054],[121.4594471,14.3126717],[121.4595973,14.3128276],[121.45971,14.3129576],[121.4598119,14.3130147],[121.4599621,14.3130355],[121.4602572,14.3130044],[121.4609706,14.3129316],[121.4614588,14.3129888],[121.4619738,14.3131551],[121.4626282,14.3135033],[121.4629984,14.3137788],[121.4634275,14.3142414],[121.464082,14.3150991],[121.4645326,14.3156605],[121.4649725,14.3161075],[121.4651549,14.3163466],[121.4653426,14.3166403],[121.4656377,14.3172848],[121.4658952,14.3178228],[121.4659783,14.3179553],[121.4660454,14.3179995],[121.4661312,14.3180073],[121.4662653,14.3179631],[121.4666918,14.3177864],[121.4686069,14.3169105],[121.4692399,14.3166688],[121.4698648,14.3164375],[121.4701089,14.316357],[121.4702323,14.3163388],[121.4703342,14.3163622],[121.4705488,14.3165051],[121.4709324,14.316856],[121.4711308,14.3170093],[121.4714232,14.3171704],[121.4716324,14.3172198],[121.4717719,14.3172198],[121.4719355,14.3172068],[121.4720777,14.3172094],[121.472185,14.317225],[121.4723432,14.3172588],[121.4724478,14.3172718],[121.4725685,14.3172614],[121.4726704,14.3172042],[121.4729762,14.3169807],[121.4732739,14.3168144],[121.4734322,14.3167494],[121.4734952,14.3167312],[121.4735234,14.3167325],[121.4735556,14.3167481],[121.4735864,14.3167884],[121.4736789,14.3169196],[121.4736975,14.3169432],[121.4738065,14.3170809],[121.4738855,14.3171808],[121.4739364,14.3172484],[121.4739606,14.3172848],[121.4739633,14.3173186],[121.4739472,14.3173498],[121.4738399,14.3174459],[121.4733195,14.3179579],[121.4728877,14.3184257],[121.4727911,14.3185426],[121.4726678,14.318709],[121.472472,14.3189793],[121.4723231,14.3191807],[121.4721809,14.3194276],[121.4721206,14.31959],[121.4720884,14.3197589],[121.472083,14.3198993],[121.4721018,14.3200266],[121.4721487,14.3201319],[121.4721836,14.3202007],[121.4722413,14.3202774],[121.4722735,14.320358],[121.4723083,14.320484],[121.4723137,14.3206698],[121.4722909,14.320892],[121.4722225,14.3212221],[121.4720026,14.3222174],[121.4719704,14.3224487],[121.4719677,14.3226047],[121.4719838,14.322862],[121.4720133,14.3231192],[121.4720213,14.3233661],[121.4719811,14.3236546],[121.4718658,14.3241302],[121.4716002,14.3248735],[121.4714313,14.325427],[121.4711684,14.32623],[121.4710772,14.3265757],[121.471045,14.3267992],[121.4710477,14.3269525],[121.4710718,14.3270902],[121.4711389,14.3271578],[121.4712435,14.3271682],[121.4714205,14.327137],[121.4716485,14.327085],[121.4721045,14.3270123],[121.4723633,14.3269772],[121.4725658,14.3269473],[121.4727724,14.3269356],[121.4728662,14.3269408],[121.4729467,14.3269694],[121.4731881,14.3270993],[121.473451,14.3273124],[121.4736843,14.3276178],[121.474328,14.3288314],[121.474784,14.3298085],[121.475122,14.3305986],[121.475417,14.3310352],[121.4757979,14.3314665],[121.4763236,14.3320123],[121.4765489,14.3322877],[121.4766776,14.3325424],[121.4768278,14.3329998],[121.4769298,14.3334884],[121.4770022,14.3342108],[121.4770156,14.3344837],[121.4770263,14.3347773],[121.4770263,14.3350736],[121.4770102,14.3353854],[121.4769512,14.3356297],[121.4768225,14.3359935],[121.4765918,14.336534],[121.4762163,14.3374436],[121.4759186,14.3382154],[121.4757845,14.3386467],[121.4757623,14.3387601],[121.475755,14.3387975],[121.4757684,14.3388572],[121.4758167,14.33893],[121.4760178,14.3391119],[121.4762861,14.3392756],[121.4764309,14.339403],[121.4765596,14.3396368],[121.4768386,14.3402241],[121.4770371,14.3407023],[121.4772248,14.3411544],[121.4773858,14.3414299],[121.4776379,14.3418561],[121.4780168,14.3425199],[121.478169,14.3427864],[121.4786142,14.3436959],[121.4789736,14.3444807],[121.4791292,14.3449484],[121.479215,14.3455357],[121.4792687,14.3461178],[121.4792955,14.3464296],[121.4793438,14.346757],[121.479435,14.3470221],[121.4795744,14.3472767],[121.4797729,14.3476353],[121.4798641,14.3478328],[121.4799478,14.3480246],[121.4802289,14.3492152],[121.4803255,14.3496934],[121.4803415,14.3501299],[121.4803228,14.3504781],[121.4802825,14.3509432],[121.4802316,14.3513096],[121.4801592,14.3518008],[121.4800411,14.3523724],[121.4799768,14.352692],[121.4799339,14.3529519],[121.4799446,14.3531234],[121.4800197,14.3533261],[121.4802021,14.3536327],[121.4803523,14.3538873],[121.4803925,14.3540303],[121.4803845,14.354194],[121.4803469,14.3544876],[121.4802316,14.3551996],[121.4801994,14.3553893],[121.4801753,14.3555036],[121.4801234,14.3556612],[121.4800197,14.3559401],[121.479697,14.3567986],[121.4793487,14.3578027],[121.4791506,14.3584658],[121.4790326,14.35884],[121.4788717,14.3591752],[121.478692,14.3594714],[121.4782682,14.360082],[121.4780483,14.360425],[121.4778203,14.3608252],[121.477485,14.3614566],[121.4772758,14.3618204],[121.4770129,14.3621685],[121.4767742,14.3623712],[121.4765409,14.3624985],[121.4762914,14.3625687],[121.475991,14.3626051],[121.4752011,14.3625947],[121.4750388,14.362596],[121.4749007,14.3625726],[121.4748095,14.3625141],[121.474776,14.3624725],[121.4746888,14.3623076],[121.4746392,14.3622465],[121.4745936,14.3622153],[121.4745346,14.3621932],[121.4741993,14.3621588],[121.4741604,14.3621711],[121.4741389,14.3621945],[121.4741255,14.362227],[121.4741255,14.3622556],[121.4741423,14.362279],[121.4745051,14.3625323],[121.4745292,14.3625739],[121.4745305,14.362622],[121.4744796,14.3627233],[121.474439,14.3627451],[121.474371,14.3627532],[121.4742744,14.3627142],[121.4741242,14.3626285],[121.4739954,14.3625531],[121.4736307,14.3623037],[121.4734898,14.3622049],[121.4734,14.3621581],[121.4733638,14.362149],[121.4733329,14.3621542],[121.4733115,14.3621737],[121.4732967,14.3622309],[121.4733075,14.3623309],[121.4733772,14.3625427],[121.4734456,14.3626856],[121.473569,14.3629013],[121.4736655,14.3630572],[121.4738452,14.3632235],[121.4741188,14.3633976],[121.4744112,14.3635067],[121.4748162,14.3636132],[121.4750496,14.3636808],[121.4752749,14.3638055],[121.4754975,14.3639848],[121.475696,14.3642161],[121.4759856,14.3646552],[121.4761412,14.3651021],[121.4762002,14.365627],[121.4761719,14.3660764],[121.4761358,14.3666507],[121.4760205,14.367703],[121.475881,14.3689502],[121.4758409,14.3691888],[121.4758167,14.3693607],[121.475527,14.3705871],[121.4753533,14.371069],[121.4750844,14.3717382],[121.4747277,14.3724579],[121.4745024,14.3728346],[121.4740598,14.3734167],[121.4730969,14.3746456],[121.4725712,14.3753056],[121.4721823,14.3757966],[121.4719114,14.3761786],[121.4716539,14.3765839],[121.4713857,14.377075],[121.4709592,14.3778051],[121.4708559,14.3779506],[121.4707205,14.3780402],[121.4705971,14.3781475],[121.4705287,14.3782649],[121.4704898,14.3783611],[121.4704603,14.3788989],[121.470412,14.3792523],[121.4702833,14.3796576],[121.4697656,14.3806631],[121.4695886,14.3810762],[121.4694679,14.3814425],[121.4692774,14.3826792],[121.4691997,14.3830092],[121.4690653,14.3833682],[121.468851,14.3836691],[121.4685264,14.3839159],[121.4671934,14.3844382],[121.4669305,14.3845889],[121.4667803,14.3847292],[121.466724,14.384872],[121.4667025,14.3850085],[121.4666542,14.3865193],[121.4666033,14.3872285],[121.4665604,14.3874572],[121.4664504,14.3877118],[121.4663458,14.3878781],[121.4660883,14.388169],[121.4658228,14.3883535],[121.4652514,14.3885769],[121.4647713,14.3886939],[121.4637011,14.3889407],[121.4625612,14.3891979],[121.4622205,14.3892836],[121.4616734,14.389333],[121.4607292,14.3893122],[121.4600131,14.3893252],[121.4594418,14.3894005],[121.4589322,14.3895369],[121.4587055,14.3896266],[121.458562,14.3897383],[121.4583474,14.3899825],[121.4579451,14.3902319],[121.4573228,14.3905281],[121.4567542,14.3908399],[121.4563264,14.3911126],[121.4561802,14.3911828],[121.4559737,14.3912088],[121.4557967,14.3911984],[121.4554775,14.3911828],[121.4526531,14.3911516],[121.4523259,14.3911386],[121.4518779,14.3910633],[121.4516982,14.3910295],[121.4507125,14.3907047],[121.4503625,14.3905969],[121.4500701,14.390493],[121.4500185,14.390495],[121.4499702,14.3905083],[121.4499293,14.3905476],[121.4498867,14.3905986],[121.4498784,14.3906164],[121.449881,14.3906489],[121.4499119,14.3906931],[121.4500205,14.3908061],[121.4502002,14.390949],[121.450447,14.3911256],[121.4508185,14.391375],[121.4512771,14.3916089],[121.4520764,14.3919336],[121.4539888,14.3925701],[121.4543349,14.392739],[121.4553165,14.3932664],[121.4555472,14.3934483],[121.4556169,14.3935912],[121.4556223,14.3937367],[121.4555928,14.3941238],[121.4555152,14.3944873],[121.4553595,14.3953448],[121.4552951,14.3960818],[121.4551771,14.3967218],[121.4550215,14.3972414],[121.4547962,14.3976778],[121.4545602,14.3979844],[121.4541893,14.3983125],[121.4538252,14.398465],[121.4535141,14.3985507],[121.452924,14.3986754],[121.4512932,14.3990391],[121.4508426,14.399208],[121.4501077,14.3996107],[121.4498703,14.3997133],[121.4496598,14.3997679],[121.4493406,14.3997614],[121.4490133,14.3996782],[121.4467093,14.3981325],[121.4463727,14.3978792],[121.4462996,14.3978272],[121.4462399,14.3978038],[121.4461883,14.3978084],[121.44614,14.3978291],[121.4460938,14.3978779],[121.4448023,14.3996003],[121.443931,14.4008333],[121.4434981,14.4012498],[121.4431447,14.4014137],[121.4428308,14.4014102],[121.4423454,14.401263],[121.441884,14.4009045],[121.4416641,14.40052],[121.4415032,14.4000887],[121.441251,14.3990755],[121.441133,14.3988261],[121.4409882,14.3986469],[121.4407695,14.3984611],[121.4399475,14.3978389],[121.439572,14.3974778],[121.4394003,14.3972362],[121.4393118,14.3970205],[121.4392796,14.3967555],[121.4394164,14.3952097],[121.4394218,14.3948798],[121.4393896,14.394785],[121.4393359,14.3947161],[121.4392407,14.3946732],[121.4391388,14.3946499],[121.4387888,14.394607],[121.4382577,14.3946304],[121.4375576,14.3946875],[121.4368442,14.3948018],[121.4366403,14.394885],[121.4365545,14.3950045],[121.4365357,14.3951526],[121.4365572,14.3953188],[121.436938,14.3963502],[121.4369944,14.3965633],[121.4369783,14.396724],[121.4369059,14.3969296],[121.4364821,14.3977869],[121.4361924,14.3984546],[121.4359564,14.3990002],[121.4357632,14.3995016],[121.4353609,14.4003823],[121.4352751,14.4004836],[121.4350873,14.4005563],[121.4348942,14.4005719],[121.4346716,14.400494],[121.434567,14.4004109],[121.4337623,14.3997692],[121.4334539,14.3996601],[121.4331025,14.3996185],[121.4327511,14.3996315],[121.432322,14.3997484],[121.4321128,14.3998549],[121.431984,14.4000264],[121.431826,14.4004205],[121.4315951,14.4008161],[121.4313912,14.4011591],[121.4311793,14.4013721],[121.4308709,14.4015228],[121.4305276,14.4016228],[121.4303331,14.4016462],[121.4301829,14.4016449],[121.4299589,14.4015968],[121.4297149,14.4014786],[121.4295942,14.4013526],[121.4295325,14.4012422],[121.4294305,14.4010318],[121.4293085,14.400898],[121.429169,14.4008135],[121.4289343,14.400707],[121.4287694,14.4006577],[121.4285991,14.4006304],[121.4283349,14.4006219],[121.428239,14.4005947],[121.4281753,14.4005563],[121.4281391,14.4005044],[121.428076,14.4003953],[121.4278682,14.399977],[121.4277501,14.3997367],[121.4276777,14.3996367],[121.4275919,14.3995431],[121.4275356,14.3994366],[121.4275074,14.3993197],[121.4273867,14.3988131],[121.4273223,14.3985702],[121.4272566,14.3982961],[121.4272231,14.398],[121.427207,14.3978506],[121.4271829,14.3977103],[121.4271547,14.3976258],[121.4270876,14.397531],[121.4269871,14.3974219],[121.4268449,14.3972478],[121.4267269,14.397105],[121.4266773,14.3969945],[121.426641,14.3968919],[121.4265713,14.3966048],[121.4265096,14.3963061],[121.4264104,14.3958462],[121.4263594,14.3955527],[121.4263675,14.3952799],[121.4264077,14.3950967],[121.4264627,14.3949356],[121.4265767,14.3946018],[121.4268288,14.3939341],[121.4270917,14.3931365],[121.4273465,14.392461],[121.4275691,14.3920168],[121.4281511,14.391136],[121.428532,14.3905774],[121.4289317,14.3900448],[121.4291543,14.3897513],[121.4294493,14.3895304],[121.4299267,14.3893642],[121.4304095,14.3894057],[121.4306697,14.3894343],[121.4311136,14.3895746],[121.4312209,14.389585],[121.4313054,14.389546],[121.4313604,14.3894941],[121.4314556,14.3893538],[121.431503,14.3892292],[121.4315495,14.3891069],[121.4316313,14.3888445],[121.4316782,14.3886484],[121.4317627,14.3883821],[121.4317815,14.3882937],[121.4317694,14.3882171],[121.4317279,14.3881768],[121.4316259,14.3881534],[121.4315039,14.3881314],[121.4313483,14.3880755],[121.4311364,14.3879027],[121.4309393,14.3877027],[121.4307891,14.3875221],[121.4306764,14.387326],[121.4305852,14.3872428],[121.4305075,14.3872324],[121.4304297,14.3872558],[121.4303391,14.3873195],[121.4302661,14.3874084],[121.4301923,14.3876312],[121.4300045,14.3881509],[121.4298007,14.3884678],[121.4284515,14.3896863],[121.4282826,14.3899331],[121.4262099,14.3925662],[121.4261428,14.3925961],[121.4260671,14.3925831],[121.4259571,14.3925065],[121.4258538,14.3923792],[121.4257438,14.3922233],[121.4256299,14.3921674],[121.4254233,14.3921493],[121.4247152,14.3922324],[121.4241225,14.392322],[121.4240634,14.3923675],[121.4240554,14.392461],[121.4240983,14.3925585],[121.4243759,14.3927455],[121.4249741,14.392965],[121.4250518,14.3930326],[121.4251551,14.3932093],[121.4252409,14.3935886],[121.4252463,14.393799],[121.4245811,14.3956618],[121.4239132,14.3977765],[121.4234573,14.3981532],[121.4232025,14.3982052],[121.4229906,14.3981325],[121.4225695,14.3977635],[121.4224005,14.3977116],[121.4221698,14.3977817],[121.4214832,14.3983091],[121.4212847,14.398652],[121.4212337,14.3989846],[121.4212203,14.3992574],[121.4211372,14.3994574],[121.4208367,14.399925],[121.4201394,14.4005434],[121.4190638,14.4011383],[121.4180875,14.4013565],[121.4171112,14.4013461],[121.416403,14.4012162],[121.4158881,14.4009928],[121.4153838,14.4005823],[121.4139757,14.3993327],[121.4125219,14.3981688],[121.4112908,14.3972439],[121.4105397,14.3967166],[121.4097887,14.3961554],[121.4091504,14.3955838],[121.4086327,14.3949785],[121.4082223,14.3943004],[121.4079219,14.3936665],[121.4076322,14.3927442],[121.4074686,14.3921181],[121.4072889,14.3912737],[121.407254,14.3908139],[121.4072916,14.3903514],[121.4073291,14.3900916],[121.4074498,14.3897915],[121.4075719,14.3895915],[121.4076617,14.3895044],[121.4078736,14.3893434],[121.4081633,14.3890524],[121.4083819,14.388764],[121.4085241,14.3885328],[121.4085697,14.3883691],[121.4085737,14.388208],[121.4085261,14.3880528],[121.4084288,14.387956],[121.4083135,14.387904],[121.4082312,14.3878869],[121.4075652,14.3877481],[121.4070395,14.3876156],[121.406731,14.3874961],[121.4066197,14.3873961],[121.4065044,14.3871857],[121.4064226,14.3869349],[121.4063609,14.3866102],[121.406334,14.3864101],[121.4063314,14.3861932],[121.4063568,14.385997],[121.4064132,14.3857814],[121.4064561,14.3856294],[121.4065137,14.3854982],[121.4066009,14.3853696],[121.4068048,14.3851345],[121.4071025,14.3847305],[121.4072634,14.384481],[121.4075947,14.3838718],[121.407773,14.3834834],[121.4079528,14.3830404],[121.4080802,14.3828065],[121.4082317,14.3826104],[121.4083175,14.3824961],[121.4084007,14.3823298],[121.4084342,14.3821921],[121.4084939,14.3819401],[121.4085737,14.3817017],[121.4086823,14.3814393],[121.4087809,14.381245],[121.4088902,14.3810778],[121.4089405,14.3810164],[121.4089666,14.3809774],[121.4089666,14.3809573],[121.4089546,14.3809404],[121.4088774,14.3809242],[121.4088513,14.3809099],[121.4088386,14.3808755],[121.4088372,14.3808365],[121.4088553,14.3807592],[121.4088915,14.380689],[121.4090243,14.3804494],[121.4091329,14.3802389],[121.4092476,14.3800129],[121.4093804,14.3797914],[121.4094414,14.3797056],[121.4094883,14.379653],[121.4095581,14.3795933],[121.4096278,14.3795244],[121.4096761,14.379453],[121.4097079,14.3793753],[121.4097166,14.3793334],[121.409714,14.3793055],[121.4097086,14.3792886],[121.4096831,14.3792578],[121.4096372,14.3792152],[121.4095634,14.3791756],[121.4094179,14.3791145],[121.4092503,14.3790535],[121.4090766,14.379021],[121.4089398,14.3790184],[121.4087158,14.3790314],[121.4085931,14.3789957],[121.4085133,14.3789385],[121.4084503,14.3788651],[121.4084094,14.378745],[121.4083846,14.3785559],[121.4083832,14.3783221],[121.4084262,14.3781246],[121.4084852,14.3779272],[121.4085576,14.3777687],[121.4086662,14.3775738],[121.4087427,14.3774179],[121.4087628,14.3773439],[121.4087614,14.3772568],[121.4087172,14.3771711],[121.4086488,14.3771035],[121.4085777,14.3770561],[121.4085137,14.3770206],[121.4084881,14.3769796],[121.4084535,14.3769242],[121.4084132,14.3768597],[121.4084007,14.3768397],[121.4083752,14.3767749],[121.4083202,14.3765267],[121.4082706,14.3763851],[121.4082035,14.3762643],[121.4080989,14.3761799],[121.4080265,14.3761396],[121.4078394,14.3761013],[121.4077801,14.3760688],[121.4077445,14.3760409],[121.4077234,14.3760058],[121.4077167,14.375972],[121.407714,14.3759162],[121.4077234,14.3758304],[121.4077181,14.3757252],[121.4077006,14.3756394],[121.4076644,14.3755472],[121.4076121,14.3754784],[121.4073989,14.3752094],[121.4073184,14.3750613],[121.4072715,14.3749288],[121.4072406,14.3747132],[121.4072393,14.3746002],[121.4072634,14.3744975],[121.4073358,14.3743169],[121.4074579,14.3741],[121.407533,14.3739649],[121.4075598,14.3738597],[121.4075612,14.3737323],[121.4075437,14.3736128],[121.4074525,14.3733712],[121.4074002,14.3732627],[121.407368,14.3732211],[121.4073305,14.3732003],[121.4072621,14.3731932],[121.4071803,14.3732036],[121.4070207,14.3732699],[121.4068973,14.3732965],[121.4067806,14.3733023],[121.4064534,14.3732893],[121.40622,14.3732634],[121.4061121,14.3732237],[121.4060377,14.3731659],[121.4059827,14.3730945],[121.4059049,14.3729087],[121.4058472,14.3727827],[121.4057802,14.37268],[121.4056621,14.3725696],[121.4055602,14.3724917],[121.4054811,14.3724371],[121.4054328,14.3723864],[121.4054087,14.3723462],[121.405398,14.3722864],[121.4053993,14.3722072],[121.4053792,14.3721552],[121.405347,14.3721214],[121.4052947,14.3721006],[121.4052276,14.3720876],[121.4050975,14.3720565],[121.4050291,14.3720279],[121.4049715,14.3719837],[121.4049353,14.3719201],[121.4049084,14.3718382],[121.4048387,14.3716005],[121.4047864,14.3714407],[121.4047448,14.3713108],[121.4046939,14.3712042],[121.4045678,14.3710535],[121.4044256,14.3708704],[121.404376,14.3707794],[121.4043626,14.3707352],[121.4043532,14.3706508],[121.4043733,14.3705612],[121.4044203,14.3703598],[121.4044739,14.3701623],[121.4044806,14.3700233],[121.4044686,14.3699246],[121.4044391,14.3698661],[121.404368,14.3697895],[121.4043318,14.3697219],[121.4043157,14.3696479],[121.404309,14.3695478],[121.4043237,14.3694465],[121.4043626,14.3693737],[121.404435,14.3692698],[121.4044806,14.3691996],[121.4045101,14.3690775],[121.4045075,14.368919],[121.404494,14.3687683],[121.4044645,14.3686865],[121.4044163,14.3686267],[121.4043881,14.3686085],[121.4042982,14.3686033],[121.4042231,14.3685683],[121.404199,14.368515],[121.4041963,14.3684643],[121.404207,14.3683877],[121.4042258,14.3682889],[121.4042406,14.3681382],[121.4041923,14.3680252],[121.4040931,14.3679057],[121.4039965,14.367842],[121.4039455,14.3677927],[121.4038999,14.3676965],[121.4038664,14.3676186],[121.4038517,14.3675588],[121.4038436,14.367464],[121.4038517,14.3673899],[121.4038664,14.3672457],[121.4038678,14.3671684],[121.403859,14.3671437],[121.4038382,14.367121],[121.4038238,14.3671125],[121.4037874,14.3670913],[121.4037672,14.3670794],[121.403731,14.367058],[121.4037028,14.3670301],[121.4034587,14.3666832],[121.4033179,14.3665],[121.4031556,14.3663142],[121.4029759,14.3661323],[121.4028123,14.365992],[121.4026956,14.3658855],[121.4026125,14.365801],[121.4025266,14.3656789],[121.402473,14.3655672],[121.4024408,14.3654451],[121.40241,14.3653113],[121.4024046,14.3652359],[121.4024167,14.3651683],[121.4024428,14.3650956],[121.4024495,14.3650475],[121.4024368,14.3649865],[121.4023496,14.3647955],[121.402296,14.3647435],[121.4022061,14.3646967],[121.4020385,14.3646643],[121.4019299,14.3646032],[121.4018668,14.3645097],[121.4017139,14.3641797],[121.4017019,14.3641004],[121.4017072,14.3640342],[121.4017582,14.363799],[121.4017461,14.3637406],[121.4017005,14.3636691],[121.4015691,14.363534],[121.4015275,14.3634547],[121.4015289,14.3633976],[121.401557,14.3633027],[121.4015973,14.3632235],[121.4016335,14.3630962],[121.4016187,14.3630169],[121.4015825,14.3629351],[121.4014806,14.3628116],[121.4012593,14.3625999],[121.4009374,14.3624362],[121.4005646,14.362305],[121.4001985,14.3621607],[121.3999155,14.3620087],[121.399819,14.3619061],[121.3997707,14.3618087],[121.3997452,14.3616632],[121.3997345,14.3615241],[121.3996875,14.3613241],[121.3996124,14.3611487],[121.3995266,14.3609707],[121.3993898,14.3607004],[121.3992999,14.3604718],[121.3992798,14.3603692],[121.3992704,14.360234],[121.3992852,14.3600431],[121.3993134,14.3597221],[121.3993523,14.3594714],[121.3994005,14.3591557],[121.3994153,14.358953],[121.3993965,14.3587386],[121.3993496,14.3586009],[121.3992973,14.3584996],[121.3991994,14.358406],[121.3990304,14.3583333],[121.3989016,14.35828],[121.3986307,14.3582047],[121.3985945,14.3581618],[121.3985905,14.3581202],[121.3986334,14.3580072],[121.3986938,14.3578916],[121.3987072,14.3578123],[121.3986777,14.3577305],[121.3986187,14.3576239],[121.3985194,14.3574771],[121.3984698,14.357342],[121.398443,14.3572212],[121.3984363,14.3571471],[121.398447,14.3570834],[121.3984926,14.3569418],[121.3985074,14.3568509],[121.39851,14.3567456],[121.3985302,14.3566729],[121.3985623,14.3566131],[121.3986173,14.3565612],[121.3986509,14.3565196],[121.3986562,14.3564767],[121.3986401,14.3563624],[121.3986441,14.3562883],[121.3986643,14.3562104],[121.3987139,14.3560012],[121.3987514,14.3558947],[121.3987689,14.3558115],[121.3987689,14.3557336],[121.3987447,14.355666],[121.3987139,14.3556023],[121.3987018,14.3555543],[121.3987018,14.3555075],[121.3986924,14.3554555],[121.3986468,14.3553646],[121.3985583,14.3552463],[121.3985248,14.3551658],[121.3985181,14.3550995],[121.3985369,14.3550203],[121.398612,14.3548592],[121.3986589,14.3546877],[121.3986911,14.3543473],[121.3986817,14.3542914],[121.3986589,14.3542368],[121.3986053,14.3541511],[121.398557,14.3540329],[121.3985033,14.353977],[121.3984443,14.3539458],[121.3981962,14.3538614],[121.3980755,14.3538198],[121.397991,14.3537834],[121.3979655,14.3537522],[121.3979548,14.3537015],[121.3979414,14.3536197],[121.3978931,14.3535443],[121.3977389,14.353456],[121.397637,14.3533585],[121.397464,14.3531338],[121.3974103,14.3530922],[121.397354,14.3530818],[121.3972065,14.3530818],[121.3969731,14.353035],[121.3968524,14.3529441],[121.3967693,14.3528064],[121.3967317,14.3526089],[121.3967827,14.3521697],[121.396957,14.3518553],[121.3971367,14.3516396],[121.397303,14.3515565],[121.3974854,14.3515201],[121.3976061,14.3514785],[121.3976759,14.3514136],[121.3976973,14.3513486],[121.3976678,14.3512577],[121.397641,14.3511459],[121.3976812,14.3509926],[121.3977349,14.3508627],[121.3977456,14.3507847],[121.3977215,14.3507146],[121.3976812,14.3506418],[121.3976598,14.3505457],[121.397649,14.3504417],[121.3976598,14.3503222],[121.3976437,14.3502442],[121.3976088,14.3501897],[121.3975203,14.3501507],[121.3974372,14.3501637],[121.3972521,14.3502209],[121.3969248,14.3503586],[121.3964608,14.3505353],[121.3960451,14.3506418],[121.3957983,14.3506522],[121.3956133,14.3506366],[121.3953745,14.3505613],[121.3948998,14.3503196],[121.3946611,14.3501611],[121.3944733,14.3500234],[121.3942426,14.349896],[121.3938188,14.3497401],[121.3932207,14.3495089],[121.3927406,14.3493348],[121.3924053,14.3491788],[121.3915256,14.3486669],[121.3907289,14.3481446],[121.3903695,14.3477393],[121.3902783,14.347547],[121.3902837,14.3473703],[121.3904178,14.3468713],[121.3905412,14.3464868],[121.3906683,14.3462783],[121.3910776,14.3460294],[121.3911849,14.3459151],[121.3912332,14.3457903],[121.3912468,14.3456308],[121.3911581,14.3454785],[121.3909811,14.345359],[121.3907729,14.34531],[121.3905037,14.34531],[121.3903373,14.3453018],[121.3902247,14.3452394],[121.3900852,14.3450419],[121.3899565,14.3447197],[121.3895595,14.3439713],[121.3891894,14.3434412],[121.388948,14.3431866],[121.3887012,14.3430358],[121.3880414,14.3427552],[121.3866359,14.3421991],[121.3862657,14.3420692],[121.385799,14.3419652],[121.385327,14.3419496],[121.3850051,14.3418821],[121.3845974,14.3416482],[121.3843989,14.3414507],[121.3842702,14.3412532],[121.3839644,14.3403852],[121.3837659,14.3401046],[121.3835299,14.3399747],[121.382634,14.3397564],[121.3816309,14.3394965],[121.381073,14.3392938],[121.3808423,14.3391379],[121.3806975,14.3389248],[121.3805741,14.3384155],[121.3805044,14.3378386],[121.3805049,14.3376728],[121.3805312,14.3375475],[121.3805044,14.3374124],[121.3803917,14.3373552],[121.3801718,14.3373136],[121.379689,14.3373136],[121.3793135,14.3373292],[121.3791257,14.337376],[121.3789862,14.337454],[121.3788736,14.3375579],[121.3787663,14.3377398],[121.3786054,14.3379477],[121.3779992,14.338535],[121.3772213,14.3391587],[121.3764247,14.339655],[121.3756818,14.3400214],[121.3751775,14.3402449],[121.3747939,14.3403593],[121.3744694,14.340419],[121.3740885,14.3404294],[121.3737559,14.3403904],[121.3735548,14.3403437],[121.3733187,14.3401955],[121.372675,14.339746],[121.3724336,14.3395537],[121.3722888,14.3394211],[121.3721707,14.3393172],[121.3720554,14.3392444],[121.3718435,14.3391197],[121.3716987,14.3390184],[121.3715914,14.3389664],[121.3714841,14.3389404],[121.3713849,14.3388962],[121.3713044,14.3388235],[121.3711944,14.3386701],[121.3710871,14.3383531],[121.3709986,14.3381036],[121.3709208,14.3379815],[121.3707653,14.3378308],[121.3704488,14.3376904],[121.37032,14.3376904],[121.3702422,14.3377138],[121.3700867,14.3378853],[121.3699016,14.3380491],[121.3696173,14.3382128],[121.3694483,14.3382492],[121.3690513,14.338244],[121.3685095,14.3382076],[121.3683164,14.3381088],[121.3681126,14.3379269],[121.3677666,14.3375657],[121.3676888,14.337376],[121.3676834,14.3371785],[121.3677397,14.3367341],[121.3677719,14.3365249],[121.3677773,14.336369],[121.3677652,14.3363209],[121.3677317,14.3362794],[121.3676687,14.3362651],[121.3675801,14.3362768],[121.3674702,14.3363027],[121.3673615,14.3363365],[121.3672583,14.3363365],[121.3671671,14.3363092],[121.3671067,14.3362612],[121.3670544,14.3361988],[121.3670196,14.3361065],[121.3669981,14.3360247],[121.3669713,14.3359545],[121.3668828,14.3358844],[121.3667406,14.3358194],[121.366636,14.3357804],[121.3665354,14.3357518],[121.3662994,14.335718],[121.3659024,14.3356817],[121.3657629,14.3356739],[121.3656664,14.3356557],[121.3653177,14.3355465],[121.3651299,14.3355335],[121.3650066,14.3355439],[121.3647893,14.3355829],[121.3637754,14.3358272],[121.3634509,14.3358714],[121.363239,14.3358532],[121.3626784,14.3356999],[121.3623995,14.3356011],[121.3620454,14.335388],[121.361796,14.3351736],[121.3615639,14.3349839],[121.3613735,14.3348436],[121.3611884,14.334763],[121.3608062,14.3346695],[121.3606788,14.3346149],[121.3605179,14.334507],[121.3603047,14.3342914],[121.3601248,14.3341515],[121.3597494,14.3338522],[121.3596234,14.3337092],[121.3594745,14.3333922],[121.3594262,14.3333623],[121.3593833,14.3333532],[121.3590346,14.3333974],[121.3589475,14.3333805],[121.3584754,14.3332103],[121.3584003,14.3331557],[121.3583788,14.3330934],[121.358415,14.3329192],[121.358415,14.3328906],[121.358407,14.332853],[121.3581187,14.3325853],[121.3579926,14.3325346],[121.3578786,14.3325398],[121.3576318,14.3325892],[121.3574816,14.3325606],[121.3573958,14.332506],[121.3573368,14.3324021],[121.357314,14.3320798],[121.3572872,14.3317576],[121.3572228,14.3315237],[121.3570726,14.331256],[121.3568795,14.3309624],[121.3566448,14.3305752],[121.3564101,14.3302373],[121.3562599,14.3300788],[121.3561365,14.330006],[121.3560346,14.3299593],[121.3559943,14.3299359],[121.3559782,14.3298917],[121.3559782,14.3298449],[121.3559803,14.3298007],[121.3559769,14.3297481],[121.3559494,14.3296552],[121.355881,14.3295649],[121.3558542,14.329548],[121.3558234,14.3295383],[121.3557892,14.3295487],[121.3556617,14.3296526],[121.3555706,14.3297488],[121.3555062,14.3298163],[121.3554016,14.3298579],[121.3551427,14.3299164],[121.3547444,14.3299047],[121.3545164,14.3298579],[121.3543448,14.3297488],[121.3542214,14.3296032],[121.3541007,14.3294057],[121.3539961,14.3293278],[121.3539129,14.3293044],[121.3538137,14.3293122],[121.3537037,14.3293694],[121.3536233,14.3293875],[121.3535455,14.3293746],[121.3526443,14.3290575],[121.3520166,14.3287197],[121.3517243,14.328491],[121.3515526,14.3282129],[121.3514212,14.3277763],[121.3513541,14.3272384],[121.3514239,14.3266822],[121.3515499,14.3263444],[121.3516733,14.3261755],[121.3521722,14.3254179],[121.3521937,14.3252737],[121.3521306,14.3249761],[121.3519965,14.324737],[121.3518745,14.3246149],[121.3516934,14.3243979],[121.3515499,14.3241081],[121.3515151,14.3239353],[121.351507,14.3238235],[121.351499,14.3236247],[121.3514916,14.3235903],[121.3514641,14.3235727],[121.3514138,14.3235571],[121.3513032,14.3235377],[121.3511878,14.3234987],[121.3510202,14.3234038],[121.3505414,14.3231166],[121.3500425,14.3228918],[121.3497864,14.32281],[121.3496509,14.3228113],[121.3495047,14.3228399],[121.3493854,14.3229022],[121.3492191,14.3230023],[121.3491467,14.3230205],[121.3490541,14.3230179],[121.3486169,14.322836],[121.3484412,14.3227203],[121.3483232,14.3225202],[121.348279,14.32222],[121.3482562,14.3218978],[121.3482589,14.32176],[121.3483071,14.3215755],[121.3483272,14.3214352],[121.3483205,14.3212845],[121.3482454,14.3211389],[121.3482213,14.3210532],[121.3482293,14.3209856],[121.3482495,14.3209492],[121.3482709,14.3209219],[121.3482884,14.3208803],[121.3482843,14.3208478],[121.3482495,14.3207998],[121.3482012,14.3207387],[121.3481502,14.3206438],[121.3480845,14.3205698],[121.3479638,14.3205022],[121.3477211,14.3203632],[121.3476057,14.320267],[121.3475145,14.3201306],[121.3473576,14.3200019],[121.3471913,14.3199356],[121.3470438,14.319933],[121.346679,14.3200266],[121.3463598,14.3200058],[121.3461211,14.3199356],[121.3458556,14.3197979],[121.3455284,14.31959],[121.345228,14.3193405],[121.3450026,14.3190806],[121.3449329,14.3188987],[121.3448095,14.3186596],[121.344611,14.3183893],[121.3443804,14.3181008],[121.3443267,14.3179319],[121.3443053,14.3175915],[121.3442516,14.3172614],[121.3441765,14.3170431],[121.3440585,14.31683],[121.3440075,14.3167234],[121.3439566,14.3165155],[121.343911,14.3163752],[121.3438144,14.3162114],[121.343691,14.3160737],[121.3433316,14.3158242],[121.3430285,14.3156761],[121.3427523,14.3155669],[121.3423687,14.3154396],[121.3422668,14.3153616],[121.3422046,14.3152277],[121.3421876,14.3151443],[121.3420917,14.315092],[121.3419959,14.3150939],[121.3418591,14.3151069],[121.3417679,14.3151147],[121.3416687,14.3150757],[121.3415319,14.3149224],[121.3412878,14.3146183],[121.3411671,14.3145299],[121.3410598,14.3145247],[121.3409726,14.3145598],[121.3408975,14.3146066],[121.3406239,14.314682],[121.3403651,14.3146573],[121.340176,14.3145975],[121.3398957,14.3144831],[121.3396329,14.3143896],[121.3395229,14.314374],[121.3393378,14.3143688],[121.3391098,14.3143922],[121.3388711,14.3143766],[121.3385975,14.3142934],[121.3380396,14.3140491],[121.3376212,14.3138594],[121.3372028,14.3137321],[121.3367414,14.3135943],[121.335521,14.3131993],[121.3347271,14.3128874],[121.3342953,14.3126301],[121.3341665,14.3124482],[121.3341182,14.3122818],[121.3341451,14.3118088],[121.3341504,14.3116841],[121.3341075,14.3115957],[121.3340163,14.3115281],[121.3338768,14.3114996],[121.3337079,14.3114372],[121.3336247,14.311341],[121.3335523,14.3111513],[121.3335255,14.310985],[121.3335362,14.3108706],[121.3335201,14.31079],[121.3334691,14.3107303],[121.3332894,14.3105899],[121.3330856,14.3104859],[121.3328925,14.3104158],[121.3327664,14.3103248],[121.3326564,14.3101585],[121.3326082,14.309922],[121.3325679,14.3096959],[121.3325089,14.3094464],[121.3324258,14.3092384],[121.3322353,14.3089006],[121.3319001,14.3084743],[121.3316667,14.3081988],[121.3315514,14.3080949],[121.3314548,14.3080247],[121.3312724,14.3079285],[121.3310981,14.3078064],[121.3306957,14.3075257],[121.330567,14.3073983],[121.330516,14.3072216],[121.3305107,14.3069695],[121.3305268,14.306195],[121.3305563,14.305748],[121.3305938,14.3053711],[121.3306367,14.3051346],[121.330744,14.3048305],[121.3308218,14.3046849],[121.3308647,14.3046408],[121.330964,14.304607],[121.3310873,14.3046278],[121.3312483,14.304646],[121.3313502,14.3046018],[121.3314092,14.3045134],[121.3314038,14.304425],[121.3313878,14.3043133],[121.33131,14.3041158],[121.3312429,14.3039234],[121.3311651,14.3038039],[121.3310471,14.3037155],[121.3308513,14.3036427],[121.3305294,14.303557],[121.33028,14.3034816],[121.3301888,14.3034426],[121.3301218,14.3034036],[121.3300011,14.3033282],[121.3298294,14.3032581],[121.3293546,14.3031255],[121.3291722,14.3030501],[121.3289872,14.3029072],[121.3288745,14.3027564],[121.3286385,14.3023588],[121.3285848,14.3022652],[121.3285178,14.3021976],[121.3284293,14.3021405],[121.3282925,14.3019845],[121.3281208,14.3017194],[121.328086,14.3015609],[121.3280806,14.3013971],[121.3281316,14.3011164],[121.3281611,14.3010177],[121.3281584,14.3009579],[121.3281208,14.3009241],[121.3280457,14.3008877],[121.3278151,14.3008019],[121.3273403,14.3006382],[121.3271686,14.300555],[121.3270104,14.3004199],[121.3269111,14.3003159],[121.3268253,14.3001522],[121.3267931,14.2999494],[121.3268119,14.2998013],[121.3268226,14.2997233],[121.3268146,14.2996765],[121.3267717,14.2996271],[121.3264605,14.2994244],[121.3262352,14.2992555],[121.3261414,14.2991645],[121.3260877,14.2990631],[121.3260287,14.298902],[121.325959,14.2987824],[121.3258597,14.2986577],[121.3257739,14.2985875],[121.325731,14.2985251],[121.3257095,14.298429],[121.3256827,14.2982938],[121.325621,14.2981301],[121.3255566,14.2979559],[121.3255298,14.2978052],[121.3254735,14.2977506],[121.3253796,14.2977038],[121.3251865,14.2976466],[121.3249692,14.2975297],[121.3248056,14.2973815],[121.3246849,14.2971944],[121.3246393,14.2970124],[121.3246098,14.2965576],[121.3246286,14.2964406],[121.3246715,14.2963392],[121.3247144,14.2962743],[121.3247251,14.2962275],[121.3246769,14.2961833],[121.3246098,14.2961859],[121.3245025,14.2962483],[121.3243711,14.2962821],[121.3242048,14.2962457],[121.3240653,14.2961651],[121.3239366,14.2960222],[121.323899,14.2958506],[121.3239205,14.2956375],[121.3239634,14.2952944],[121.3239419,14.2952112],[121.3238883,14.2951852],[121.3237113,14.2951956],[121.3236201,14.2952008],[121.3235611,14.2951748],[121.3234806,14.2950397],[121.3233894,14.2948993],[121.3232338,14.2947954],[121.3230675,14.2947434],[121.322853,14.2947642],[121.3227403,14.2947694],[121.3226277,14.2946966],[121.322515,14.2945354],[121.3224721,14.2944419],[121.3224131,14.2943795],[121.3221985,14.2942391],[121.3220376,14.2941923],[121.321941,14.2942235],[121.3218552,14.2943795],[121.3217747,14.2944679],[121.3216808,14.2944705],[121.3215172,14.2944055],[121.3213509,14.2943561],[121.3212141,14.2943327],[121.3210076,14.2943145],[121.320852,14.2942625],[121.3207582,14.2941742],[121.3205758,14.2939272],[121.3204014,14.2937817],[121.3202324,14.2937141],[121.3200474,14.2936647],[121.3198937,14.293645],[121.3190147,14.2936803],[121.318894,14.2936881],[121.3188216,14.2936543],[121.3187921,14.2935815],[121.3188136,14.2934906],[121.3188457,14.2933372],[121.3188243,14.2932904],[121.3187706,14.2932618],[121.3186204,14.2932359],[121.3185534,14.2931969],[121.3185132,14.2931319],[121.3185319,14.2930461],[121.3185883,14.2928902],[121.3185641,14.2927966],[121.3185078,14.292755],[121.3184354,14.2927602],[121.3183147,14.2927862],[121.3182208,14.2928642],[121.3181484,14.2929603],[121.3180867,14.2930123],[121.3179821,14.2930279],[121.3178694,14.2930097],[121.3171747,14.2926614],[121.3168824,14.2924535],[121.3168126,14.2923313],[121.3167804,14.2921754],[121.3167214,14.2917855],[121.3166732,14.2916893],[121.3165712,14.2916425],[121.3164479,14.2916399],[121.3163137,14.2916815],[121.3162306,14.2916581],[121.3161287,14.291588],[121.3160455,14.2914424],[121.3159409,14.2912423],[121.3158658,14.2911409],[121.3157853,14.2910785],[121.3156646,14.2910161],[121.3153535,14.290933],[121.3148922,14.2908238],[121.3128751,14.2904339],[121.3124084,14.2903196],[121.3120195,14.2901532],[121.3111693,14.2896022],[121.3109949,14.2894488],[121.3109359,14.2893396],[121.3109118,14.2892123],[121.3109279,14.2890459],[121.3110298,14.288773],[121.3111907,14.2884741],[121.3114804,14.288014],[121.3116364,14.2877884],[121.3117218,14.2876735],[121.3117942,14.2875436],[121.311813,14.287437],[121.3118076,14.2873304],[121.3117003,14.2871875],[121.3116011,14.2871511],[121.311467,14.2871823],[121.3113114,14.2872784],[121.31118,14.287437],[121.3110647,14.2876137],[121.3107374,14.2881596],[121.3105658,14.2883077],[121.3104317,14.2883805],[121.3102895,14.2884091],[121.3101232,14.2884117],[121.3100025,14.2884611],[121.3098523,14.2885651],[121.3094607,14.2888978],[121.3093132,14.2889991],[121.3091791,14.2890355],[121.3090476,14.2890225],[121.3087928,14.2889472],[121.3086963,14.2889238],[121.3086158,14.2889524],[121.3085353,14.2890433],[121.3084468,14.2891629],[121.3082081,14.289493],[121.3081223,14.2895684],[121.3080257,14.2896074],[121.30796,14.28961],[121.3079037,14.2895827],[121.3077387,14.2894592],[121.3076878,14.2894345],[121.3076556,14.2894397],[121.3076207,14.289467],[121.3075456,14.2895866],[121.3075483,14.2896308],[121.3075858,14.2896853],[121.3076663,14.2897581],[121.3077025,14.28984],[121.3076878,14.289918],[121.307669,14.2899842],[121.3075858,14.2901506],[121.3064405,14.2921442],[121.3057706,14.2933403],[121.3054347,14.2938804],[121.3050404,14.2944886],[121.3048741,14.2947382],[121.304791,14.2948239],[121.3046607,14.294876],[121.3045627,14.2949203],[121.3045067,14.2949877],[121.3045067,14.2951125],[121.3045415,14.2952658],[121.3044959,14.295362],[121.3044101,14.2954815],[121.3041204,14.2957544],[121.3039193,14.2959286],[121.3036269,14.2961287],[121.3034257,14.2962769],[121.3032567,14.2964744],[121.3031655,14.2966408],[121.3031173,14.2968409],[121.3031468,14.2970332],[121.3032272,14.2971658],[121.3033453,14.2972775],[121.3037395,14.297722],[121.3038254,14.2978779],[121.3038361,14.2980339],[121.3037825,14.2982002],[121.303423,14.2990579],[121.3033345,14.2992763],[121.3032782,14.299453],[121.3032138,14.2997701],[121.3031387,14.3002743],[121.3031441,14.3008305],[121.3032407,14.3012256],[121.3033855,14.3015115],[121.3036054,14.3019533],[121.3037395,14.3023172],[121.3038146,14.3026915],[121.3039005,14.3032321],[121.3039058,14.3036999],[121.3039005,14.3042145],[121.3039219,14.3047499],[121.3040078,14.305223],[121.3041151,14.3057272],[121.304158,14.305935],[121.3041902,14.3063613],[121.3041955,14.3067096],[121.3042331,14.3069435],[121.3043216,14.3071878],[121.3043645,14.3074737],[121.3043725,14.3080091],[121.3043296,14.3085445],[121.3042009,14.3093242],[121.3040936,14.309818],[121.3040078,14.3100285],[121.3039139,14.3101819],[121.3037825,14.3103378],[121.303761,14.3103872],[121.3037664,14.310447],[121.3038227,14.3105197],[121.3039246,14.3106029],[121.3040212,14.3107536],[121.3040373,14.310894],[121.3040319,14.3110239],[121.303997,14.3111123],[121.3039058,14.3111929],[121.3038468,14.3112916],[121.3038254,14.311406],[121.3038522,14.3114892],[121.3039327,14.3115983],[121.3039649,14.3116581],[121.3039783,14.3117439],[121.3040265,14.3119622],[121.3040587,14.3123338],[121.304099,14.31276],[121.3041472,14.3130095],[121.3042089,14.3131265],[121.3044718,14.3134566],[121.3046676,14.3137684],[121.3047186,14.3139426],[121.3047481,14.3141323],[121.3047346,14.3143064],[121.3046998,14.3145429],[121.3046139,14.314756],[121.3045335,14.3149692],[121.304512,14.3151979],[121.3045978,14.3154318],[121.3047641,14.3157176],[121.3048392,14.3159463],[121.3048232,14.3161231],[121.3047749,14.316357],[121.3047749,14.3166325],[121.3048232,14.3169235],[121.3048551,14.3171079],[121.3048607,14.3173082],[121.3048607,14.3176356],[121.3048339,14.3178254],[121.3047883,14.3179501],[121.3047709,14.3180035],[121.3047883,14.3180515],[121.3048527,14.3181034],[121.3050136,14.318262],[121.305145,14.3184647],[121.3052362,14.3187168],[121.3053086,14.3189195],[121.3053837,14.3190234],[121.3054562,14.3191066],[121.3054883,14.3191924],[121.3054991,14.3193847],[121.3055001,14.3196418],[121.3054964,14.3197303],[121.3055178,14.3198785],[121.30555,14.3200266],[121.3056412,14.3202813],[121.3058467,14.3209204],[121.3061857,14.3219706],[121.3062501,14.32222],[121.3062769,14.3224747],[121.3062608,14.3227242],[121.3062072,14.3229841],[121.306116,14.323296],[121.3060731,14.3235195],[121.3060462,14.323678],[121.3060221,14.3238235],[121.3059846,14.3239353],[121.3058826,14.3241094],[121.3058317,14.3242341],[121.3058022,14.3244083],[121.3057807,14.3247149],[121.3057056,14.3250398],[121.3056278,14.3253023],[121.3054803,14.3255803],[121.3053314,14.3258415],[121.3052939,14.3259143],[121.3052657,14.3259805],[121.3052523,14.3260351],[121.3052335,14.3261079],[121.3051558,14.3262794],[121.3050163,14.3265601],[121.3049559,14.3266393],[121.3048875,14.3266874],[121.3047588,14.3267212],[121.3046783,14.3267498],[121.3046247,14.32682],[121.3046153,14.3269213],[121.3046341,14.3270538],[121.3046394,14.3271396],[121.304626,14.3272163],[121.3045831,14.3272929],[121.3045415,14.3273683],[121.3045281,14.3274333],[121.304563,14.3274982],[121.3046381,14.3275528],[121.3048178,14.3275996],[121.3049707,14.3276464],[121.3050699,14.3276828],[121.3051128,14.3277243],[121.3051692,14.3278153],[121.3052335,14.3279088],[121.3053328,14.3279842],[121.3055018,14.3280856],[121.3055822,14.3281375],[121.3056278,14.3281921],[121.3056815,14.3282467],[121.30577,14.3282831],[121.3060328,14.3283195],[121.306411,14.328348],[121.3067222,14.3283844],[121.3069984,14.3285014],[121.3071647,14.3285819],[121.3073015,14.3286807],[121.3073739,14.3287638],[121.3074169,14.3288574],[121.307441,14.3289042],[121.3074826,14.3289497],[121.3075644,14.3290081],[121.3076234,14.3290471],[121.3077414,14.3290757],[121.3078782,14.3291225],[121.3079721,14.329177],[121.3082001,14.3293616],[121.3088036,14.3299177],[121.3094071,14.3305336],[121.3097128,14.3308428],[121.3098738,14.3309728],[121.3100883,14.3311053],[121.3102412,14.3312093],[121.3103431,14.3313054],[121.3104343,14.3314172],[121.3105309,14.3315523],[121.3105738,14.3316511],[121.310606,14.3318278],[121.3106516,14.3319317],[121.3107133,14.3320123],[121.3108045,14.3320669],[121.3108823,14.3321552],[121.3109359,14.3322981],[121.311003,14.3324515],[121.3111317,14.3325788],[121.3112766,14.3327087],[121.3114509,14.3328517],[121.3115662,14.332992],[121.3117379,14.3332545],[121.3118935,14.3335819],[121.3119203,14.3336807],[121.3119122,14.3337612],[121.3118854,14.3339509],[121.3118961,14.3340107],[121.311923,14.3340367],[121.3119847,14.3340575],[121.3120705,14.3340601],[121.31221,14.3340705],[121.3122824,14.3341094],[121.3123441,14.3341796],[121.3124058,14.3342966],[121.3124809,14.3344707],[121.3125774,14.3346006],[121.3129261,14.3350372],[121.3133043,14.3355673],[121.3133633,14.3356713],[121.3133821,14.3357362],[121.3133794,14.3358142],[121.3134009,14.3359181],[121.3134786,14.3360585],[121.3135269,14.3362274],[121.3135806,14.3364041],[121.3135853,14.3364515],[121.3135833,14.3365054],[121.3135645,14.3365782],[121.3135645,14.3366068],[121.3135672,14.3366256],[121.3135839,14.3366393],[121.3136128,14.3366432],[121.3136718,14.3366302],[121.3137227,14.3366341],[121.3137871,14.336664],[121.3139293,14.3367705],[121.3140687,14.3368641],[121.3141841,14.3369316],[121.3143986,14.3370642],[121.3145757,14.3372097],[121.3146883,14.3373474],[121.3147621,14.3374345],[121.3148372,14.3374825],[121.3149324,14.3375111],[121.3151295,14.3375384],[121.3152449,14.3375683],[121.3154098,14.3376281],[121.3157693,14.337784],[121.315961,14.3378801],[121.3160536,14.3379542],[121.3161233,14.3379763],[121.3161957,14.3379711],[121.3162668,14.3379672],[121.3163687,14.3379711],[121.3166021,14.3380166],[121.3168931,14.3381205],[121.3171667,14.3382492],[121.3172642,14.3383171],[121.3173866,14.3384025],[121.3180304,14.3389742],[121.3182664,14.3391847],[121.318481,14.3394419],[121.3186231,14.3396472],[121.3188058,14.3399273],[121.318835,14.3399721],[121.3189134,14.340098],[121.318945,14.3401488],[121.3190201,14.3403281],[121.319059,14.3404034],[121.3191086,14.3404658],[121.3191757,14.3405256],[121.3192615,14.3406295],[121.3193084,14.3407153],[121.3193554,14.3408218],[121.3194841,14.3411362],[121.319645,14.3415312],[121.319688,14.3416508],[121.3197067,14.3417352],[121.3197201,14.3418457],[121.3197322,14.3419821],[121.3197523,14.3420588],[121.3197832,14.3421367],[121.3198328,14.3422251],[121.3198683,14.3423201],[121.3198838,14.3423615],[121.3199146,14.3425018],[121.3199213,14.3426382],[121.3199052,14.3429397],[121.3199159,14.3431112],[121.3199455,14.3433555],[121.3199803,14.3435582],[121.3200179,14.3437712],[121.320034,14.3439323],[121.320034,14.3440701],[121.3200179,14.3441766],[121.3200138,14.3442286],[121.3200232,14.3442559],[121.3200662,14.3443091],[121.320089,14.3443572],[121.3200943,14.3444066],[121.3200662,14.3445222],[121.3200581,14.3446729],[121.3200822,14.3449198],[121.3201091,14.3450393],[121.3201413,14.3451667],[121.3201882,14.3452602],[121.3202164,14.3453642],[121.3202123,14.3454863],[121.3201976,14.3457254],[121.3202003,14.3459307],[121.3202164,14.3460736],[121.3202593,14.3462581],[121.3202593,14.3463204],[121.3202566,14.3463802],[121.3202324,14.3465049],[121.3202029,14.3466738],[121.320211,14.34677],[121.3202566,14.3468876],[121.3202874,14.3469655],[121.3203055,14.3470584],[121.3203076,14.3471104],[121.3202935,14.3471552],[121.3202794,14.3471825],[121.3202606,14.3471988],[121.3202365,14.3472072],[121.3202056,14.3472195],[121.3201801,14.347239],[121.3201641,14.3472637],[121.3201419,14.3472936],[121.3201111,14.3473111],[121.3200863,14.3473105],[121.3200675,14.3473014],[121.320038,14.3472676],[121.3200192,14.3472507],[121.3200073,14.347248],[121.3199964,14.3472507],[121.3199912,14.3472572],[121.319988,14.3472682],[121.3199864,14.3472943],[121.319987,14.3473313],[121.319987,14.3473872],[121.3199951,14.3474274],[121.3200165,14.347456],[121.3200474,14.3474768],[121.320103,14.3474904],[121.3201392,14.3474852],[121.3201842,14.347471],[121.3202345,14.3474359],[121.320329,14.3473339],[121.3203827,14.3472949],[121.3204309,14.3472832],[121.3204604,14.3472956],[121.3204987,14.3473319],[121.3205811,14.3474274],[121.3206643,14.3475496],[121.3206938,14.3476535],[121.320726,14.3478744],[121.3207474,14.3480433],[121.320789,14.3481368],[121.3208427,14.3482174],[121.320899,14.3482824],[121.3209808,14.3483694],[121.3210264,14.3484331],[121.3210773,14.3485552],[121.3211095,14.3486747],[121.3211136,14.3488293],[121.3210841,14.3490242],[121.321013,14.3492854],[121.3209647,14.3494517],[121.3209003,14.349553],[121.3208386,14.3496089],[121.3207528,14.3496934],[121.3206884,14.3497843],[121.3206348,14.3499194],[121.3205409,14.3501767],[121.3202646,14.3508289],[121.3202177,14.3509225],[121.3201721,14.3509835],[121.3201265,14.3510238],[121.3200662,14.3510537],[121.3199924,14.3510641],[121.3198288,14.3510472],[121.3197631,14.3510537],[121.3196759,14.351107],[121.319586,14.3511992],[121.3194627,14.3513837],[121.3192977,14.3516552],[121.3192427,14.3517332],[121.319228,14.3517787],[121.319236,14.3518371],[121.319228,14.3518709],[121.3192038,14.3518956],[121.3191408,14.3519541],[121.3191193,14.3520034],[121.3191247,14.3520567],[121.3191448,14.3521113],[121.3192025,14.3521736],[121.3193165,14.3523088],[121.3194667,14.3524439],[121.319519,14.3525309],[121.319527,14.3525998],[121.3195042,14.3526622],[121.319472,14.3527063],[121.3194144,14.3527622],[121.3194036,14.3528025],[121.3194063,14.3528427],[121.3194278,14.3528921],[121.3194546,14.3529389],[121.3194613,14.3529844],[121.3194653,14.3530558],[121.3194814,14.3531195],[121.3195163,14.3531572],[121.3195726,14.3531845],[121.3196263,14.3532195],[121.3197269,14.3532988],[121.3198435,14.3534417],[121.3199468,14.353595],[121.3200796,14.3537548],[121.3201721,14.3538977],[121.3202324,14.3540173],[121.3203371,14.3542641],[121.3203746,14.3543849],[121.3203934,14.3545123],[121.3204001,14.3546149],[121.320388,14.3546929],[121.3203558,14.3547864],[121.3203518,14.354841],[121.3203572,14.3548981],[121.3203813,14.3549969],[121.3203987,14.3550865],[121.3204014,14.3552113],[121.3203907,14.3553685],[121.320388,14.3554984],[121.3203666,14.3556907],[121.3203156,14.3558986],[121.3202566,14.3560727],[121.3201936,14.3561922],[121.3201131,14.3563559],[121.3200836,14.3564663],[121.3200568,14.3566716],[121.3200662,14.3568522],[121.3200876,14.3569275],[121.3201278,14.357025],[121.3202003,14.3572004],[121.320219,14.3573771],[121.3201681,14.3575382],[121.3201024,14.3576434],[121.3200259,14.3577175],[121.3198355,14.3578318],[121.3197201,14.3579175],[121.3196933,14.3579617],[121.3196826,14.3580267],[121.3197067,14.3581124],[121.3197792,14.3582423],[121.3198033,14.3582969],[121.3198127,14.3583619],[121.3198221,14.3584684],[121.3198569,14.3585568],[121.3199119,14.3586295],[121.3199964,14.3587438],[121.320046,14.3588543],[121.3200715,14.3589452],[121.3200769,14.3590583],[121.3201077,14.3591271],[121.3201426,14.3591687],[121.3202566,14.3592246],[121.3203129,14.3592791],[121.3203451,14.359335],[121.3203612,14.3593857],[121.32038,14.3595546],[121.3203679,14.3596364],[121.3203397,14.3596923],[121.3202968,14.3597286],[121.3202137,14.3597624],[121.3201305,14.3597936],[121.320093,14.3598339],[121.3200688,14.3598923],[121.3200742,14.3599859],[121.3200957,14.3600703],[121.3201024,14.3601678],[121.3200903,14.3602665],[121.3200836,14.3604458],[121.320101,14.3605471],[121.3201439,14.3606147],[121.3201895,14.3606537],[121.320266,14.3606706],[121.3203894,14.360681],[121.3205047,14.3606589],[121.320608,14.3606069],[121.3206857,14.3605783],[121.3207287,14.3605796],[121.3207917,14.3605978],[121.3208225,14.3606355],[121.3208467,14.3607108],[121.3208681,14.3607485],[121.320903,14.360781],[121.3209768,14.3608252],[121.3210827,14.3608693],[121.3211994,14.3609122],[121.3213134,14.3609395],[121.3214488,14.3609889],[121.3215119,14.36102],[121.3215575,14.3610668],[121.321646,14.3612045],[121.3217546,14.3613877],[121.3218458,14.361567],[121.3219249,14.3617697],[121.3220094,14.3620243],[121.3220885,14.3623011],[121.322106,14.3624063],[121.3221355,14.3625141],[121.3221771,14.3625778],[121.3222481,14.3626544],[121.322397,14.3627973],[121.3225767,14.3629766],[121.3226894,14.3631169],[121.3227215,14.3632651],[121.3226947,14.3634547],[121.3225633,14.3636834],[121.3224547,14.3638185],[121.3223849,14.3638744],[121.322291,14.3639068],[121.3221878,14.363938],[121.3221422,14.3639666],[121.3221315,14.3639978],[121.3221328,14.3640589],[121.3221543,14.3641433],[121.3221985,14.3642135],[121.3222548,14.3642745],[121.3223138,14.3643122],[121.3223916,14.3643421],[121.3224399,14.3643499],[121.3225003,14.3643395],[121.3225579,14.3643382],[121.3226049,14.3643525],[121.3226357,14.3643901],[121.3226786,14.3644759],[121.3226813,14.3646188],[121.3226572,14.3647305],[121.3226089,14.3648552],[121.3226062,14.3650086],[121.322629,14.3651164],[121.3226733,14.3652112],[121.3228932,14.3655386],[121.3229629,14.3656114],[121.3229965,14.3656283],[121.323038,14.3656322],[121.3230917,14.3655958],[121.3231507,14.3655282],[121.3232271,14.3654711],[121.323317,14.3654555],[121.3234296,14.3654581],[121.3235986,14.3654983],[121.323899,14.3656114],[121.3240573,14.3657049],[121.3241968,14.3658426],[121.3243201,14.3659985],[121.3244194,14.366183],[121.3245025,14.3663636],[121.3245562,14.3665416],[121.3245937,14.3667261],[121.3246299,14.3669677],[121.324646,14.3671976],[121.3246487,14.3672977],[121.324634,14.36736],[121.324591,14.3674198],[121.3245508,14.3674835],[121.3245387,14.3675393],[121.3245454,14.3675783],[121.3245776,14.3676225],[121.3246487,14.3677199],[121.3246675,14.3677667],[121.3246715,14.3678225],[121.324642,14.3678797],[121.3244542,14.3681525],[121.3244033,14.3682487],[121.3243778,14.3683487],[121.3243631,14.3684643],[121.3243738,14.3685527],[121.3244086,14.368602],[121.3244998,14.368641],[121.3246554,14.3686904],[121.3247332,14.3687346],[121.3247547,14.3687683],[121.3247439,14.3688099],[121.324693,14.3688437],[121.3245803,14.3688853],[121.3245589,14.3689138],[121.3245615,14.3689606],[121.3246259,14.36921],[121.3246608,14.3693659],[121.3246916,14.369492],[121.3247003,14.3695355],[121.3247117,14.369555],[121.3247225,14.3695608],[121.3247352,14.3695563],[121.3247486,14.3695361],[121.3247654,14.3695062],[121.3247935,14.3694744],[121.3248539,14.3694361],[121.3249028,14.3694244],[121.3249236,14.3694257],[121.3249551,14.3694328],[121.3249746,14.3694491],[121.3249893,14.3694679],[121.3249893,14.3694829],[121.32498,14.3694972],[121.3249411,14.3695335],[121.3248948,14.3695816],[121.3248834,14.3695972],[121.3248854,14.3696056],[121.3248975,14.3696082],[121.324923,14.3696043],[121.3249511,14.3696069],[121.3249954,14.3696154],[121.325039,14.3696323],[121.3251516,14.3696933],[121.3253689,14.3698025],[121.3254909,14.36987],[121.3255848,14.3699597],[121.3256586,14.3700571],[121.3257216,14.3701207],[121.3257953,14.3701766],[121.3258705,14.3702546],[121.3259965,14.3704105],[121.326136,14.3706131],[121.3262969,14.3708418],[121.3264257,14.3710652],[121.3265249,14.3712991],[121.3265759,14.3714835],[121.326659,14.3717772],[121.3267314,14.372011],[121.3267958,14.3721903],[121.3269219,14.3724865],[121.3270533,14.3727931],[121.3272223,14.3731932],[121.3273483,14.373531],[121.3275079,14.3740597],[121.3276005,14.3743546],[121.3276353,14.3745495],[121.3276568,14.3747703],[121.3276555,14.3749054],[121.3276407,14.3749795],[121.3276085,14.3750198],[121.32752,14.3750665],[121.3274074,14.3751159],[121.3273349,14.3751679],[121.3272786,14.3752276],[121.3272652,14.3752757],[121.32728,14.3753121],[121.3273108,14.3753342],[121.3273939,14.3753445],[121.3275334,14.3753212],[121.3275978,14.375329],[121.3276407,14.3753497],[121.3276568,14.3753835],[121.3276635,14.3754537],[121.3276622,14.3755264],[121.3276461,14.3755888],[121.3276005,14.3756589],[121.327402,14.3758993],[121.3273497,14.3759746],[121.3273336,14.3760435],[121.3273376,14.3761045],[121.3273698,14.3761864],[121.32741,14.3762526],[121.3274838,14.3763098],[121.3275468,14.3763319],[121.3276353,14.3763734],[121.3276809,14.3764059],[121.327697,14.3764436],[121.3276903,14.3764813],[121.3276689,14.3765137],[121.3276125,14.3765982],[121.3274261,14.3769035],[121.327402,14.3769944],[121.3274235,14.3770802],[121.3274717,14.3771386],[121.3275361,14.3771867],[121.3276233,14.3772036],[121.3277051,14.3772283],[121.3277815,14.377275],[121.3279062,14.3774049],[121.327976,14.3774608],[121.3280551,14.3775063],[121.3281369,14.3775219],[121.328216,14.37754],[121.3282911,14.3775673],[121.3283689,14.3776102],[121.3284561,14.3776414],[121.3285768,14.377657],[121.3286921,14.3776622],[121.328833,14.3776583],[121.3289161,14.3776699],[121.3290073,14.3777063],[121.3292165,14.3778219],[121.329364,14.3779519],[121.3295384,14.3781714],[121.3298026,14.3785702],[121.3301338,14.3791561],[121.3302344,14.379351],[121.3303269,14.3795562],[121.3304812,14.3799719],[121.3305402,14.380224],[121.3305764,14.3804201],[121.3305858,14.3805526],[121.330571,14.3806319],[121.3305348,14.3807046],[121.3304678,14.3807878],[121.3304329,14.3808501],[121.3304222,14.3809372],[121.3304383,14.3810983],[121.3304611,14.3811749],[121.3305107,14.3812463],[121.3305844,14.3813074],[121.3306287,14.381362],[121.3306662,14.3814607],[121.3306984,14.3815906],[121.3307118,14.3817335],[121.3306931,14.3818218],[121.3306233,14.3819362],[121.3305911,14.3819881],[121.3305858,14.382044],[121.3306086,14.3821518],[121.3306716,14.3822233],[121.3307923,14.3823077],[121.3310216,14.3824428],[121.3311812,14.3825389],[121.3312684,14.3825753],[121.3313502,14.3826],[121.3314897,14.3826039],[121.3316426,14.3826234],[121.3317378,14.3826351],[121.3318115,14.3826649],[121.3319135,14.3827455],[121.332061,14.3828819],[121.3321844,14.3830378],[121.3322595,14.3831859],[121.3322984,14.3832729],[121.3323198,14.3833379],[121.3323306,14.3834522],[121.3323493,14.3835041],[121.3323681,14.3835431],[121.3324285,14.3836094],[121.3325357,14.3837756],[121.3326028,14.3838874],[121.3326779,14.3840718],[121.332761,14.3843212],[121.3328147,14.3845005],[121.3329327,14.3848721],[121.3330561,14.3852774],[121.3331071,14.3854826],[121.3331312,14.3856255],[121.3331553,14.3858022],[121.3331553,14.3860048],[121.3331044,14.3865193],[121.3330615,14.3868258],[121.3330051,14.3871636],[121.3329273,14.3875247],[121.3325867,14.3889563],[121.332525,14.3891901],[121.3324606,14.3893668],[121.3323909,14.3895356],[121.3322568,14.3897746],[121.3321146,14.3899877],[121.3319403,14.3902163],[121.3317579,14.390419],[121.331597,14.390658],[121.3315111,14.3908476],[121.3314736,14.3910373],[121.3314669,14.3911627],[121.3314642,14.3912386],[121.3314682,14.3912763],[121.331485,14.3913042],[121.3315098,14.3913159],[121.3315755,14.3913315],[121.3316533,14.3913484],[121.3317224,14.3913893],[121.3317767,14.39144],[121.3318162,14.3915011],[121.3318555,14.3916016],[121.3318576,14.3916156],[121.3319242,14.3918297],[121.3319735,14.3920612],[121.3319982,14.392204],[121.33208,14.3926672],[121.3320917,14.3927565],[121.3321119,14.3928611],[121.3321871,14.393308],[121.3321991,14.3934015],[121.3321991,14.3934561],[121.3318155,14.3934769],[121.3317794,14.3936288],[121.3317793,14.3938912],[121.3317874,14.3939783],[121.3317888,14.3940452],[121.3317666,14.394142],[121.3317325,14.3941991],[121.3317314,14.3942468],[121.3317163,14.3942498],[121.3317069,14.3942539],[121.3317076,14.3942584],[121.3317114,14.394283],[121.3317133,14.3942955],[121.3317248,14.3943708],[121.3317265,14.3943824],[121.3317324,14.3944407],[121.3317364,14.3944777],[121.3317411,14.3945076],[121.3317532,14.3945232],[121.331772,14.3945277],[121.3318323,14.3945219],[121.3321871,14.3945135],[121.3324928,14.3944849],[121.3328871,14.3944381],[121.333276,14.3944017],[121.3335335,14.3943758],[121.3338527,14.3943576],[121.3339198,14.3943654],[121.3339627,14.3943966],[121.3339841,14.3944615],[121.3339975,14.3945706],[121.3340002,14.3946356],[121.3339922,14.3946745],[121.3339466,14.3946953],[121.3336623,14.3947265],[121.3334477,14.3947707],[121.3333726,14.3947888],[121.3332975,14.3948174],[121.3332278,14.394833],[121.3327476,14.394911],[121.332576,14.3949447],[121.3323963,14.3949889],[121.33223,14.3950227],[121.3318679,14.3950876],[121.331318,14.3951682],[121.3307628,14.3952461],[121.3306341,14.3952773],[121.330567,14.395324],[121.3305214,14.3953812],[121.3304919,14.3954955],[121.3305053,14.3957449],[121.3305724,14.3966334],[121.3306206,14.3969114],[121.3306716,14.3970543],[121.3307118,14.3971063],[121.3307708,14.397127],[121.3308808,14.3971322],[121.3310015,14.397153],[121.3311517,14.397205],[121.3313556,14.3972154],[121.3315031,14.3972076],[121.3316238,14.3972102],[121.3318223,14.397231],[121.3319805,14.3972491],[121.3321388,14.3972439],[121.3322246,14.3972336],[121.3322729,14.3972076],[121.3323265,14.397166],[121.3323829,14.3971478],[121.3324633,14.3971244],[121.3325062,14.3971037],[121.332525,14.3970569],[121.3325518,14.3970257],[121.3326162,14.3970049],[121.3327637,14.3969842],[121.3330105,14.3969452],[121.3335201,14.3968594],[121.3337481,14.3968309],[121.3337796,14.3968367],[121.3338017,14.3968471],[121.3338259,14.3968672],[121.3338621,14.3968835],[121.3338956,14.3968906],[121.3339513,14.3968854],[121.3342121,14.3968413],[121.3342383,14.3968432],[121.3342591,14.3968659],[121.3342577,14.3968932],[121.334247,14.3969192],[121.3342148,14.3969621],[121.3341853,14.3969854],[121.3341504,14.3969893],[121.3340834,14.3969893],[121.3338259,14.3970075],[121.3335966,14.3970348],[121.3331996,14.3971011],[121.3327691,14.3971959],[121.3327235,14.3972154],[121.3326994,14.3972336],[121.3326967,14.3972621],[121.3327154,14.3972751],[121.3327637,14.3972803],[121.3328737,14.3972595],[121.3329327,14.3972543],[121.3329864,14.3972829],[121.3330279,14.3973245],[121.3330601,14.3973907],[121.3330641,14.397444],[121.3330454,14.3975141],[121.3329944,14.3975921],[121.33293,14.3976765],[121.3328892,14.3977298],[121.3328764,14.3977538],[121.3328784,14.3977837],[121.3328898,14.3978155],[121.332922,14.3978363],[121.3329676,14.397861],[121.3330159,14.397922],[121.3330802,14.3980194],[121.3331379,14.3980987],[121.3332318,14.398161],[121.333382,14.398226],[121.3336113,14.3982883],[121.3336676,14.398313],[121.3337025,14.3983663],[121.3337186,14.3984416],[121.3337159,14.3985157],[121.3336971,14.3985533],[121.3336435,14.3985949],[121.3335899,14.3986222],[121.3335738,14.3986481],[121.3335711,14.3986832],[121.3335791,14.3987131],[121.3336113,14.3987313],[121.3336636,14.3987326],[121.3337749,14.3987053],[121.3339117,14.3986728],[121.3339519,14.3986611],[121.3339792,14.3986574],[121.3339942,14.3986579],[121.3340063,14.3986618],[121.3340569,14.3986871],[121.3341219,14.3987284],[121.3341752,14.3987878],[121.3343891,14.3990677],[121.3346493,14.3994912],[121.3348103,14.3998835],[121.334947,14.4003745],[121.3349739,14.400546],[121.3349712,14.4006603],[121.334947,14.4007564],[121.3349229,14.4008577],[121.3349363,14.4009408],[121.3349819,14.4010136],[121.3350838,14.4010759],[121.3351777,14.4011565],[121.3352314,14.4012396],[121.3353574,14.4015306],[121.3355479,14.4019384],[121.3356337,14.4021385],[121.3356981,14.4022658],[121.335749,14.4023229],[121.3357946,14.4023463],[121.3358831,14.4023775],[121.3359851,14.4024139],[121.3360816,14.4024736],[121.3361675,14.4025723],[121.3362372,14.4027152],[121.336315,14.4028971],[121.3366422,14.4038349],[121.3367039,14.4040635],[121.3367736,14.4042454],[121.3368595,14.4044376],[121.3369399,14.4046273],[121.3370445,14.4049624],[121.3371545,14.4053936],[121.3373128,14.4061418],[121.3374066,14.4066458],[121.3374442,14.4068329],[121.3374791,14.4069939],[121.3375273,14.4071654],[121.3375783,14.4073394],[121.3376024,14.4074641],[121.3376038,14.4075577],[121.3375904,14.4076785],[121.3375635,14.4078499],[121.3374831,14.4081071],[121.3374428,14.4082214],[121.3373986,14.4082877],[121.3373288,14.4083422],[121.3372242,14.4083929],[121.3371062,14.4084513],[121.3369775,14.4085293],[121.3368434,14.4086332],[121.3368279,14.4086572],[121.3368219,14.4086773],[121.3368246,14.408704],[121.336838,14.4087241],[121.3368997,14.4087631],[121.3369949,14.4088046],[121.3370835,14.4088344],[121.3372028,14.4088774],[121.3372806,14.4088878],[121.3373798,14.4088774],[121.3375354,14.4088436],[121.3377124,14.4088384],[121.3379082,14.4088774],[121.3380879,14.4089813],[121.3382167,14.409132],[121.3383561,14.4093554],[121.3385198,14.4097321],[121.3387035,14.4101646],[121.3388014,14.4104646],[121.338855,14.4107595],[121.3389248,14.4112985],[121.3389811,14.4119974],[121.3389838,14.4125065],[121.3389569,14.4128724],[121.3389221,14.4133443],[121.3389006,14.4135366],[121.3388617,14.4137184],[121.3388363,14.4138665],[121.3388349,14.4140145],[121.3388537,14.4141561],[121.3388872,14.4143029],[121.3389945,14.414564],[121.3390964,14.4147484],[121.3391501,14.4148939],[121.339201,14.4151433],[121.3392413,14.4155148],[121.3392735,14.4157771],[121.339359,14.41625],[121.3393995,14.4164889],[121.3394156,14.4166578],[121.339421,14.4170033],[121.3394183,14.4174813],[121.3394102,14.4177332],[121.3393942,14.4179709],[121.339362,14.4182943],[121.339311,14.4186892],[121.3392735,14.4188606],[121.3392305,14.4190009],[121.3391581,14.4192269],[121.3391098,14.419375],[121.3390374,14.4196893],[121.3389838,14.4199777],[121.338914,14.4202141],[121.3386632,14.4208908],[121.3385801,14.4211297],[121.3385332,14.4212376],[121.3384607,14.4213454],[121.3383991,14.4214129],[121.3383374,14.4214493],[121.3382609,14.4214921],[121.3382073,14.4215519],[121.3381925,14.4216064],[121.3381912,14.4216675],[121.3382113,14.4217506],[121.3382153,14.4218402],[121.3382086,14.4219065],[121.3381952,14.4219857],[121.3381483,14.4221857],[121.3381362,14.4222623],[121.3381483,14.4223234],[121.3381737,14.4223662],[121.3382039,14.4223994],[121.3383266,14.4225156],[121.3383628,14.4225663],[121.3383749,14.422613],[121.3383655,14.4226975],[121.3383092,14.423104],[121.3381872,14.4239573],[121.3380477,14.4248301],[121.3379243,14.4254328],[121.3377526,14.4260536],[121.3376051,14.4265394],[121.3374951,14.4269394],[121.3373771,14.4273395],[121.3372752,14.427659],[121.3371652,14.4279837],[121.337007,14.4283707],[121.33672,14.4289734],[121.3366073,14.4291967],[121.3364088,14.4294955],[121.33604,14.4299916],[121.3358697,14.4301812],[121.3357624,14.4302955],[121.3356203,14.4304046],[121.335509,14.4304592],[121.3352904,14.4305241],[121.3351697,14.4305384],[121.3350825,14.4305241],[121.3349967,14.4304968],[121.3348223,14.4303955],[121.3347124,14.4303735],[121.334644,14.4303877],[121.3345756,14.4304176],[121.3343033,14.4305891],[121.3341075,14.4307085],[121.3340787,14.4307157],[121.3340485,14.4307137],[121.3340083,14.4306956],[121.333791,14.4305371],[121.3337333,14.4305254],[121.3336757,14.4305293],[121.3335657,14.4305813],[121.3334155,14.4306904],[121.3332143,14.4308774],[121.333162,14.430941],[121.3331363,14.4309772],[121.3331218,14.4309975],[121.3330574,14.4310956],[121.332918,14.4313229],[121.3328348,14.4313852],[121.3327704,14.4314073],[121.3327101,14.4314105],[121.3323685,14.4314065],[121.3323346,14.4314047],[121.3323037,14.4314125],[121.3322769,14.431432],[121.3322353,14.4314774],[121.3320905,14.4316774],[121.3318893,14.4320125],[121.3317713,14.4322099],[121.3316882,14.4323814],[121.3316479,14.4325264],[121.3316399,14.4325551],[121.3316312,14.4325898],[121.331546,14.4329087],[121.3315058,14.4330041],[121.3314709,14.4330464],[121.3314535,14.4330622],[121.3314039,14.4331074],[121.3313863,14.4331264],[121.3313328,14.433184],[121.3312988,14.433223],[121.3312609,14.4332872],[121.3312322,14.433336],[121.331192,14.433449],[121.3311877,14.433464],[121.3311806,14.4334891],[121.3311566,14.4335744],[121.331133,14.4336582],[121.3310927,14.4338009],[121.3310873,14.4338399],[121.3311061,14.4338633],[121.3312778,14.434088],[121.331318,14.4341958],[121.3313287,14.4343425],[121.3313153,14.4345166],[121.3312831,14.4346776],[121.3311383,14.4350724],[121.3309023,14.4355945],[121.3306072,14.4363141],[121.3304637,14.436531],[121.3304168,14.4365803],[121.3303739,14.4366011],[121.3303229,14.4366128],[121.3302787,14.4366154],[121.3302176,14.4366146],[121.3300915,14.4366131],[121.3300527,14.4366115],[121.3300279,14.4366127],[121.3298643,14.4366206],[121.3296899,14.436653],[121.3295558,14.4366933],[121.3288933,14.4370492],[121.3283998,14.4374128],[121.3281001,14.4376206],[121.3277453,14.4378128],[121.3276508,14.4378432],[121.3274449,14.4378959],[121.3272893,14.4379362],[121.3272612,14.4379596],[121.3272531,14.4380083],[121.3272605,14.4380336],[121.3272833,14.438055],[121.3273886,14.4380856],[121.3274878,14.4381245],[121.3275495,14.4381739],[121.3276058,14.4382583],[121.3276649,14.4383232],[121.3277017,14.4383414],[121.3277634,14.4383479],[121.3278311,14.4383245],[121.3280363,14.4381895],[121.3281074,14.4381752],[121.3281651,14.4381778],[121.3282925,14.438231],[121.3283958,14.4382908],[121.3284883,14.4383505],[121.3285392,14.4384206],[121.3285661,14.4384908],[121.3285607,14.4385687],[121.3285312,14.4387194],[121.3285312,14.4388051],[121.3285661,14.4388674],[121.3286224,14.4389012],[121.3287109,14.4389142],[121.3287941,14.438883],[121.3291615,14.4386557],[121.3292581,14.4386258],[121.3293385,14.4386349],[121.3294579,14.4386908],[121.3295451,14.43877],[121.3297489,14.4389914],[121.329985,14.4392609],[121.3301767,14.4395181],[121.3302317,14.439622],[121.3302827,14.4397376],[121.3303202,14.4399791],[121.3303256,14.4404727],[121.3302666,14.4409142],[121.3302183,14.4412805],[121.3301781,14.4415116],[121.3300681,14.4418753],[121.3299018,14.4423065],[121.3295987,14.4429844],[121.3295531,14.4430571],[121.3294297,14.4431636],[121.329301,14.4432026],[121.3291588,14.4431974],[121.3289121,14.4431558],[121.3287351,14.443161],[121.3285956,14.4432156],[121.32844,14.4433221],[121.3283783,14.4434052],[121.328322,14.4435221],[121.3282874,14.4436005],[121.3282201,14.4437532],[121.3281087,14.4439782],[121.3281006,14.4439961],[121.3280928,14.4440138],[121.3280864,14.4440248],[121.3280775,14.44405],[121.3280716,14.4440648],[121.3276085,14.4450364],[121.327115,14.4460052],[121.3269527,14.4463227],[121.3269192,14.446374],[121.3268629,14.4464214],[121.3264954,14.4466597],[121.3260877,14.4468727],[121.3255915,14.447161],[121.3253984,14.4473117],[121.3253635,14.4473896],[121.3253581,14.4474597],[121.3255727,14.4481974],[121.3256478,14.4485766],[121.3256612,14.4487117],[121.3256559,14.4488052],[121.3255995,14.4490234],[121.325393,14.4496311],[121.3253568,14.4497221],[121.3253394,14.4497766],[121.3253219,14.4498844],[121.3252857,14.4504805],[121.3252482,14.4511116],[121.3252535,14.4512389],[121.3252777,14.4513922],[121.3253313,14.451509],[121.3257819,14.452322],[121.3259992,14.4526519],[121.3262969,14.4530441],[121.3265839,14.4534544],[121.3268307,14.4537609],[121.3270158,14.4539479],[121.3273135,14.4542025],[121.3274878,14.4543973],[121.3276219,14.4546388],[121.3277051,14.4548856],[121.3277346,14.4551894],[121.327697,14.4557193],[121.3276273,14.4561297],[121.327461,14.4568309],[121.3271123,14.4579529],[121.3267025,14.4591315],[121.3263237,14.4599217],[121.3258731,14.4608463],[121.3255555,14.4613812],[121.3252366,14.4617916],[121.3250899,14.4619137],[121.3249585,14.4620033],[121.324815,14.462054],[121.3246541,14.46208],[121.3244422,14.4620988],[121.3244129,14.4621038],[121.3242766,14.4621267],[121.3239741,14.4621774],[121.32391,14.4621843],[121.3238588,14.462189],[121.3238052,14.4621955],[121.3236979,14.462228],[121.3235187,14.4623283],[121.3235007,14.4623384],[121.3234672,14.4623449],[121.323431,14.462341],[121.3232875,14.4622942],[121.323256,14.4622851],[121.3232342,14.4622829],[121.3232131,14.4622858],[121.3231654,14.4623059],[121.3230139,14.4624306],[121.3229267,14.4625189],[121.3228717,14.4625955],[121.3227886,14.4627656],[121.3227001,14.4629864],[121.3226622,14.4631973],[121.3226598,14.463311],[121.3226786,14.4634227],[121.3227028,14.4635734],[121.3226974,14.463698],[121.3226733,14.4638357],[121.3226263,14.4639863],[121.3225901,14.4641006],[121.3225552,14.4641928],[121.322456,14.4644408],[121.3223863,14.4645759],[121.3223112,14.4647239],[121.3222253,14.4648746],[121.3221409,14.4650129],[121.321705,14.4655888],[121.3213697,14.4659212],[121.3210908,14.4661472],[121.320911,14.4662718],[121.3207313,14.4663783],[121.3206401,14.4664381],[121.320547,14.4664963],[121.3202861,14.4666354],[121.3199347,14.4667757],[121.319527,14.4668848],[121.3192052,14.4669289],[121.3189557,14.4669575],[121.3188779,14.4669731],[121.3188216,14.4669938],[121.3186768,14.4670562],[121.3184032,14.4671938],[121.317738,14.4676172],[121.3173223,14.4679028],[121.3170299,14.4681054],[121.316539,14.468482],[121.3160214,14.4688612],[121.3158631,14.4689625],[121.3157129,14.4690066],[121.3155118,14.4690118],[121.3153669,14.4689898],[121.315214,14.4689482],[121.3149968,14.4688482],[121.3149539,14.4688411],[121.3149123,14.4688495],[121.3148767,14.4688657],[121.3148519,14.4688872],[121.3148318,14.4689417],[121.3147929,14.4691417],[121.3147205,14.4692326],[121.3146239,14.4692975],[121.3144576,14.4693443],[121.3141894,14.4693936],[121.3139105,14.4694274],[121.3137227,14.4694352],[121.3134706,14.4694248],[121.3131381,14.4693754],[121.3128671,14.4693235],[121.312387,14.4691806],[121.3115448,14.4689339],[121.3104933,14.4686378],[121.3100776,14.4685521],[121.3096189,14.4684976],[121.309332,14.468469],[121.3089833,14.4684794],[121.3086668,14.4685262],[121.3083476,14.4685963],[121.3076502,14.4687443],[121.307264,14.4688274],[121.3065049,14.4689885],[121.3061964,14.4690534],[121.3060811,14.469082],[121.305939,14.469082],[121.3057592,14.4690664],[121.3055232,14.469056],[121.3051772,14.4690742],[121.3047722,14.4691066],[121.3045751,14.4691365],[121.3042304,14.4692092],[121.3039166,14.4692871],[121.3038173,14.4693235],[121.3037302,14.4693754],[121.3036269,14.4694455],[121.3034995,14.4695235],[121.3033573,14.4696312],[121.3032661,14.4697131],[121.303187,14.4697702],[121.3028893,14.4698845],[121.3024923,14.4700351],[121.3023904,14.4700922],[121.3023153,14.4701624],[121.3022751,14.4702273],[121.3022623,14.4703182],[121.3022637,14.4704052],[121.3022677,14.4704714],[121.3023126,14.4706376],[121.3023622,14.470787],[121.3024347,14.4708792],[121.3025138,14.4709688],[121.3026278,14.4710376],[121.3027659,14.4710765],[121.3029376,14.4710778],[121.303702,14.4709181],[121.3041741,14.4708922],[121.3045174,14.470887],[121.3047534,14.4709259],[121.3050029,14.4710817],[121.3051665,14.4712246],[121.3054508,14.4715258],[121.3057458,14.4719206],[121.3059229,14.4722686],[121.3060033,14.4725647],[121.3060838,14.4729698],[121.3061535,14.4739723],[121.3061455,14.474458],[121.3061428,14.474793],[121.3060999,14.4752605],[121.3060458,14.4756035],[121.3058397,14.4763382],[121.3057378,14.476594],[121.3056909,14.4766992],[121.3056412,14.4767564],[121.3055782,14.476779],[121.3055024,14.4767804],[121.3054565,14.4767599],[121.3054344,14.4767443],[121.3054065,14.4767278],[121.305376,14.4767219],[121.3053445,14.4767271],[121.305311,14.4767349],[121.3052817,14.4767375],[121.3052657,14.4767973],[121.305303,14.4768528],[121.3053274,14.4768787],[121.3053505,14.4768972],[121.3053817,14.476908],[121.3054106,14.4769096],[121.3054766,14.4769148],[121.3055125,14.4769226],[121.3055742,14.4769537],[121.305609,14.4770135],[121.3056198,14.4770706],[121.3056198,14.4771355],[121.3055581,14.4773381],[121.3054535,14.4775692],[121.3050243,14.4783276],[121.3048795,14.4785951],[121.304732,14.4788184],[121.3045228,14.4790443],[121.3043833,14.4791508],[121.3042317,14.4792443],[121.3041446,14.4792924],[121.3040775,14.4793144],[121.303989,14.4793222],[121.3038683,14.4793053],[121.3038408,14.4793108],[121.3038242,14.4793379],[121.3038002,14.4793771],[121.3038106,14.4794521],[121.3038602,14.4795897],[121.3039273,14.4797014],[121.3040202,14.4798352],[121.3040641,14.479878],[121.3042411,14.4800364],[121.3042679,14.4800961],[121.3042653,14.4801688],[121.3040265,14.4808726],[121.3038103,14.4814756],[121.3038023,14.4815048],[121.3037899,14.4815384],[121.3035384,14.4820776],[121.3032836,14.4826152],[121.3027471,14.4835294],[121.3024896,14.483867],[121.3022616,14.4841344],[121.3020605,14.4843058],[121.3019156,14.4844071],[121.3017198,14.4844902],[121.3013953,14.4845422],[121.3007301,14.4845266],[121.2999952,14.4844643],[121.299009,14.4842449],[121.2983966,14.4840124],[121.2973988,14.4835501],[121.2966531,14.483171],[121.2963045,14.4830619],[121.2959933,14.48301],[121.2957036,14.48301],[121.2950385,14.4830827],[121.2942123,14.4832723],[121.2937322,14.4833709],[121.2935096,14.4834411],[121.2933165,14.4835294],[121.2930536,14.4836748],[121.2927255,14.4839324],[121.2926567,14.4839864],[121.2920987,14.4843604],[121.2916803,14.4845162],[121.2912726,14.4845785],[121.2908328,14.4845474],[121.2902856,14.4844902],[121.289894,14.4844279],[121.2894112,14.4842929],[121.2890303,14.484163],[121.2885046,14.4839734],[121.2881371,14.4838046],[121.2880701,14.4837579],[121.2879708,14.4836436],[121.2877643,14.4832229],[121.2874478,14.482662],[121.2872413,14.4824672],[121.287083,14.4823867],[121.2868926,14.4823633],[121.2866378,14.4823841],[121.2863588,14.482436],[121.2859324,14.4824906],[121.2857768,14.4824854],[121.28564,14.4824386],[121.2854898,14.4823425],[121.2852511,14.482088],[121.2851384,14.4819062],[121.2850741,14.4816725],[121.2850177,14.481431],[121.2848514,14.4809064],[121.2847388,14.480735],[121.2846134,14.4806155],[121.284539,14.4805759],[121.284484,14.4805584],[121.2844545,14.4805558],[121.2844303,14.4805616],[121.2843955,14.4805844],[121.2843559,14.4806162],[121.2843177,14.4806525],[121.2842922,14.4806753],[121.2841138,14.4809402],[121.2839529,14.4811674],[121.2838966,14.4812077],[121.2837249,14.4813661],[121.2835988,14.4815141],[121.2834513,14.4817271],[121.2832796,14.4819919],[121.2830973,14.4823244],[121.2829739,14.4826412],[121.2829149,14.4828593],[121.28277,14.4834359],[121.2826976,14.4835501],[121.2826413,14.4836151],[121.282534,14.4836852],[121.2822685,14.4837709],[121.2816958,14.4839202],[121.2816113,14.4839527],[121.2815671,14.4839994],[121.2815094,14.4840708],[121.2814008,14.4842747],[121.2813243,14.4844097],[121.2813096,14.4844409],[121.2813055,14.4844695],[121.2813109,14.4845162],[121.2813297,14.4845915],[121.2815309,14.4853472],[121.2815416,14.4854563],[121.2815402,14.4855342],[121.2815309,14.4856069],[121.2814879,14.4857212],[121.2813163,14.4860744],[121.2808603,14.48676],[121.2804151,14.4874507],[121.2801468,14.487913],[121.279943,14.4883025],[121.2794065,14.4893776],[121.2788647,14.4903904],[121.2783524,14.4912864],[121.2779367,14.4919278],[121.2775826,14.492442],[121.2770837,14.4932054],[121.2768692,14.4935846],[121.2767341,14.4938963],[121.2766278,14.4941689],[121.276554,14.494387],[121.2764896,14.4945805],[121.2764183,14.4947633],[121.2763689,14.4948804],[121.276314,14.4950232],[121.2762576,14.4951388],[121.2762093,14.4952402],[121.2761664,14.4953206],[121.2761583,14.4954057],[121.276154,14.4954533],[121.276145,14.4954877],[121.2761403,14.4955176],[121.2761053,14.4955897],[121.2760173,14.4959339],[121.2760005,14.4960159],[121.2759737,14.4961195],[121.2759172,14.4963532],[121.2758392,14.4966592],[121.2756836,14.4972773],[121.2756246,14.4975993],[121.275571,14.4981706],[121.275512,14.4988354],[121.2754959,14.499308],[121.2755442,14.4999104],[121.2756005,14.5005466],[121.2756917,14.5010919],[121.2757882,14.5017385],[121.2759009,14.5022579],[121.2761342,14.5029902],[121.2763274,14.5034628],[121.2765849,14.5040756],[121.276904,14.5047404],[121.2771133,14.5052883],[121.2773788,14.5062049],[121.2776765,14.5075967],[121.2778589,14.50849],[121.2779447,14.5092326],[121.2779528,14.5095365],[121.277926,14.5097598],[121.2778348,14.5101311],[121.2770864,14.511902],[121.2766305,14.5127952],[121.2764481,14.5131458],[121.2763864,14.5134132],[121.2763837,14.513608],[121.2764695,14.5139352],[121.2765259,14.5141533],[121.276536,14.5142633],[121.276491,14.5144285],[121.2763859,14.5146057],[121.2761798,14.5148647],[121.2759197,14.5150127],[121.2757319,14.5150413],[121.2755468,14.5150153],[121.2753725,14.5148933],[121.275174,14.5146181],[121.2750748,14.514374],[121.2749809,14.5141091],[121.2749702,14.5140312],[121.2749801,14.5139538],[121.2750265,14.5138624],[121.2753618,14.5135067],[121.2753779,14.5134405],[121.2753658,14.5133886],[121.2753215,14.5133509],[121.2744082,14.512877],[121.2743117,14.512855],[121.2742379,14.512855],[121.2736425,14.5129588],[121.2735848,14.5130004],[121.273558,14.5130822],[121.2735593,14.5131406],[121.2736022,14.5132574],[121.2736908,14.5134678],[121.2740582,14.5146934],[121.2741119,14.5148154],[121.2742192,14.5148933],[121.2743291,14.5149426],[121.2745249,14.5149894],[121.2747207,14.5150855],[121.2748602,14.5152179],[121.2749138,14.5153295],[121.2749273,14.5155321],[121.2748863,14.5156664],[121.2747502,14.5157554],[121.2745813,14.5157813],[121.2742621,14.5157761],[121.2740716,14.5157372],[121.2738624,14.5156645],[121.27379,14.5155944],[121.2737524,14.5154749],[121.2736881,14.5152101],[121.2735486,14.5146544],[121.2733904,14.5142416],[121.2732482,14.5138599],[121.2731731,14.5135846],[121.2730578,14.5129822],[121.2729176,14.5120928],[121.2729022,14.5120487],[121.272876,14.5120188],[121.2728479,14.5120052],[121.2728029,14.5120007],[121.2727752,14.5120116],[121.2727587,14.5120429],[121.2727547,14.5120909],[121.2727278,14.5128446],[121.2727421,14.5130459],[121.2727627,14.5133224],[121.2729491,14.5150945],[121.2729317,14.5151582],[121.2729076,14.515188],[121.2728432,14.5152296],[121.2722746,14.5152568],[121.2721217,14.515301],[121.271942,14.5154412],[121.2718226,14.515523],[121.271714,14.5155788],[121.271545,14.5156152],[121.2708423,14.5155944],[121.2706947,14.5155243],[121.2706035,14.5154022],[121.2703514,14.5147791],[121.269992,14.5139871],[121.2697211,14.5134885],[121.2691283,14.5125693],[121.2688011,14.5121045],[121.2684122,14.5116787],[121.2675592,14.510962],[121.2671059,14.5105725],[121.266886,14.5103622],[121.2667653,14.5102064],[121.266481,14.5096871],[121.2664407,14.509552],[121.2664247,14.5094144],[121.2665083,14.5080054],[121.2664971,14.5077837],[121.2664568,14.507524],[121.2662342,14.5065347],[121.266025,14.5055298],[121.2658855,14.5047923],[121.2657702,14.5041912],[121.265624,14.5037887],[121.2654886,14.5036303],[121.265333,14.5035251],[121.2651654,14.5034784],[121.2650245,14.503481],[121.2647617,14.5035173],[121.2646195,14.5035718],[121.2645498,14.5036835],[121.2644975,14.5038367],[121.2644707,14.5039562],[121.2644412,14.5043392],[121.264413,14.5044599],[121.2643178,14.5046495],[121.2641998,14.5048196],[121.2640496,14.5049689],[121.2634957,14.5054571],[121.2631899,14.5058128],[121.2628332,14.5063296],[121.2624577,14.5069164],[121.2619212,14.5076954],[121.2617146,14.5080479],[121.2615591,14.5083134],[121.2612641,14.5091392],[121.2610522,14.5099182],[121.2608886,14.5102973],[121.2607276,14.5105569],[121.2604541,14.5107543],[121.2601912,14.5108737],[121.2591505,14.5112476],[121.258142,14.5116164],[121.258,14.51175],[121.2578952,14.5119539],[121.2575653,14.5128602],[121.2575,14.513],[121.257222,14.5133042],[121.2570047,14.513434],[121.2568626,14.5134807],[121.2567392,14.5134756],[121.2566078,14.5134028],[121.2565112,14.51326],[121.2564898,14.5131614],[121.25675,14.51125],[121.2567794,14.5106816],[121.2567204,14.5101778],[121.256023,14.507093],[121.2559721,14.5066749],[121.2559485,14.5061351],[121.2558755,14.5054025],[121.2557924,14.5050494],[121.2556368,14.5047196],[121.2548831,14.5035744],[121.2547114,14.503255],[121.2545961,14.5029382],[121.2545559,14.5026993],[121.2546068,14.5024241],[121.2546712,14.5022189],[121.2548026,14.5019748],[121.254926,14.5017931],[121.2558943,14.500692],[121.2562081,14.500248],[121.2564361,14.4997546],[121.256483,14.4995949],[121.2565166,14.4994378],[121.2566882,14.4982225],[121.2579016,14.4955958],[121.2579276,14.4953437],[121.2578375,14.4950235],[121.2578209,14.4947858],[121.2578065,14.4946656],[121.2575733,14.494533],[121.2569303,14.492849],[121.2565855,14.4934956],[121.2563565,14.493588],[121.2560376,14.4938615],[121.2552051,14.4944767],[121.2553411,14.4951233],[121.2552355,14.4955045],[121.2551112,14.4959846],[121.2549657,14.4962817],[121.2554642,14.4962864],[121.255348,14.4969244],[121.255188,14.4975809],[121.2553194,14.4977498],[121.2551709,14.4980521],[121.2550432,14.4980036],[121.2548927,14.4982804],[121.2548049,14.4986232],[121.2547268,14.4988168],[121.2544414,14.4990341],[121.2544602,14.4993722],[121.2543446,14.4996464],[121.2541544,14.4997697],[121.2539571,14.4998932],[121.2538281,14.5000542],[121.2537277,14.5000624],[121.2536066,14.5000674],[121.2535061,14.5000403],[121.2534128,14.5000036],[121.2533397,14.5000181],[121.2532824,14.5000452],[121.253205,14.5000951],[121.2531724,14.5001796],[121.2530503,14.500116],[121.252983,14.499992],[121.2528972,14.500023],[121.2528237,14.5000691],[121.2527092,14.5000904],[121.2526483,14.5000613],[121.2525739,14.5000017],[121.2525744,14.4998808],[121.2524885,14.4998725],[121.2523627,14.4998938],[121.2522973,14.4999158],[121.2522448,14.4998936],[121.2521742,14.4998068],[121.2520896,14.4997913],[121.2519986,14.4998501],[121.2518425,14.4997708],[121.2517632,14.4997967],[121.2516875,14.4998079],[121.2515918,14.4999203],[121.2514897,14.4999198],[121.2513586,14.4999332],[121.25127,14.4998734],[121.2511867,14.4998728],[121.2510533,14.4998949],[121.2510057,14.4998539],[121.2509287,14.4999107],[121.250846,14.4998443],[121.2507299,14.5000987],[121.2506426,14.5003171],[121.2504448,14.5004615],[121.2502907,14.5004079],[121.2501599,14.5002634],[121.2500368,14.5001036],[121.2499639,14.4998359],[121.2499172,14.4995288],[121.2498434,14.4992551],[121.2495048,14.49948],[121.2492294,14.4998451],[121.2490936,14.4995036],[121.2488464,14.4991571],[121.2486258,14.4993413],[121.2482739,14.4994368],[121.2480106,14.4998624],[121.2477115,14.5002511],[121.2473415,14.5001409],[121.2469938,14.4998943],[121.2466417,14.5000831],[121.2463161,14.5000623],[121.2459028,14.4998372],[121.2456118,14.4998191],[121.2455948,14.5001399],[121.2453496,14.5004061],[121.245132,14.5003003],[121.2444903,14.5004765],[121.2446821,14.5008845],[121.2448045,14.5011859],[121.2442061,14.5013375],[121.2438595,14.5009163],[121.2433373,14.5007427],[121.2429182,14.5010037],[121.2431385,14.5013624],[121.2429933,14.5016133],[121.2425713,14.5015492],[121.2423147,14.5018548],[121.2415844,14.5018442],[121.241091,14.5006946],[121.2405517,14.4997712],[121.2404074,14.498882],[121.2403063,14.4983395],[121.2397766,14.4978726],[121.2398132,14.4976562],[121.2395122,14.4971586],[121.2393127,14.4969758],[121.2391811,14.4967709],[121.2390405,14.4966632],[121.2389881,14.4965843],[121.2390152,14.4965076],[121.2390494,14.4964101],[121.238964,14.4962282],[121.2389469,14.4960748],[121.2389253,14.4958385],[121.2389303,14.4955637],[121.2389085,14.4952088],[121.2389465,14.4950461],[121.2388364,14.494959],[121.2388248,14.494818],[121.2388832,14.4945812],[121.2390436,14.4942955],[121.2389441,14.4942161],[121.2390524,14.4939381],[121.2391033,14.4938271],[121.2391291,14.4936444],[121.2390786,14.4934518],[121.2392807,14.4933369],[121.2391501,14.4932326],[121.2391224,14.4930649],[121.2391059,14.492875],[121.2392424,14.4927176],[121.2391665,14.4925291],[121.2384807,14.4924718],[121.2384928,14.4924523],[121.2384888,14.4924329],[121.2384754,14.4924121],[121.2384459,14.4923913],[121.238297,14.4922768],[121.2382544,14.492244],[121.2382407,14.4922504],[121.2382078,14.4922673],[121.238136,14.4923281],[121.238116,14.4923371],[121.2381009,14.49234],[121.2380818,14.4923387],[121.2380626,14.4923326],[121.2380504,14.4923245],[121.2380268,14.4922968],[121.2380214,14.4922865],[121.2380187,14.4922666],[121.2380241,14.4922329],[121.238071,14.492182],[121.2381207,14.4921281],[121.2380791,14.4920907],[121.2378618,14.4918966],[121.2371108,14.4911968],[121.2369136,14.4910306],[121.236683,14.4908475],[121.2364805,14.4907111],[121.2364288,14.4906878],[121.2363625,14.4906702],[121.2360097,14.4906319],[121.2359333,14.4906112],[121.2358622,14.4905488],[121.2358233,14.4904502],[121.2358086,14.4903034],[121.2358341,14.4900827],[121.2359266,14.4897321],[121.2360017,14.4895529],[121.2360688,14.4894127],[121.2361452,14.4892718],[121.2361908,14.4892011],[121.2362257,14.4891452],[121.2362473,14.489112],[121.236249,14.4890877],[121.2362506,14.4890653],[121.2362579,14.489018],[121.2362592,14.4889641],[121.2362579,14.4889102],[121.2362465,14.4888388],[121.236176,14.4885388],[121.2361821,14.4884855],[121.2361975,14.488448],[121.2363477,14.4883519],[121.2363824,14.4883401],[121.2365328,14.4883558],[121.236577,14.4883506],[121.2366226,14.4883194],[121.2366421,14.4882811],[121.2366481,14.4882363],[121.2366092,14.4880974],[121.2365368,14.4879623],[121.2364625,14.4878652],[121.2363678,14.4877987],[121.2362552,14.4877689],[121.2361755,14.4877682],[121.2360312,14.4878533],[121.2359686,14.4879169],[121.2359346,14.4879922],[121.2359212,14.4881571],[121.2359085,14.488198],[121.2358803,14.4882227],[121.2353915,14.4885311],[121.2352978,14.4885663],[121.2351286,14.4886064],[121.2349409,14.4886193],[121.2346888,14.488609],[121.2345386,14.48857],[121.2344125,14.4885077],[121.2343132,14.4883986],[121.2342328,14.4881986],[121.2341443,14.4878247],[121.2340638,14.4875728],[121.2339646,14.4873365],[121.2338197,14.4870534],[121.2338036,14.4869288],[121.2338278,14.4868067],[121.2338935,14.4866678],[121.2339344,14.4866087],[121.2339478,14.4865814],[121.2339525,14.4865541],[121.2339424,14.4864857],[121.2339438,14.486472],[121.2339498,14.4864607],[121.2339558,14.4864574],[121.2342274,14.4864412],[121.2342418,14.4864326],[121.2342462,14.4864178],[121.2342354,14.4863218],[121.2342194,14.486173],[121.2342227,14.4861581],[121.2342328,14.4861497],[121.2343537,14.4861484],[121.2343633,14.4861262],[121.2343658,14.4858285],[121.2343287,14.485642],[121.2342696,14.4854524],[121.2341322,14.4849953],[121.2341268,14.4849814],[121.2341265,14.4849637],[121.2341322,14.4848045],[121.2341329,14.4847798],[121.2341242,14.4847606],[121.2341027,14.4847421],[121.2338667,14.4846331],[121.2338556,14.4846168],[121.2338529,14.4845967],[121.23386,14.4845772],[121.2348229,14.4835735],[121.2348899,14.4835306],[121.2349918,14.4835164],[121.235126,14.4835112],[121.2351984,14.4834852],[121.2352614,14.4834333],[121.2353191,14.4833631],[121.2354022,14.4832333],[121.23548,14.4830359],[121.2354907,14.4829009],[121.2354733,14.4827996],[121.2354183,14.4827334],[121.2353392,14.4826827],[121.2351474,14.4826285],[121.2351035,14.4826201],[121.235076,14.4826181],[121.2350482,14.4826204],[121.2348604,14.4826879],[121.2347692,14.4827029],[121.2346626,14.4826964],[121.2345788,14.4826568],[121.2345037,14.4825763],[121.2344782,14.482475],[121.2344836,14.4823724],[121.2345198,14.4822257],[121.2345573,14.4821517],[121.2346029,14.4820945],[121.2346512,14.4820517],[121.2348926,14.4820049],[121.2350468,14.4819829],[121.2351742,14.481966],[121.2352748,14.4819426],[121.235366,14.4818946],[121.2354492,14.4818153],[121.2358139,14.4813596],[121.2358797,14.4812661],[121.235991,14.4811012],[121.2360916,14.4809518],[121.236231,14.4806441],[121.2363383,14.4803896],[121.2364295,14.4801688],[121.2365529,14.4799014],[121.2366602,14.4796884],[121.2367541,14.4795443],[121.2368613,14.4793677],[121.2369606,14.4791534],[121.2370196,14.478982],[121.2370545,14.4787353],[121.2370303,14.4785379],[121.236974,14.4783613],[121.2368654,14.4781341],[121.2366548,14.4776212],[121.2363571,14.4769979],[121.2359711,14.4761479],[121.2358394,14.47585],[121.2357053,14.4754241],[121.2355605,14.474941],[121.2353325,14.4741359],[121.2350723,14.4732217],[121.2349892,14.4730555],[121.2349221,14.4729465],[121.2348363,14.4728582],[121.2335622,14.4717128],[121.2334335,14.4716375],[121.233294,14.4715934],[121.2327375,14.4715336],[121.2325779,14.471531],[121.232205,14.4715336],[121.2320749,14.4715258],[121.2319314,14.471509],[121.2317866,14.4714609],[121.2316659,14.4713869],[121.2314875,14.4712687],[121.2314004,14.4712012],[121.2313709,14.4711441],[121.2313601,14.4710389],[121.2313534,14.4708831],[121.2313548,14.4705701],[121.2313373,14.4702091],[121.2313119,14.4701286],[121.2312716,14.4700767],[121.2311818,14.4700247],[121.2309296,14.469952],[121.2307513,14.4698819],[121.2304965,14.4697793],[121.2300794,14.4696027],[121.2300016,14.4695832],[121.2299386,14.4695793],[121.2298916,14.4695962],[121.229846,14.4696455],[121.2297884,14.4697247],[121.2297575,14.4698169],[121.2297186,14.4700052],[121.2296815,14.4701156],[121.2296341,14.4702065],[121.2295765,14.4702974],[121.2295206,14.4703545],[121.229323,14.4704636],[121.2291071,14.4705623],[121.2290807,14.4705935],[121.2290789,14.4706363],[121.229095,14.4707194],[121.2291312,14.4707999],[121.2291875,14.4708973],[121.229203,14.4709759],[121.2292003,14.4710175],[121.2291929,14.4710467],[121.2291681,14.4710707],[121.2291057,14.4710947],[121.2290139,14.4711187],[121.2290293,14.4712064],[121.2287892,14.4712856],[121.2288035,14.4713298],[121.2288751,14.4713174],[121.2289637,14.4715702],[121.2290313,14.4717141],[121.229199,14.4716894],[121.229433,14.4718479],[121.2297441,14.4720531],[121.2298581,14.4721569],[121.2299493,14.4722569],[121.2300566,14.4724179],[121.2301424,14.4725569],[121.2302309,14.4727763],[121.2303208,14.4730594],[121.2303704,14.4733178],[121.2304133,14.4736165],[121.2304133,14.4738944],[121.2303735,14.4740985],[121.2303141,14.4742917],[121.2302121,14.4744735],[121.2300485,14.4746527],[121.2297803,14.4748527],[121.229091,14.4753539],[121.2281388,14.4761357],[121.2275434,14.4766447],[121.2270471,14.477029],[121.2269077,14.4771199],[121.2267186,14.4772095],[121.2264839,14.4772485],[121.2263592,14.4772485],[121.226221,14.4772004],[121.2261271,14.4771576],[121.2260561,14.4771329],[121.2259729,14.4771238],[121.2258656,14.4771329],[121.2256537,14.4771492],[121.2256095,14.4771446],[121.2255887,14.4771238],[121.2255806,14.4770888],[121.2255599,14.476844],[121.2255538,14.476733],[121.2254754,14.4767278],[121.2253795,14.4767245],[121.225354,14.4767232],[121.2253238,14.4767226],[121.2250073,14.4767265],[121.2248779,14.4767304],[121.2248786,14.4769472],[121.2248746,14.4771433],[121.2248504,14.4773004],[121.2248129,14.4774082],[121.2247418,14.4774913],[121.2243891,14.4776744],[121.2243032,14.4777458],[121.2242228,14.4778419],[121.22409,14.4780666],[121.2240323,14.4781562],[121.2239586,14.4782263],[121.2237695,14.4783561],[121.2236555,14.478399],[121.223449,14.4784185],[121.2230641,14.4784055],[121.2227476,14.4783912],[121.222533,14.478397],[121.2224418,14.478425],[121.2223767,14.4784555],[121.222313,14.4785249],[121.2222393,14.4786548],[121.2221897,14.4787768],[121.2221293,14.4789625],[121.2220757,14.4790612],[121.2220301,14.4791015],[121.2218249,14.4791742],[121.2217136,14.4791794],[121.2215607,14.4791508],[121.2211597,14.4789534],[121.2209357,14.4788431],[121.2204368,14.4786015],[121.2211537,14.4776296],[121.2207976,14.4773576],[121.2202739,14.4777867],[121.220005,14.4780458],[121.2199607,14.4778159],[121.2199715,14.4776394],[121.2200922,14.4770005],[121.2201565,14.4768667],[121.2202585,14.476733],[121.2204221,14.4765914],[121.2205052,14.4765473],[121.2205951,14.4765447],[121.2212938,14.476746],[121.2213951,14.4767706],[121.2214876,14.4767719],[121.2215888,14.4767447],[121.2217813,14.4766596],[121.2220059,14.4765161],[121.2221789,14.4764603],[121.2223747,14.4764434],[121.2226443,14.4764551],[121.2228441,14.4764538],[121.22293,14.4764226],[121.2229823,14.4763668],[121.2230131,14.4762837],[121.2230238,14.4762006],[121.223001,14.4760798],[121.2229326,14.4759513],[121.2228817,14.4758734],[121.2224928,14.4754669],[121.2221414,14.4751332],[121.2218933,14.4749098],[121.2216304,14.4747125],[121.220862,14.4741749],[121.2207118,14.4740242],[121.2206233,14.4738944],[121.2203363,14.473388],[121.2202612,14.4732945],[121.2201458,14.4731724],[121.219954,14.4729529],[121.2198682,14.4728283],[121.219781,14.4726361],[121.2197167,14.4724374],[121.2196751,14.4722647],[121.2196108,14.4719801],[121.219321,14.4707233],[121.2192741,14.4705831],[121.2192151,14.4704656],[121.2191521,14.4703351],[121.2191011,14.4701701],[121.2190703,14.4699286],[121.2190703,14.4698066],[121.2191024,14.4696118],[121.2191869,14.469378],[121.2192513,14.469243],[121.2193264,14.4690599],[121.2193546,14.468982],[121.2193868,14.4688781],[121.2194069,14.468808],[121.2194324,14.4687502],[121.2194605,14.4687145],[121.2195095,14.4686625],[121.2195437,14.4686359],[121.219596,14.4686093],[121.2196422,14.4685826],[121.2196691,14.4685554],[121.2196952,14.4685002],[121.2197073,14.4684645],[121.2197207,14.468395],[121.2197267,14.4683596],[121.2197304,14.4683246],[121.2197267,14.4682905],[121.2197187,14.4682437],[121.2197073,14.4681983],[121.2196972,14.468134],[121.2196925,14.4680827],[121.2196952,14.4680139],[121.219708,14.4679476],[121.2197287,14.4678477],[121.2197569,14.4677607],[121.2198173,14.4676048],[121.2199835,14.4671782],[121.2200761,14.4669237],[121.2201807,14.4666614],[121.2202129,14.4665432],[121.2202169,14.4664562],[121.2202182,14.466342],[121.2202209,14.4661965],[121.2202236,14.465929],[121.220229,14.4657082],[121.2202263,14.4655122],[121.2202142,14.4653213],[121.220182,14.4651745],[121.2201512,14.4650602],[121.2200895,14.4648797],[121.2200472,14.464796],[121.2200318,14.4647564],[121.220017,14.4646966],[121.220001,14.4645941],[121.2199864,14.4644382],[121.2199755,14.4643213],[121.2199621,14.4641837],[121.2199379,14.4639707],[121.2199239,14.4638925],[121.2199138,14.4638357],[121.2198749,14.4636902],[121.2198669,14.4636519],[121.2198648,14.4636162],[121.2198856,14.4634851],[121.2199259,14.4632279],[121.2199862,14.4629189],[121.2200077,14.462789],[121.2200251,14.4627319],[121.2200399,14.4626923],[121.2200922,14.4625825],[121.2202357,14.4622514],[121.2203356,14.4620417],[121.2203698,14.4619904],[121.2204,14.4619501],[121.2204228,14.46193],[121.2204596,14.4618982],[121.2205133,14.4618501],[121.2205549,14.4618086],[121.2205736,14.4617774],[121.220583,14.4617469],[121.2205857,14.4617138],[121.2205777,14.4616099],[121.2205213,14.4613138],[121.2204838,14.4611216],[121.220457,14.4609242],[121.2204328,14.4607216],[121.2203926,14.460197],[121.2203926,14.4598853],[121.2204248,14.4595113],[121.2205052,14.4590282],[121.2205374,14.4588724],[121.2205589,14.4586958],[121.2205213,14.4584153],[121.2203979,14.4577192],[121.2201512,14.4562128],[121.2200546,14.4555219],[121.2200278,14.4551583],[121.2200439,14.454618],[121.2200761,14.4540155],[121.2201565,14.4535064],[121.2202692,14.4530337],[121.2205106,14.4524103],[121.2206984,14.4520675],[121.2209022,14.451761],[121.2212482,14.4512857],[121.2216076,14.4508155],[121.2217283,14.4506285],[121.22179,14.4504909],[121.2218544,14.4503298],[121.2219027,14.4501636],[121.222018,14.4496311],[121.2221897,14.4487325],[121.2222809,14.4483169],[121.222372,14.4479844],[121.2224042,14.4477844],[121.2224176,14.4476468],[121.2224042,14.4474883],[121.2223345,14.4470519],[121.2222674,14.4466883],[121.2222326,14.4465766],[121.2222004,14.4464753],[121.2221521,14.4463299],[121.2221333,14.4462545],[121.2221119,14.4461377],[121.2220985,14.4459584],[121.2220931,14.4457805],[121.2220918,14.4454883],[121.2221065,14.4453506],[121.2221253,14.4452078],[121.2221521,14.4450675],[121.2221736,14.4449273],[121.2221816,14.4448026],[121.2221803,14.4447],[121.2221602,14.4446156],[121.2221132,14.4444961],[121.2220958,14.4444506],[121.2220877,14.4444091],[121.2220877,14.4443623],[121.2220797,14.4441169],[121.222077,14.4438727],[121.2220716,14.4435896],[121.2220515,14.4433324],[121.2220354,14.4432597],[121.2220126,14.4432052],[121.221967,14.4431402],[121.2217471,14.4429324],[121.2215942,14.4427532],[121.2215218,14.4426052],[121.2214574,14.44239],[121.2214011,14.4421246],[121.2213582,14.4418285],[121.2213367,14.4414129],[121.2213421,14.4410337],[121.2213448,14.4408181],[121.2213474,14.4405636],[121.2213501,14.4403116],[121.2213381,14.439948],[121.2213421,14.4397544],[121.2213676,14.4395583],[121.221381,14.4394181],[121.221385,14.4393064],[121.221385,14.4390908],[121.2213783,14.4389752],[121.2213045,14.4387583],[121.2213152,14.4385882],[121.2213045,14.4384063],[121.2212831,14.4382336],[121.2213434,14.4380349],[121.2214252,14.4378946],[121.2215687,14.4372362],[121.2215862,14.4367504],[121.2216988,14.4361686],[121.2217364,14.4359556],[121.2217498,14.4358647],[121.2217256,14.4357686],[121.2216452,14.4356673],[121.2213515,14.4354478],[121.2212495,14.4353608],[121.2212335,14.4353153],[121.2212348,14.4352776],[121.2212576,14.4352426],[121.2214252,14.4351776],[121.2214312,14.4351681],[121.2214329,14.435148],[121.2214254,14.4351335],[121.2214024,14.4351302],[121.2211181,14.4351387],[121.2210806,14.4351296],[121.2210363,14.4351153],[121.2210135,14.4350893],[121.2209907,14.4350257],[121.2209344,14.4347997],[121.2208432,14.4344542],[121.2208271,14.4342802],[121.2208351,14.4341581],[121.2208727,14.4340282],[121.2209237,14.4339529],[121.2211865,14.4336152],[121.221503,14.433262],[121.2221307,14.4327269],[121.2222406,14.4326126],[121.2223077,14.4325217],[121.222356,14.4324022],[121.2223533,14.4322931],[121.2223452,14.4321398],[121.222313,14.4319112],[121.2222701,14.4317112],[121.2222031,14.4315735],[121.2221199,14.431467],[121.2219509,14.4313527],[121.22109,14.4307501],[121.220473,14.4303137],[121.2202826,14.4301682],[121.2201887,14.430041],[121.2201378,14.4298643],[121.2201405,14.4297059],[121.2202129,14.4292903],[121.2202719,14.4291396],[121.220355,14.4289837],[121.2209199,14.428301],[121.2211409,14.4280018],[121.221385,14.4276304],[121.2216264,14.4271628],[121.2218785,14.4265706],[121.2220019,14.4261601],[121.2220609,14.4258614],[121.2220958,14.4257133],[121.2221092,14.4255964],[121.2221011,14.4255289],[121.2220529,14.4254276],[121.2219027,14.4251886],[121.2218785,14.4251289],[121.2218678,14.4250535],[121.2218598,14.4249107],[121.2219268,14.4243002],[121.2219724,14.4235911],[121.2219697,14.4233754],[121.221955,14.4232326],[121.2219295,14.4230637],[121.2218168,14.4226143],[121.2216157,14.4221234],[121.221393,14.4216892],[121.2212275,14.4213262],[121.2212177,14.4212965],[121.2211973,14.4212356],[121.2211476,14.4210674],[121.2211221,14.4208921],[121.2210765,14.4203245],[121.2210283,14.4197647],[121.2209947,14.4193698],[121.2209545,14.4191789],[121.2209196,14.4190724],[121.2208539,14.4189282],[121.2207708,14.41881],[121.220638,14.4186061],[121.2204114,14.4183086],[121.2201914,14.4180333],[121.2200949,14.4179579],[121.2200023,14.4179047],[121.2196898,14.4177865],[121.219478,14.4177163],[121.2193425,14.4176553],[121.2192379,14.417602],[121.2190139,14.4174592],[121.2186317,14.4172501],[121.2184077,14.417128],[121.2182374,14.4170513],[121.2181382,14.417015],[121.2180389,14.4169968],[121.2178552,14.416976],[121.2176326,14.4169422],[121.2176123,14.416938],[121.2174341,14.4169007],[121.2173268,14.4168565],[121.2172665,14.416811],[121.2172182,14.416724],[121.2171457,14.4165856],[121.2171565,14.4163811],[121.2171498,14.4161785],[121.217159,14.4160878],[121.2171773,14.4160447],[121.2172075,14.4160057],[121.2175843,14.4156433],[121.2176259,14.4155784],[121.2176728,14.4154914],[121.217768,14.4152433],[121.2177721,14.4151654],[121.2177627,14.4150939],[121.2177439,14.4150614],[121.2177084,14.4150082],[121.2176755,14.4149679],[121.2176359,14.4149075],[121.2175964,14.4148173],[121.2175266,14.4146614],[121.2174784,14.414538],[121.2173141,14.4141314],[121.2173201,14.4140743],[121.2173684,14.4137872],[121.2173979,14.4137294],[121.2174395,14.4136957],[121.2175079,14.4136457],[121.2176278,14.4135648],[121.2176936,14.4135177],[121.2177426,14.413469],[121.2177573,14.4134054],[121.2177132,14.4132587],[121.2176165,14.4131884],[121.2174837,14.4130871],[121.2173966,14.4129585],[121.2173952,14.4129033],[121.2174113,14.4128222],[121.2175354,14.4126033],[121.2177023,14.4124117],[121.2177506,14.4123221],[121.2177707,14.4122104],[121.2177738,14.411763],[121.2175392,14.4115079],[121.2163871,14.411122],[121.2159296,14.4111729],[121.2157872,14.4113115],[121.215404,14.4119738],[121.2150766,14.412134],[121.2150189,14.4122842],[121.2151234,14.4124792],[121.2152843,14.4125065],[121.2154278,14.4124987],[121.2156779,14.4125026],[121.2159126,14.4125825],[121.2161493,14.4127053],[121.2162124,14.4127403],[121.2163378,14.4128222],[121.2164625,14.412928],[121.2165803,14.4130141],[121.2168369,14.4133365],[121.2169411,14.4135819],[121.2169042,14.4138307],[121.2167863,14.4141697],[121.2166801,14.4142691],[121.2160499,14.4143945],[121.2157014,14.4144666],[121.2150684,14.4147069],[121.2144434,14.4149381],[121.2142865,14.4150199],[121.214249,14.4150621],[121.2141927,14.4151874],[121.2141699,14.415281],[121.2141618,14.4153888],[121.2141685,14.4154667],[121.2141739,14.41552],[121.2142067,14.4157947],[121.2142302,14.415896],[121.2142617,14.4159856],[121.2142939,14.4160557],[121.2143362,14.4161265],[121.2144598,14.4163331],[121.2144803,14.4163759],[121.2145038,14.4164344],[121.2145548,14.4166344],[121.214605,14.416826],[121.2146211,14.4169078],[121.2146211,14.4170072],[121.2145843,14.4171734],[121.2145025,14.4174358],[121.2144012,14.4176897],[121.2143777,14.4177456],[121.2143489,14.4177917],[121.214302,14.4178469],[121.2142624,14.4178768],[121.2142336,14.417893],[121.2142027,14.4179138],[121.214188,14.4179307],[121.2141685,14.4179553],[121.2141507,14.41798],[121.2141379,14.4179937],[121.2141224,14.4180125],[121.2141061,14.4180322],[121.2140907,14.4180398],[121.2140552,14.4180541],[121.2140304,14.4180683],[121.2140049,14.4180898],[121.2139687,14.4181476],[121.2139204,14.4182177],[121.2138788,14.4182658],[121.2138145,14.4183255],[121.2137528,14.4183827],[121.2136562,14.4184632],[121.2135449,14.4185658],[121.2133464,14.4187295],[121.2132639,14.4187901],[121.2131573,14.4188399],[121.2129763,14.4188892],[121.212759,14.4189594],[121.2126437,14.4190204],[121.2125713,14.4190763],[121.2125283,14.4191347],[121.2124264,14.419301],[121.2123688,14.4193815],[121.2122883,14.4194724],[121.2120858,14.4196179],[121.2119637,14.4196867],[121.2117532,14.4197997],[121.2115306,14.4198828],[121.211265,14.4199783],[121.2111296,14.420029],[121.2110555,14.4200624],[121.2109827,14.4201121],[121.2109243,14.4201544],[121.2109093,14.420167],[121.2108979,14.4201771],[121.2108761,14.4201959],[121.2107675,14.4202894],[121.2105623,14.4204881],[121.2104195,14.4205998],[121.2103249,14.4206661],[121.2102257,14.4207089],[121.2099333,14.4208271],[121.2096155,14.4209752],[121.2093687,14.4210817],[121.2091367,14.4211817],[121.2087263,14.4213934],[121.2085681,14.4214817],[121.2084259,14.4216012],[121.208328,14.4217259],[121.2081926,14.4219519],[121.2081228,14.4220935],[121.2081,14.4221688],[121.208092,14.4222221],[121.2081,14.4222792],[121.2081275,14.4223305],[121.2081805,14.422402],[121.208206,14.4224546],[121.2082241,14.4225305],[121.208214,14.4225793],[121.2081899,14.4226273],[121.2081423,14.4226851],[121.2081134,14.4227085],[121.2080866,14.4227325],[121.2080705,14.4227643],[121.2080618,14.422791],[121.2080336,14.4228988],[121.2080041,14.4229748],[121.2079626,14.4230553],[121.2079528,14.423069],[121.2079317,14.423098],[121.2078888,14.4231533],[121.2077661,14.4233001],[121.2076709,14.4233806],[121.2073745,14.4236248],[121.2071706,14.4237729],[121.2069695,14.4239171],[121.2068675,14.4239976],[121.2068059,14.4240872],[121.206712,14.424269],[121.2066121,14.4245288],[121.2065846,14.4246483],[121.2065685,14.4247587],[121.2065678,14.4248282],[121.2066054,14.424899],[121.2066449,14.4249561],[121.2067536,14.4250289],[121.2068394,14.4251042],[121.2068863,14.4251925],[121.2069668,14.4254107],[121.2069949,14.4255886],[121.207007,14.4256926],[121.207003,14.4257835],[121.2069963,14.4258705],[121.206995,14.4259315],[121.2070034,14.4259642],[121.2070117,14.4259737],[121.207022,14.4259847],[121.2070523,14.4260165],[121.2070789,14.4260442],[121.2071223,14.4260835],[121.2071607,14.4261136],[121.2071941,14.4261335],[121.2072424,14.4261621],[121.2072819,14.4261764],[121.2073242,14.4261971],[121.2073617,14.4262127],[121.2073939,14.4262257],[121.2074428,14.42624],[121.2074905,14.4262498],[121.2075233,14.4262614],[121.2075972,14.4262835],[121.2077178,14.4263186],[121.2079095,14.426403],[121.2081737,14.4265862],[121.2082445,14.4267024],[121.2082781,14.4267868],[121.2082962,14.4268933],[121.20832,14.4271057],[121.2083267,14.427242],[121.2083065,14.4274576],[121.2082838,14.4276304],[121.2082422,14.4277369],[121.2081429,14.4278564],[121.2080303,14.4279356],[121.2077218,14.4281019],[121.2076293,14.4281369],[121.2074938,14.428172],[121.2074006,14.428183],[121.2073759,14.4281859],[121.2072726,14.428198],[121.2069494,14.4282239],[121.2066637,14.4282421],[121.2065229,14.4282616],[121.2063807,14.4283149],[121.2062801,14.428385],[121.2060978,14.4285409],[121.2058912,14.4287616],[121.2058349,14.4288733],[121.2058134,14.4289565],[121.2058188,14.4290578],[121.2058336,14.4291383],[121.2059154,14.4295435],[121.2059663,14.4296396],[121.2060213,14.429715],[121.2060656,14.4297513],[121.2061313,14.4297812],[121.2062359,14.4297825],[121.2063606,14.4297526],[121.2066449,14.42965],[121.206775,14.4296228],[121.2069373,14.4296124],[121.2071398,14.429637],[121.2072819,14.429689],[121.2075032,14.4298059],[121.2076145,14.4298422],[121.2077339,14.4298422],[121.2078989,14.4298176],[121.2081455,14.4297843],[121.2084724,14.4297089],[121.2088108,14.4296176],[121.2090147,14.4295552],[121.2092641,14.4294461],[121.2094331,14.429376],[121.2095202,14.4293253],[121.209649,14.4292396],[121.2097456,14.4292019],[121.2099668,14.4291409],[121.2101237,14.4291097],[121.2102565,14.4290747],[121.2104027,14.4290279],[121.2105033,14.428998],[121.2105784,14.4289876],[121.2108238,14.4290019],[121.2113468,14.4290799],[121.2119289,14.4291682],[121.212059,14.4291669],[121.2121649,14.4291487],[121.2125089,14.4291142],[121.2125545,14.429109],[121.212629,14.4291175],[121.2126732,14.429159],[121.212798,14.4293188],[121.2129266,14.4295474],[121.2130231,14.4298221],[121.2131721,14.4303735],[121.2131788,14.4307423],[121.2131989,14.4311281],[121.2131882,14.4314553],[121.2130206,14.4314969],[121.2127336,14.4315566],[121.2125229,14.4316242],[121.2117518,14.4324697],[121.211448,14.432784],[121.2112294,14.4329717],[121.2108774,14.4332528],[121.2107737,14.4331631],[121.2107632,14.4331741],[121.2107527,14.4331851],[121.2107179,14.433217],[121.2108033,14.4332912],[121.2107977,14.4333379],[121.2108198,14.433384],[121.2107749,14.4334275],[121.2108191,14.433475],[121.2107735,14.4335256],[121.2106951,14.4336015],[121.2106206,14.4336672],[121.2105127,14.4337724],[121.2104309,14.4338399],[121.210345,14.4338893],[121.2102377,14.4339451],[121.2099963,14.4340607],[121.2098998,14.4341204],[121.2097911,14.4342412],[121.2096839,14.4343373],[121.2095122,14.4345659],[121.2092426,14.4349348],[121.2089422,14.4352699],[121.2085184,14.435753],[121.2082958,14.4360153],[121.208096,14.4362569],[121.2079445,14.4364751],[121.2079233,14.4365143],[121.2078559,14.4366388],[121.2078117,14.4367699],[121.2077634,14.4369518],[121.2077245,14.4371258],[121.2076682,14.4373816],[121.2076038,14.4375868],[121.2075153,14.4378258],[121.2074442,14.4380115],[121.2073946,14.438144],[121.2073557,14.438231],[121.2073021,14.4383362],[121.2072511,14.4384492],[121.2071854,14.4385817],[121.2070942,14.4387804],[121.2070539,14.4388704],[121.2070481,14.4388833],[121.2070422,14.4388971],[121.2069775,14.4390479],[121.2068649,14.4393194],[121.206779,14.4394674],[121.2066758,14.4395882],[121.2065953,14.4396856],[121.2063941,14.4398285],[121.2059945,14.4399895],[121.2057169,14.4400571],[121.2054446,14.4400973],[121.2052153,14.4400739],[121.2050249,14.4400259],[121.2048666,14.4399168],[121.2047821,14.4398103],[121.2047392,14.4397272],[121.2046909,14.4395765],[121.204652,14.4394791],[121.2045676,14.439344],[121.2044844,14.4392648],[121.204357,14.4391557],[121.2041894,14.4389895],[121.2040593,14.438822],[121.204017,14.4387875],[121.2039728,14.4387707],[121.2039319,14.4387752],[121.2038983,14.4387973],[121.2037414,14.4390038],[121.2036677,14.439122],[121.2036328,14.4391973],[121.2035979,14.4393051],[121.2035631,14.4393635],[121.2035014,14.4394324],[121.2033485,14.4395467],[121.2030146,14.4397713],[121.2029059,14.4398337],[121.2028214,14.4398674],[121.20269,14.4398921],[121.2022917,14.4399246],[121.2020905,14.4399454],[121.2020208,14.4399571],[121.2019698,14.4399869],[121.2019202,14.440035],[121.2018639,14.4401259],[121.2017365,14.4403402],[121.2016788,14.4404142],[121.2016091,14.4404558],[121.2014414,14.4405142],[121.2013865,14.4405532],[121.2013489,14.440596],[121.2013073,14.4406714],[121.201259,14.4407662],[121.2011974,14.4408415],[121.2010673,14.4409415],[121.2009117,14.4410285],[121.2003732,14.4412032],[121.2003431,14.4412285],[121.2003196,14.4412753],[121.2003169,14.4413207],[121.2003377,14.4413766],[121.2003887,14.4414389],[121.2004497,14.4415103],[121.2004732,14.4415558],[121.2004732,14.4416038],[121.200453,14.4416675],[121.2004074,14.4417571],[121.2002881,14.4419142],[121.2000024,14.4421948],[121.1999139,14.4423636],[121.1998844,14.4424779],[121.1998844,14.4426311],[121.1999139,14.4427246],[121.199981,14.4428195],[121.2000695,14.4429013],[121.2001835,14.4429636],[121.2002854,14.4429922],[121.2004437,14.4430052],[121.2008393,14.4429714],[121.2013811,14.442974],[121.2019283,14.443],[121.202741,14.4430857],[121.2035859,14.4431324],[121.2037468,14.443187],[121.203834,14.4432428],[121.2039037,14.4433363],[121.2039587,14.4434389],[121.204235,14.4446],[121.2043798,14.4455013],[121.2043744,14.4457818],[121.2043074,14.4460234],[121.2041759,14.4463325],[121.203838,14.4469221],[121.2034839,14.4480416],[121.2032868,14.4483247],[121.2031272,14.4485104],[121.2029569,14.4486624],[121.2028764,14.4487142],[121.2027759,14.4487506],[121.202757,14.4487779],[121.202641,14.44885],[121.2024996,14.4489338],[121.202338,14.448979],[121.2022987,14.4489129],[121.2022377,14.4488688],[121.2021656,14.44885],[121.2020652,14.4488881],[121.2020263,14.4489099],[121.2020143,14.448917],[121.202006,14.4489247],[121.2020034,14.4489435],[121.201997,14.4489549],[121.2019702,14.4489701],[121.2019296,14.4489896],[121.2017781,14.449035],[121.2016225,14.4490688],[121.2014642,14.4491065],[121.2011021,14.4492104],[121.2010525,14.4492337],[121.2010103,14.4492604],[121.2007675,14.449426],[121.2007313,14.4494441],[121.2006737,14.4494584],[121.2002076,14.4495091],[121.2000608,14.4495292],[121.1999367,14.4495506],[121.1994714,14.4496623],[121.1992541,14.4497026],[121.1988156,14.4497604],[121.1987545,14.449763],[121.1986989,14.4497571],[121.1982523,14.4496402],[121.1980672,14.449587],[121.1979908,14.4495636],[121.1978982,14.4495558],[121.1977735,14.4495636],[121.1977158,14.4495792],[121.1976542,14.4496052],[121.1975268,14.4497259],[121.197461,14.449761],[121.1973833,14.4497792],[121.1973323,14.4497844],[121.1972827,14.4497831],[121.197225,14.4497662],[121.1971204,14.4497246],[121.1969984,14.4496759],[121.1969507,14.4496695],[121.1969065,14.4496766],[121.1968133,14.4497246],[121.1966899,14.4498208],[121.1966336,14.4498922],[121.1965974,14.4499844],[121.1965432,14.450157],[121.1965227,14.4502021],[121.1964579,14.4502883],[121.1963707,14.4503818],[121.1962353,14.4505168],[121.1961146,14.4506116],[121.1959188,14.4507077],[121.1956626,14.4508051],[121.1953568,14.450887],[121.1951356,14.450909],[121.1948982,14.4509064],[121.1947976,14.4508987],[121.1946487,14.4508805],[121.1944342,14.450859],[121.1943604,14.4508629],[121.1943242,14.4508792],[121.1943027,14.4508974],[121.1942947,14.450922],[121.1943014,14.4509636],[121.1943161,14.4509798],[121.194343,14.4509935],[121.1944543,14.451],[121.1945683,14.4510129],[121.194752,14.4510467],[121.194976,14.4511064],[121.1955097,14.4512519],[121.1959845,14.4513922],[121.1966041,14.4516233],[121.1967114,14.4517168],[121.1967811,14.4518337],[121.1968133,14.4519584],[121.1967623,14.4520765],[121.1963814,14.4525324],[121.1960623,14.4529402],[121.1959416,14.453122],[121.1959188,14.4531557],[121.1958852,14.453235],[121.1958785,14.453296],[121.1958772,14.4533609],[121.1958852,14.4535038],[121.1959362,14.4538051],[121.1959898,14.454144],[121.1960192,14.4543633],[121.1960354,14.4546284],[121.1960234,14.4547336],[121.1959697,14.4548505],[121.1958879,14.4549479],[121.1957806,14.455031],[121.1955848,14.4551141],[121.1953354,14.4551894],[121.1950725,14.4552401],[121.1949572,14.4552544],[121.1942866,14.4553128],[121.1940922,14.4553388],[121.1940359,14.4553518],[121.1939903,14.4553673],[121.1937448,14.4554479],[121.1934391,14.4555453],[121.1931896,14.4556569],[121.1929965,14.4557608],[121.1928114,14.4558829],[121.1926961,14.455953],[121.1926451,14.4560076],[121.1926532,14.4560907],[121.1927095,14.4561323],[121.1929938,14.4562725],[121.1931628,14.4563296],[121.193482,14.4564413],[121.1938602,14.4565582],[121.1942732,14.4566465],[121.1944127,14.4567452],[121.194461,14.4569115],[121.1944825,14.4571114],[121.1944476,14.458275],[121.1941042,14.4595685],[121.1939,14.4596443],[121.1935195,14.4603034],[121.1933935,14.4604983],[121.1931011,14.4608878],[121.1927999,14.4612351],[121.1927173,14.4613409],[121.1926625,14.4613776],[121.1925104,14.4615267],[121.1924753,14.4615024],[121.1924056,14.4614555],[121.1923567,14.4614852],[121.1923364,14.4615009],[121.1923134,14.4615145],[121.1922058,14.461578],[121.1922966,14.4617074],[121.1916546,14.4620925],[121.191314,14.4615242],[121.1911943,14.4615864],[121.191192,14.4615972],[121.1911868,14.4616211],[121.1915945,14.4622691],[121.1912014,14.4625138],[121.1911086,14.462378],[121.1907507,14.4618542],[121.1907275,14.4618446],[121.1906954,14.4618445],[121.1906702,14.4618545],[121.1906552,14.4618698],[121.1906438,14.4618867],[121.1906404,14.4619063],[121.1906405,14.4619275],[121.1911036,14.4625765],[121.19049,14.4629526],[121.1904471,14.4629747],[121.1904202,14.4629708],[121.1903974,14.4629591],[121.1902964,14.4627851],[121.1900581,14.4627435],[121.1899951,14.4627526],[121.1896337,14.4628948],[121.1895519,14.4629189],[121.189513,14.4629254],[121.1894835,14.4629241],[121.189462,14.4629267],[121.1894379,14.4629325],[121.1894104,14.4629487],[121.1893802,14.462965],[121.189118,14.4630214],[121.1890201,14.4630435],[121.1888069,14.4631188],[121.1886553,14.4631448],[121.1884944,14.4631552],[121.188363,14.4631474],[121.1882852,14.4631474],[121.188131,14.4631578],[121.188013,14.4631864],[121.1875744,14.4633149],[121.1873362,14.4633802],[121.1871386,14.4634344],[121.1869642,14.4634695],[121.1867268,14.4635201],[121.1866806,14.4635348],[121.1864251,14.4636941],[121.1863513,14.4637344],[121.1861421,14.4638084],[121.1859718,14.4638616],[121.1858712,14.463898],[121.1857237,14.463985],[121.1853549,14.4641448],[121.1851604,14.4641538],[121.1849244,14.4641992],[121.1848372,14.4642382],[121.1845221,14.4642123],[121.1844349,14.4641889],[121.1841841,14.4640694],[121.1840607,14.4639863],[121.183873,14.4638707],[121.1836289,14.4637642],[121.1833245,14.4636539],[121.1831582,14.4635734],[121.1829007,14.463511],[121.18278,14.4636097],[121.182531,14.4637832],[121.1823218,14.4642055],[121.1824202,14.4643114],[121.182622,14.4643012],[121.1828346,14.4641819],[121.1835659,14.4645863],[121.1835913,14.4646655],[121.1835444,14.4649174],[121.183484,14.465194],[121.1832735,14.4652823],[121.183244,14.4653044],[121.1831273,14.4655966],[121.1828707,14.4658221],[121.1824783,14.4663225],[121.1824514,14.4664796],[121.1824447,14.4665458],[121.1824313,14.4666043],[121.1824219,14.4666692],[121.1824608,14.4669081],[121.1824903,14.4670276],[121.1825252,14.467164],[121.1825708,14.4672419],[121.1826593,14.4673172],[121.1827679,14.4673484],[121.1831528,14.4673808],[121.1834747,14.467386],[121.1839145,14.467386],[121.1842364,14.4674432],[121.1845475,14.4675938],[121.184746,14.4679262],[121.1849767,14.4685392],[121.1849874,14.4689443],[121.1849754,14.4697832],[121.1850159,14.4699112],[121.1851135,14.470174],[121.1851452,14.470214],[121.1851792,14.4702416],[121.1853603,14.4703273],[121.1854152,14.4703506],[121.1857291,14.4704714],[121.1857693,14.4704766],[121.1858109,14.4704727],[121.186149,14.4703948],[121.1864036,14.4703208],[121.1866718,14.4702792],[121.1867563,14.4702753],[121.186865,14.4702896],[121.1870125,14.4703325],[121.1872512,14.4704299],[121.1875007,14.4705753],[121.1876455,14.4706818],[121.1877461,14.4708038],[121.187785,14.4709064],[121.1878091,14.4710064],[121.1878292,14.47137],[121.1878306,14.4715116],[121.1878198,14.4718583],[121.1877286,14.472492],[121.1876482,14.4729231],[121.1875865,14.4731802],[121.187498,14.473549],[121.1873796,14.4740777],[121.1873757,14.4741268],[121.1873451,14.4743151],[121.187329,14.4744917],[121.187337,14.4748449],[121.1873478,14.4753955],[121.1873317,14.4761175],[121.1872888,14.4765798],[121.1871922,14.4770368],[121.1866986,14.4778003],[121.1865313,14.4784409],[121.1863285,14.4793274],[121.186012,14.4804649],[121.1858135,14.4809947],[121.185556,14.4819348],[121.1853898,14.4827762],[121.185261,14.48328],[121.1851591,14.4836177],[121.1850786,14.4838098],[121.1847889,14.4844071],[121.1845207,14.4849005],[121.184113,14.4855809],[121.1837804,14.4859757],[121.1835068,14.4861679],[121.1832547,14.4862406],[121.1829758,14.4862613],[121.182037,14.4863705],[121.1818278,14.4864743],[121.1817419,14.4869417],[121.1816458,14.4871954],[121.1814952,14.4874455],[121.1813074,14.4876793],[121.1810124,14.4879338],[121.1802292,14.4885363],[121.1798805,14.4887856],[121.1795533,14.489066],[121.1792529,14.4893932],[121.1790061,14.4897049],[121.1788559,14.4899386],[121.1787897,14.4900861],[121.178695,14.49038],[121.1789484,14.4904879],[121.1784629,14.4911656],[121.1769186,14.493321],[121.1771674,14.4936174],[121.1769696,14.4937962],[121.1771849,14.4940432],[121.1771809,14.4940832],[121.177154,14.4941195],[121.177032,14.4941806],[121.176922,14.4942299],[121.1768684,14.494252],[121.1768097,14.4943138],[121.1767314,14.4944151],[121.1767216,14.4944279],[121.1766391,14.4945344],[121.1765304,14.4944779],[121.1764848,14.4944753],[121.1764164,14.4944831],[121.1763601,14.4945065],[121.1763038,14.4945454],[121.1761723,14.4947038],[121.1760154,14.4949245],[121.1758558,14.4951167],[121.1756802,14.4952829],[121.1754736,14.4954543],[121.1751062,14.4957348],[121.1747414,14.4960308],[121.1746448,14.4961256],[121.174508,14.4962957],[121.1743981,14.4964489],[121.1743297,14.4965852],[121.1741942,14.4968111],[121.1741312,14.4968981],[121.1741196,14.4969158],[121.1741071,14.4969368],[121.1740936,14.4969546],[121.1740534,14.497015],[121.1738777,14.4972708],[121.1737624,14.4974396],[121.1736538,14.4975512],[121.1734955,14.4976954],[121.173301,14.4978512],[121.1731267,14.4979446],[121.1729068,14.4979888],[121.1726359,14.4979992],[121.1723489,14.497968],[121.172027,14.4979421],[121.1715442,14.4979161],[121.1709005,14.4979161],[121.1703184,14.4979161],[121.1698866,14.4979213],[121.1693716,14.4979161],[121.1690766,14.497859],[121.1688137,14.4977343],[121.1685294,14.4975577],[121.1682665,14.497298],[121.1679125,14.4968929],[121.1673152,14.4962328],[121.1668262,14.4956517],[121.1667779,14.4956075],[121.1667109,14.4955686],[121.1666143,14.4955452],[121.1664916,14.4955354],[121.16622,14.4955426],[121.1660335,14.4955774],[121.1659598,14.4956465],[121.1659318,14.4957527],[121.1659265,14.4960013],[121.1659706,14.4964463],[121.165657,14.496585],[121.1661208,14.4979161],[121.1661798,14.4987886],[121.1662388,14.4992041],[121.1663085,14.4993963],[121.1664158,14.4995832],[121.1665446,14.499791],[121.1666465,14.4999468],[121.1669093,14.5004921],[121.1669791,14.5007622],[121.1670703,14.5011049],[121.1671185,14.5012919],[121.1671588,14.5014139],[121.1671883,14.5014789],[121.1672312,14.501671],[121.1672446,14.5018684],[121.1671963,14.5020424],[121.1671481,14.5021852],[121.1670408,14.5023228],[121.1669254,14.5024007],[121.1668289,14.5024552],[121.1667457,14.5025176],[121.1666854,14.5025812],[121.1666532,14.5026591],[121.1665848,14.5028499],[121.1665781,14.5029019],[121.1665982,14.5029356],[121.1666371,14.502959],[121.1668074,14.5030187],[121.1669442,14.5030603],[121.1670005,14.5030953],[121.1670461,14.5031447],[121.167081,14.5032576],[121.167132,14.503442],[121.1672634,14.5037848],[121.1672902,14.5038783],[121.1672956,14.5039562],[121.1671011,14.503895],[121.1669307,14.5042756],[121.1669201,14.5045612],[121.1668208,14.5048663],[121.1666277,14.5050104],[121.1664386,14.5049494],[121.1662549,14.5051805],[121.1663072,14.5053791],[121.166566,14.5057193],[121.1664037,14.5059037],[121.1663434,14.5059686],[121.1663032,14.5060205],[121.166279,14.5060543],[121.1662348,14.5061296],[121.1661959,14.5061971],[121.1661181,14.506327],[121.1660483,14.5064282],[121.1659679,14.5065113],[121.165815,14.5066438],[121.1657426,14.5067165],[121.1656782,14.5068359],[121.1656621,14.5069086],[121.1656728,14.506945],[121.1657265,14.5069839],[121.1658606,14.5070384],[121.1659169,14.5070774],[121.1659357,14.5071267],[121.1659196,14.5071943],[121.1656004,14.5079395],[121.1654019,14.5083705],[121.165351,14.5085199],[121.1653,14.5086146],[121.1652437,14.5086757],[121.1651552,14.5087016],[121.1650881,14.5087081],[121.1649647,14.5086951],[121.1648762,14.5087042],[121.1648206,14.5087254],[121.1647797,14.5087756],[121.1647093,14.5088905],[121.1646885,14.5089133],[121.1646596,14.5089256],[121.1646348,14.5089217],[121.1645818,14.5088879],[121.1645383,14.5088639],[121.1645007,14.5088561],[121.1644739,14.5088535],[121.1644591,14.5088613],[121.1644524,14.5088769],[121.1644578,14.5088873],[121.1644967,14.508912],[121.1645081,14.5089399],[121.1645088,14.5089665],[121.164488,14.5090113],[121.1644526,14.5090627],[121.1642513,14.5093131],[121.1642325,14.5093573],[121.1642325,14.5094352],[121.1642808,14.5096715],[121.1643049,14.5098429],[121.1643076,14.5099883],[121.164262,14.5101207],[121.1641708,14.5103129],[121.1639991,14.5106037],[121.1637792,14.5109257],[121.1634546,14.5113048],[121.1630594,14.5116922],[121.1625749,14.5121097],[121.1622637,14.5123668],[121.1619124,14.5126135],[121.1615208,14.5128628],[121.1611319,14.5130757],[121.1606558,14.5133211],[121.1603647,14.5134574],[121.1601689,14.513547],[121.1600563,14.5135885],[121.1599852,14.5135872],[121.1599182,14.5135664],[121.1598672,14.5135236],[121.159772,14.5134197],[121.159721,14.5133756],[121.1596969,14.5133704],[121.159662,14.5133847],[121.1596312,14.5133886],[121.1596124,14.5133795],[121.1592194,14.5129445],[121.1589029,14.5126174],[121.1587863,14.5124746],[121.1587286,14.5123785],[121.1586575,14.5122227],[121.1585636,14.5119747],[121.1584979,14.511828],[121.1583786,14.5116605],[121.1581425,14.5114268],[121.158054,14.5113671],[121.1580057,14.5113528],[121.1579695,14.5113489],[121.1579213,14.5113697],[121.1577322,14.511519],[121.1576369,14.5116255],[121.1576074,14.5116709],[121.1575974,14.5117124],[121.157598,14.5117404],[121.1576088,14.5117696],[121.157645,14.5117903],[121.1576993,14.5117903],[121.1577268,14.5117981],[121.1577489,14.5118072],[121.1577751,14.5118293],[121.158455,14.5124577],[121.1587138,14.5127238],[121.159088,14.5131406],[121.1596405,14.5138131],[121.1597103,14.5139066],[121.1597478,14.5139949],[121.1597425,14.5141039],[121.1596674,14.5142493],[121.1595172,14.5144259],[121.159131,14.5147739],[121.1584523,14.5153477],[121.158278,14.5154853],[121.1580782,14.5155554],[121.1579347,14.5155788],[121.157826,14.515571],[121.1576611,14.5155373],[121.1575498,14.5154931],[121.1574599,14.5154347],[121.1572011,14.5151971],[121.1566821,14.5147063],[121.1566385,14.5147446],[121.1566573,14.5147628],[121.1566237,14.5147985],[121.1566807,14.5148505],[121.1567203,14.5148122],[121.1571421,14.5152412],[121.1571474,14.515262],[121.1571448,14.5152763],[121.1570241,14.5153854],[121.1570013,14.5154256],[121.1569944,14.5154529],[121.1570281,14.5155087],[121.1573768,14.5160371],[121.1574116,14.5161059],[121.157413,14.5161397],[121.1574009,14.5161643],[121.157366,14.5161929],[121.1569476,14.5165032],[121.1566727,14.5166811],[121.1566043,14.5167265],[121.1565506,14.5167317],[121.1565064,14.516707],[121.1564715,14.5166642],[121.1562918,14.516398],[121.1562274,14.5163227],[121.1561966,14.5163084],[121.156155,14.5163149],[121.1558305,14.516572],[121.1557929,14.5165863],[121.1557621,14.5165785],[121.1557138,14.5165175],[121.1551961,14.5158488],[121.1551505,14.5158021],[121.1550969,14.5157787],[121.1550459,14.5157774],[121.1550003,14.5158073],[121.1548997,14.5159138],[121.1548649,14.5159384],[121.15483,14.5159423],[121.1547911,14.515919],[121.154311,14.5153893],[121.154201,14.5152893],[121.1541702,14.5152711],[121.1541219,14.5152659],[121.1540535,14.5153088],[121.1540468,14.515336],[121.1540548,14.5153672],[121.1546275,14.5159709],[121.1546838,14.5160488],[121.1546785,14.5161111],[121.1545663,14.5162056],[121.1540911,14.5165941],[121.1540401,14.5166174],[121.1539918,14.5166019],[121.153505,14.5160254],[121.1534299,14.5159566],[121.1533923,14.515941],[121.1533548,14.5159501],[121.1533333,14.5159657],[121.1533253,14.5159956],[121.1533414,14.5160293],[121.1537705,14.5165704],[121.1539248,14.5167862],[121.1540911,14.5170822],[121.1542842,14.5174354],[121.1543003,14.5174977],[121.1542922,14.5175522],[121.1542064,14.5176223],[121.1537746,14.5179053],[121.153729,14.5179027],[121.1536968,14.5178794],[121.1532757,14.5172302],[121.1532408,14.5171913],[121.1531925,14.5171835],[121.1526105,14.5174068],[121.1525702,14.5174691],[121.1525758,14.5175138],[121.152581,14.5175548],[121.1530383,14.518448],[121.1530705,14.5185026],[121.1530799,14.5185441],[121.1529806,14.518609],[121.1528465,14.5186739],[121.1524308,14.5188167],[121.1523087,14.5188842],[121.1522698,14.5189297],[121.1522645,14.5189725],[121.1522752,14.5190193],[121.1523154,14.5190816],[121.1524281,14.5192114],[121.1524509,14.5192529],[121.1524509,14.5193023],[121.1524217,14.5193484],[121.1523496,14.5194162],[121.1521665,14.5195723],[121.1519677,14.5197539],[121.151881,14.5198073],[121.151787,14.519845],[121.1515349,14.5198553],[121.1512721,14.5197904],[121.1509395,14.5196346],[121.150582,14.5194261],[121.1502242,14.5191641],[121.1498585,14.5188894],[121.1492389,14.5184922],[121.1485416,14.5180598],[121.1481178,14.5178067],[121.1476564,14.5175159],[121.1469161,14.5170173],[121.1465084,14.5166382],[121.1463475,14.5161708],[121.1463743,14.515854],[121.1466211,14.515584],[121.1466426,14.5153503],[121.1465621,14.5151997],[121.1463234,14.5149167],[121.1461946,14.5147245],[121.1462027,14.5145973],[121.1464655,14.5141507],[121.1464763,14.5140598],[121.1464119,14.5139248],[121.146141,14.5137118],[121.1458956,14.5135405],[121.1455616,14.5133938],[121.1453041,14.5133431],[121.1452344,14.5133042],[121.1451995,14.5132665],[121.14517,14.5132133],[121.145162,14.513125],[121.1451767,14.5130276],[121.1452264,14.5127407],[121.1452612,14.512481],[121.1453122,14.5122344],[121.1452827,14.5120526],[121.1451995,14.5119332],[121.1451137,14.5117592],[121.1448897,14.5113126],[121.1447945,14.5112593],[121.1446846,14.5112684],[121.1445679,14.5113126],[121.1444673,14.5114502],[121.1444002,14.5115333],[121.1441669,14.5118942],[121.1438155,14.5124888],[121.14375,14.51275],[121.1437136,14.5129926],[121.1436304,14.515114],[121.1436117,14.5154438],[121.1436304,14.5155944],[121.143676,14.5157138],[121.1437404,14.5158489],[121.1440462,14.5161501],[121.1449243,14.5170797],[121.1449796,14.5171627],[121.1450039,14.5172359],[121.1449876,14.5173003],[121.1443318,14.5190193],[121.1443131,14.5190598],[121.1442822,14.5191036],[121.1439684,14.519336],[121.1439349,14.5193484],[121.1439067,14.5193503],[121.1438752,14.5193367],[121.1437632,14.5191426],[121.1436653,14.5189907],[121.1436117,14.5189199],[121.1435822,14.5188927],[121.1435533,14.5188732],[121.1435252,14.5188752],[121.1435124,14.5188836],[121.1435064,14.5189089],[121.1435131,14.5189342],[121.1438343,14.5195892],[121.1438403,14.5196327],[121.143839,14.5196716],[121.1438262,14.5197216],[121.1436247,14.5200913],[121.1433166,14.52062],[121.1433864,14.5207525],[121.1431074,14.5212925],[121.1430055,14.5212289],[121.1428137,14.5215912],[121.1424664,14.522361],[121.1423457,14.5223961],[121.1421491,14.5224176],[121.1420114,14.5227562],[121.1420629,14.5231136],[121.1419636,14.5235805],[121.1420721,14.5239111],[121.1420721,14.5240643],[121.1420909,14.5241604],[121.1421606,14.5242902],[121.1420956,14.5246922],[121.1423481,14.5249494],[121.1424924,14.5250841],[121.1424791,14.5254841],[121.1427166,14.5255912],[121.1427952,14.5256452],[121.1427226,14.5257898],[121.1425884,14.5258523],[121.142637,14.5259018],[121.1426998,14.5259301],[121.142766,14.5259764],[121.142802,14.5260796],[121.14284,14.5262092],[121.1426905,14.5265741],[121.1424321,14.5265374],[121.1423048,14.5267046],[121.1422864,14.526792],[121.1421617,14.5269716],[121.1420334,14.5271237],[121.1417511,14.5281752],[121.1417229,14.5282466],[121.1416934,14.5282855],[121.1416317,14.5283011],[121.1416642,14.5283233],[121.1416177,14.52837],[121.1415589,14.5284157],[121.1414401,14.5285074],[121.1414185,14.5285762],[121.1413692,14.528697],[121.1413536,14.5289356],[121.1409678,14.529455],[121.1410832,14.5299981],[121.1411149,14.530169],[121.141134,14.5302962],[121.1411275,14.5304026],[121.1410801,14.5305286],[121.14103,14.5306683],[121.1410491,14.5308027],[121.1410849,14.530895],[121.1410928,14.5310388],[121.141026,14.5313253],[121.1410032,14.5313629],[121.1409496,14.5313824],[121.1408785,14.5313681],[121.1401758,14.5310397],[121.1399625,14.5311396],[121.1396849,14.5312902],[121.1401704,14.5316031],[121.1401831,14.5316164],[121.1401878,14.53163],[121.1401841,14.531642],[121.1401697,14.5316547],[121.1396688,14.5319938],[121.1396487,14.5320289],[121.1396393,14.5320659],[121.1396386,14.5321061],[121.1396447,14.5321444],[121.1398874,14.5326468],[121.139888,14.5326807],[121.1398713,14.532713],[121.1390975,14.5333959],[121.139049,14.5334266],[121.1391431,14.5332791],[121.1391351,14.5331882],[121.13906,14.5330713],[121.1389124,14.5329337],[121.1381453,14.5321341],[121.1377108,14.5315317],[121.1374801,14.5311578],[121.1373997,14.5309605],[121.1373621,14.5308151],[121.1372495,14.530571],[121.1372226,14.5304204],[121.1372763,14.5301816],[121.1373568,14.5300985],[121.1373728,14.5299686],[121.1372709,14.529844],[121.1371851,14.5298336],[121.1370832,14.5298856],[121.1369652,14.5299583],[121.1368418,14.5299946],[121.1367559,14.5299686],[121.1366701,14.5298804],[121.1361498,14.5290287],[121.1361229,14.528873],[121.1362678,14.528712],[121.1366165,14.5284939],[121.1370295,14.5283952],[121.1373407,14.5283381],[121.1381131,14.5283121],[121.1387891,14.5283225],[121.1388802,14.5283017],[121.1389339,14.528255],[121.13895,14.5280473],[121.1388481,14.527502],[121.1388588,14.5273047],[121.1390895,14.5270087],[121.1391324,14.5267491],[121.1390626,14.5266348],[121.1373889,14.526048],[121.1370939,14.5259753],[121.1369491,14.5259753],[121.1368203,14.5260428],[121.1360693,14.5271645],[121.1354183,14.5280582],[121.1347604,14.5289612],[121.1343715,14.5294468],[121.134173,14.529709],[121.1331645,14.5311059],[121.1324778,14.5320146],[121.1316812,14.533157],[121.1308175,14.5344163],[121.130324,14.5338736],[121.1298251,14.5330947],[121.130147,14.5326845],[121.1311394,14.5313292],[121.1319226,14.5302075],[121.1325931,14.5292728],[121.1329365,14.5286471],[121.1329633,14.5285666],[121.1329284,14.5284705],[121.1328292,14.5284186],[121.1322713,14.5282342],[121.1315498,14.5280005],[121.1311072,14.5278422],[121.1305627,14.5276422],[121.1301362,14.527502],[121.129691,14.5273021],[121.1295944,14.5272658],[121.1295435,14.5272787],[121.1295032,14.5273255],[121.1294442,14.5274605],[121.1294201,14.5275462],[121.1295113,14.52765],[121.1295998,14.5276682],[121.1297554,14.5276734],[121.130029,14.5277383],[121.1302221,14.5277591],[121.1303213,14.5277824],[121.1310938,14.5280603],[121.1311179,14.528081],[121.1311018,14.5281122],[121.1310267,14.5282187],[121.1309516,14.5283615],[121.1309382,14.5284523],[121.1309597,14.5285276],[121.1309892,14.528577],[121.1309946,14.5286133],[121.1309972,14.5286471],[121.1309677,14.5286626],[121.1309114,14.5286523],[121.1308068,14.5286159],[121.1305654,14.5285146],[121.1296239,14.5280603],[121.1295703,14.5280291],[121.1295113,14.5280265],[121.1294684,14.5280395],[121.1294442,14.5280603],[121.1292511,14.5283641],[121.1292377,14.5284368],[121.1292484,14.5284835],[121.1294952,14.5286652],[121.129522,14.5286938],[121.1295193,14.5287276],[121.1293209,14.5290002],[121.1292726,14.5290132],[121.1291814,14.5289794],[121.1290768,14.5288755],[121.129007,14.5288418],[121.1289668,14.5288444],[121.1289588,14.5288781],[121.1290365,14.5289612],[121.1292618,14.529143],[121.1293745,14.5293092],[121.1294067,14.5294494],[121.1293852,14.5296103],[121.129294,14.5298492],[121.1287683,14.5303555],[121.1286074,14.5305217],[121.1284196,14.5305996],[121.1282909,14.5306152],[121.1280548,14.5304152],[121.1276579,14.530166],[121.1273253,14.5301452],[121.1270893,14.5302698],[121.1268961,14.5305399],[121.1264777,14.5312669],[121.1245894,14.5346941],[121.1239242,14.5356703],[121.1237097,14.5358988],[121.1234093,14.5360546],[121.1230981,14.5361481],[121.1226261,14.5361377],[121.1221754,14.5360754],[121.1217463,14.53593],[121.121242,14.5356911],[121.1207592,14.5353795],[121.1203462,14.535068],[121.1200297,14.5348083],[121.1197883,14.5345591],[121.1195844,14.5342994],[121.1193645,14.5339879],[121.1190426,14.5336348],[121.118769,14.5334894],[121.1183558,14.5333722],[121.1181307,14.5332609],[121.117988,14.5330902],[121.1178946,14.5327832],[121.1178195,14.5324976],[121.117664,14.5322587],[121.1174118,14.5320562],[121.1171973,14.531864],[121.1171222,14.531729],[121.1170739,14.5315577],[121.1170888,14.5312944],[121.1174642,14.5302747],[121.1176132,14.5296055],[121.1175594,14.5290469],[121.1175513,14.5286912],[121.1175057,14.5284108],[121.117444,14.5281901],[121.1173582,14.5279954],[121.1171812,14.5277305],[121.1169586,14.5275176],[121.1168057,14.5274293],[121.1166808,14.5274156],[121.1165589,14.5274968],[121.1165227,14.5275799],[121.1165277,14.5276508],[121.1166769,14.5279616],[121.1167172,14.528094],[121.1167145,14.5281979],[121.1166447,14.528281],[121.1163121,14.5284835],[121.1161405,14.528551],[121.1159742,14.5285276],[121.1157864,14.5284471],[121.1155558,14.528255],[121.1152028,14.5278971],[121.1149764,14.5276422],[121.1148155,14.5273878],[121.1147296,14.5271541],[121.1146653,14.5268218],[121.1145633,14.526531],[121.114389,14.5262921],[121.1141717,14.5260922],[121.113866,14.525887],[121.1132955,14.5256917],[121.1125731,14.5255287],[121.1122647,14.5254716],[121.1121225,14.5254768],[121.1119991,14.5255183],[121.1118382,14.5256378],[121.1112428,14.5260428],[121.1106473,14.5263985],[121.1104006,14.5264816],[121.1101645,14.5265413],[121.109722,14.5266685],[121.1088878,14.5266971],[121.1084498,14.5261723],[121.1079702,14.5255983],[121.1078578,14.5253366],[121.1077103,14.5250899],[121.1075547,14.524903],[121.1073857,14.5247861],[121.1071336,14.5246563],[121.1068064,14.5245784],[121.1064094,14.5245628],[121.105873,14.5246719],[121.105358,14.5248225],[121.1048484,14.5250562],[121.1045051,14.525321],[121.1041456,14.525752],[121.1037379,14.5263025],[121.10318,14.5270295],[121.1029729,14.5272539],[121.1028206,14.5274189],[121.1025953,14.5276526],[121.1022305,14.5280006],[121.1014098,14.5287431],[121.1009109,14.529252],[121.1005086,14.5297713],[121.1004549,14.5298596],[121.1004335,14.5299479],[121.1004227,14.5300777],[121.1003637,14.5301452],[121.1001384,14.5302127],[121.0998863,14.5302127],[121.0995591,14.5301867],[121.0990334,14.5301452],[121.0986578,14.5300465],[121.0983521,14.5298596],[121.0981375,14.5296415],[121.0972685,14.5286081],[121.0969359,14.5281771],[121.0969117,14.5281135],[121.0969064,14.5280551],[121.0969144,14.5279785],[121.0970083,14.5277902],[121.0971504,14.5275488],[121.0972497,14.5272969],[121.0973154,14.527023],[121.0973489,14.5268425],[121.0973462,14.5267854],[121.097339,14.5267606],[121.0973176,14.5267444],[121.0972765,14.5267413],[121.0972175,14.5267698],[121.0969922,14.5269568],[121.0968202,14.527112],[121.0959032,14.5279824],[121.0957751,14.5280849],[121.0957537,14.5280901],[121.0957322,14.5280875],[121.095715,14.5280799],[121.0956216,14.527998],[121.0955304,14.5279278],[121.0951046,14.5276728],[121.0949457,14.5275695],[121.0947591,14.5274049],[121.0943073,14.5270217],[121.0942298,14.5269061],[121.093964,14.5263985],[121.0939264,14.5262739],[121.0939216,14.5261365],[121.0940042,14.5252171],[121.0940364,14.5251237],[121.0940874,14.5250639],[121.0967803,14.5237995],[121.0968111,14.5237683],[121.0968309,14.5237314],[121.0968352,14.5237049],[121.0971156,14.5219637],[121.0971612,14.5218521],[121.0989154,14.5207148],[121.0989663,14.5206317],[121.098969,14.5204707],[121.0988858,14.520302],[121.0988,14.5202189],[121.0984808,14.5200657],[121.0983413,14.51998],[121.0972363,14.5192192],[121.0970378,14.5190998],[121.0956162,14.5183961],[121.0954982,14.5183987],[121.0953721,14.5184298],[121.0952353,14.5185207],[121.0949698,14.5188583],[121.0948867,14.5190141],[121.0947257,14.5194451],[121.0946667,14.5197593],[121.0946614,14.5202968],[121.0946318,14.5203773],[121.0945648,14.5204214],[121.0944414,14.5204681],[121.0938486,14.5203149],[121.0937199,14.5202422],[121.0933261,14.519845],[121.0932286,14.5197465],[121.0931066,14.5196235],[121.0929454,14.5194672],[121.0928696,14.5194113],[121.0927512,14.5193634],[121.0926537,14.5193583],[121.0925156,14.5193412],[121.0924271,14.5193049],[121.0923573,14.5192218],[121.0923144,14.5191335],[121.0921267,14.5184532],[121.0918906,14.5176976],[121.0916821,14.5172136],[121.091145,14.5158307],[121.0910833,14.5156411],[121.0908794,14.5148751],[121.0906997,14.5142987],[121.0895826,14.5116125],[121.0893962,14.5111749],[121.0891025,14.5105206],[121.0890381,14.5103959],[121.0888356,14.5101363],[121.0887565,14.5100649],[121.0883072,14.5098584],[121.0881704,14.509765],[121.0880175,14.5096377],[121.087988,14.5095598],[121.0879371,14.5095105],[121.0878485,14.5094378],[121.0877332,14.5093755],[121.0875159,14.5093209],[121.0873631,14.5093235],[121.0872155,14.5093495],[121.087009,14.5093807],[121.0868427,14.5093962],[121.086655,14.5093884],[121.0854238,14.5093079],[121.0852736,14.5092768],[121.0841498,14.5088613],[121.0839701,14.5087782],[121.08327,14.5084095],[121.0831413,14.5083446],[121.0829133,14.5081888],[121.082806,14.50802],[121.0827845,14.5078876],[121.0827416,14.5074098],[121.0827052,14.5073228],[121.0826021,14.5071968],[121.0825019,14.5071483],[121.0816231,14.507054],[121.0814443,14.5070786],[121.0810304,14.5072462],[121.0808963,14.507254],[121.0803598,14.5070722],[121.0802136,14.507063],[121.0791072,14.5072825],[121.0788739,14.5073397],[121.0787317,14.5074305],[121.0784957,14.5076513],[121.0784222,14.5077451],[121.0779331,14.5087476],[121.0777929,14.5089029],[121.0776052,14.5090483],[121.0772699,14.5092378],[121.0768864,14.5094326],[121.0764878,14.509659],[121.0762051,14.5097598],[121.0759744,14.509861],[121.0757732,14.5099831],[121.0754862,14.5101752],[121.0752804,14.5103012],[121.0751966,14.5103239],[121.0750651,14.510344],[121.0750135,14.5103408],[121.0748968,14.5103018],[121.0748318,14.5102661],[121.0747734,14.5102285],[121.074697,14.510196],[121.0746722,14.5101954],[121.0746367,14.5102012],[121.0745622,14.5102492],[121.0744509,14.5103388],[121.0743168,14.5103933],[121.0740942,14.5104764],[121.0739493,14.5104946],[121.0736918,14.5104842],[121.0733539,14.5104141],[121.0732144,14.5103258],[121.0730964,14.5101726],[121.0729086,14.5098922],[121.0726994,14.5094456],[121.0725439,14.5089938],[121.0725278,14.5088691],[121.0725465,14.5087938],[121.0727289,14.5083939],[121.0728711,14.5081213],[121.0731795,14.5075967],[121.0732426,14.5074591],[121.0732909,14.507376],[121.0733311,14.5073384],[121.073374,14.5073241],[121.0734102,14.5073242],[121.073543,14.5073475],[121.0737012,14.5073656],[121.0738005,14.5073708],[121.0739037,14.5073591],[121.0740995,14.5072786],[121.0743839,14.5070982],[121.0744697,14.5070333],[121.0745743,14.5068956],[121.074636,14.5067944],[121.0746923,14.5066619],[121.0747138,14.5065347],[121.0747138,14.5063685],[121.0746467,14.506153],[121.0745448,14.5059946],[121.0743302,14.5056856],[121.0739815,14.5052987],[121.0739037,14.5052311],[121.073783,14.5051351],[121.0736194,14.5050545],[121.0734558,14.5049689],[121.0732466,14.5049066],[121.073032,14.5048728],[121.0728949,14.5049105],[121.0722086,14.5052831],[121.0719028,14.5054674],[121.0716748,14.5057141],[121.0716775,14.5058517]],[[121.2441678,14.4868809],[121.2444306,14.4867926],[121.2448973,14.4867978],[121.2449027,14.486964],[121.2450368,14.4871095],[121.2452353,14.4871614],[121.2453211,14.4872653],[121.2453962,14.4872705],[121.2455035,14.4874315],[121.245702,14.4874471],[121.2458736,14.4874055],[121.2460614,14.4873795],[121.2462116,14.4873016],[121.2463618,14.4871926],[121.2463993,14.4872341],[121.2464798,14.4872185],[121.2465227,14.4871822],[121.2463725,14.4871302],[121.2463886,14.4870887],[121.2462813,14.4870835],[121.2462331,14.4870212],[121.2461311,14.4871095],[121.2460292,14.4870419],[121.2460453,14.4869952],[121.2459487,14.4869952],[121.2459487,14.4869173],[121.2458779,14.4869159],[121.245821,14.4869395],[121.2457966,14.4868844],[121.2457356,14.4868253],[121.2456543,14.4868726],[121.2455974,14.4868214],[121.2456136,14.4867742],[121.2455364,14.4867387],[121.2454348,14.4867466],[121.2453534,14.4866521],[121.2453697,14.4866049],[121.2452803,14.4865183],[121.2452274,14.4864278],[121.2451095,14.4863805],[121.245016,14.486349],[121.244951,14.4862546],[121.2448697,14.4861404],[121.244768,14.4860893],[121.2447314,14.4859751],[121.2446826,14.4859279],[121.2445566,14.4859397],[121.244459,14.4858924],[121.2443655,14.4859003],[121.2442842,14.4859279],[121.2442029,14.4859279],[121.2441623,14.4858728],[121.2440444,14.4858767],[121.2439631,14.4859318],[121.2438939,14.4860184],[121.2438614,14.486105],[121.2438411,14.4862428],[121.2437679,14.4863648],[121.2437557,14.4864829],[121.2438167,14.4865931],[121.2438574,14.4867072],[121.2439102,14.4867899],[121.2439834,14.4868096],[121.2440403,14.4868686],[121.2441135,14.4868844],[121.2441678,14.4868809]],[[121.2520427,14.3022568],[121.2520815,14.3022412],[121.252103,14.3022139],[121.2521003,14.3021684],[121.2520876,14.3021333],[121.2520621,14.3020982],[121.2520286,14.3020443],[121.2519823,14.302032],[121.2519508,14.3020359],[121.2519152,14.3020748],[121.2519119,14.302108],[121.251924,14.3021704],[121.2519548,14.3022119],[121.2519883,14.3022249],[121.2520138,14.3022464],[121.2520427,14.3022568]],[[121.1377349,14.5116008],[121.1377054,14.5116294],[121.137684,14.5116657],[121.1376706,14.5117098],[121.1376625,14.5117903],[121.1376679,14.5118319],[121.1376893,14.5119098],[121.1377162,14.5119851],[121.1378449,14.5121721],[121.1380058,14.5124473],[121.1381024,14.5126862],[121.1383653,14.5132938],[121.1383974,14.5133873],[121.1384135,14.5134704],[121.1385155,14.5137923],[121.1385477,14.513865],[121.1386335,14.5140936],[121.138671,14.5141663],[121.1386979,14.5142493],[121.1387247,14.5144051],[121.13873,14.5145713],[121.138714,14.5147375],[121.1386979,14.5148154],[121.1386818,14.5149712],[121.1386603,14.5150751],[121.1386657,14.5151582],[121.1386657,14.5153295],[121.1386549,14.5154126],[121.1386388,14.5154905],[121.1385852,14.5156463],[121.1384726,14.5158852],[121.1383653,14.516015],[121.1382902,14.516067],[121.1382204,14.5161241],[121.1381561,14.5161812],[121.1381024,14.5162435],[121.1380166,14.5163837],[121.1379844,14.5164565],[121.1378986,14.5167161],[121.1378664,14.516794],[121.1378127,14.5168563],[121.1376625,14.516929],[121.1375123,14.5170173],[121.1373728,14.5171316],[121.1372548,14.517277],[121.1372065,14.5173497],[121.1371744,14.5174224],[121.1371475,14.5175003],[121.1371261,14.5175782],[121.1370993,14.5178015],[121.1370832,14.517895],[121.1370778,14.517978],[121.1371046,14.5181338],[121.1371636,14.5182792],[121.1371905,14.5183675],[121.1371958,14.5184506],[121.1371905,14.5186947],[121.1371958,14.5187778],[121.1372173,14.5188609],[121.1372226,14.5190271],[121.1372334,14.5191049],[121.1372817,14.5191777],[121.1373514,14.5192192],[121.1374104,14.5192763],[121.137405,14.5193594],[121.1373407,14.5194269],[121.1372709,14.5194685],[121.1371046,14.5194944],[121.1370188,14.5194789],[121.1369812,14.5194113],[121.1370027,14.5193334],[121.1370885,14.5192036],[121.1370993,14.5191257],[121.1370724,14.5190478],[121.136992,14.5190271],[121.1369061,14.5190322],[121.1368418,14.5190894],[121.1367935,14.5191569],[121.136713,14.5193023],[121.1366165,14.5194425],[121.1365628,14.51951],[121.1365521,14.5195879],[121.1365896,14.5196554],[121.136654,14.5197125],[121.1367291,14.5197437],[121.1368042,14.5197645],[121.136874,14.5198112],[121.1369222,14.5198787],[121.1369544,14.5199514],[121.1369812,14.5200293],[121.1369866,14.5201072],[121.1369115,14.5201384],[121.1367506,14.5201591],[121.1366647,14.5201436],[121.1365038,14.5200813],[121.136418,14.5200761],[121.1363321,14.5200916],[121.1361927,14.5201903],[121.1361766,14.5202682],[121.1362356,14.5203253],[121.1363161,14.5203046],[121.1363965,14.5203097],[121.1364475,14.5204084],[121.1364555,14.5204474],[121.1364555,14.5204889],[121.1363804,14.5207693],[121.1363402,14.5208446],[121.1362678,14.5209485],[121.1362356,14.5209745],[121.1361954,14.52099],[121.1361122,14.52099],[121.1359861,14.5209615],[121.1358654,14.5208862],[121.1356053,14.520746],[121.1355355,14.5206966],[121.1353907,14.5206109],[121.1353558,14.520585],[121.1352941,14.5205149],[121.1352271,14.5204577],[121.1350313,14.5203461],[121.1349589,14.5202968],[121.1349186,14.52025],[121.1348194,14.5200215],[121.1347952,14.5199852],[121.1347362,14.5199203],[121.1346987,14.5198917],[121.1346209,14.5198579],[121.134578,14.5198476],[121.1344519,14.519832],[121.1344036,14.519832],[121.1342722,14.5198528],[121.1342266,14.5198605],[121.134181,14.5198761],[121.1341488,14.5199021],[121.134122,14.519941],[121.1341032,14.51998],[121.1340898,14.5200189],[121.134071,14.5201384],[121.1340469,14.5201721],[121.1339208,14.5201799],[121.1338404,14.5202189],[121.1337358,14.5203565],[121.1336338,14.5204344],[121.1335883,14.5204474],[121.1334702,14.5205149],[121.1333898,14.5205538],[121.1333147,14.5206006],[121.1332074,14.5206759],[121.1331966,14.5207174],[121.1332074,14.5207563],[121.1332262,14.5207927],[121.1335131,14.5210913],[121.1337814,14.5213561],[121.1341462,14.5216911],[121.1344197,14.5219066],[121.1350018,14.5223298],[121.135785,14.5228777],[121.1363509,14.5232438],[121.1363912,14.5232542],[121.1364314,14.5232438],[121.1364663,14.523223],[121.1365226,14.5231633],[121.1366647,14.5228881],[121.1368445,14.5225661],[121.1372843,14.5215898],[121.1377403,14.5206291],[121.1377832,14.520559],[121.13781,14.5205279],[121.1378959,14.5203695],[121.1380327,14.5200709],[121.1380595,14.519993],[121.1381614,14.5197749],[121.1381882,14.519697],[121.1382043,14.5196243],[121.1382526,14.5194633],[121.1382794,14.5193854],[121.1383814,14.5191465],[121.1384082,14.5190634],[121.1384404,14.5189855],[121.1384833,14.5188297],[121.1385369,14.5186895],[121.1385584,14.5186116],[121.1386871,14.5183104],[121.1387086,14.5182325],[121.1387837,14.5180871],[121.1388481,14.5179365],[121.1388749,14.5178638],[121.1388963,14.5177859],[121.1389285,14.5177132],[121.1389446,14.5176353],[121.1390358,14.517412],[121.1390626,14.5173341],[121.1391002,14.5171004],[121.139127,14.5170225],[121.1391377,14.5169498],[121.1391753,14.5168044],[121.1392075,14.5166486],[121.1392343,14.5165759],[121.1392558,14.516498],[121.1392879,14.5163474],[121.1392987,14.5162695],[121.1393416,14.5161085],[121.1394167,14.515719],[121.1394274,14.5156411],[121.1394381,14.5154074],[121.1394972,14.5150127],[121.1395079,14.5148518],[121.1395079,14.5147739],[121.1395508,14.5144623],[121.139583,14.5143065],[121.1396098,14.5140987],[121.1396527,14.513865],[121.1396956,14.5135638],[121.139701,14.5134859],[121.139701,14.5131536],[121.1396849,14.5130757],[121.1396581,14.5129978],[121.1396205,14.5129303],[121.1395508,14.5128783],[121.139465,14.5128472],[121.1393899,14.5128108],[121.1392477,14.5127251],[121.1387998,14.5122344],[121.1386201,14.5120604],[121.1383492,14.5118734],[121.1380273,14.5116891],[121.137861,14.511619],[121.1377839,14.5116008],[121.1377349,14.5116008]],[[121.1270517,14.5256715],[121.127674,14.5261259],[121.1285698,14.5266452],[121.1295837,14.5271489],[121.1305922,14.527554],[121.1314076,14.5278448],[121.1320406,14.5280836],[121.1324322,14.5281979],[121.1326414,14.528268],[121.1328372,14.5283459],[121.1329123,14.5283822],[121.1329821,14.5283926],[121.1330679,14.5283589],[121.1331242,14.5282914],[121.1335266,14.5277097],[121.1337385,14.5274189],[121.134173,14.5267413],[121.1352834,14.5250951],[121.1360291,14.5239656],[121.1363375,14.5234723],[121.136367,14.5233788],[121.1363536,14.5233243],[121.1363,14.5232698],[121.135624,14.5228439],[121.134932,14.5223532],[121.1343661,14.5219533],[121.1337063,14.5213717],[121.133084,14.5207641],[121.1330464,14.5207512],[121.1329955,14.5208161],[121.1329767,14.5209822],[121.1329204,14.5215015],[121.1328426,14.5216573],[121.1327165,14.521769],[121.1324483,14.5219118],[121.1322632,14.5220598],[121.1322096,14.5222],[121.1322606,14.5224259],[121.1324269,14.5226622],[121.13262,14.522792],[121.1340308,14.5234463],[121.1340925,14.5235061],[121.134114,14.5235788],[121.1340791,14.5236618],[121.133481,14.5246303],[121.1334327,14.5246589],[121.1333817,14.524655],[121.1313432,14.5239578],[121.1312065,14.5239033],[121.1311287,14.5238955],[121.1310831,14.5239345],[121.1310723,14.524028],[121.131134,14.5241318],[121.1313674,14.5242409],[121.1331725,14.5248225],[121.1332959,14.524877],[121.1333147,14.5249627],[121.1332905,14.5250873],[121.1332288,14.5252119],[121.1330491,14.5255365],[121.1324054,14.5265673],[121.1321855,14.5268581],[121.1321023,14.52691],[121.1319387,14.5269152],[121.1318207,14.5269308],[121.1316758,14.5269594],[121.1315712,14.5269931],[121.1314613,14.5269801],[121.1311984,14.5268347],[121.1311153,14.5267465],[121.1310133,14.5267101],[121.1308014,14.5267075],[121.1306727,14.5267101],[121.1305681,14.5266738],[121.1305118,14.5265985],[121.1304796,14.5265024],[121.1304688,14.5263622],[121.1305091,14.5262038],[121.1305144,14.5261311],[121.1304769,14.5260896],[121.130383,14.5260688],[121.1301389,14.5261363],[121.129919,14.526209],[121.1298251,14.5261934],[121.129801,14.5261441],[121.1297983,14.5260636],[121.1299458,14.5258844],[121.130088,14.5256871],[121.130088,14.5256248],[121.1300558,14.5255339],[121.1299753,14.5254041],[121.1299324,14.5253158],[121.1298493,14.5252847],[121.129742,14.5253158],[121.1295462,14.5254664],[121.1292565,14.5256975],[121.1290392,14.5258065],[121.12883,14.5258611],[121.1282963,14.525874],[121.1279905,14.5258117],[121.1278322,14.5257131],[121.1277384,14.5255625],[121.127615,14.5253937],[121.1274621,14.5253314],[121.1272341,14.5253444],[121.1270973,14.5253262],[121.1269739,14.5252639],[121.1269015,14.5251964],[121.1268184,14.5251522],[121.1267486,14.5251704],[121.1266977,14.5252197],[121.1266816,14.5253054],[121.1267272,14.5253859],[121.1270517,14.5256715]],[[121.136992,14.525778],[121.1371556,14.5258507],[121.1373138,14.525913],[121.1375499,14.5260117],[121.1377323,14.5260688],[121.1381346,14.5262012],[121.1391002,14.5265569],[121.1394489,14.5266764],[121.1400041,14.5268451],[121.1402106,14.5268737],[121.1403179,14.5268685],[121.1403957,14.5268425],[121.1405271,14.5267387],[121.1405915,14.5266867],[121.1406451,14.526614],[121.1406881,14.526531],[121.1407524,14.5262921],[121.1407739,14.5261363],[121.1408114,14.5259805],[121.1408436,14.5257416],[121.1408758,14.5254924],[121.1408436,14.5252743],[121.1408168,14.5252016],[121.1407578,14.5251392],[121.1406881,14.5250873],[121.140613,14.5250562],[121.1403662,14.5249887],[121.1401248,14.5248952],[121.139819,14.5247498],[121.1395106,14.5245992],[121.139355,14.5245213],[121.1391967,14.5244356],[121.1390465,14.5243499],[121.1389553,14.5242954],[121.1388025,14.5242123],[121.1386549,14.524111],[121.1383706,14.5239293],[121.1382794,14.5239085],[121.1381829,14.5239293],[121.1380809,14.5240643],[121.1379361,14.5242824],[121.1377537,14.5245888],[121.1375123,14.5249523],[121.1370939,14.5254924],[121.136992,14.525643],[121.1369745,14.5257144],[121.136992,14.525778]],[[121.1391699,14.5243188],[121.139406,14.5244382],[121.1396179,14.5245291],[121.1399209,14.5246563],[121.140157,14.5247757],[121.1406532,14.5250535],[121.1407337,14.5250691],[121.1408892,14.5250691],[121.1409697,14.5250431],[121.1410448,14.5250068],[121.141136,14.5249056],[121.1411896,14.5248485],[121.1412808,14.5247135],[121.141313,14.5246304],[121.1413613,14.5244694],[121.1413934,14.5243084],[121.1413908,14.5232438],[121.1414123,14.5230101],[121.1414015,14.5223766],[121.1414874,14.5220546],[121.1415195,14.5219767],[121.1415517,14.5218053],[121.1416805,14.5213172],[121.1416166,14.5209461],[121.1417278,14.520579],[121.1418202,14.5204505],[121.1418871,14.5202485],[121.1419721,14.520035],[121.1418461,14.5198152],[121.1418248,14.5194391],[121.1418848,14.518957],[121.1420931,14.5185494],[121.1421632,14.5183645],[121.1421284,14.5181831],[121.1420393,14.5180587],[121.1420052,14.5179667],[121.1420491,14.5178713],[121.142036,14.5177934],[121.1420501,14.5177325],[121.1419272,14.5172717],[121.14182,14.5169082],[121.1416805,14.5165966],[121.141659,14.5165187],[121.1416322,14.5163577],[121.1415356,14.5162072],[121.1414739,14.5161059],[121.1414176,14.5159943],[121.1413747,14.5156359],[121.1413532,14.5154802],[121.1413371,14.5152828],[121.1412728,14.5151686],[121.1411601,14.5150803],[121.1410769,14.5151945],[121.1410394,14.515262],[121.1409697,14.5153451],[121.1409402,14.5154386],[121.1409187,14.5156022],[121.1408329,14.5160825],[121.1408007,14.5165629],[121.1406532,14.5173289],[121.1404976,14.5180975],[121.1399987,14.5197281],[121.1397091,14.520559],[121.1394408,14.5211536],[121.1393067,14.5213665],[121.1391807,14.5215639],[121.1390841,14.52173],[121.1390009,14.5219663],[121.1386764,14.5226544],[121.1385423,14.5229894],[121.138435,14.5232127],[121.1383063,14.5234411],[121.1382794,14.523519],[121.1382687,14.5235969],[121.1382955,14.5236696],[121.1383384,14.5237423],[121.1384994,14.5238981],[121.1385986,14.523976],[121.1387944,14.5240903],[121.1389339,14.5241915],[121.1391699,14.5243188]],[[121.1394301,14.5127173],[121.1396071,14.5128316],[121.1397332,14.5128835],[121.1398217,14.5128991],[121.1398646,14.5128861],[121.1398861,14.5128472],[121.1399049,14.5127693],[121.1399022,14.5122863],[121.1400604,14.5115541],[121.1401355,14.5110763],[121.1402321,14.5107647],[121.1402643,14.5105881],[121.1409187,14.5092067],[121.1411655,14.5087497],[121.141262,14.5086146],[121.141541,14.5083861],[121.1420345,14.5082096],[121.1421955,14.5081784],[121.1423993,14.5079811],[121.1425495,14.5078772],[121.1426783,14.5077422],[121.1428928,14.5074825],[121.1431718,14.5070462],[121.1433005,14.5069112],[121.143676,14.5065477],[121.1442447,14.5061114],[121.1444163,14.506018],[121.1447382,14.5058933],[121.1448777,14.5058102],[121.1452854,14.5054778],[121.1463261,14.5047715],[121.1464763,14.5046884],[121.1475921,14.5042003],[121.1482036,14.5038367],[121.1485147,14.5036186],[121.1486864,14.5035355],[121.149373,14.503255],[121.1497378,14.5031408],[121.1500168,14.5029746],[121.1501455,14.5028603],[121.1503708,14.5025799],[121.1503494,14.5022683],[121.1504567,14.5021333],[121.1513686,14.5021229],[121.1517227,14.5021644],[121.1518943,14.502206],[121.1520231,14.5022994],[121.1521304,14.5024241],[121.1521947,14.5025799],[121.1521625,14.5027357],[121.152066,14.5028603],[121.1519265,14.502933],[121.1518299,14.5030577],[121.1518299,14.5032239],[121.1519909,14.5032862],[121.1528492,14.5035043],[121.1530208,14.5035043],[121.1535144,14.503442],[121.1536753,14.5033693],[121.1539864,14.5031823],[121.1540937,14.5030369],[121.1541581,14.5026838],[121.154201,14.5018632],[121.1543298,14.5010634],[121.1543298,14.5007518],[121.1542439,14.5002844],[121.1541796,14.5001389],[121.1539864,14.4998689],[121.1537504,14.4996196],[121.1534822,14.4994326],[121.1532032,14.499308],[121.1529028,14.4991937],[121.1524415,14.4990795],[121.1519694,14.4990898],[121.1513364,14.4991833],[121.1501884,14.499578],[121.1498773,14.4997235],[121.1494267,14.4999727],[121.1489653,14.5002947],[121.1486649,14.5004609],[121.1480534,14.5007518],[121.1479139,14.5008556],[121.1476242,14.5009907],[121.1472165,14.5012504],[121.1467659,14.5014581],[121.1464655,14.501562],[121.1460578,14.5018736],[121.1459076,14.5019567],[121.1456072,14.5020917],[121.1452961,14.5021333],[121.1448026,14.5022787],[121.1442876,14.5025695],[121.1438906,14.5028292],[121.1436331,14.5030265],[121.14344,14.5032966],[121.1431932,14.5035563],[121.1424744,14.5040964],[121.1418307,14.5046469],[121.1412728,14.5052493],[121.1410046,14.5056544],[121.1407792,14.506153],[121.1405969,14.5067762],[121.140511,14.5069112],[121.1404037,14.5070359],[121.1400068,14.5073578],[121.1392772,14.5082407],[121.1390841,14.5085108],[121.1389553,14.5086146],[121.1387837,14.5086562],[121.1386335,14.5085939],[121.1384833,14.50849],[121.1382365,14.5082719],[121.1380756,14.5082407],[121.1379254,14.5082823],[121.1375391,14.5093729],[121.1375177,14.5096949],[121.1375284,14.5102038],[121.1376464,14.5107127],[121.1377537,14.5110243],[121.1378717,14.5114917],[121.1379442,14.5115515],[121.1380823,14.5116164],[121.1384055,14.5118163],[121.1386496,14.5119799],[121.1388534,14.5121721],[121.1392182,14.5125408],[121.1394301,14.5127173]],[[121.1106205,14.5247731],[121.1106862,14.5247537],[121.1108458,14.5246758],[121.110937,14.5246212],[121.1110362,14.5245589],[121.1111113,14.5244953],[121.1111543,14.524446],[121.1111784,14.5243772],[121.1111945,14.5242837],[121.1112159,14.524224],[121.1112468,14.5241591],[121.1113809,14.5239578],[121.1113997,14.5239202],[121.1114037,14.5238981],[121.1113983,14.5238851],[121.1113849,14.5238838],[121.1113688,14.5238981],[121.1113206,14.5239617],[121.1111717,14.5241214],[121.1110443,14.5242512],[121.1109826,14.5242954],[121.1109035,14.5243278],[121.1108042,14.5243538],[121.1107194,14.5243815],[121.1105977,14.5244616],[121.1104703,14.5245719],[121.1104207,14.5246407],[121.1103979,14.5246823],[121.1103643,14.5247446],[121.110357,14.5247661],[121.110367,14.5247809],[121.1103912,14.5247913],[121.1104341,14.5247861],[121.1105172,14.5247731],[121.1105601,14.5247757],[121.1106205,14.5247731]],[[121.4260952,14.3049669],[121.426051,14.3049968],[121.4260054,14.3050059],[121.425595,14.3049501],[121.4252999,14.3049059],[121.4252329,14.3049449],[121.425194,14.3050046],[121.425198,14.3050462],[121.4252704,14.3052372],[121.4253469,14.305492],[121.4253375,14.305579],[121.4252838,14.305657],[121.4251591,14.3057155],[121.4250773,14.3057103],[121.4250371,14.3056726],[121.4248332,14.30544],[121.4247876,14.3054101],[121.4247581,14.3053997],[121.4247152,14.3054101],[121.4246964,14.305466],[121.4246535,14.305696],[121.4245945,14.3059013],[121.4245167,14.3061404],[121.4244229,14.3064445],[121.4242941,14.3067876],[121.4242458,14.3071462],[121.424278,14.3074945],[121.4243397,14.3078922],[121.4244443,14.3081547],[121.4246696,14.3083938],[121.4249969,14.3085627],[121.4252624,14.3086511],[121.4255628,14.30869],[121.4260107,14.3086017],[121.4263594,14.3084275],[121.4267349,14.308204],[121.4271989,14.3078766],[121.4275423,14.3076816],[121.4280277,14.3072944],[121.4285883,14.3067408],[121.4289317,14.3064601],[121.4292267,14.3061976],[121.4296022,14.3057142],[121.42979,14.3053815],[121.4299858,14.3049345],[121.430085,14.3046927],[121.4301842,14.3044302],[121.4303908,14.3040768],[121.4308602,14.3032139],[121.431182,14.3026265],[121.4312625,14.3023848],[121.4312866,14.3021976],[121.4312839,14.3020599],[121.4313054,14.3019403],[121.4313725,14.301852],[121.431469,14.3017714],[121.4316232,14.3016051],[121.431689,14.3014881],[121.4317211,14.3013114],[121.4317265,14.3010878],[121.4317346,14.3008045],[121.4316836,14.300568],[121.4315602,14.30016],[121.4314234,14.2998065],[121.4313966,14.2996583],[121.4313912,14.2994218],[121.4313912,14.2991827],[121.4314261,14.2989566],[121.4313886,14.2987227],[121.4312384,14.2984316],[121.4309728,14.2980183],[121.4308789,14.2978467],[121.4307582,14.2976908],[121.430482,14.2975115],[121.4300179,14.2972412],[121.4296612,14.2970358],[121.4293286,14.2969033],[121.4290979,14.2968591],[121.42887,14.2968669],[121.4285159,14.2969916],[121.4279419,14.2970878],[121.4272499,14.2971996],[121.4268905,14.2972775],[121.4264372,14.2974387],[121.4260751,14.2976128],[121.4258605,14.2977974],[121.4258029,14.2979195],[121.4257841,14.2979884],[121.4257854,14.2980768],[121.4258069,14.2981599],[121.42589,14.2982834],[121.4263272,14.2986915],[121.4265472,14.2989358],[121.4267725,14.2991931],[121.4268663,14.2993828],[121.4268824,14.2996297],[121.4268315,14.2997857],[121.4267296,14.2999182],[121.4265445,14.300121],[121.426456,14.3002873],[121.4262736,14.300607],[121.4261475,14.3009241],[121.4260268,14.3012776],[121.4259383,14.3017064],[121.4259195,14.3022028],[121.4259276,14.3026525],[121.4259061,14.3032373],[121.4258739,14.3034062],[121.4258069,14.3035388],[121.4255655,14.3037805],[121.425485,14.3039182],[121.425477,14.3040534],[121.4255011,14.3041443],[121.4256325,14.3043445],[121.4258605,14.3046538],[121.4259866,14.3047759],[121.4261046,14.3048565],[121.42611,14.3049124],[121.4260952,14.3049669]],[[121.2813706,14.2224789],[121.2814048,14.2224464],[121.2814665,14.2223717],[121.2815496,14.2222826],[121.2815738,14.2222495],[121.2815818,14.2222157],[121.2815825,14.2221897],[121.2815671,14.2221604],[121.2815543,14.2221279],[121.2815557,14.2220876],[121.2815671,14.2220577],[121.2815986,14.221996],[121.2816744,14.2219095],[121.2817012,14.2218595],[121.2817065,14.2218406],[121.2817052,14.221827],[121.2816938,14.2218172],[121.281663,14.221812],[121.2816046,14.2218133],[121.2815087,14.2218361],[121.2814142,14.2218816],[121.2813438,14.221942],[121.2813056,14.2219752],[121.2812834,14.222009],[121.2812707,14.2220512],[121.2812459,14.2221299],[121.2811647,14.2223073],[121.2811245,14.2223931],[121.2810762,14.2224867],[121.2810105,14.2225842],[121.2809807,14.222621],[121.2809636,14.2226427],[121.2809555,14.2226622],[121.2809562,14.2226824],[121.2809584,14.2226926],[121.2809632,14.2226977],[121.280974,14.2226993],[121.2809931,14.2226947],[121.2810373,14.2226811],[121.2811225,14.2226479],[121.2811969,14.2226096],[121.2812814,14.2225504],[121.2813706,14.2224789]],[[121.203221,14.2183746],[121.2033069,14.2184099],[121.2032955,14.2184671],[121.2034129,14.218482],[121.2034126,14.2185027],[121.2034122,14.2185275],[121.2033747,14.2185272],[121.2032504,14.2185285],[121.2032508,14.2185607],[121.2031778,14.2185615],[121.2031205,14.2185627],[121.203095,14.2188441],[121.203029,14.2193223],[121.2030347,14.2193446],[121.2030534,14.2193602],[121.2030803,14.2193654],[121.2034169,14.2194044],[121.203441,14.2194135],[121.2034531,14.2194304],[121.2034578,14.2194493],[121.2034585,14.219498],[121.2034571,14.2195578],[121.2034518,14.2196111],[121.203441,14.219706],[121.2034236,14.2198425],[121.203441,14.2198776],[121.2034719,14.219888],[121.2035188,14.2198828],[121.2035483,14.2198607],[121.2035617,14.2198152],[121.2035774,14.2196332],[121.2035798,14.2195994],[121.2035865,14.2195721],[121.2035959,14.2195409],[121.2036167,14.2195078],[121.2036422,14.219485],[121.2036771,14.2194499],[121.2037052,14.2194226],[121.20373,14.2193986],[121.2037964,14.2193121],[121.2038796,14.2191938],[121.2039278,14.2191054],[121.2039506,14.2190339],[121.2039721,14.2189598],[121.2040016,14.2188935],[121.2040324,14.2188519],[121.2040633,14.2188285],[121.2040955,14.2188129],[121.2041411,14.2187921],[121.2042403,14.2187648],[121.2042792,14.218744],[121.2043074,14.218718],[121.2043677,14.2186387],[121.2045702,14.2184047],[121.2051684,14.2178886],[121.2055305,14.2176182],[121.205686,14.2175428],[121.2058309,14.2174908],[121.2059998,14.2174518],[121.2062117,14.217431],[121.2063915,14.2174076],[121.206539,14.2173738],[121.2067214,14.2172984],[121.2068206,14.2172048],[121.2068555,14.217132],[121.2068595,14.2170527],[121.2068313,14.217015],[121.2067562,14.216976],[121.2066275,14.2169409],[121.206319,14.2168642],[121.2060776,14.2168668],[121.2058148,14.2169214],[121.2055492,14.2170098],[121.2053548,14.217093],[121.2050986,14.2172373],[121.2049645,14.2173062],[121.2048988,14.2173354],[121.2048502,14.2173588],[121.204819,14.217377],[121.2047908,14.2173939],[121.2047526,14.2174167],[121.2046815,14.2174557],[121.2045702,14.2175044],[121.2044616,14.2175298],[121.2043396,14.2175701],[121.2042832,14.2176728],[121.2041947,14.217756],[121.2040566,14.2178184],[121.2036731,14.2181908],[121.2034055,14.2180433],[121.2034631,14.217886],[121.2036536,14.2176702],[121.2038674,14.2174791],[121.2039976,14.2173664],[121.2041701,14.2172348],[121.2045683,14.2169565],[121.2045476,14.2169293],[121.2041433,14.2172147],[121.2040606,14.2172769],[121.2039769,14.2173392],[121.2038527,14.2174453],[121.2036985,14.2175831],[121.2035912,14.2176793],[121.2035134,14.2177677],[121.2034638,14.2178314],[121.2034182,14.2179016],[121.2033736,14.2180183],[121.2033606,14.2180553],[121.2033244,14.2181443],[121.203312,14.2181751],[121.2032994,14.2182064],[121.203268,14.2182779],[121.2032472,14.2183137],[121.203221,14.2183746]],[[121.1163021,14.5206389],[121.1162504,14.5206869],[121.1161807,14.5207531],[121.1161244,14.5208447],[121.1161069,14.5209343],[121.1161177,14.521042],[121.1161659,14.5211679],[121.1162183,14.5212432],[121.1163014,14.521303],[121.1163899,14.5213237],[121.1164865,14.5213185],[121.1165495,14.5212835],[121.1166166,14.5212056],[121.1166943,14.5210654],[121.1167627,14.5209641],[121.1168673,14.5208187],[121.1170075,14.5206454],[121.1170363,14.5205993],[121.1170511,14.5205655],[121.1170464,14.5205383],[121.1170296,14.5205188],[121.1170055,14.5205078],[121.1169787,14.520511],[121.1168982,14.5205435],[121.1168144,14.5205649],[121.1167299,14.5205727],[121.1166286,14.5205655],[121.1165032,14.520548],[121.1164301,14.5205266],[121.1163048,14.520474],[121.1162816,14.5204714],[121.1162685,14.5204792],[121.1162628,14.5204893],[121.1162639,14.5205078],[121.1163048,14.5205636],[121.1163182,14.5205896],[121.1163155,14.5206181],[121.1163021,14.5206389]],[[121.323258,14.4422117],[121.3231333,14.4421675],[121.3230032,14.4421675],[121.3228717,14.4422065],[121.3227752,14.4422701],[121.3227081,14.4423506],[121.3226411,14.4424753],[121.3225633,14.4426987],[121.3225311,14.4428454],[121.3225365,14.443026],[121.3225807,14.4431584],[121.3226451,14.4432662],[121.3227309,14.4433208],[121.3228382,14.4433376],[121.322979,14.4433234],[121.323097,14.443261],[121.3231896,14.4431584],[121.3232365,14.4430597],[121.3232929,14.4428532],[121.3233371,14.4426441],[121.3233532,14.4424961],[121.3233478,14.4423753],[121.3233291,14.4422909],[121.323258,14.4422117]],[[121.2026283,14.4312612],[121.2025827,14.4312553],[121.2025197,14.43128],[121.2024674,14.4313138],[121.2024258,14.431345],[121.2023681,14.4314281],[121.2023601,14.4314735],[121.2023748,14.4315164],[121.202395,14.431545],[121.2024352,14.4315917],[121.2024821,14.4316398],[121.2025438,14.4317047],[121.2026001,14.4317632],[121.2026551,14.4318047],[121.2027021,14.4318346],[121.2027577,14.4318729],[121.2028147,14.4319125],[121.2028791,14.4319489],[121.2030119,14.4320151],[121.2031031,14.4320346],[121.2031755,14.4320372],[121.2032653,14.4320268],[121.2033425,14.4319892],[121.203386,14.4319528],[121.2033927,14.4319333],[121.2033894,14.4319093],[121.2033659,14.4318658],[121.2033364,14.4318151],[121.2032868,14.4317411],[121.2032627,14.4317034],[121.203213,14.4316307],[121.2031446,14.4315359],[121.203099,14.4314943],[121.2030548,14.4314761],[121.2030092,14.4314683],[121.2029435,14.4314657],[121.2028335,14.4314515],[121.2027664,14.4314268],[121.2027235,14.4313852],[121.2026981,14.4313333],[121.2026699,14.43128],[121.2026283,14.4312612]],[[121.2584159,14.3117426],[121.2586052,14.3118449],[121.2587874,14.3119349],[121.2589579,14.3120036],[121.2591146,14.312045],[121.2592362,14.312054],[121.2592664,14.3120453],[121.259313,14.3120095],[121.2593595,14.3119371],[121.2593858,14.3118312],[121.259375,14.3117174],[121.2593514,14.3115638],[121.2593362,14.3114452],[121.2593168,14.3113092],[121.2592726,14.3111733],[121.2592509,14.3110381],[121.2592356,14.3108589],[121.259178,14.3107315],[121.2591517,14.3105994],[121.2591114,14.3104868],[121.2590489,14.310385],[121.2589719,14.310311],[121.2588821,14.3101795],[121.2588091,14.3100797],[121.2587367,14.3099909],[121.2586525,14.3099159],[121.2585626,14.3098468],[121.2584829,14.3097525],[121.2584045,14.3096996],[121.2583162,14.3096623],[121.2582363,14.3095965],[121.2581558,14.3095847],[121.2580749,14.3095841],[121.2580193,14.3096034],[121.2579556,14.309601],[121.2579275,14.3096153],[121.2578819,14.3096775],[121.2578727,14.3097417],[121.2578521,14.3098279],[121.257803,14.3098844],[121.2577441,14.3099266],[121.2576748,14.3099741],[121.2576134,14.3100495],[121.257533,14.3101071],[121.2574626,14.310245],[121.2574448,14.3103665],[121.2574495,14.3104928],[121.2574154,14.3106385],[121.2574086,14.3107607],[121.2574278,14.3109089],[121.2574693,14.3110388],[121.2575378,14.3111507],[121.2576433,14.3112394],[121.2578183,14.3113736],[121.2580061,14.3115128],[121.2582029,14.3116314],[121.2584159,14.3117426]],[[121.2520909,14.3037415],[121.2521218,14.3038403],[121.2521794,14.3039325],[121.2523229,14.3040976],[121.2524383,14.3042392],[121.2525416,14.3044016],[121.252681,14.3046096],[121.2528098,14.3048474],[121.2528924,14.3050205],[121.2529586,14.3051593],[121.2529975,14.3051749],[121.2530954,14.3051177],[121.253011,14.3048929],[121.2529707,14.3046863],[121.2529412,14.3045472],[121.252913,14.3043692],[121.2528795,14.3042093],[121.2528259,14.3039923],[121.2527655,14.3037662],[121.2527226,14.3035998],[121.2526874,14.3034951],[121.2526636,14.3034244],[121.2526193,14.3033581],[121.2525858,14.3032815],[121.25258,14.3032553],[121.2525697,14.3032087],[121.2524705,14.3031177],[121.2523565,14.3030918],[121.2522384,14.3030879],[121.2521365,14.3031099],[121.2520534,14.303093],[121.2519837,14.3031099],[121.251938,14.3031762],[121.2519312,14.3032167],[121.2519219,14.3032724],[121.2519179,14.303375],[121.2519488,14.3034673],[121.2520185,14.3036024],[121.2520909,14.3037415]],[[121.2476465,14.3013802],[121.2475982,14.3013308],[121.247609,14.3012984],[121.2476465,14.3012776],[121.2477082,14.3012685],[121.2477618,14.3012009],[121.2477766,14.3011191],[121.2477946,14.3010925],[121.2478101,14.3010696],[121.2478424,14.3009527],[121.247896,14.3009072],[121.2479845,14.3008409],[121.2480944,14.3008045],[121.2481575,14.3007902],[121.2482299,14.3007967],[121.2482715,14.3008266],[121.2483305,14.3008227],[121.248419,14.3008084],[121.2485209,14.300785],[121.248584,14.3007331],[121.2486818,14.3006551],[121.2487851,14.30062],[121.2489407,14.300594],[121.249052,14.3006187],[121.2490878,14.3006265],[121.2491901,14.3006486],[121.2492974,14.3006772],[121.2493148,14.3007149],[121.2493578,14.3007357],[121.2494422,14.3007344],[121.2495227,14.3007149],[121.2495616,14.3006629],[121.2495985,14.3006512],[121.2496374,14.3006428],[121.2497011,14.3006031],[121.2497721,14.3005719],[121.2498446,14.3005914],[121.2499103,14.3005979],[121.2499733,14.3005823],[121.2500283,14.3005485],[121.2501074,14.300542],[121.2502107,14.3005602],[121.2503555,14.300594],[121.2504883,14.3006538],[121.2506117,14.3007123],[121.2507472,14.3008123],[121.2508035,14.3008344],[121.2508598,14.3008305],[121.2508799,14.3007941],[121.2508611,14.300737],[121.2508182,14.3006798],[121.250774,14.3006265],[121.2507016,14.3005628],[121.250664,14.3005147],[121.2505956,14.3004952],[121.2505245,14.3004199],[121.2504427,14.30039],[121.2503944,14.3003315],[121.2503649,14.3002821],[121.2503099,14.3002457],[121.2502429,14.3002392],[121.2501383,14.3001717],[121.2500551,14.3001093],[121.2499559,14.3000326],[121.2498888,14.2999663],[121.2497923,14.299913],[121.2497105,14.299839],[121.2496072,14.2997428],[121.2495495,14.2996713],[121.2494771,14.2996245],[121.2494087,14.2995414],[121.2493404,14.2994686],[121.2492572,14.2994244],[121.2492156,14.2993425],[121.2491646,14.2992815],[121.2490842,14.2991931],[121.2489729,14.2990839],[121.2489286,14.2990241],[121.2488736,14.2989929],[121.2488052,14.2989514],[121.2487409,14.2988643],[121.2487275,14.2988439],[121.2486966,14.2987967],[121.248588,14.2986343],[121.2485464,14.2985654],[121.2484941,14.2985186],[121.2484136,14.2984614],[121.2483613,14.2983887],[121.248301,14.2983367],[121.2482312,14.2982925],[121.2481776,14.2982275],[121.2480877,14.2981924],[121.248022,14.2981547],[121.2479751,14.2980859],[121.2478906,14.298017],[121.2478276,14.2979442],[121.2477931,14.297874],[121.2477385,14.2977091],[121.2476857,14.2976684],[121.2476794,14.297723],[121.2476696,14.2977931],[121.2476456,14.2978486],[121.247608,14.2979628],[121.2475129,14.2982677],[121.2474125,14.2984651],[121.2472933,14.2985661],[121.2471691,14.2986265],[121.2470037,14.2987353],[121.2468464,14.2987729],[121.2466729,14.2987556],[121.2465182,14.2987729],[121.2464054,14.2987895],[121.2462627,14.2987641],[121.2461086,14.298701],[121.2459594,14.2986603],[121.2458018,14.2986692],[121.2456349,14.298589],[121.2454715,14.2985218],[121.245301,14.2984853],[121.245169,14.2985212],[121.245037,14.2985696],[121.2448758,14.2985813],[121.2447754,14.298641],[121.2447016,14.2987328],[121.2446566,14.2988441],[121.2445466,14.2989459],[121.2444505,14.298954],[121.2443973,14.2989898],[121.2443677,14.2990702],[121.2443698,14.2991756],[121.2443519,14.2993525],[121.2443301,14.2995078],[121.2443025,14.2996947],[121.2442482,14.2998922],[121.2442119,14.3000937],[121.2441945,14.3003094],[121.2441972,14.3005407],[121.2442575,14.3009371],[121.2442683,14.3011372],[121.2443045,14.3012451],[121.2443823,14.3013023],[121.2444051,14.301349],[121.2443849,14.301518],[121.2443688,14.3016532],[121.2443729,14.3018052],[121.2443769,14.3020014],[121.244389,14.3021443],[121.2443903,14.3022925],[121.2443796,14.3024263],[121.2443944,14.3025537],[121.2444627,14.3026979],[121.244558,14.3028176],[121.2447014,14.3029956],[121.2448544,14.3031112],[121.2450072,14.3032295],[121.2452526,14.3033048],[121.2454605,14.3033412],[121.2456885,14.3033542],[121.2458897,14.303388],[121.2460573,14.3034322],[121.2462343,14.3034361],[121.2463927,14.3034112],[121.2464985,14.3033438],[121.2466246,14.3032984],[121.2467801,14.3032386],[121.2469102,14.303184],[121.2470564,14.3031281],[121.2472241,14.3030112],[121.2473206,14.3029267],[121.2474333,14.3028708],[121.2475312,14.3027434],[121.2475929,14.3026681],[121.2476356,14.3025514],[121.2476774,14.3024069],[121.2476881,14.3022769],[121.2476961,14.3021431],[121.2476885,14.3020879],[121.2476814,14.3020365],[121.2476747,14.3018637],[121.2476465,14.3017532],[121.2476116,14.3016843],[121.2476076,14.3016077],[121.2476291,14.3015427],[121.2476586,14.3014647],[121.2476465,14.3013802]],[[121.2454069,14.3116737],[121.245423,14.3114762],[121.2453961,14.3112942],[121.245203,14.3105041],[121.2451118,14.3102157],[121.2450421,14.3099973],[121.2449831,14.3098336],[121.2447202,14.3092358],[121.2445378,14.3088005],[121.2444466,14.3085627],[121.2443688,14.3084613],[121.2442361,14.3083665],[121.2440296,14.3082846],[121.243705,14.308204],[121.2434984,14.308168],[121.2434627,14.3081618],[121.2434542,14.3081597],[121.2434509,14.3081589],[121.2431256,14.3081118],[121.243013,14.3080975],[121.2429647,14.3080981],[121.2429285,14.3081033],[121.2428708,14.308117],[121.2427428,14.3081689],[121.2426764,14.3081884],[121.242612,14.3081949],[121.2424658,14.3081819],[121.2423451,14.3081663],[121.2422794,14.3081508],[121.2421949,14.3081144],[121.2420474,14.3080182],[121.2419146,14.3078896],[121.2418395,14.307757],[121.2417617,14.3075439],[121.2416598,14.3073905],[121.2414882,14.3072086],[121.2413245,14.3070293],[121.2411743,14.3068889],[121.241008,14.3067174],[121.2408686,14.3064965],[121.240772,14.3062782],[121.2407237,14.3059767],[121.2407345,14.3057558],[121.2408515,14.3052491],[121.2408686,14.3051749],[121.2409195,14.3049708],[121.2410617,14.3041365],[121.2411234,14.3036453],[121.24111,14.3034322],[121.2410872,14.303249],[121.2410697,14.3031723],[121.2410389,14.3031268],[121.2409946,14.3030807],[121.2407438,14.3029072],[121.2406634,14.3028474],[121.240591,14.3027629],[121.2404649,14.3026005],[121.2403429,14.3024744],[121.2402382,14.302403],[121.2401149,14.3023393],[121.2399228,14.3022415],[121.239801,14.3021795],[121.2394711,14.301978],[121.2392592,14.3018208],[121.23905,14.3016206],[121.2389106,14.3014673],[121.2388033,14.3013296],[121.2386852,14.3011268],[121.2385592,14.3008721],[121.2384868,14.3007759],[121.2384036,14.3007162],[121.2382185,14.3006304],[121.2380201,14.300529],[121.2378484,14.3004147],[121.2376687,14.3003081],[121.2375212,14.3002327],[121.2374032,14.30016],[121.2373146,14.3000534],[121.2372959,14.299978],[121.2372959,14.2998923],[121.2373683,14.2996947],[121.237379,14.2995804],[121.2373656,14.299466],[121.2373468,14.2992711],[121.2373495,14.2991411],[121.237371,14.2990748],[121.2374032,14.2990449],[121.2375748,14.2989956],[121.2378779,14.2989384],[121.2379973,14.2988916],[121.2380522,14.2988006],[121.2380683,14.2987149],[121.2380502,14.2986271],[121.2379704,14.2984855],[121.2378356,14.2982446],[121.2378115,14.2982015],[121.2377894,14.2981275],[121.2377766,14.2980505],[121.2377726,14.2980254],[121.2377639,14.2979494],[121.2377599,14.297787],[121.2377894,14.2976791],[121.2378484,14.2975621],[121.2379356,14.2974686],[121.2380227,14.2973893],[121.2381072,14.2973334],[121.2381636,14.2972899],[121.2382025,14.2972528],[121.2383151,14.2971632],[121.2384358,14.2970878],[121.2385243,14.2970722],[121.2385887,14.29708],[121.2388086,14.2971866],[121.2392351,14.2974205],[121.2393719,14.2974777],[121.2395328,14.2974855],[121.2397233,14.2974127],[121.2398681,14.2973191],[121.2399888,14.2971814],[121.2401104,14.2970269],[121.2401971,14.2969167],[121.2402302,14.2968747],[121.2403938,14.2966433],[121.2404394,14.2965602],[121.2404542,14.2964978],[121.2404475,14.2964302],[121.2403804,14.2961625],[121.2403589,14.2960403],[121.2403522,14.295978],[121.2403469,14.2959052],[121.2403402,14.2958298],[121.2403395,14.295772],[121.2403482,14.2957168],[121.2403539,14.2956956],[121.2403633,14.2956722],[121.2403898,14.295592],[121.2404206,14.2955563],[121.2404609,14.2955192],[121.2405829,14.2954555],[121.2406701,14.2954321],[121.2406982,14.2954088],[121.240709,14.2953815],[121.2407063,14.2953555],[121.2406741,14.295245],[121.2406285,14.2951592],[121.2405749,14.2950462],[121.2405427,14.294924],[121.2405279,14.2948317],[121.2405118,14.2947512],[121.2404947,14.2946823],[121.2404867,14.2946615],[121.2404709,14.2946264],[121.2404555,14.2945959],[121.2404401,14.2945718],[121.2404327,14.294551],[121.2404253,14.2945302],[121.240418,14.2945094],[121.2404099,14.2944951],[121.2403952,14.2944763],[121.2403811,14.2944607],[121.2403563,14.2944412],[121.2403187,14.294425],[121.2402771,14.2944133],[121.2402101,14.2943892],[121.2401585,14.2943567],[121.2400947,14.2942976],[121.2400505,14.2942404],[121.2400062,14.2941845],[121.2399606,14.2941183],[121.2399124,14.2940364],[121.2398627,14.2939181],[121.2398332,14.2938038],[121.2398332,14.293718],[121.2398399,14.2936478],[121.2398641,14.2935893],[121.2398976,14.2935672],[121.2399553,14.2935646],[121.2400116,14.2935776],[121.2401243,14.2936368],[121.2402077,14.29368],[121.2402349,14.2936855],[121.2402638,14.2936815],[121.2402855,14.293666],[121.2402947,14.2936537],[121.2402952,14.2936329],[121.2402882,14.2936074],[121.2402597,14.2935555],[121.2402201,14.2935003],[121.2401497,14.2934217],[121.2401055,14.2933892],[121.2400424,14.2933398],[121.2399459,14.2932709],[121.2398721,14.2932371],[121.239789,14.2932151],[121.239683,14.2931826],[121.239628,14.2931553],[121.2395972,14.2931033],[121.2395945,14.2930552],[121.2396213,14.2930097],[121.2397461,14.2928889],[121.2397504,14.2928733],[121.2397487,14.2928564],[121.2397273,14.2928343],[121.2396348,14.2927888],[121.2395462,14.2927537],[121.2394442,14.2927084],[121.2393818,14.2926741],[121.2393156,14.2926367],[121.2392633,14.2925951],[121.2392311,14.2925302],[121.2392257,14.2924418],[121.2392116,14.2923128],[121.2391922,14.2922676],[121.2391613,14.2922235],[121.2391144,14.2921962],[121.2390071,14.2921819],[121.2389629,14.2921728],[121.2389293,14.2921429],[121.2388918,14.292061],[121.2388663,14.2920324],[121.238822,14.2920129],[121.238759,14.2919947],[121.2386839,14.2919791],[121.2386061,14.291957],[121.2385458,14.2919428],[121.2384211,14.2919194],[121.2383594,14.2918895],[121.2383164,14.2918375],[121.2382963,14.2917543],[121.2383044,14.2916698],[121.2383272,14.2915789],[121.2383164,14.2915477],[121.2382829,14.291523],[121.2381984,14.2915009],[121.2381193,14.2914606],[121.238075,14.2913995],[121.238008,14.2913254],[121.2379597,14.2912891],[121.237898,14.2912631],[121.2378269,14.2912475],[121.2377237,14.2912306],[121.2376378,14.2912059],[121.2375453,14.2911773],[121.237493,14.2911344],[121.2374541,14.2910681],[121.2374461,14.2910109],[121.2374648,14.2909434],[121.2375936,14.2907432],[121.2376553,14.2905405],[121.2376848,14.290391],[121.237721,14.2902494],[121.237725,14.2901428],[121.2377089,14.2900583],[121.2376392,14.289944],[121.2375943,14.2898972],[121.2375198,14.2898309],[121.2373113,14.2896599],[121.2372664,14.289623],[121.2371504,14.2895333],[121.2371242,14.289493],[121.2371108,14.2894176],[121.2371215,14.289337],[121.237202,14.2891889],[121.2372315,14.2891161],[121.2372409,14.2890706],[121.2372422,14.2890095],[121.2372342,14.2888692],[121.2372208,14.2886638],[121.2372127,14.2884143],[121.2372275,14.2883402],[121.2372543,14.2882701],[121.2373264,14.2881494],[121.2373374,14.2880894],[121.2373348,14.2880335],[121.2372905,14.2878373],[121.2372597,14.2876813],[121.2372342,14.2874916],[121.2371913,14.28709],[121.2371752,14.2870471],[121.2371322,14.2870094],[121.2371138,14.2870097],[121.2370719,14.2870211],[121.2370183,14.2870549],[121.2369271,14.2871485],[121.2368292,14.2872823],[121.2367755,14.287385],[121.2366816,14.2875826],[121.2366173,14.2877437],[121.2365878,14.2878997],[121.236577,14.2880218],[121.2365583,14.2882324],[121.2365073,14.2885755],[121.236451,14.2888796],[121.2364322,14.2890147],[121.2364322,14.2891161],[121.2364536,14.2894384],[121.2364858,14.2896152],[121.236518,14.2897399],[121.2365717,14.2899375],[121.2365824,14.2900362],[121.2365583,14.2901116],[121.2364751,14.2902598],[121.2363437,14.2905171],[121.2361827,14.2909356],[121.2360674,14.2913332],[121.2360571,14.2914322],[121.2360406,14.2915906],[121.2360084,14.2918115],[121.2359722,14.2921065],[121.2359413,14.2922482],[121.2358998,14.2923703],[121.2357657,14.2926094],[121.235706,14.2926829],[121.2356624,14.2927537],[121.2356396,14.2928122],[121.2356235,14.292883],[121.2356128,14.2929584],[121.2356034,14.293024],[121.2355927,14.2930578],[121.2355752,14.2930838],[121.2355511,14.2930929],[121.2354532,14.2930942],[121.2354264,14.2931013],[121.2354116,14.2931169],[121.2354032,14.2931454],[121.2354041,14.2931692],[121.2354209,14.2931925],[121.2354518,14.2932216],[121.2355015,14.2932579],[121.2355243,14.2932865],[121.2355377,14.2933145],[121.2355424,14.2933561],[121.2355471,14.2934555],[121.235531,14.2935451],[121.235484,14.2936153],[121.2354358,14.2936712],[121.2353754,14.2937401],[121.2352312,14.2938609],[121.2349544,14.294071],[121.234837,14.2941653],[121.2345949,14.2943509],[121.234493,14.2944419],[121.2344393,14.294525],[121.2343588,14.2946693],[121.2342891,14.294798],[121.2342328,14.2949084],[121.2341966,14.295002],[121.2341644,14.2950839],[121.2340745,14.2951904],[121.2339216,14.2952658],[121.2337822,14.2952996],[121.2337339,14.2953438],[121.2337097,14.2954114],[121.2337151,14.2955517],[121.2337205,14.2956947],[121.2337124,14.2958974],[121.2337071,14.2961053],[121.2336977,14.2962886],[121.2337098,14.2963899],[121.2337393,14.2964809],[121.2337942,14.296568],[121.233817,14.2966576],[121.2338036,14.2967551],[121.2337875,14.2968136],[121.2337057,14.2969669],[121.2336843,14.2969851],[121.2336279,14.2969773],[121.2334576,14.2968929],[121.2333698,14.2968526],[121.2333181,14.2968643],[121.2332886,14.2968877],[121.2332806,14.2969345],[121.2333058,14.2971202],[121.2332994,14.2972256],[121.2332672,14.2973425],[121.2331948,14.29767],[121.2331197,14.2977792],[121.2329802,14.2978182],[121.2328032,14.297813],[121.2326825,14.2977454],[121.2325698,14.2976518],[121.2324572,14.2975894],[121.232315,14.2975712],[121.232205,14.2975816],[121.2321299,14.2976336],[121.2319288,14.297813],[121.231851,14.2978675],[121.2318235,14.297876],[121.231802,14.2978779],[121.2317571,14.2978701],[121.2316015,14.2977974],[121.231387,14.2976752],[121.2313353,14.297672],[121.2312743,14.2976804],[121.2312072,14.2977324],[121.2311563,14.2978571],[121.2311429,14.2980703],[121.2311536,14.2983614],[121.2311321,14.2984731],[121.2310839,14.2985589],[121.23099,14.2987019],[121.230931,14.298824],[121.2309283,14.298993],[121.2310061,14.2991619],[121.2311804,14.2993724],[121.2315077,14.2996583],[121.23169,14.2998403],[121.2319368,14.3001067],[121.2320548,14.3002951],[121.232079,14.3003757],[121.2320816,14.3004303],[121.2320334,14.3006876],[121.2319583,14.3008279],[121.2318939,14.300876],[121.2318295,14.3008877],[121.2316944,14.3008685],[121.2315854,14.3008929],[121.2315211,14.3009358],[121.2314889,14.3009813],[121.231429,14.3011696],[121.2313467,14.3014595],[121.2312824,14.3017142],[121.2312475,14.3018728],[121.23123,14.3019676],[121.2312207,14.3020495],[121.2312247,14.3021301],[121.2312368,14.3022912],[121.2312582,14.3024576],[121.2312931,14.3025875],[121.2313414,14.3027616],[121.2313762,14.3029618],[121.2313843,14.3032035],[121.2313762,14.303939],[121.2313628,14.3042925],[121.2313575,14.3044978],[121.2313467,14.3046538],[121.2313172,14.3049085],[121.2312904,14.3052515],[121.2312636,14.3055946],[121.2312716,14.3057895],[121.2312931,14.3059663],[121.2314031,14.3063587],[121.2316096,14.3068032],[121.2316364,14.3069903],[121.231627,14.3071605],[121.2316043,14.3072748],[121.2315935,14.3073295],[121.2315586,14.3074529],[121.2315117,14.3075959],[121.2314741,14.3076842],[121.2314608,14.3077238],[121.2314493,14.3077602],[121.2314406,14.3077768],[121.2314368,14.3077856],[121.2314271,14.3078076],[121.2314017,14.307861],[121.2313212,14.3080221],[121.2311563,14.3083106],[121.2309833,14.308564],[121.2307701,14.3088304],[121.2307285,14.3089006],[121.2307116,14.3089355],[121.230699,14.3089759],[121.2306936,14.30905],[121.2306842,14.3091267],[121.2306708,14.3091657],[121.2305622,14.3093918],[121.2304799,14.3094832],[121.2304535,14.3095126],[121.2303999,14.3095555],[121.2303396,14.3095802],[121.2302014,14.309601],[121.2301183,14.3096244],[121.2300566,14.3096426],[121.2300123,14.3096634],[121.2298943,14.3097452],[121.2296207,14.3099129],[121.2295255,14.3099584],[121.2294998,14.3099733],[121.2294872,14.3099815],[121.2294707,14.3099912],[121.2294524,14.3100021],[121.2292559,14.3101624],[121.2290977,14.3103001],[121.2289408,14.3104171],[121.2288977,14.310435],[121.2287906,14.3104795],[121.2286404,14.3105028],[121.228513,14.3104872],[121.2282354,14.3104418],[121.2279604,14.3104197],[121.2276815,14.3103963],[121.2274481,14.3104015],[121.22731,14.3104158],[121.2271786,14.3104626],[121.2270793,14.3105054],[121.2269694,14.3105808],[121.2268755,14.3106705],[121.2267561,14.3107822],[121.2266488,14.3108524],[121.2264155,14.310985],[121.2263095,14.3110174],[121.226225,14.3110304],[121.2261204,14.311033],[121.2258723,14.3110109],[121.2258013,14.3110187],[121.2257718,14.3110447],[121.2257677,14.311085],[121.2257691,14.3111435],[121.2257878,14.3111799],[121.2258039,14.3111981],[121.2259448,14.3112747],[121.2259608,14.3113046],[121.2259608,14.3113488],[121.2258422,14.3115879],[121.2257999,14.3116555],[121.225757,14.3117185],[121.2257494,14.3117279],[121.2257384,14.3117445],[121.2257281,14.3117599],[121.2257161,14.3117783],[121.2255614,14.312058],[121.2254941,14.3121792],[121.2254117,14.3123325],[121.225366,14.3124026],[121.2253446,14.3124644],[121.2253145,14.3125787],[121.2252916,14.3126717],[121.2252494,14.3127276],[121.225116,14.3128536],[121.2250569,14.3129368],[121.2249899,14.3130394],[121.2249282,14.3132175],[121.224888,14.3134098],[121.2248558,14.3135995],[121.224837,14.3138308],[121.2248236,14.3141219],[121.2247378,14.3150523],[121.2247083,14.315767],[121.2246788,14.3163336],[121.2246627,14.3166377],[121.2246466,14.3168508],[121.224609,14.3171107],[121.22455,14.3173913],[121.2244856,14.3176928],[121.2244749,14.3178435],[121.2244803,14.3179735],[121.2245473,14.3182672],[121.2245661,14.3184647],[121.2245446,14.3186622],[121.22449,14.3188585],[121.2243419,14.3192253],[121.2243171,14.3192868],[121.2242206,14.3194817],[121.2242027,14.3195179],[121.2241832,14.3195598],[121.2241755,14.3195858],[121.2241725,14.3196038],[121.2241691,14.3196173],[121.2241681,14.3196405],[121.2242429,14.3199915],[121.2243046,14.3200968],[121.2243641,14.3201746],[121.2244373,14.3202215],[121.2245768,14.320267],[121.2248954,14.3204502],[121.2250268,14.3205334],[121.2251019,14.3206023],[121.2252527,14.3208478],[121.2254311,14.3211675],[121.2254613,14.3212357],[121.2254848,14.3212949],[121.2254871,14.3213052],[121.2254874,14.3213137],[121.2254804,14.3213238],[121.2254492,14.3213455],[121.2254472,14.3213501],[121.2254475,14.3213562],[121.2254492,14.3213611],[121.2255223,14.3214573],[121.2256269,14.3215846],[121.2256953,14.32166],[121.2257825,14.3217756],[121.225867,14.3219069],[121.225926,14.3220121],[121.2259468,14.3220901],[121.2259689,14.3221733],[121.2259879,14.3223687],[121.2259925,14.3224232],[121.2259976,14.3224839],[121.2260386,14.3229737],[121.2260553,14.3231441],[121.2260574,14.323166],[121.2260547,14.3232934],[121.2260474,14.3233516],[121.2260439,14.3233795],[121.2260413,14.3233999],[121.2260199,14.3234883],[121.2259622,14.3237196],[121.2258603,14.3240145],[121.2256801,14.3243671],[121.2256726,14.3243855],[121.2256646,14.3243985],[121.2256524,14.3244154],[121.2256031,14.3243956],[121.2255196,14.3243686],[121.2254982,14.3244109],[121.2254412,14.3245275],[121.2254137,14.3245837],[121.2254003,14.3246144],[121.2253828,14.3246544],[121.2253734,14.3246759],[121.2253673,14.324693],[121.2253571,14.3247213],[121.2253413,14.3247656],[121.225321,14.3248007],[121.2253037,14.3248306],[121.2252567,14.3248826],[121.2249684,14.3250839],[121.2248504,14.3251307],[121.2247056,14.3251541],[121.2244521,14.3251866],[121.2243676,14.3251983],[121.224318,14.3252217],[121.2242724,14.3252568],[121.2242174,14.325336],[121.2241128,14.3256505],[121.2240592,14.325796],[121.2239867,14.3259312],[121.2238553,14.3260897],[121.2237695,14.3261742],[121.2236745,14.3262467],[121.2235482,14.3263431],[121.2234811,14.3263989],[121.2234711,14.3264126],[121.2234664,14.3264314],[121.2234718,14.3264652],[121.2235103,14.3265156],[121.2235247,14.3265341],[121.2235368,14.3265507],[121.2235549,14.3265757],[121.2236086,14.3266562],[121.223626,14.3266725],[121.2236495,14.3266809],[121.223681,14.3266796],[121.2238332,14.3266484],[121.2239063,14.3266445],[121.2239376,14.3266478],[121.2240297,14.3266575],[121.2241799,14.326716],[121.2242576,14.326768],[121.2242979,14.3268239],[121.2243314,14.32692],[121.224369,14.3270668],[121.2243864,14.3273261],[121.2243871,14.327341],[121.2243877,14.3273553],[121.224381,14.3274658],[121.2243716,14.3275476],[121.2243639,14.3275743],[121.2243596,14.3275892],[121.2243381,14.3276386],[121.2242818,14.3277165],[121.2240893,14.3278822],[121.2239814,14.3279712],[121.22385,14.3280661],[121.2236246,14.328209],[121.2234744,14.3283169],[121.2233993,14.3283896],[121.2231687,14.3286105],[121.2229903,14.3287457],[121.2228817,14.3288262],[121.2226324,14.3289671],[121.2220797,14.329307],[121.2216264,14.3295617],[121.2215406,14.3296084],[121.2214709,14.3296266],[121.221326,14.3296422],[121.2210551,14.3296396],[121.2209612,14.3296435],[121.2209371,14.3296695],[121.2209277,14.329702],[121.220933,14.3297332],[121.2209585,14.3297696],[121.2210242,14.3298332],[121.2212428,14.3300164],[121.221385,14.3301594],[121.221495,14.3303309],[121.2215526,14.3304673],[121.2215895,14.330596],[121.2215927,14.330616],[121.2216505,14.3309806],[121.2216599,14.3310715],[121.2216505,14.3311391],[121.2216304,14.3312041],[121.2215841,14.3312566],[121.221507,14.3312911],[121.2214655,14.3313379],[121.2214394,14.3313788],[121.2214308,14.3313963],[121.2214296,14.3314149],[121.22143,14.3314502],[121.221432,14.3317056],[121.2214293,14.3318382],[121.2213998,14.3319564],[121.2213716,14.332063],[121.2213629,14.3321032],[121.2213588,14.3321266],[121.2213629,14.3321487],[121.2213803,14.3321805],[121.2214641,14.3322799],[121.2214963,14.3323319],[121.2215111,14.3323865],[121.2215164,14.3324982],[121.2214869,14.332636],[121.2214199,14.3327919],[121.2214026,14.3328227],[121.2211624,14.3332493],[121.2209074,14.3335542],[121.2207654,14.3336755],[121.2205884,14.3337664],[121.220402,14.3338054],[121.2202772,14.3337937],[121.2201244,14.3337586],[121.219663,14.3335975],[121.2188047,14.3332363],[121.2187108,14.3332233],[121.218617,14.3332311],[121.2184855,14.3332961],[121.2183005,14.3334286],[121.2180456,14.3336599],[121.2178794,14.333899],[121.2178284,14.3340289],[121.2177667,14.3342316],[121.2177372,14.3345694],[121.217705,14.3347721],[121.2176111,14.3349228],[121.2174931,14.335032],[121.217351,14.3351203],[121.2159087,14.3357625],[121.2157966,14.3358051],[121.215637,14.3358402],[121.2154922,14.3358558],[121.2152669,14.3358545],[121.2151945,14.335848],[121.2151727,14.3358584],[121.2151636,14.3358727],[121.2151589,14.3358957],[121.2151623,14.3359181],[121.2151851,14.3359623],[121.2151891,14.3360013],[121.2151904,14.3360416],[121.2151489,14.3361858],[121.2150952,14.3363677],[121.2150711,14.3365522],[121.2150523,14.3367757],[121.2150738,14.3368433],[121.2151086,14.3368978],[121.215224,14.3369368],[121.2153634,14.3369498],[121.2158811,14.3368537],[121.2160528,14.3368381],[121.2162942,14.3368225],[121.2166589,14.3368108],[121.2168172,14.3368199],[121.2169398,14.3368606],[121.2170666,14.3369485],[121.2171726,14.3370707],[121.2172487,14.3371732],[121.2173027,14.337263],[121.2174035,14.3374809],[121.21743,14.3375175],[121.2174397,14.3375267],[121.2174527,14.3375394],[121.2174649,14.3375527],[121.2174837,14.3375605],[121.2179263,14.3377853],[121.2179652,14.3378035],[121.2180014,14.3378295],[121.2180376,14.3378763],[121.2182066,14.3384531],[121.2182482,14.3386896],[121.2182482,14.3387611],[121.2182368,14.3388007],[121.2182217,14.3388319],[121.2182122,14.3388432],[121.2181912,14.3388585],[121.2180544,14.3389254],[121.2180212,14.3389482],[121.2180081,14.3389693],[121.2180057,14.338983],[121.2180121,14.3390021],[121.2180266,14.3390165],[121.2180577,14.339027],[121.2181035,14.3390206],[121.2181247,14.3390176],[121.2181503,14.3391684],[121.2181955,14.3391736],[121.2182213,14.3391808],[121.2182525,14.3391941],[121.2183135,14.3392259],[121.2183581,14.3392561],[121.2183923,14.3392938],[121.2184138,14.3393393],[121.2184607,14.3394998],[121.2184768,14.3395914],[121.2185016,14.3397979],[121.2185083,14.3399513],[121.218503,14.3400513],[121.2184688,14.3402436],[121.2183855,14.3405494],[121.2183139,14.3406737],[121.2182026,14.3408049],[121.2181489,14.3408296],[121.218106,14.3408322],[121.2180202,14.3407893],[121.2179611,14.3407997],[121.2179088,14.3408589],[121.2178984,14.3408734],[121.2178807,14.340898],[121.217882,14.3410154],[121.2178633,14.3411388],[121.2177747,14.3414299],[121.2176621,14.3418301],[121.217642,14.3419561],[121.2176487,14.3420432],[121.2177587,14.3424122],[121.2178203,14.3426564],[121.2178284,14.3428643],[121.2178016,14.343145],[121.2177452,14.3433737],[121.2176996,14.3434516],[121.2176326,14.3435192],[121.21741,14.3436439],[121.2170291,14.3437686],[121.2165892,14.3438752],[121.2165503,14.3439025],[121.2165429,14.343922],[121.2165423,14.3439427],[121.2166187,14.3440623],[121.2166885,14.3441402],[121.2168092,14.344239],[121.2169513,14.3443741],[121.2170318,14.3445092],[121.2170559,14.3445742],[121.217064,14.3446288],[121.2170479,14.3448315],[121.2169889,14.3451693],[121.2169111,14.3454291],[121.2168735,14.3455539],[121.2168118,14.345663],[121.216671,14.3458709],[121.2163907,14.3462555],[121.2161225,14.3465361],[121.2160192,14.3466076],[121.2159535,14.3466416],[121.2158422,14.3466764],[121.2156679,14.3467258],[121.2155202,14.3467788],[121.2154765,14.3467999],[121.2153031,14.3468869],[121.2151207,14.3469831],[121.2149557,14.3470818],[121.2148753,14.3471481],[121.2147868,14.3472416],[121.2146097,14.3474846],[121.2144904,14.3477146],[121.2144676,14.3477886],[121.2144609,14.3478484],[121.2144689,14.3479134],[121.2145303,14.3482173],[121.2145395,14.3482535],[121.2145648,14.3484175],[121.2145682,14.3485325],[121.2145682,14.348589],[121.2145534,14.3486786],[121.2145159,14.3487579],[121.2144823,14.3488086],[121.2144367,14.348854],[121.2142195,14.3490411],[121.2140948,14.3491801],[121.2140036,14.349301],[121.213972,14.3493446],[121.2139582,14.3493776],[121.2139352,14.3494543],[121.2139459,14.3495154],[121.2139848,14.3495621],[121.2140773,14.3496115],[121.2142531,14.3497032],[121.2144797,14.3498389],[121.214536,14.3498869],[121.2145722,14.3499441],[121.2145896,14.3500143],[121.2146111,14.3503943],[121.2146252,14.3504151],[121.2146493,14.3504242],[121.2146708,14.3504209],[121.2148037,14.3503284],[121.2148149,14.3503202],[121.2148282,14.3503053],[121.2148384,14.3502696],[121.2148223,14.3501195],[121.2148277,14.3500552],[121.2148418,14.3500058],[121.2148927,14.349935],[121.2150013,14.3498519],[121.2153313,14.349592],[121.2155592,14.3494751],[121.2156424,14.3494621],[121.2157202,14.3494595],[121.2158865,14.3494959],[121.2160018,14.3495271],[121.2162566,14.349644],[121.2164846,14.3498103],[121.2168896,14.3501325],[121.2170023,14.3502248],[121.2170626,14.3502793],[121.2170921,14.3503131],[121.2171137,14.350335],[121.2171277,14.3503521],[121.2171402,14.3503739],[121.2171565,14.3503872],[121.2171954,14.3504456],[121.2175763,14.3510134],[121.2176621,14.3511641],[121.2177291,14.35132],[121.2177318,14.3514733],[121.2176996,14.3516267],[121.2175709,14.3518215],[121.2171793,14.3523542],[121.2169754,14.3526167],[121.2168279,14.3528895],[121.2167689,14.3530454],[121.2167528,14.3531702],[121.2167653,14.3532496],[121.2167904,14.3533209],[121.2168601,14.3534378],[121.2170425,14.3536171],[121.2171534,14.3537256],[121.2172973,14.3538458],[121.217418,14.3539523],[121.2175468,14.354064],[121.2176218,14.3541417],[121.2176462,14.3541821],[121.217666,14.3542083],[121.2176818,14.3542293],[121.2177547,14.3543138],[121.217872,14.3544889],[121.2178783,14.3544983],[121.2178877,14.3545025],[121.2178988,14.3545016],[121.2179058,14.3544993],[121.2180672,14.354407],[121.2181181,14.354407],[121.2181503,14.3544278],[121.2181959,14.3544668],[121.2185767,14.3549631],[121.2187725,14.3552541],[121.2188718,14.3554399],[121.218916,14.3555361],[121.2189724,14.3556881],[121.2189905,14.3557732],[121.2190066,14.3558219],[121.2190243,14.3558492],[121.2190317,14.3558595],[121.2190367,14.3558674],[121.2190528,14.3558732],[121.2190857,14.3558761],[121.2191024,14.3558787],[121.2191353,14.3558956],[121.2191869,14.355931],[121.219254,14.355996],[121.2193559,14.3560947],[121.219431,14.3561753],[121.2195209,14.3563455],[121.2195852,14.3565625],[121.2196228,14.3567067],[121.2196416,14.3568444],[121.219655,14.3569639],[121.219663,14.3571484],[121.2196791,14.3572757],[121.2197193,14.3573979],[121.2197719,14.3575322],[121.2199125,14.3578916],[121.2199768,14.3581098],[121.2200171,14.3582995],[121.2201056,14.3592194],[121.2201861,14.3599495],[121.220178,14.3604588],[121.2201055,14.3613788],[121.2200332,14.3619529],[121.2199795,14.3622751],[121.2199084,14.3625674],[121.219883,14.362748],[121.2198736,14.3628428],[121.2198468,14.3628883],[121.2197958,14.3629143],[121.2196295,14.3629344],[121.2196218,14.3629422],[121.2196168,14.3629536],[121.2196302,14.3630302],[121.2196375,14.3630387],[121.2196556,14.3630413],[121.219666,14.3630413],[121.2197978,14.3630081],[121.2198085,14.3630091],[121.2198206,14.363014],[121.2198283,14.3630257],[121.2198417,14.3630686],[121.2198644,14.3631261],[121.2199661,14.3633859],[121.2199703,14.3634097],[121.2199743,14.3634328],[121.2199765,14.3634642],[121.2199832,14.3634878],[121.2199967,14.363524],[121.22001,14.3635467],[121.2200493,14.3635834],[121.2200975,14.3636444],[121.2201431,14.3637263],[121.2201579,14.3637951],[121.2201565,14.363864],[121.2201083,14.3641277],[121.2200949,14.3643044],[121.2201083,14.3643953],[121.2201726,14.3644993],[121.2202504,14.3645538],[121.220465,14.3647071],[121.220634,14.3648579],[121.2207869,14.3650397],[121.2209451,14.3652788],[121.22109,14.3655776],[121.2211919,14.3658556],[121.2212777,14.3662376],[121.2213179,14.3664974],[121.2213421,14.3667287],[121.2214118,14.3678823],[121.2214118,14.3680381],[121.2214118,14.3682149],[121.2213984,14.3685501],[121.221377,14.3687735],[121.2212777,14.3692594],[121.2211329,14.3697297],[121.2210216,14.3700428],[121.2209612,14.3702234],[121.2209223,14.3703611],[121.2208995,14.3704936],[121.2208841,14.3706313],[121.2208714,14.3706911],[121.2208526,14.3707365],[121.2208137,14.3708106],[121.2207875,14.3708794],[121.2207755,14.370936],[121.2207694,14.3710392],[121.2207587,14.3710841],[121.2207446,14.3711165],[121.2207232,14.3711419],[121.2207015,14.3711589],[121.2206539,14.3711957],[121.2206096,14.3712272],[121.220587,14.3712646],[121.2205824,14.3712919],[121.2205837,14.3713237],[121.2206025,14.371366],[121.2206514,14.3714179],[121.2207359,14.3714946],[121.220811,14.3715634],[121.2208875,14.371642],[121.2209612,14.3717421],[121.2210122,14.3718473],[121.2210685,14.3720136],[121.2211409,14.3722877],[121.2212401,14.3725891],[121.2213609,14.3731127],[121.221376,14.3732219],[121.2214172,14.3735206],[121.2214306,14.3737882],[121.2214386,14.3740013],[121.2214306,14.3741909],[121.2214105,14.3743254],[121.221377,14.3744975],[121.2212804,14.3747509],[121.2212522,14.3748561],[121.2212428,14.3749236],[121.2212375,14.3749912],[121.2212361,14.3751942],[121.2212321,14.3753419],[121.2212214,14.37549],[121.2212026,14.3756096],[121.2211597,14.3758044],[121.2211288,14.3759317],[121.2210712,14.376124],[121.2209387,14.3764205],[121.2209337,14.3764264],[121.2209294,14.3764287],[121.2209237,14.3764287],[121.2207293,14.3763924],[121.2207271,14.3764028],[121.2206968,14.376541],[121.2206797,14.3766215],[121.2206661,14.3766858],[121.2206594,14.3767163],[121.2206545,14.3767451],[121.2206575,14.3767658],[121.2206943,14.3768223],[121.2207104,14.3768691],[121.2207238,14.3769262],[121.2207279,14.3769814],[121.220701,14.3771971],[121.2206407,14.3774556],[121.2206112,14.3775712],[121.2205656,14.3777336],[121.2204999,14.3779285],[121.220461,14.3780259],[121.2204355,14.3780792],[121.2204134,14.3781376],[121.2203973,14.3781902],[121.2203852,14.3782351],[121.2203718,14.3783286],[121.2203604,14.3784676],[121.2203456,14.3785988],[121.2203309,14.3787891],[121.2203403,14.3790015],[121.2203497,14.3791016],[121.2203845,14.3792367],[121.2204435,14.3794549],[121.2204811,14.3796394],[121.2205026,14.3797979],[121.2205213,14.3799538],[121.2205254,14.3802201],[121.2205186,14.3803682],[121.2205186,14.3804578],[121.2205193,14.3805026],[121.220524,14.3805306],[121.2205461,14.3805799],[121.2205549,14.3806124],[121.2205569,14.3806631],[121.2205569,14.3806988],[121.2205502,14.3807371],[121.2205394,14.3807891],[121.2204965,14.3809618],[121.220465,14.3811099],[121.2204328,14.3812217],[121.2204158,14.3812779],[121.2204143,14.3812904],[121.2204114,14.3813143],[121.2204033,14.3813918],[121.2204087,14.381488],[121.2204275,14.3815919],[121.2204503,14.3816893],[121.2204784,14.3818608],[121.2204801,14.3819128],[121.2204824,14.3819842],[121.2204717,14.382092],[121.2204261,14.3822557],[121.2203711,14.382409],[121.2203282,14.3825675],[121.2203121,14.3827156],[121.2203255,14.3828793],[121.2203872,14.3830715],[121.2205428,14.3834379],[121.2206259,14.3836691],[121.220701,14.3838874],[121.2207177,14.3839479],[121.2207654,14.3841212],[121.2207976,14.3842199],[121.2209317,14.3845551],[121.2209719,14.3846954],[121.2210068,14.3848643],[121.2210122,14.3849734],[121.2209907,14.3851241],[121.2209746,14.3852072],[121.2209558,14.3852852],[121.2209418,14.3853475],[121.2209317,14.3854177],[121.220921,14.385632],[121.2209109,14.3857496],[121.2209009,14.3858347],[121.2208734,14.3859581],[121.2208569,14.3859827],[121.2208345,14.3859954],[121.2208056,14.3860019],[121.2207597,14.3860058],[121.2206853,14.3859997],[121.2206485,14.3860137],[121.2206196,14.3860322],[121.2206005,14.3860597],[121.220581,14.3861039],[121.2205756,14.3861529],[121.220577,14.386251],[121.220575,14.3862971],[121.2205602,14.3863712],[121.2205461,14.3864614],[121.2205461,14.3865186],[121.2205515,14.3865836],[121.2205502,14.3866316],[121.2205388,14.3866803],[121.2205066,14.38677],[121.2204925,14.386844],[121.2204858,14.3869187],[121.2204972,14.3869986],[121.2205178,14.3871097],[121.220539,14.3871683],[121.2206072,14.3873818],[121.2206823,14.387691],[121.2206876,14.3879352],[121.2206662,14.3880287],[121.220634,14.3880885],[121.2205079,14.3882158],[121.2203765,14.3883093],[121.2202772,14.3884159],[121.2200868,14.3886913],[121.2200278,14.3888186],[121.2200063,14.3889095],[121.2199983,14.3890446],[121.220009,14.3893018],[121.22006,14.3895746],[121.2201163,14.3897357],[121.2202021,14.3899929],[121.2203926,14.3905645],[121.2206514,14.3912231],[121.2207225,14.3913478],[121.220811,14.391427],[121.2209076,14.3914478],[121.2210634,14.3914592],[121.221161,14.391458],[121.2211818,14.3914579],[121.2215039,14.3914572],[121.221504,14.39149],[121.2215044,14.3915173],[121.2215111,14.3915504],[121.2215553,14.3916543],[121.2216277,14.3917933],[121.221674,14.3918901],[121.2217055,14.3919843],[121.2217203,14.3920817],[121.2217297,14.3922168],[121.2217313,14.3922396],[121.221735,14.3922922],[121.2217377,14.392335],[121.2217639,14.392663],[121.2217665,14.3926779],[121.2217726,14.3926884],[121.2218404,14.3926973],[121.2218624,14.3927247],[121.2218651,14.392765],[121.221837,14.3928579],[121.2218242,14.392891],[121.221811,14.3929181],[121.221803,14.3929409],[121.2217949,14.3929689],[121.2217872,14.3929948],[121.2217826,14.3930118],[121.2217746,14.3930462],[121.2217692,14.3930865],[121.2217404,14.3932755],[121.2217122,14.3934561],[121.2217028,14.393547],[121.2217122,14.3936431],[121.2217364,14.3937367],[121.22179,14.3938588],[121.2218692,14.3940445],[121.221959,14.3942615],[121.221967,14.3943212],[121.2219617,14.3943966],[121.2219241,14.3945446],[121.2218651,14.3946745],[121.2218182,14.3947109],[121.2217659,14.3947239],[121.2215942,14.3947343],[121.221393,14.3947174],[121.2213488,14.3947187],[121.2213233,14.3947343],[121.2212509,14.3949003],[121.2212214,14.3949681],[121.2211865,14.3951188],[121.2211651,14.3952357],[121.2211624,14.3953448],[121.2211677,14.3954929],[121.2212107,14.3959761],[121.2212107,14.3960619],[121.2211946,14.3961398],[121.221157,14.3962255],[121.221039,14.396462],[121.2208807,14.3966776],[121.2206447,14.3969088],[121.2204516,14.3970361],[121.2203228,14.3971037],[121.2200305,14.3972232],[121.2198763,14.3973336],[121.2198253,14.3974037],[121.2197985,14.397483],[121.2197931,14.397557],[121.2197958,14.3976388],[121.2198226,14.3977337],[121.2199178,14.3979701],[121.2199742,14.3982312],[121.2199876,14.3984052],[121.2199715,14.3985299],[121.2199447,14.3987845],[121.2199406,14.3988365],[121.2199567,14.3988768],[121.2199835,14.3988976],[121.2200519,14.3989002],[121.2201914,14.3988885],[121.2202571,14.3988885],[121.2203068,14.3989079],[121.2203456,14.3989469],[121.2204449,14.3991418],[121.2204972,14.3991846],[121.2205455,14.3991937],[121.2206219,14.3991716],[121.220807,14.3991067],[121.2208781,14.3991041],[121.2209693,14.3991262],[121.2211436,14.399234],[121.2211879,14.3992859],[121.221214,14.3993444],[121.221218,14.3994119],[121.2212194,14.3994717],[121.2212221,14.3995224],[121.2212301,14.3995685],[121.2212467,14.3996003],[121.221259,14.399621],[121.2212708,14.3996409],[121.2213287,14.3996516],[121.2213649,14.3996536],[121.2214071,14.3996542],[121.2214554,14.3996659],[121.2214869,14.3996782],[121.2215137,14.3996938],[121.2215386,14.3997218],[121.2215486,14.3997575],[121.2215446,14.3998094],[121.2214934,14.3999592],[121.221383,14.4002819],[121.2213689,14.4003641],[121.2213662,14.4004303],[121.2213917,14.4006161],[121.2214158,14.4008226],[121.2214266,14.4010266],[121.2214279,14.4012019],[121.2214333,14.4013409],[121.221448,14.4014461],[121.2214883,14.4015773],[121.2215446,14.4016786],[121.2216304,14.4017839],[121.2217364,14.4018566],[121.2218651,14.4018787],[121.2220234,14.4018696],[121.2224472,14.4017228],[121.2225839,14.4016929],[121.222702,14.4016825],[121.2230051,14.4017007],[121.2231137,14.4017046],[121.2232545,14.4016942],[121.2238795,14.4016605],[121.2243274,14.4016319],[121.2246063,14.4016085],[121.2249953,14.4015799],[121.225242,14.4015643],[121.225419,14.4015695],[121.2255672,14.4016001],[121.2256417,14.4016325],[121.2256893,14.4016637],[121.2257657,14.4017358],[121.2257999,14.4018111],[121.2258098,14.4018289],[121.225854,14.4019085],[121.2258569,14.4019137],[121.2259025,14.4020599],[121.2259119,14.4021469],[121.2259012,14.4022313],[121.2258744,14.4023144],[121.2258274,14.4024301],[121.2258234,14.4025587],[121.2258435,14.4026431],[121.2259267,14.4027977],[121.2260393,14.4029665],[121.2263035,14.4033068],[121.2263934,14.4034108],[121.2264175,14.403438],[121.2264336,14.4034653],[121.2264765,14.4035718],[121.2264871,14.4036154],[121.2264993,14.4036654],[121.2265181,14.4039966],[121.2264739,14.4044187],[121.2264417,14.4046084],[121.226388,14.4047266],[121.2262982,14.404824],[121.2261989,14.4048916],[121.2261144,14.404924],[121.2259851,14.4049387],[121.2255753,14.4049227],[121.2254117,14.4049383],[121.2253017,14.404976],[121.2251837,14.4050344],[121.2250402,14.4051111],[121.2248685,14.4052384],[121.2246392,14.4054163],[121.2245373,14.4055358],[121.2244904,14.405619],[121.2244756,14.4057346],[121.2244917,14.4059489],[121.2245212,14.4061983],[121.2245266,14.4063217],[121.2245058,14.4064951],[121.224428,14.4066575],[121.2243287,14.4068095],[121.2242013,14.4070173],[121.2239572,14.4073888],[121.2238178,14.4075486],[121.2236944,14.4076382],[121.2234436,14.4077603],[121.2233953,14.4078032],[121.2233363,14.4078902],[121.2232317,14.4080772],[121.2231754,14.4082344],[121.2231579,14.4083591],[121.223166,14.4084968],[121.2232076,14.408702],[121.2233242,14.4091917],[121.223339,14.4093242],[121.2233296,14.4094489],[121.2232411,14.4097736],[121.2230319,14.4104309],[121.2229916,14.4105816],[121.2229836,14.4107816],[121.2230158,14.4109946],[121.2231177,14.4112674],[121.2233162,14.4116051],[121.223563,14.4118727],[121.2239465,14.4121376],[121.2242174,14.4123247],[121.2244186,14.4124831],[121.2245151,14.4126286],[121.2245661,14.4127689],[121.2247404,14.413343],[121.2249014,14.4137691],[121.2249872,14.4139912],[121.2250435,14.4141068],[121.22513,14.4142607],[121.2251763,14.414351],[121.2252152,14.4144769],[121.2253372,14.4149186],[121.2255076,14.4156472],[121.2255733,14.415894],[121.2256014,14.416033],[121.2256001,14.4161343],[121.2255746,14.4161967],[121.2255143,14.4162577],[121.2250891,14.4165915],[121.224377,14.4171033],[121.2241195,14.417289],[121.2237735,14.4175202],[121.2236166,14.4176384],[121.2235562,14.4177215],[121.2235335,14.4177839],[121.2235281,14.4179021],[121.2235375,14.4180735],[121.2235549,14.4182891],[121.2235656,14.4184723],[121.2235562,14.418623],[121.2235294,14.4187814],[121.2233953,14.4191958],[121.2233739,14.4193555],[121.2233591,14.4195283],[121.2233631,14.419727],[121.2233846,14.4199075],[121.2234195,14.4200335],[121.2234838,14.4201738],[121.2236233,14.4204375],[121.2239049,14.4209024],[121.2239774,14.4210531],[121.2240149,14.4211843],[121.2240779,14.4216545],[121.2240846,14.4217335],[121.2240887,14.4218623],[121.2240639,14.4223922],[121.2240622,14.4224293],[121.2240605,14.4224669],[121.2240706,14.4224935],[121.2240907,14.4225241],[121.2241276,14.422539],[121.2243649,14.4225948],[121.2246244,14.4226611],[121.2246613,14.4226624],[121.2246955,14.4226539],[121.2247331,14.4226351],[121.2247699,14.4226072],[121.2249054,14.4224702],[121.2250797,14.4222844],[121.2251723,14.4221675],[121.2252165,14.4220948],[121.225246,14.4219896],[121.2254593,14.4208297],[121.2255344,14.4206583],[121.2256068,14.420557],[121.2257007,14.4204543],[121.2261593,14.4200101],[121.2264785,14.419653],[121.2267226,14.4193724],[121.2268648,14.4192087],[121.2269412,14.419097],[121.2272054,14.4185164],[121.227302,14.4183281],[121.2274763,14.4180631],[121.2276855,14.4178086],[121.2278894,14.4175436],[121.2280905,14.4172397],[121.2282059,14.4169851],[121.228285,14.4167864],[121.2283252,14.4166539],[121.22834,14.4165175],[121.2282515,14.4154108],[121.2282059,14.4152238],[121.2281522,14.4150731],[121.2277526,14.4141951],[121.2277338,14.4140678],[121.2277365,14.4139639],[121.2277459,14.4138301],[121.2277821,14.4136249],[121.2278463,14.4133791],[121.227859,14.413331],[121.2279376,14.4130313],[121.2279859,14.412904],[121.2280932,14.4126806],[121.2282354,14.4125091],[121.2283587,14.4123909],[121.2284258,14.4123091],[121.2284768,14.4121896],[121.2288925,14.4111297],[121.2289757,14.4109582],[121.2290789,14.4107933],[121.2296516,14.4102023],[121.2300646,14.4097399],[121.2302873,14.4094437],[121.2304375,14.4091917],[121.2305447,14.4089371],[121.2306225,14.4086695],[121.2307191,14.4081812],[121.2307915,14.4077369],[121.2308425,14.4073446],[121.2308532,14.4071784],[121.2308398,14.4070095],[121.230813,14.4068744],[121.230754,14.4066952],[121.2304696,14.4061366],[121.2301826,14.4055963],[121.2299681,14.4051702],[121.2299091,14.4050144],[121.2298661,14.4048715],[121.2298554,14.4047312],[121.229901,14.4042818],[121.2299547,14.4038921],[121.2299755,14.4034835],[121.2300077,14.4032601],[121.2300854,14.4030575],[121.2301954,14.4028262],[121.2303148,14.4025989],[121.230376,14.4024719],[121.2303924,14.4024364],[121.230477,14.4023054],[121.2306326,14.4021378],[121.2309625,14.4018105],[121.2311369,14.4015922],[121.2312656,14.401361],[121.23133,14.4011818],[121.2314272,14.4009304],[121.2315232,14.4007026],[121.231564,14.4006057],[121.2316753,14.4004122],[121.2317678,14.4003004],[121.231859,14.4002212],[121.2321112,14.4000394],[121.232551,14.3997146],[121.2326556,14.3996198],[121.2327643,14.3994847],[121.2331143,14.3989846],[121.233471,14.3985299],[121.2342274,14.3976674],[121.2350214,14.3967062],[121.235083,14.3966061],[121.2351179,14.3964931],[121.2351796,14.3960203],[121.235197,14.3959073],[121.2352198,14.3958151],[121.2352654,14.3957059],[121.235472,14.3952721],[121.2355217,14.395162],[121.2355444,14.3950694],[121.2355444,14.3949785],[121.2355363,14.3948486],[121.2354398,14.3941549],[121.2354317,14.3939861],[121.2354532,14.3938172],[121.2354881,14.3935964],[121.2358555,14.391944],[121.2359387,14.3915231],[121.2359762,14.3911984],[121.2359709,14.3910269],[121.2359333,14.3908502],[121.2357563,14.3903618],[121.2354022,14.3897123],[121.235011,14.3888461],[121.2348041,14.3884548],[121.2346163,14.3879976],[121.234552,14.3877949],[121.2345442,14.3876632],[121.2345412,14.387613],[121.2345815,14.3873065],[121.2345934,14.3872194],[121.2346191,14.3869973],[121.2346123,14.3869259],[121.2345895,14.3868388],[121.2345748,14.3867583],[121.2345748,14.386679],[121.2345922,14.3864777],[121.2346432,14.3861633],[121.2347612,14.3856411],[121.2350643,14.3847759],[121.2350804,14.3846954],[121.2350857,14.384607],[121.2350911,14.3844434],[121.2350857,14.383269],[121.2351125,14.3829313],[121.2351716,14.3826403],[121.2354129,14.3819076],[121.2358689,14.3805617],[121.236062,14.3798135],[121.2361425,14.3793926],[121.236164,14.3791171],[121.2361211,14.3788521],[121.2359869,14.3783481],[121.2358931,14.3779609],[121.2358421,14.3776336],[121.2358327,14.3775738],[121.235831,14.3775553],[121.2358283,14.3775269],[121.2358233,14.3774738],[121.2358233,14.3773673],[121.2358381,14.3772179],[121.2358421,14.3771152],[121.2358331,14.3769106],[121.235822,14.3768385],[121.2358108,14.3767659],[121.2358091,14.3767453],[121.2357992,14.3765904],[121.2357563,14.3756563],[121.2357455,14.3748925],[121.2357431,14.3741364],[121.2357408,14.3734241],[121.2357402,14.3732452],[121.2357607,14.3721143],[121.2358797,14.3709899],[121.2360942,14.3699038],[121.2362069,14.369592],[121.2363128,14.3693767],[121.2364215,14.3692542],[121.2365717,14.3691555],[121.2367594,14.3690879],[121.2370759,14.3689944],[121.2371993,14.3689268],[121.2373237,14.3687813],[121.2377196,14.3681889],[121.2380058,14.3676371],[121.2381917,14.3671028],[121.2382507,14.3667494],[121.2382561,14.3666663],[121.2382427,14.3665961],[121.2382132,14.3665468],[121.2380227,14.3662272],[121.238004,14.3661414],[121.2379986,14.3660531],[121.2379986,14.3658764],[121.2380576,14.3650138],[121.2380657,14.3646772],[121.2380733,14.3643608],[121.2380871,14.3640524],[121.2381139,14.3639432],[121.2381408,14.3638913],[121.2382105,14.3637951],[121.2382871,14.3637016],[121.2383956,14.3635691],[121.2385838,14.3633619],[121.2386125,14.3633306],[121.2386976,14.3632494],[121.2387095,14.363234],[121.238761,14.3631856],[121.2387855,14.3631525],[121.2388663,14.3630403],[121.2389427,14.3628701],[121.238931,14.3626968],[121.2389293,14.3626726],[121.238873,14.3621997],[121.2388596,14.3620438],[121.2388462,14.3618437],[121.2388316,14.3615659],[121.2388059,14.361085],[121.2388006,14.3608615],[121.2388152,14.3607092],[121.2388569,14.3604666],[121.238932,14.360108],[121.2390715,14.3596299],[121.2391466,14.3592194],[121.2392324,14.3585749],[121.2392566,14.3582475],[121.2392566,14.3579721],[121.2392485,14.3573641],[121.2392539,14.3572471],[121.2392673,14.3571796],[121.2393022,14.3571276],[121.239355,14.3570689],[121.239557,14.3568444],[121.2396474,14.3567459],[121.2396727,14.3567191],[121.2398601,14.3565144],[121.2399185,14.3564415],[121.239962,14.3563871],[121.2400076,14.3563065],[121.2400237,14.3562052],[121.2400237,14.3559687],[121.240021,14.3557764],[121.2400424,14.3556049],[121.2401685,14.3549345],[121.2402516,14.35434],[121.2402946,14.3538042],[121.2403831,14.3525647],[121.2404124,14.3522848],[121.2404394,14.3520268],[121.2404609,14.3516448],[121.2404609,14.3512681],[121.2404501,14.3508003],[121.2404448,14.350408],[121.2404448,14.3499324],[121.2404555,14.3496206],[121.2404501,14.3493062],[121.2404528,14.3492152],[121.2404689,14.3491321],[121.2405172,14.3490203],[121.2408096,14.3486539],[121.2409329,14.3485552],[121.2410429,14.348511],[121.2412682,14.348472],[121.2414962,14.348472],[121.2419008,14.348478],[121.2419215,14.348483],[121.2419425,14.348488],[121.2423062,14.3485136],[121.2427407,14.3485448],[121.2427957,14.3485383],[121.2428346,14.3485214],[121.2428735,14.3484772],[121.2430009,14.3483083],[121.243363,14.3478536],[121.2437855,14.3474274],[121.2439102,14.3473124],[121.2439161,14.3473074],[121.2440041,14.3472118],[121.2441596,14.3470766],[121.244271,14.3470091],[121.244334,14.3469896],[121.2444332,14.3469649],[121.2446746,14.3469545],[121.2449107,14.3469727],[121.2451494,14.3470428],[121.2452567,14.3471078],[121.2453586,14.3472014],[121.245423,14.3472897],[121.245659,14.347812],[121.245769,14.3479939],[121.2458521,14.3480433],[121.2460023,14.3480589],[121.2461257,14.3480225],[121.2462598,14.3479523],[121.246343,14.347877],[121.2464878,14.3476769],[121.2465388,14.3476093],[121.2466139,14.3475522],[121.2467909,14.3474534],[121.2469223,14.3473703],[121.2470028,14.3473131],[121.2471852,14.3471351],[121.2472428,14.3470948],[121.2473005,14.3470753],[121.2474158,14.3470545],[121.2475888,14.3470402],[121.2476371,14.3470273],[121.247676,14.3469961],[121.2477498,14.3467986],[121.2477739,14.3467622],[121.2478048,14.3467258],[121.2478611,14.3466894],[121.2480649,14.3465777],[121.2482607,14.3465205],[121.248478,14.3464894],[121.2487167,14.3464686],[121.2489501,14.3464686],[121.2491378,14.3465023],[121.2492505,14.3465465],[121.2493497,14.3466375],[121.2496179,14.347165],[121.2497011,14.3472793],[121.2497869,14.3473573],[121.2500069,14.347521],[121.2502187,14.3477107],[121.2503448,14.347851],[121.2505379,14.3481212],[121.2506211,14.3481966],[121.2507445,14.348259],[121.2510395,14.3483135],[121.2513453,14.3483317],[121.2517261,14.3483369],[121.2518924,14.3483187],[121.251981,14.348285],[121.2520426,14.348233],[121.2521875,14.3480615],[121.2522867,14.3479783],[121.252386,14.347929],[121.2525603,14.3478952],[121.2527132,14.3478978],[121.2529385,14.3479212],[121.2529868,14.3479108],[121.2530404,14.3478614],[121.2532416,14.3474924],[121.2532684,14.347404],[121.2532818,14.3473261],[121.2533408,14.3469805],[121.2533757,14.3468194],[121.2534347,14.346705],[121.2534964,14.3466349],[121.2535715,14.3465907],[121.254234,14.3462945],[121.2545371,14.3461775],[121.2546337,14.3461697],[121.2547839,14.3462009],[121.2550896,14.3464348],[121.2552291,14.3464894],[121.2554035,14.3465231],[121.2556314,14.3465283],[121.2559077,14.3465335],[121.2560445,14.3465543],[121.2561464,14.3465907],[121.2562886,14.3466816],[121.2563717,14.3467128],[121.2564549,14.3466998],[121.2565809,14.3466557],[121.2569511,14.346414],[121.2571415,14.3462451],[121.2571979,14.3461645],[121.2572327,14.3460788],[121.2572971,14.3458267],[121.2573346,14.3457384],[121.257391,14.3456578],[121.2574822,14.3455799],[121.2587965,14.3448237],[121.2588501,14.3447639],[121.2588769,14.3447067],[121.2588801,14.3446301],[121.2588286,14.3440493],[121.2588447,14.3439012],[121.2588581,14.3436777],[121.2588662,14.343514],[121.2588581,14.3434334],[121.258834,14.3433347],[121.2585872,14.342646],[121.258539,14.3424018],[121.2585524,14.3421731],[121.2586194,14.3418743],[121.2587616,14.3414039],[121.2587777,14.3412948],[121.2587669,14.3412012],[121.2586811,14.3409413],[121.2586811,14.3408374],[121.2587086,14.3407499],[121.2589601,14.3404138],[121.2591478,14.3402189],[121.2592229,14.3401202],[121.2592497,14.3400396],[121.2592712,14.3399461],[121.25929,14.3396992],[121.2593195,14.3395095],[121.2593839,14.3393276],[121.2594295,14.3391977],[121.259518,14.3390184],[121.2596413,14.3388442],[121.2597406,14.3387637],[121.2598439,14.3387143],[121.2599806,14.3386623],[121.2600249,14.3386376],[121.2600933,14.3385831],[121.2603146,14.3383739],[121.2603816,14.3383388],[121.260438,14.3383375],[121.2606686,14.3383947],[121.2609194,14.3385025],[121.2610281,14.3385181],[121.2610924,14.338509],[121.2612976,14.3383752],[121.2613901,14.3383362],[121.2614934,14.3383141],[121.2617415,14.3383349],[121.261818,14.3383375],[121.2618582,14.3383336],[121.2620004,14.3382621],[121.2620714,14.3382414],[121.2621224,14.3382401],[121.2621868,14.3382569],[121.2623933,14.3383757],[121.2624831,14.3384311],[121.2625341,14.3384428],[121.2625891,14.3384324],[121.2626897,14.3383778],[121.2628171,14.3383362],[121.2628908,14.3383245],[121.2629499,14.3383297],[121.2631108,14.3383531],[121.2631577,14.3383557],[121.2631886,14.3383492],[121.2632141,14.3383258],[121.2632368,14.3382842],[121.2633052,14.3381114],[121.2633777,14.3379659],[121.2634541,14.3378516],[121.2635373,14.3377515],[121.26378,14.3375137],[121.2641622,14.3371421],[121.264236,14.3370927],[121.2643433,14.3370759],[121.2644237,14.3370901],[121.2644894,14.3371226],[121.2645458,14.3371629],[121.264763,14.33735],[121.2649012,14.3374592],[121.265046,14.3375449],[121.2652901,14.3376281],[121.2655449,14.3376489],[121.2656857,14.3376437],[121.2657742,14.3376229],[121.2658292,14.3375735],[121.2659821,14.3372357],[121.2660518,14.3371473],[121.2661457,14.3370616],[121.2663227,14.3369056],[121.2663616,14.3368524],[121.266367,14.3368004],[121.2663576,14.3367679],[121.2663308,14.3367367],[121.2661913,14.3366796],[121.2656629,14.3364561],[121.2651211,14.3362118],[121.2649253,14.336126],[121.2647536,14.3360273],[121.2644801,14.3358194],[121.2642762,14.3356271],[121.2640429,14.3353568],[121.2638015,14.3349566],[121.2634581,14.3341952],[121.2634233,14.3340731],[121.2634042,14.3339357],[121.2634099,14.3334338],[121.2633911,14.3333012],[121.2633508,14.3332233],[121.2633026,14.3331531],[121.2630531,14.3329686],[121.2627876,14.3328231],[121.2627098,14.3327737],[121.2625784,14.3326594],[121.2623209,14.3323917],[121.2622485,14.3323501],[121.2621412,14.3323345],[121.2618408,14.3323137],[121.2615779,14.332267],[121.2612534,14.332176],[121.2611005,14.332124],[121.2609851,14.3320643],[121.260902,14.3319889],[121.2606633,14.3316796],[121.2606069,14.3316121],[121.2605131,14.3315835],[121.2602502,14.3315523],[121.2599552,14.3315081],[121.2598264,14.3314562],[121.2597218,14.3313808],[121.2593275,14.3310663],[121.259239,14.3310274],[121.2591854,14.33103],[121.2591398,14.3310481],[121.2591022,14.3310845],[121.2590003,14.3312249],[121.2589279,14.331295],[121.2588501,14.331334],[121.2587321,14.3313548],[121.2585148,14.33136],[121.2584397,14.3313652],[121.2583083,14.3313964],[121.258193,14.3314795],[121.258024,14.3316381],[121.2579221,14.3317732],[121.257863,14.3318797],[121.2577128,14.3321708],[121.2575841,14.3323267],[121.2574258,14.3324385],[121.2571925,14.3325814],[121.2568626,14.3327711],[121.2566453,14.3329036],[121.2564763,14.3330258],[121.2559238,14.3335143],[121.2556931,14.3336573],[121.2555483,14.3337222],[121.2553874,14.3337248],[121.2551782,14.333717],[121.2548831,14.3336781],[121.2546095,14.3336079],[121.2544405,14.3335663],[121.2541616,14.333413],[121.2539792,14.3332441],[121.25388,14.3331921],[121.2538075,14.3331661],[121.2537566,14.3331609],[121.2536842,14.3331895],[121.2532791,14.3334702],[121.2531504,14.3335533],[121.2529761,14.3336053],[121.2528312,14.3336027],[121.2526891,14.3335637],[121.2523699,14.3333558],[121.2522519,14.3333142],[121.2521687,14.3333038],[121.2517852,14.3333532],[121.2516189,14.3333584],[121.2514123,14.333335],[121.2511253,14.3332857],[121.250774,14.3332129],[121.2506023,14.3331817],[121.2504414,14.3331921],[121.2503153,14.3332311],[121.2501034,14.3333428],[121.2497574,14.333478],[121.2494919,14.3334988],[121.24928,14.3334754],[121.2491754,14.3334104],[121.2490788,14.3333194],[121.2489501,14.3331219],[121.2489286,14.3330856],[121.2488857,14.333057],[121.2487623,14.3330388],[121.2486148,14.3330687],[121.2484847,14.3331336],[121.248309,14.333374],[121.2481427,14.3335767],[121.2479942,14.3336488],[121.2477297,14.3337066],[121.2473863,14.3336703],[121.2469706,14.3335429],[121.2468338,14.3334754],[121.2466943,14.3333948],[121.246402,14.3331193],[121.2463,14.333018],[121.2461926,14.332893],[121.2459977,14.3326751],[121.2458071,14.3324316],[121.2454042,14.3320357],[121.2451762,14.331807],[121.245081,14.3317472],[121.2449804,14.3317316],[121.244861,14.3317381],[121.2447363,14.3317303],[121.2446639,14.3316926],[121.2446129,14.3316563],[121.2445579,14.3316043],[121.244507,14.3315536],[121.2444533,14.3315185],[121.2443933,14.3314954],[121.2443735,14.3314912],[121.2443498,14.3314864],[121.2443259,14.3314847],[121.2441757,14.3315159],[121.2440483,14.3315133],[121.2439437,14.3314756],[121.2437305,14.3312924],[121.2435483,14.331024],[121.2434676,14.3309052],[121.2434167,14.3307493],[121.2433791,14.3306012],[121.2433496,14.330453],[121.2433228,14.3303114],[121.243296,14.3301269],[121.2432886,14.3300749],[121.2432913,14.3300418],[121.2433013,14.330006],[121.2433275,14.3299567],[121.2433288,14.3299294],[121.2433214,14.3299099],[121.2432973,14.3298904],[121.2432497,14.3298787],[121.2431981,14.3298813],[121.2426308,14.330058],[121.2425262,14.3300827],[121.2424175,14.3300827],[121.2422687,14.3300229],[121.242089,14.3299151],[121.2419563,14.3297845],[121.2418878,14.3296457],[121.2417886,14.3294447],[121.2416115,14.3288366],[121.2414318,14.328044],[121.2413165,14.327493],[121.2412602,14.327098],[121.2412468,14.3268044],[121.2412615,14.326612],[121.2412749,14.3265081],[121.2412857,14.3264613],[121.2413192,14.3264054],[121.2413708,14.3263508],[121.2413762,14.3263278],[121.2413786,14.3263138],[121.2413789,14.3262313],[121.2413111,14.3258623],[121.2412307,14.3255699],[121.2410751,14.324967],[121.2410268,14.3248007],[121.2409946,14.3246058],[121.2409919,14.324494],[121.2410134,14.3243667],[121.2411717,14.3239457],[121.2411717,14.3238287],[121.2411287,14.3237586],[121.2410644,14.3236936],[121.2408256,14.3235039],[121.2406969,14.3232804],[121.2406433,14.3230777],[121.2406218,14.3228594],[121.2406808,14.3220901],[121.2407076,14.3215236],[121.2407345,14.3209466],[121.2408034,14.3204094],[121.2408632,14.3199434],[121.24089,14.3198369],[121.2409276,14.3197745],[121.2409785,14.3197199],[121.2412789,14.3195484],[121.2413219,14.3195224],[121.2413366,14.3194932],[121.2413339,14.3194549],[121.2412897,14.3193457],[121.241236,14.319195],[121.2412173,14.3190702],[121.2412333,14.3189299],[121.241405,14.3185037],[121.2414479,14.3183555],[121.2414935,14.3181814],[121.2415391,14.317776],[121.2415659,14.3172822],[121.2415794,14.3170899],[121.2416035,14.3169625],[121.2416464,14.3168456],[121.241743,14.3166844],[121.2418985,14.3164401],[121.2420595,14.3161595],[121.2422365,14.3157722],[121.2422982,14.3156709],[121.2423458,14.3156026],[121.2424028,14.3155513],[121.2425664,14.3154733],[121.2428963,14.3153954],[121.2429741,14.315346],[121.2430385,14.3152628],[121.2430841,14.3151901],[121.2432826,14.3148366],[121.2433603,14.3147768],[121.2434998,14.31473],[121.2437734,14.3146911],[121.244106,14.3146833],[121.2441476,14.3146742],[121.2441824,14.3146469],[121.2441858,14.31463],[121.2441784,14.3145891],[121.2441409,14.3145169],[121.2440644,14.3144013],[121.2440363,14.3143376],[121.2440202,14.31427],[121.2440282,14.3141921],[121.2440631,14.3140543],[121.2443072,14.3134904],[121.2443554,14.3134254],[121.244444,14.3133448],[121.2445486,14.3132616],[121.2446719,14.3131967],[121.2448221,14.3131083],[121.2449294,14.3130121],[121.2450018,14.3129108],[121.2450501,14.3128198],[121.2451574,14.3125677],[121.2452996,14.3122247],[121.2453666,14.3119544],[121.2454069,14.3116737]],[[121.3082135,14.2858125],[121.308302,14.2858385],[121.3084039,14.2858229],[121.308479,14.2857553],[121.3086185,14.2854798],[121.3087875,14.2851445],[121.3088948,14.2849443],[121.3089296,14.2848117],[121.3089457,14.2846714],[121.3089135,14.2845726],[121.308825,14.2844816],[121.3087606,14.2843361],[121.3087231,14.2841489],[121.3086855,14.2837954],[121.308707,14.2828129],[121.308707,14.2820071],[121.3087177,14.2816848],[121.3087499,14.2814561],[121.308825,14.2813001],[121.3088947,14.2811857],[121.3089216,14.2810766],[121.3089377,14.2809414],[121.3088947,14.2808114],[121.308412,14.2803072],[121.3081437,14.280198],[121.3078487,14.2802032],[121.3071299,14.2803851],[121.3069206,14.2805567],[121.3068187,14.2807178],[121.306808,14.2809206],[121.3068455,14.2812169],[121.3068241,14.2813729],[121.3067543,14.2815132],[121.3065666,14.281742],[121.3065022,14.2818979],[121.3065076,14.2820591],[121.3065505,14.2823918],[121.306529,14.2825114],[121.3064486,14.2826621],[121.3063466,14.2828597],[121.3063252,14.2829792],[121.3063466,14.2831352],[121.3064754,14.2833328],[121.3067919,14.2835615],[121.3070387,14.283733],[121.3072371,14.2840762],[121.3073391,14.2841905],[121.3074249,14.2843673],[121.307441,14.2844816],[121.3074624,14.2846428],[121.3074946,14.284726],[121.3075805,14.2848143],[121.3076931,14.2848819],[121.3077414,14.2848923],[121.3077843,14.2849391],[121.3077736,14.2849755],[121.3077414,14.2850587],[121.3077307,14.2851471],[121.3078219,14.2853342],[121.3080847,14.2857189],[121.3082135,14.2858125]],[[121.3103646,14.2842763],[121.3104263,14.2844426],[121.3105819,14.2846012],[121.3108447,14.2848065],[121.3110137,14.2849079],[121.3111827,14.2850249],[121.3113114,14.2851419],[121.3114348,14.2852588],[121.3115448,14.2853316],[121.3117057,14.2853836],[121.3118479,14.2853862],[121.312041,14.285303],[121.3121322,14.285225],[121.312151,14.2851237],[121.3121295,14.2850301],[121.3120651,14.2849495],[121.3119122,14.2848611],[121.3117245,14.2847572],[121.3115984,14.284661],[121.3115796,14.2846064],[121.3116118,14.2845622],[121.3116923,14.2845284],[121.3117594,14.2845414],[121.3118935,14.2846246],[121.3120061,14.2846974],[121.3120544,14.2847052],[121.3120732,14.2846922],[121.3120705,14.284661],[121.3120329,14.2846402],[121.3118345,14.284492],[121.3117352,14.2844193],[121.3116413,14.2843569],[121.3115233,14.2843049],[121.3113999,14.2842269],[121.3112363,14.2840969],[121.3109788,14.2838188],[121.3108742,14.2837512],[121.3107803,14.2837252],[121.3107026,14.2837538],[121.3105738,14.283837],[121.3104746,14.2839098],[121.3104102,14.28398],[121.31037,14.2841255],[121.3103646,14.2842763]],[[121.4068571,14.302173],[121.406896,14.3021554],[121.4069201,14.3021171],[121.4069416,14.3020495],[121.4069369,14.3019949],[121.4069208,14.3019377],[121.406904,14.3019026],[121.4068571,14.3018494],[121.4068262,14.3018234],[121.4067867,14.3018195],[121.4067551,14.3018299],[121.4066955,14.3019007],[121.4066754,14.3019488],[121.406676,14.3020001],[121.4066961,14.3020534],[121.4067511,14.3021327],[121.4068007,14.3021626],[121.4068571,14.302173]],[[121.3113758,14.223879],[121.3113919,14.2240064],[121.3114428,14.2241286],[121.31188,14.224893],[121.3119954,14.2250672],[121.3121,14.2251478],[121.3121992,14.2251738],[121.3123521,14.2251764],[121.3125238,14.225166],[121.3125828,14.2251322],[121.3126016,14.2250672],[121.3125721,14.2249996],[121.3124862,14.2248722],[121.3123199,14.2246512],[121.3121939,14.224464],[121.3120866,14.2242404],[121.3120329,14.2240142],[121.3120142,14.2237984],[121.3119686,14.2236866],[121.3118532,14.2235904],[121.3117111,14.2235644],[121.3115555,14.223567],[121.3114643,14.2235904],[121.3114107,14.2236658],[121.3113758,14.2237724],[121.3113758,14.223879]],[[121.4336973,14.3003614],[121.4337234,14.3003516],[121.4337382,14.3003367],[121.4337523,14.3003036],[121.4337556,14.3001587],[121.4337502,14.3000274],[121.4337288,14.2999078],[121.4337006,14.2998156],[121.433643,14.299722],[121.4335866,14.2996674],[121.433529,14.2996401],[121.4334632,14.2996323],[121.4333506,14.2996661],[121.4332849,14.2997077],[121.4332111,14.2997753],[121.4331736,14.2998221],[121.4331588,14.2998715],[121.4331709,14.2999117],[121.4333466,14.3001197],[121.4334699,14.3002444],[121.433588,14.3003315],[121.433655,14.3003601],[121.4336973,14.3003614]],[[121.4362554,14.3022951],[121.4362299,14.3023965],[121.4362192,14.3025134],[121.4362353,14.3026213],[121.4362628,14.3027142],[121.4363238,14.3028357],[121.4363962,14.3029137],[121.4364646,14.3029579],[121.4365253,14.3029744],[121.4366081,14.3029631],[121.4367811,14.3028916],[121.4369126,14.3028026],[121.4370078,14.3027383],[121.4370775,14.3027097],[121.4371607,14.3026869],[121.4372874,14.3026557],[121.4373397,14.3026343],[121.4374074,14.3025862],[121.4374866,14.3025017],[121.4375181,14.3024465],[121.4375208,14.3024205],[121.4375114,14.3023971],[121.4374919,14.302364],[121.4374396,14.3023341],[121.4372277,14.30226],[121.4369152,14.302173],[121.4366725,14.3021197],[121.4365411,14.302121],[121.4364083,14.3021496],[121.4363144,14.3022145],[121.4362554,14.3022951]],[[121.4399341,14.3084055],[121.4399569,14.308347],[121.4399488,14.3082807],[121.4399274,14.3082209],[121.4398402,14.3081092],[121.4397222,14.3079896],[121.4396216,14.3079077],[121.4394734,14.307835],[121.4393802,14.3078259],[121.4392991,14.3078395],[121.4391877,14.3078973],[121.4390818,14.3079974],[121.4390282,14.3080715],[121.4389933,14.308141],[121.4389765,14.3082235],[121.4389738,14.3083002],[121.438998,14.3083795],[121.4390516,14.3084522],[121.4391348,14.3085003],[121.439289,14.3085289],[121.4394499,14.3085237],[121.4396431,14.3084964],[121.4397638,14.3084821],[121.4398791,14.3084457],[121.4399341,14.3084055]],[[121.4597207,14.3168482],[121.4599192,14.316843],[121.4600667,14.3168404],[121.4602116,14.316817],[121.4603537,14.3167676],[121.4604396,14.3167338],[121.4605173,14.316726],[121.4605764,14.3167234],[121.4606273,14.3167],[121.4606944,14.3166506],[121.4607158,14.3165831],[121.4606997,14.3164038],[121.4606595,14.316214],[121.4606139,14.3161387],[121.4605495,14.3160737],[121.4604852,14.3160243],[121.4603806,14.3160009],[121.4602759,14.3160165],[121.4602411,14.3160308],[121.4602129,14.3160555],[121.4601955,14.316088],[121.4601713,14.3161153],[121.4601459,14.3161257],[121.4600614,14.3161257],[121.459942,14.3161218],[121.4598227,14.3161296],[121.4596952,14.3161621],[121.4596161,14.3161958],[121.4595383,14.3162426],[121.4594954,14.3163232],[121.4594766,14.3163934],[121.4594981,14.3164427],[121.4595169,14.3165051],[121.4595062,14.3165389],[121.4594954,14.3165701],[121.4594445,14.3166377],[121.4594337,14.3167052],[121.4594632,14.3167702],[121.459541,14.3168326],[121.4597207,14.3168482]],[[121.4594418,14.3175369],[121.4594378,14.3175538],[121.4594458,14.3175798],[121.4594834,14.3176239],[121.459537,14.3176564],[121.4595638,14.3176837],[121.4595826,14.3177175],[121.4596255,14.3178461],[121.4596282,14.3178851],[121.4596269,14.3179163],[121.4596094,14.3179475],[121.459588,14.3179813],[121.4595786,14.3180229],[121.4595719,14.3180735],[121.4595813,14.3181255],[121.4595987,14.3181853],[121.4596242,14.3182295],[121.4596657,14.3182737],[121.459702,14.3183022],[121.4597489,14.3183074],[121.4597999,14.3182841],[121.4598294,14.3182737],[121.4598522,14.3182828],[121.4598602,14.3183022],[121.4598575,14.3183438],[121.4598548,14.3183997],[121.4598709,14.3184595],[121.4599232,14.3185167],[121.4602612,14.318605],[121.4603953,14.318683],[121.4604691,14.3187662],[121.4605093,14.3188415],[121.4605241,14.3189065],[121.4605603,14.318965],[121.460626,14.3190078],[121.4606957,14.3190312],[121.4607842,14.3190273],[121.4608942,14.3190078],[121.460968,14.3189806],[121.4610592,14.3188987],[121.4611195,14.3188259],[121.4611651,14.3187519],[121.4611973,14.3186674],[121.4612254,14.3185167],[121.4612281,14.3184582],[121.4612067,14.3183984],[121.4611275,14.3183087],[121.4610752,14.3182698],[121.4610229,14.318249],[121.4609385,14.3182334],[121.4608915,14.3182217],[121.4608526,14.3182061],[121.4607614,14.318145],[121.4605321,14.318019],[121.4601526,14.3178293],[121.4600399,14.31775],[121.4599755,14.3176824],[121.459942,14.3176317],[121.4599192,14.317585],[121.4599122,14.3175752],[121.4599031,14.317572],[121.459891,14.3175733],[121.459884,14.317582],[121.4598763,14.3175979],[121.4598646,14.3176145],[121.4598498,14.3176281],[121.4598327,14.3176399],[121.4598173,14.3176447],[121.4598032,14.3176438],[121.4597905,14.3176382],[121.459769,14.3176122],[121.4597476,14.3175798],[121.4597294,14.3175681],[121.4596926,14.3175518],[121.459651,14.317546],[121.4596134,14.3175473],[121.4595893,14.3175447],[121.4595665,14.3175304],[121.4595464,14.3175161],[121.4595155,14.3175057],[121.459474,14.3175161],[121.4594418,14.3175369]],[[121.4623949,14.3187947],[121.4622715,14.3188441],[121.462183,14.3189195],[121.4620918,14.3190598],[121.4620596,14.3191144],[121.4620355,14.3191872],[121.4620435,14.3192781],[121.4620569,14.3193483],[121.4620435,14.3194133],[121.4620167,14.3195432],[121.4620301,14.3196576],[121.4620784,14.3197407],[121.4621696,14.3197927],[121.4623386,14.3198135],[121.4624324,14.3198005],[121.4624888,14.3197719],[121.4625156,14.3197147],[121.4625853,14.3195354],[121.4626282,14.3194575],[121.4627087,14.3193535],[121.4627409,14.3192833],[121.4627516,14.3192365],[121.4627328,14.3191664],[121.4627007,14.3190832],[121.4626765,14.3190286],[121.4626551,14.3189429],[121.4626417,14.3188779],[121.4626014,14.3188181],[121.4625397,14.3187869],[121.4624754,14.3187791],[121.4623949,14.3187947]],[[121.4507984,14.3298813],[121.4508077,14.3299255],[121.4508346,14.3299736],[121.4508922,14.330019],[121.4509499,14.3300424],[121.4509915,14.3300463],[121.451029,14.3300463],[121.4510706,14.3300359],[121.4510974,14.3300138],[121.4511162,14.3299736],[121.4511149,14.3299151],[121.4510907,14.3298488],[121.451029,14.3297774],[121.4509861,14.3297566],[121.4509392,14.3297527],[121.4508882,14.3297683],[121.4508373,14.3298111],[121.4508104,14.3298436],[121.4507984,14.3298813]]]},"id":"relation/79348"},{"type":"Feature","properties":{"@id":"relation/2505038","intermittent":"no","name":"La Mesa Reservoir","natural":"water","type":"multipolygon","water":"reservoir","wikidata":"Q47516379","wikipedia":"en:La Mesa Reservoir"},"geometry":{"type":"Polygon","coordinates":[[[121.074933,14.7131487],[121.0754594,14.7129546],[121.076018,14.7127698],[121.0767911,14.7125149],[121.0773665,14.7123294],[121.0776293,14.7122451],[121.077805,14.7121984],[121.0779475,14.7121966],[121.0780638,14.7121958],[121.0781644,14.7121965],[121.0782583,14.7122205],[121.0783354,14.7122607],[121.0783622,14.7123002],[121.0783824,14.7123521],[121.0783897,14.7124118],[121.0783589,14.7125863],[121.0783535,14.712668],[121.0783683,14.712727],[121.0783924,14.7127672],[121.0784514,14.7128171],[121.0785641,14.7128574],[121.0788551,14.7129417],[121.0789986,14.7129961],[121.079065,14.7130351],[121.0791159,14.7130889],[121.0791448,14.7131596],[121.0792735,14.7135915],[121.079303,14.7136564],[121.0793486,14.7137089],[121.0794003,14.7137472],[121.0794747,14.7137757],[121.0795612,14.7137867],[121.0796651,14.7137809],[121.0800326,14.7136914],[121.0801895,14.713646],[121.0802686,14.7136421],[121.0803612,14.713681],[121.0805221,14.7138146],[121.0806133,14.713851],[121.0806857,14.7138315],[121.0807313,14.71379],[121.0808158,14.7136084],[121.0808641,14.7135124],[121.0809586,14.7133846],[121.081021,14.7133036],[121.0810384,14.713266],[121.0810411,14.7132264],[121.0810331,14.7131894],[121.0810103,14.7131557],[121.0809653,14.7131103],[121.0809372,14.7130733],[121.0809043,14.7130448],[121.080858,14.7130182],[121.0808312,14.7129961],[121.0808198,14.7129696],[121.0808077,14.7129287],[121.0808051,14.7128502],[121.0808198,14.7128087],[121.080903,14.7127043],[121.0809345,14.7126466],[121.0809459,14.7125992],[121.0809439,14.7125532],[121.0809351,14.7125097],[121.0808936,14.7124462],[121.0808198,14.7123657],[121.0807434,14.7122516],[121.0806736,14.7121478],[121.080565,14.7119623],[121.080512,14.7118657],[121.0805,14.7118222],[121.0804973,14.7117966],[121.0804973,14.7117794],[121.0805008,14.7117626],[121.0805072,14.7117516],[121.0805146,14.7117419],[121.0805277,14.7117272],[121.0805814,14.7116637],[121.0806155,14.7116278],[121.0806939,14.7115756],[121.0808525,14.7115254],[121.0810483,14.7114611],[121.0812548,14.7113899],[121.0814829,14.7113569],[121.0818008,14.7113343],[121.082099,14.7112874],[121.0823505,14.7112405],[121.0824708,14.7111867],[121.0825355,14.7110529],[121.0825462,14.7108861],[121.0825103,14.710834],[121.082372,14.7108131],[121.0821996,14.710834],[121.0820397,14.7108861],[121.0818709,14.7109243],[121.0817523,14.7109278],[121.08165,14.7108687],[121.0816087,14.7107576],[121.0815979,14.7106585],[121.0816428,14.7105526],[121.0817452,14.7104101],[121.0818996,14.7103007],[121.0820577,14.7102329],[121.0823181,14.7102155],[121.0825247,14.7102225],[121.082751,14.7102677],[121.0828965,14.7103563],[121.0829917,14.7105178],[121.0830408,14.7106594],[121.0830968,14.7107923],[121.0831708,14.7108675],[121.0833451,14.7109973],[121.0834135,14.7110543],[121.0835288,14.7111296],[121.0836026,14.7111763],[121.0836804,14.7112061],[121.0837446,14.7112208],[121.0838126,14.7112329],[121.0838906,14.7112399],[121.0839084,14.7112391],[121.0839266,14.7112377],[121.0840599,14.7112411],[121.084127,14.7112463],[121.0841679,14.7112489],[121.0842188,14.711247],[121.0842443,14.7112379],[121.0842722,14.711222],[121.0843,14.7111954],[121.0843228,14.7111808],[121.0843462,14.7111708],[121.0844482,14.7111445],[121.0845669,14.7111166],[121.0846916,14.7110686],[121.0847707,14.7110245],[121.0848753,14.7109778],[121.0849531,14.7109609],[121.0850577,14.7109596],[121.0851502,14.7109817],[121.0853809,14.7110803],[121.0857765,14.7112736],[121.0861199,14.7114422],[121.0863465,14.7115414],[121.0863733,14.7115563],[121.0864075,14.7115751],[121.0864967,14.7116303],[121.0866161,14.7117068],[121.0867394,14.7117678],[121.0868441,14.7118067],[121.0869996,14.7118404],[121.0873329,14.7119092],[121.0876662,14.7119662],[121.0880403,14.7120324],[121.0884332,14.7121128],[121.0887028,14.7121855],[121.0890407,14.7122828],[121.089376,14.7123763],[121.0896577,14.7124617],[121.0898307,14.7125188],[121.0899246,14.7125577],[121.0899715,14.7126083],[121.089993,14.7126835],[121.0899916,14.7127756],[121.0899715,14.7128664],[121.0899299,14.7129585],[121.0898884,14.7130091],[121.0898428,14.7130766],[121.0898253,14.7131518],[121.0897958,14.7132076],[121.0897368,14.7132569],[121.0896859,14.7133204],[121.0896724,14.7133814],[121.0896818,14.7134696],[121.0896818,14.7135332],[121.089647,14.7136253],[121.089588,14.713729],[121.0895209,14.7138224],[121.0894713,14.7138886],[121.0894498,14.7139327],[121.0894485,14.7139742],[121.0894606,14.7140377],[121.0894606,14.7141013],[121.0894431,14.7141584],[121.0893586,14.7142116],[121.0892433,14.7142596],[121.0891454,14.7142868],[121.0890837,14.7143024],[121.0890126,14.7143633],[121.0889912,14.71441],[121.0889871,14.7144723],[121.0889778,14.7145683],[121.0889576,14.7146461],[121.0889268,14.7147343],[121.0888745,14.7148277],[121.0887444,14.7149483],[121.0886921,14.7150339],[121.0886478,14.7151208],[121.0886089,14.7151805],[121.0885352,14.7152428],[121.0884869,14.7152959],[121.0884789,14.7153634],[121.0885218,14.7154179],[121.0885888,14.7154321],[121.0886505,14.715427],[121.0887203,14.7153725],[121.0888195,14.7153167],[121.0889657,14.7152609],[121.0891253,14.7152298],[121.0892634,14.7152531],[121.0893707,14.7152544],[121.0894833,14.7152168],[121.0896698,14.7150936],[121.0900909,14.7149691],[121.0903832,14.7148549],[121.0907131,14.7148056],[121.0909358,14.7147901],[121.0911986,14.714912],[121.0913059,14.7150054],[121.0913515,14.7151507],[121.0913381,14.7152596],[121.0912818,14.7153764],[121.0911986,14.7154724],[121.0911477,14.7155917],[121.0911986,14.7156929],[121.091314,14.7157863],[121.0914266,14.7158304],[121.0915688,14.7158226],[121.0917163,14.7157759],[121.0918853,14.7156591],[121.0920408,14.7154931],[121.0921159,14.7153089],[121.0922232,14.7151377],[121.0923949,14.7150417],[121.0925853,14.7149639],[121.0927275,14.7149379],[121.0929313,14.7149302],[121.0932532,14.7149665],[121.0934088,14.7149665],[121.0935912,14.7149509],[121.0937387,14.7149016],[121.0938781,14.7148082],[121.0940471,14.7147148],[121.0942107,14.7146915],[121.0943985,14.7147538],[121.0945487,14.7149431],[121.0945915,14.7150807],[121.0945702,14.7152103],[121.0945138,14.715366],[121.0943958,14.7155787],[121.0943529,14.7158148],[121.0943422,14.7161624],[121.0944119,14.7164608],[121.0945299,14.7166294],[121.0947284,14.7167409],[121.0949859,14.7167747],[121.0952917,14.7167617],[121.0956645,14.716702],[121.0963619,14.7165957],[121.0968688,14.7164789],[121.0972711,14.7164037],[121.0976413,14.7163674],[121.0978612,14.7163907],[121.0980624,14.7164997],[121.0981643,14.7166657],[121.0981804,14.7168265],[121.0981643,14.7170211],[121.0980919,14.7174958],[121.0980195,14.7177164],[121.0978934,14.7178253],[121.0977432,14.7179057],[121.0975394,14.7180354],[121.0974267,14.7181703],[121.0973114,14.718396],[121.0971773,14.7187047],[121.0970512,14.7190005],[121.0970217,14.7192002],[121.0970753,14.7193792],[121.0971022,14.7194986],[121.0970861,14.719675],[121.0969976,14.7198254],[121.0968742,14.7201523],[121.0968581,14.7202976],[121.0969225,14.7204584],[121.0970136,14.7205544],[121.0972846,14.7206193],[121.0975286,14.7205544],[121.0976896,14.7204714],[121.0978129,14.7203002],[121.0978585,14.7201212],[121.0979658,14.7199681],[121.0981697,14.7198721],[121.0983413,14.7198151],[121.0984781,14.7198254],[121.0985157,14.7199214],[121.0984942,14.7200096],[121.098395,14.7201549],[121.0982904,14.7203676],[121.0982823,14.7205803],[121.0983762,14.7208761],[121.098564,14.7212315],[121.098741,14.7214442],[121.0992104,14.7217036],[121.099661,14.7217866],[121.1000687,14.7217685],[121.100412,14.7216517],[121.1007902,14.7214909],[121.1009431,14.7214701],[121.1011925,14.7215013],[121.1013937,14.7216284],[121.101619,14.72188],[121.1019677,14.7224144],[121.1020482,14.722762],[121.1020616,14.7228839],[121.102083,14.7230526],[121.1021313,14.723107],[121.1023083,14.7231408],[121.1023888,14.7231719],[121.1024317,14.7232575],[121.1024183,14.7233353],[121.1022896,14.7233976],[121.1021957,14.7234495],[121.1020616,14.7235688],[121.1019918,14.7236855],[121.1020052,14.7239034],[121.1021045,14.7241214],[121.1022279,14.7242926],[121.1023861,14.724456],[121.1027992,14.724814],[121.1029789,14.7249696],[121.103172,14.7250604],[121.1034,14.7250838],[121.1036602,14.7250734],[121.1041,14.7250163],[121.104438,14.7249722],[121.1046419,14.724967],[121.1050871,14.724993],[121.1054653,14.7250552],[121.1055699,14.7251097],[121.1056289,14.7251862],[121.1056343,14.7252511],[121.1056048,14.7253224],[121.1054572,14.7254418],[121.1051863,14.7255792],[121.1049342,14.7256493],[121.1047652,14.7256545],[121.1045963,14.7256182],[121.1043549,14.7255066],[121.1041832,14.7254599],[121.1039767,14.7254573],[121.1037514,14.7255274],[121.1035931,14.7256363],[121.1034939,14.7258153],[121.1034375,14.7260358],[121.1034054,14.7262096],[121.103408,14.726386],[121.103467,14.7265157],[121.1037554,14.7268828],[121.1037715,14.7269347],[121.103746,14.726971],[121.1036924,14.7269827],[121.1036387,14.7269749],[121.1034818,14.7268776],[121.103396,14.7268452],[121.1033209,14.72684],[121.103227,14.7268633],[121.1031331,14.72691],[121.1027428,14.7271668],[121.1025766,14.7272317],[121.1023365,14.7272641],[121.1021796,14.7272732],[121.101965,14.7272628],[121.1017343,14.7272395],[121.1011925,14.7271603],[121.1010919,14.7271227],[121.1010396,14.7270786],[121.1008827,14.7269048],[121.1008096,14.7268763],[121.100699,14.7268581],[121.1005475,14.7268426],[121.1004764,14.7267959],[121.1004764,14.7267336],[121.100518,14.7266688],[121.1007064,14.7265501],[121.1010464,14.7263627],[121.1012589,14.7262064],[121.1012676,14.7261798],[121.1012609,14.7261357],[121.1011134,14.7258581],[121.1010128,14.7257271],[121.100868,14.7255663],[121.1007634,14.7254106],[121.100632,14.7251953],[121.1005743,14.7251305],[121.1005153,14.7250864],[121.1003121,14.7250111],[121.100231,14.7250085],[121.1001478,14.7250332],[121.0999802,14.7251603],[121.0999051,14.7251901],[121.099838,14.7251849],[121.0997589,14.7251447],[121.0996731,14.7250747],[121.0993123,14.7247829],[121.0991728,14.7246687],[121.0990602,14.7245234],[121.098977,14.7242952],[121.0988999,14.7238334],[121.0988791,14.7237861],[121.0988275,14.7237433],[121.0987618,14.723729],[121.0986713,14.723727],[121.0982153,14.723919],[121.09788,14.7239216],[121.0975796,14.7239242],[121.097357,14.7239164],[121.0970324,14.7238905],[121.0970029,14.7239424],[121.0969198,14.7240124],[121.0967199,14.7241058],[121.0966422,14.7241499],[121.0965697,14.7241629],[121.0965094,14.7241486],[121.0964531,14.7241058],[121.0962613,14.7237517],[121.096162,14.7236324],[121.0959984,14.7235182],[121.0958388,14.7234521],[121.0955706,14.723395],[121.0944763,14.7232134],[121.0943355,14.7231978],[121.0941584,14.7231901],[121.0940324,14.723216],[121.0938969,14.7232834],[121.0937186,14.7234326],[121.0935482,14.7236025],[121.093449,14.7237556],[121.0933149,14.7241058],[121.0932747,14.7242666],[121.0932183,14.7246272],[121.093162,14.724993],[121.0930628,14.7254236],[121.0929635,14.7256804],[121.0928348,14.7259424],[121.0927114,14.7261655],[121.0926712,14.7262952],[121.0926685,14.726469],[121.0926765,14.7266791],[121.0927328,14.7273069],[121.0927892,14.7276857],[121.0928562,14.7278698],[121.0929421,14.7280307],[121.0931808,14.7282538],[121.09328,14.7283108],[121.0933819,14.7283186],[121.0935147,14.7282849],[121.0938513,14.7282045],[121.0940056,14.7281928],[121.0941195,14.7282174],[121.0941678,14.7282862],[121.0942107,14.728377],[121.0942268,14.7285209],[121.0942013,14.7285951],[121.0941236,14.7286312],[121.0940216,14.7286403],[121.0938272,14.7286714],[121.0935509,14.7287337],[121.0933551,14.7287933],[121.0931942,14.7288556],[121.0930842,14.7289386],[121.0928562,14.7292006],[121.0924941,14.7296182],[121.0924163,14.729735],[121.092411,14.7298465],[121.0924458,14.7299503],[121.0925531,14.7301163],[121.0929206,14.7305521],[121.0930037,14.7307051],[121.093044,14.7308815],[121.0930681,14.7315923],[121.0930762,14.7317895],[121.0931084,14.7319684],[121.0931808,14.732163],[121.0935697,14.7328193],[121.0937843,14.7331682],[121.0938071,14.7332291],[121.0938057,14.7333018],[121.0937776,14.733342],[121.0937212,14.7333524],[121.0936314,14.7333109],[121.0935844,14.7332603],[121.0934906,14.7331358],[121.0931164,14.7325184],[121.0930185,14.7323991],[121.0929716,14.7323705],[121.0929132,14.7323614],[121.0928743,14.7323764],[121.0928562,14.7324016],[121.0928589,14.7324873],[121.0929045,14.7325962],[121.0930788,14.7329801],[121.0932022,14.7331824],[121.0932961,14.7332888],[121.0934249,14.7333822],[121.0935831,14.7334756],[121.0937414,14.7336131],[121.0937923,14.7336883],[121.0938406,14.7337791],[121.0938835,14.7338491],[121.0938795,14.7339412],[121.0938594,14.7340177],[121.0938084,14.7340644],[121.0937333,14.7340839],[121.0936582,14.7340696],[121.0935804,14.7340255],[121.0933417,14.7337946],[121.0932451,14.7337168],[121.0931218,14.7336572],[121.0929689,14.7336027],[121.0928898,14.7335469],[121.0928307,14.7334898],[121.0927181,14.7333109],[121.0926765,14.7332006],[121.0926256,14.7329918],[121.0926041,14.7328673],[121.0925706,14.7327518],[121.0925397,14.7326831],[121.0924686,14.7325962],[121.0923332,14.7324522],[121.0922728,14.7323407],[121.092242,14.7322564],[121.09225,14.7321189],[121.0923359,14.7319243],[121.0923842,14.7317013],[121.0923761,14.7315326],[121.0923064,14.7312706],[121.0922474,14.731019],[121.0921749,14.7308348],[121.0920569,14.7306299],[121.0919462,14.7305094],[121.0917887,14.7304224],[121.0915983,14.7303965],[121.0914347,14.7304613],[121.0912898,14.7305651],[121.0910001,14.7308815],[121.0907829,14.7311669],[121.0904746,14.731703],[121.0903645,14.732176],[121.0903591,14.732687],[121.0903832,14.7330398],[121.0904288,14.7332032],[121.0905133,14.7333018],[121.0906005,14.7333407],[121.0907091,14.7333407],[121.0909881,14.7332486],[121.0910994,14.7332408],[121.091208,14.7332642],[121.0913421,14.733329],[121.0914829,14.733438],[121.0915768,14.7335482],[121.0916546,14.7337402],[121.0916734,14.7339062],[121.0915875,14.7349075],[121.0915822,14.7352343],[121.0915983,14.7357168],[121.0916465,14.7363653],[121.0916667,14.7366805],[121.0916626,14.7368296],[121.0916459,14.7368763],[121.0916117,14.73691],[121.0915647,14.7369152],[121.0915218,14.7368925],[121.0914923,14.7368439],[121.0913528,14.7364846],[121.0912965,14.7363899],[121.0912214,14.7363095],[121.091149,14.7362732],[121.0910122,14.7362032],[121.0908808,14.7361571],[121.090856,14.7361331],[121.0908503,14.7361053],[121.0908513,14.7360929],[121.090866,14.7360735],[121.0909076,14.7360547],[121.0909767,14.7360475],[121.0911168,14.7360229],[121.0911718,14.7359879],[121.0912053,14.7359425],[121.0912201,14.7358491],[121.0912053,14.7357427],[121.0910216,14.7352317],[121.0910109,14.7350475],[121.0910323,14.734866],[121.0911477,14.734425],[121.091271,14.7341656],[121.0912952,14.7340203],[121.0912496,14.7339036],[121.0911638,14.7338413],[121.0910135,14.7338387],[121.0908446,14.7339036],[121.0907453,14.7340281],[121.0905737,14.7342252],[121.0903993,14.7344691],[121.0902411,14.7347207],[121.090115,14.734949],[121.0899943,14.7351539],[121.08982,14.7353355],[121.0895705,14.7355015],[121.0891454,14.7357038],[121.0890166,14.7357946],[121.0889469,14.7358685],[121.0889134,14.7359619],[121.0889201,14.7360436],[121.088971,14.736185],[121.0889751,14.7362914],[121.0889415,14.7363718],[121.0888946,14.7364146],[121.0886103,14.7365676],[121.0878861,14.7369827],[121.0876662,14.7371409],[121.0874918,14.7372965],[121.0872504,14.737517],[121.0870922,14.7376467],[121.087005,14.7376636],[121.0869178,14.7376363],[121.0868534,14.7375935],[121.086828,14.7375261],[121.0868239,14.7374586],[121.0868575,14.7373795],[121.0872209,14.7369723],[121.0873094,14.7368893],[121.0874958,14.7367609],[121.0883689,14.7362745],[121.0884789,14.7361746],[121.0885298,14.7360994],[121.088562,14.7360125],[121.088558,14.7359399],[121.0885178,14.73584],[121.0884574,14.7357816],[121.0883421,14.735744],[121.0881436,14.7357427],[121.0881007,14.7357207],[121.0880765,14.7356818],[121.0880725,14.7356208],[121.088106,14.7355819],[121.0882267,14.7355482],[121.0885379,14.7354756],[121.0887149,14.735434],[121.0891065,14.7352862],[121.0893398,14.7351643],[121.0895142,14.7350449],[121.0896242,14.7349178],[121.0897395,14.7346896],[121.0900614,14.7340826],[121.0900962,14.7339892],[121.0900936,14.733888],[121.0900775,14.7338102],[121.0900319,14.733735],[121.0899554,14.7336701],[121.0898696,14.7335871],[121.0898039,14.7334548],[121.0897516,14.733316],[121.0896617,14.7329905],[121.0896134,14.7328789],[121.0895249,14.7327804],[121.0893694,14.7327077],[121.0880779,14.7325819],[121.0879759,14.732569],[121.0879089,14.7325119],[121.087895,14.7324699],[121.0879116,14.7324315],[121.0879987,14.7323835],[121.0883394,14.7322901],[121.0885819,14.7322437],[121.0887846,14.732233],[121.0893466,14.7322227],[121.0894793,14.732198],[121.0895799,14.7321371],[121.0896108,14.7320761],[121.0896201,14.7319399],[121.0896161,14.7316987],[121.0896389,14.7316118],[121.0896845,14.7315197],[121.0897556,14.731447],[121.0899487,14.7313199],[121.0900225,14.7312421],[121.090107,14.7311033],[121.0901579,14.7309905],[121.0901633,14.7309088],[121.0901445,14.7308141],[121.090056,14.7306079],[121.0900466,14.7305119],[121.0900694,14.7303965],[121.0901365,14.730246],[121.0902786,14.7300463],[121.0903591,14.7298958],[121.0903993,14.7297505],[121.0903966,14.7295871],[121.0903014,14.7292175],[121.0902947,14.7291098],[121.0903282,14.7290177],[121.090394,14.7289269],[121.0905442,14.7287907],[121.090681,14.7287363],[121.0908553,14.7286999],[121.0911772,14.7286558],[121.0913247,14.7286273],[121.09144,14.7285547],[121.0915124,14.7284535],[121.0915245,14.7283484],[121.0915098,14.7282732],[121.0912429,14.7278205],[121.0911503,14.7277207],[121.0910766,14.7276714],[121.0909344,14.7276467],[121.0906503,14.7277295],[121.0903135,14.7278698],[121.0901391,14.7279295],[121.0898924,14.7279477],[121.0895759,14.7279165],[121.0893752,14.7278582],[121.0890287,14.7276908],[121.0887586,14.7275819],[121.0883769,14.72753],[121.0880175,14.7275352],[121.0877761,14.7275975],[121.0875535,14.7277427],[121.0869822,14.7282045],[121.0869017,14.7282771],[121.0868588,14.7283912],[121.0868508,14.7285832],[121.0868447,14.7288893],[121.0868132,14.7289302],[121.0867837,14.7289399],[121.0867515,14.7289379],[121.0867193,14.7289308],[121.0866851,14.7289023],[121.0866623,14.7288601],[121.0866375,14.7287194],[121.0866362,14.7285028],[121.0866737,14.7282071],[121.0867354,14.7278854],[121.086726,14.7278205],[121.0866804,14.7277933],[121.0866174,14.7277907],[121.0865611,14.727805],[121.08649,14.7278672],[121.0862754,14.7281279],[121.0862191,14.728198],[121.0861748,14.7283069],[121.0861614,14.7284081],[121.0861614,14.7285586],[121.0861467,14.7286364],[121.0861038,14.7286947],[121.0860381,14.7287311],[121.0859522,14.728744],[121.0858087,14.7287337],[121.0857202,14.7287077],[121.0851046,14.7284704],[121.0849866,14.7284561],[121.0848927,14.728473],[121.0848069,14.7285287],[121.0847653,14.7285793],[121.0847573,14.7286299],[121.0847694,14.7286805],[121.0847915,14.7287123],[121.0848364,14.7287427],[121.0849491,14.7287622],[121.0850094,14.7287842],[121.0850416,14.7288154],[121.0850738,14.7289062],[121.0850939,14.7289879],[121.0851033,14.7291331],[121.0850832,14.7293121],[121.084937,14.7298556],[121.0849102,14.7299101],[121.0848699,14.7299412],[121.0848136,14.7299347],[121.0847707,14.7299023],[121.0846527,14.7297648],[121.0846125,14.7297466],[121.0845421,14.7297622],[121.0845085,14.7297946],[121.0845018,14.7298206],[121.0845018,14.7298601],[121.0846232,14.7301435],[121.0846339,14.7301954],[121.0846286,14.7302551],[121.0846058,14.7303212],[121.0841954,14.7308926],[121.084182,14.7309321],[121.0841826,14.7309678],[121.0841981,14.7310112],[121.0842638,14.7310839],[121.0842953,14.7311085],[121.0843134,14.7311354],[121.0843178,14.7311546],[121.0843131,14.7311815],[121.0843033,14.7312035],[121.0842644,14.7312363],[121.0841263,14.7312752],[121.0840881,14.7313128],[121.0840727,14.7313621],[121.0840619,14.7314393],[121.0840686,14.7315216],[121.0841659,14.7318971],[121.0841793,14.7320463],[121.0841726,14.7320994],[121.0841498,14.7321241],[121.0840988,14.7321396],[121.0840425,14.7321137],[121.0839808,14.7320592],[121.0839218,14.7319762],[121.0838346,14.731805],[121.0838199,14.7317168],[121.0838333,14.7316234],[121.0839795,14.7311552],[121.0839776,14.7311124],[121.0839513,14.7310592],[121.0838829,14.731032],[121.0836978,14.7310294],[121.0836281,14.7310515],[121.0835704,14.7311176],[121.0835382,14.7312032],[121.0835007,14.731722],[121.0834739,14.7317804],[121.083443,14.7317998],[121.0833867,14.7318037],[121.0833237,14.7317674],[121.0832942,14.7316675],[121.08327,14.7315015],[121.083262,14.7312888],[121.0832512,14.7311202],[121.0833102,14.7309464],[121.0834685,14.7307544],[121.0839808,14.7303109],[121.0841069,14.7301526],[121.0841739,14.7299996],[121.0842437,14.729805],[121.0844073,14.729473],[121.0845353,14.7292791],[121.0845541,14.7292139],[121.0845474,14.729174],[121.0845119,14.7291176],[121.0843965,14.7290501],[121.0842276,14.7290034],[121.0831721,14.7288582],[121.0830997,14.7287959],[121.0830903,14.7287363],[121.083101,14.7286818],[121.0831842,14.7286494],[121.0834296,14.7286195],[121.0839459,14.7286169],[121.0840827,14.728591],[121.0842061,14.728508],[121.0844153,14.7282719],[121.0845065,14.7281388],[121.084628,14.727965],[121.0847704,14.727803],[121.0850042,14.7278178],[121.0852234,14.7279698],[121.0853835,14.7280566],[121.0854642,14.7280803],[121.0855791,14.7279946],[121.0856686,14.7279229],[121.0856461,14.7278192],[121.0856895,14.727721],[121.0857933,14.7277189],[121.0858436,14.7277423],[121.0859609,14.727733],[121.0860454,14.7276248],[121.0860078,14.7275443],[121.0860008,14.7274576],[121.0862129,14.7273401],[121.0862392,14.7271486],[121.0863492,14.7270657],[121.0866456,14.7271267],[121.0867668,14.7270365],[121.0869485,14.7270737],[121.087114,14.7270797],[121.0872466,14.7271622],[121.0873926,14.7271954],[121.0878405,14.7268659],[121.0880336,14.7267362],[121.0881597,14.7265728],[121.0882562,14.726482],[121.088672,14.7266246],[121.088841,14.7266817],[121.0891851,14.7267383],[121.0892996,14.7266758],[121.0893796,14.7265891],[121.0894961,14.7265867],[121.0895792,14.7265674],[121.0896859,14.7265105],[121.089777,14.7264431],[121.0898924,14.7264178],[121.0899635,14.7264152],[121.0900225,14.7263912],[121.0900694,14.7263763],[121.0901452,14.7263542],[121.0901706,14.7262654],[121.0901492,14.7261752],[121.0901895,14.7261394],[121.0902182,14.7261279],[121.0902572,14.7260864],[121.0903176,14.7260163],[121.0904074,14.7257958],[121.0903995,14.7257111],[121.0903839,14.7256476],[121.0902415,14.7256407],[121.0901256,14.7256121],[121.0899433,14.7256671],[121.0898062,14.7257045],[121.0896209,14.7257607],[121.0894175,14.7257023],[121.0892932,14.7257197],[121.0891259,14.7257662],[121.0888331,14.7255581],[121.0886862,14.7255992],[121.088503,14.7255533],[121.0882505,14.7255194],[121.0877594,14.7255557],[121.0881324,14.7252636],[121.088251,14.7250411],[121.0885632,14.7248929],[121.0889337,14.7249705],[121.0893623,14.724798],[121.0899192,14.7246661],[121.0901359,14.7244504],[121.0904503,14.7241966],[121.0904896,14.7240398],[121.0905172,14.7239125],[121.0904242,14.7237994],[121.090284,14.7238488],[121.0901656,14.723824],[121.0900853,14.7237571],[121.0900889,14.7236578],[121.0900784,14.7235047],[121.0900918,14.7233818],[121.0901633,14.7229851],[121.0901674,14.7227508],[121.0902315,14.7225781],[121.090332,14.7224653],[121.0904748,14.7224541],[121.0906179,14.7224559],[121.0907453,14.7224066],[121.0908419,14.722334],[121.0908902,14.7222302],[121.0908942,14.7221381],[121.0908365,14.7220344],[121.0907451,14.7220069],[121.0905958,14.7219744],[121.0904261,14.7219449],[121.0902895,14.7220014],[121.090117,14.7220595],[121.089946,14.7221524],[121.0895583,14.7225179],[121.0894197,14.7226653],[121.0892718,14.722767],[121.0891126,14.7227429],[121.0890055,14.7227001],[121.0889845,14.7225726],[121.0889563,14.7225091],[121.0889469,14.7223586],[121.0889335,14.7222523],[121.0888986,14.7221654],[121.0888463,14.7221239],[121.0887793,14.7221005],[121.0886398,14.7220862],[121.0885634,14.722072],[121.0885084,14.7220331],[121.0884507,14.7219604],[121.0883555,14.7217399],[121.0882401,14.7215921],[121.0880953,14.7214857],[121.0873228,14.7210577],[121.0871471,14.7209695],[121.0870627,14.7209435],[121.087009,14.7209669],[121.0869795,14.7210084],[121.0869741,14.7210758],[121.0870077,14.7211705],[121.087296,14.721714],[121.0873362,14.7218126],[121.0873836,14.7218824],[121.087486,14.7219636],[121.087573,14.7220628],[121.0875751,14.7221314],[121.0875282,14.7221694],[121.0874074,14.7222667],[121.0870923,14.7223523],[121.0868266,14.7223366],[121.0866737,14.7224559],[121.086641,14.7226752],[121.0867027,14.7229863],[121.0867066,14.7234458],[121.0868501,14.7236967],[121.0865552,14.7238349],[121.0863804,14.7239592],[121.086191,14.7239969],[121.0860846,14.7241196],[121.0861078,14.7242723],[121.0861945,14.7244626],[121.0861009,14.7244592],[121.0859163,14.7243989],[121.0857889,14.7244807],[121.0856631,14.7243611],[121.085515,14.7244378],[121.0853392,14.7246979],[121.0852405,14.7248559],[121.0853482,14.7251061],[121.0852363,14.7252521],[121.084941,14.7253354],[121.0847696,14.7254388],[121.0848114,14.7256247],[121.0848346,14.7257967],[121.0847137,14.7258577],[121.0845963,14.7258874],[121.0844526,14.7257588],[121.0843465,14.7257137],[121.0841131,14.7257113],[121.0839231,14.7257426],[121.0837932,14.7257216],[121.0837934,14.7255867],[121.0838684,14.7254517],[121.0841846,14.7249177],[121.08419,14.7246998],[121.0841525,14.7244742],[121.0839969,14.7239449],[121.0839218,14.7238516],[121.0838279,14.7238256],[121.0837126,14.7238412],[121.083203,14.7239216],[121.0829374,14.7239242],[121.0828543,14.7239086],[121.0827497,14.7238308],[121.0827121,14.72374],[121.0827175,14.7236233],[121.0827792,14.7235429],[121.0839137,14.7226634],[121.0840291,14.7225493],[121.0840559,14.7224222],[121.0840344,14.7223314],[121.083726,14.7217996],[121.0836589,14.7216284],[121.0835094,14.7214909],[121.0832011,14.7213456],[121.0831197,14.7213523],[121.0830453,14.7213111],[121.083109,14.7211673],[121.0831798,14.7210919],[121.0834429,14.7209566],[121.0837582,14.7210086],[121.0843563,14.7208735],[121.0844877,14.7207075],[121.084528,14.7205985],[121.0845494,14.7204273],[121.0845011,14.7202198],[121.0842758,14.7196983],[121.0842423,14.7196412],[121.0841659,14.7195829],[121.0840774,14.7195686],[121.0837963,14.7196501],[121.0835588,14.7197279],[121.0834229,14.7195764],[121.0833532,14.7194934],[121.0830997,14.7190809],[121.08303,14.7190368],[121.0829522,14.719029],[121.0828905,14.7190498],[121.0828274,14.7191652],[121.0825083,14.7196205],[121.0823017,14.7199863],[121.0822132,14.7202146],[121.0821113,14.7206244],[121.0820764,14.7207593],[121.0819316,14.7209228],[121.0817921,14.7210447],[121.0816553,14.7210992],[121.0813843,14.7211645],[121.0812516,14.7212289],[121.0811926,14.7213132],[121.0811403,14.721404],[121.080913,14.7219522],[121.0807085,14.7222743],[121.0804617,14.7226557],[121.0803357,14.722928],[121.0803303,14.7230266],[121.0803531,14.7231239],[121.0804255,14.723203],[121.0805261,14.7232614],[121.0808185,14.7233794],[121.0809419,14.7234469],[121.0810464,14.7235454],[121.0811242,14.7236829],[121.0811403,14.7237789],[121.081135,14.7238282],[121.0811001,14.7238736],[121.0810384,14.723906],[121.0809043,14.7239424],[121.0808265,14.7239826],[121.0807501,14.7240708],[121.0806951,14.7241862],[121.0806817,14.7243341],[121.0807219,14.7245001],[121.0807836,14.7245935],[121.0809043,14.7247465],[121.0812423,14.7250397],[121.0814112,14.7252239],[121.0815346,14.725408],[121.0817143,14.725766],[121.0820469,14.7267129],[121.0820778,14.7268452],[121.0820644,14.7269191],[121.0820406,14.727084],[121.0819013,14.7270746],[121.0813898,14.7268607],[121.0811457,14.7268374],[121.0810089,14.7268529],[121.0808185,14.7269191],[121.0807286,14.7269749],[121.0806911,14.7270501],[121.0806911,14.7271266],[121.0807192,14.7271902],[121.0807917,14.7272745],[121.0809124,14.7273808],[121.0809848,14.7274535],[121.0810465,14.7275365],[121.0812677,14.7279295],[121.0812852,14.7280099],[121.0812751,14.7280573],[121.0812369,14.7280877],[121.0811511,14.7281137],[121.0809673,14.7281461],[121.0807045,14.7282006],[121.0805207,14.7282512],[121.0802311,14.7283497],[121.0801359,14.7283407],[121.0800554,14.7283238],[121.0799414,14.7282551],[121.0797375,14.7280683],[121.0794881,14.7278102],[121.079421,14.7277479],[121.0792869,14.7276766],[121.079177,14.7276532],[121.0790724,14.727661],[121.0789423,14.7277103],[121.078831,14.7278309],[121.0787532,14.7279892],[121.0787237,14.7282745],[121.0787049,14.7285599],[121.0787505,14.7288322],[121.0788792,14.729473],[121.0788739,14.7296079],[121.078839,14.7297064],[121.0787559,14.7297894],[121.0786003,14.7298206],[121.078434,14.7297946],[121.0782677,14.7297038],[121.0781068,14.7295664],[121.0779834,14.7294029],[121.0779029,14.7292525],[121.0777634,14.7289256],[121.0776722,14.7286766],[121.0776025,14.7285132],[121.0774791,14.7280851],[121.0774282,14.7279308],[121.0773584,14.7278024],[121.0772672,14.7276779],[121.0771894,14.7276416],[121.0771063,14.7276416],[121.0770312,14.7277168],[121.0770124,14.7278646],[121.0770419,14.7279995],[121.077235,14.7283627],[121.0772699,14.7285028],[121.0772672,14.7286455],[121.0771975,14.7288089],[121.0770553,14.7289983],[121.0770044,14.7291098],[121.0769936,14.7292343],[121.0770687,14.7295223],[121.0770875,14.7296571],[121.0770567,14.7297661],[121.076995,14.7298426],[121.0769159,14.7298984],[121.0767549,14.7299892],[121.076645,14.7300981],[121.0766101,14.7301863],[121.0766128,14.7303679],[121.0767254,14.7309516],[121.0767201,14.7311487],[121.0766798,14.7312395],[121.0765806,14.7313537],[121.0765176,14.7313822],[121.076417,14.7313848],[121.0762802,14.7313485],[121.0760576,14.731224],[121.0759208,14.7311435],[121.0758349,14.7310372],[121.0758162,14.7309256],[121.0758752,14.7307363],[121.0759489,14.7306221],[121.075961,14.7305573],[121.0759395,14.7304976],[121.0758953,14.7304613],[121.0757907,14.7304172],[121.0755989,14.7304133],[121.0755225,14.7304237],[121.0754608,14.7304535],[121.0754232,14.7305028],[121.0752623,14.7308089],[121.0752033,14.7308802],[121.0751335,14.7309321],[121.0750209,14.7309775],[121.0749418,14.7309853],[121.0747111,14.7309509],[121.0746769,14.7309444],[121.0746534,14.7309302],[121.07464,14.7309062],[121.0746454,14.7308297],[121.0746561,14.7308024],[121.0746732,14.7307891],[121.074695,14.7307856],[121.0748425,14.7307959],[121.0748895,14.7307959],[121.0749397,14.7307823],[121.0749967,14.7307402],[121.0751308,14.730591],[121.0751483,14.7305482],[121.0751282,14.7304885],[121.0750671,14.7304042],[121.0750376,14.7303965],[121.0750108,14.7304029],[121.0749418,14.7304561],[121.0747366,14.7306228],[121.0747124,14.7306312],[121.0746896,14.7306306],[121.0746447,14.7306059],[121.0746139,14.7306319],[121.074589,14.7306156],[121.0743805,14.730841],[121.0743587,14.7308452],[121.0743483,14.73084],[121.0743406,14.730829],[121.0743379,14.730807],[121.0743527,14.7307602],[121.0743691,14.730733],[121.0745743,14.730508],[121.0746279,14.7304367],[121.0746581,14.7303796],[121.0746682,14.7303407],[121.0746719,14.7302745],[121.0746792,14.730256],[121.0746936,14.7302492],[121.0747101,14.7302499],[121.0747762,14.7302842],[121.0748465,14.7301773],[121.0748586,14.7299334],[121.074864,14.7298789],[121.0749055,14.7298439],[121.0749971,14.7298155],[121.0750811,14.7297873],[121.0750746,14.7296743],[121.0751653,14.7296461],[121.0752774,14.7295653],[121.0753515,14.7294777],[121.0754676,14.7293679],[121.0754245,14.7292276],[121.0753189,14.7290907],[121.0752513,14.7287354],[121.075193,14.7285145],[121.0750673,14.7283331],[121.0749646,14.7281915],[121.0748506,14.728137],[121.0747261,14.728082],[121.0743825,14.727949],[121.074203,14.7278657],[121.0741059,14.7278004],[121.074066,14.7276974],[121.0742349,14.7276096],[121.0743055,14.727449],[121.0739962,14.7272337],[121.0738318,14.7269334],[121.0739074,14.7264323],[121.0738834,14.7261903],[121.0737573,14.7260877],[121.0735846,14.7260877],[121.0734639,14.7260929],[121.0733378,14.726063],[121.0732573,14.7260099],[121.0731299,14.7258711],[121.0730977,14.7257881],[121.0730964,14.7257115],[121.0731393,14.7255689],[121.0731581,14.7254469],[121.0731688,14.7252602],[121.0730803,14.7246947],[121.0730776,14.7245183],[121.0731366,14.7243678],[121.0732144,14.7242796],[121.0735397,14.7240899],[121.0737026,14.7239683],[121.0738125,14.7238178],[121.073952,14.7234897],[121.07397,14.7233968],[121.0739627,14.7232886],[121.0739131,14.7232316],[121.0738568,14.723203],[121.0737871,14.7231991],[121.0736623,14.7232471],[121.0733029,14.7234806],[121.0730374,14.7236674],[121.072804,14.7238931],[121.0724393,14.7243042],[121.0723615,14.7243393],[121.0722622,14.724347],[121.0721482,14.7243146],[121.0720812,14.7242588],[121.0720524,14.7242028],[121.0720611,14.7241382],[121.0723776,14.7234002],[121.0724956,14.7230422],[121.0726136,14.7227491],[121.0726431,14.7226116],[121.0726136,14.7223055],[121.0726243,14.7221316],[121.0726806,14.7220305],[121.0728174,14.7219604],[121.0733029,14.7218242],[121.0735993,14.7217438],[121.0736509,14.7217146],[121.0737006,14.7216666],[121.0737301,14.7216258],[121.0737401,14.7215836],[121.0737281,14.7215356],[121.0736845,14.7215039],[121.0736335,14.7214876],[121.0735785,14.7214876],[121.0733499,14.7215129],[121.0732681,14.7215052],[121.0731634,14.7214598],[121.0728,14.7211848],[121.0727102,14.721094],[121.0726055,14.7209591],[121.0725358,14.720819],[121.0725023,14.7206958],[121.0724954,14.7205036],[121.0725036,14.7201186],[121.0724661,14.7199084],[121.0723963,14.7196646],[121.0723212,14.719483],[121.0722354,14.7193715],[121.0720946,14.7192521],[121.0720396,14.7191873],[121.071986,14.7190861],[121.0718854,14.718684],[121.0718559,14.7185932],[121.0718492,14.7185141],[121.071876,14.7184362],[121.0719846,14.7183091],[121.0721456,14.7181846],[121.0723628,14.7180821],[121.0724889,14.7180445],[121.0726002,14.718027],[121.0726773,14.7180127],[121.0727135,14.7179998],[121.0727309,14.7179751],[121.0727376,14.7179369],[121.0727128,14.7178992],[121.0726612,14.717874],[121.0723105,14.7177883],[121.0722327,14.7177391],[121.0721643,14.7176781],[121.0720879,14.7175516],[121.0720302,14.7174219],[121.0719953,14.7172689],[121.0719873,14.7171651],[121.0720383,14.7170808],[121.0721335,14.71699],[121.0725191,14.7167734],[121.0726384,14.7167034],[121.072672,14.7166897],[121.0727296,14.7166923],[121.0728289,14.7167331],[121.0729489,14.7167455],[121.0730427,14.7167584],[121.0731346,14.7167539],[121.0732218,14.7167254],[121.0733405,14.7166592],[121.0735188,14.7165165],[121.0735819,14.7164465],[121.0736395,14.7163816],[121.0736985,14.7163155],[121.0737844,14.7162428],[121.0739902,14.7160742],[121.0740915,14.7159795],[121.0742088,14.7158563],[121.0743738,14.7156909],[121.0744737,14.7155735],[121.0744945,14.7155372],[121.0745079,14.7154976],[121.0745066,14.7154652],[121.0744824,14.7154393],[121.0744529,14.7154296],[121.0744134,14.7154302],[121.074345,14.7154516],[121.0742417,14.7155035],[121.074117,14.7155541],[121.074013,14.7155956],[121.0739245,14.7156261],[121.0738595,14.7156364],[121.0737817,14.7156397],[121.07372,14.7156364],[121.0736831,14.7156254],[121.0735966,14.7155787],[121.0735141,14.7155242],[121.0734779,14.7154879],[121.0734592,14.715451],[121.0734545,14.715401],[121.0734732,14.7152959],[121.0736784,14.7146565],[121.0737467,14.7144555],[121.0737897,14.7143828],[121.0738219,14.7143354],[121.0738648,14.7142855],[121.0739581,14.7142096],[121.074013,14.7141726],[121.074066,14.7141389],[121.0741136,14.7141019],[121.0741699,14.7140449],[121.0742016,14.7140088],[121.0742282,14.7139829],[121.0742681,14.7139338],[121.0742953,14.7138959],[121.0743523,14.7138218],[121.0743906,14.7137764],[121.0744375,14.7137212],[121.0745066,14.7136596],[121.0746118,14.7135857],[121.0746675,14.7135513],[121.0747178,14.7135066],[121.0747755,14.7134501],[121.0748164,14.7134028],[121.074868,14.7133373],[121.0748941,14.7132958],[121.0749236,14.7132445],[121.0749344,14.7131953],[121.074933,14.7131487]],[[121.0850725,14.71472],[121.0851744,14.7147356],[121.0852261,14.7146555],[121.0852455,14.7145929],[121.0852455,14.7145021],[121.0852508,14.7143127],[121.0852562,14.7142466],[121.0852092,14.7140754],[121.0851972,14.7140027],[121.0851824,14.7139443],[121.0850839,14.7138788],[121.0850108,14.7138315],[121.0849088,14.7137965],[121.0848257,14.7137835],[121.0847506,14.71379],[121.0846688,14.7138172],[121.0846058,14.7138704],[121.0845669,14.7139949],[121.0846058,14.7140676],[121.0846245,14.7141298],[121.0846607,14.7142038],[121.0849182,14.7145592],[121.0849732,14.7146331],[121.0850725,14.71472]],[[121.0830796,14.7151208],[121.0830943,14.7151753],[121.0831439,14.7152298],[121.0832056,14.7152505],[121.0833009,14.7152531],[121.0834712,14.7152499],[121.0835423,14.7152525],[121.0836261,14.715259],[121.083667,14.7152681],[121.0837025,14.7152888],[121.083734,14.7153284],[121.0837568,14.715366],[121.0837944,14.7154218],[121.0838333,14.715484],[121.0838681,14.7155411],[121.0839017,14.7156047],[121.0839285,14.7156617],[121.083954,14.715711],[121.0839915,14.7157694],[121.0840358,14.7158161],[121.0841082,14.7158822],[121.0842007,14.7159679],[121.0842732,14.7160288],[121.0843167,14.7160619],[121.0843456,14.7160775],[121.0843865,14.7160794],[121.0844549,14.716069],[121.0845099,14.7160522],[121.0845655,14.7160321],[121.0846192,14.7160009],[121.0846634,14.7159685],[121.0847077,14.7159231],[121.0847627,14.7158667],[121.0848311,14.7157746],[121.0848767,14.7156786],[121.0848995,14.7155891],[121.0848995,14.7154296],[121.0848807,14.7153595],[121.0848378,14.7153011],[121.0847895,14.7152739],[121.08465,14.7152402],[121.0844783,14.7152103],[121.0843355,14.7151805],[121.0842477,14.7151442],[121.0841779,14.7151046],[121.084123,14.7150819],[121.0840707,14.7150754],[121.0840177,14.7150813],[121.0839614,14.7150929],[121.0839312,14.7150858],[121.0839097,14.7150657],[121.083899,14.7150184],[121.0838842,14.7148938],[121.0838722,14.7148056],[121.083848,14.7147291],[121.0838031,14.7146338],[121.0837863,14.7145864],[121.0837729,14.7145294],[121.0837649,14.7144515],[121.0837474,14.714421],[121.0837233,14.7144068],[121.0836904,14.7144003],[121.0836368,14.7143951],[121.0835449,14.7144061],[121.083496,14.714421],[121.083433,14.7144567],[121.0833491,14.7145384],[121.0832258,14.7146967],[121.0831641,14.7147849],[121.0831158,14.7149003],[121.0830809,14.715043],[121.0830796,14.7151208]]]},"id":"relation/2505038"},{"type":"Feature","properties":{"@id":"way/28921776","alt_name":"Montalban Dam;Lower Wawa Dam;Old Wawa Dam","height":"13","material":"concrete","name":"Wawa Dam","start_date":"1909","waterway":"dam","wikidata":"Q7975576","wikipedia":"en:Wawa Dam"},"geometry":{"type":"Polygon","coordinates":[[[121.1917907,14.7283821],[121.1916988,14.7284235],[121.1917141,14.7283638],[121.1917304,14.7282998],[121.1917373,14.7282393],[121.1917359,14.7281785],[121.1917261,14.7281183],[121.1917083,14.72806],[121.191683,14.7280049],[121.1916512,14.7279547],[121.1916135,14.7279092],[121.1915701,14.7278688],[121.1914948,14.7278144],[121.1915651,14.7277698],[121.1916214,14.7278105],[121.1916719,14.7278577],[121.1917159,14.7279107],[121.1917501,14.7279648],[121.1917825,14.7280335],[121.1918033,14.7281015],[121.1918147,14.7281717],[121.1918163,14.7282426],[121.1918083,14.7283132],[121.1917907,14.7283821]]]},"id":"way/28921776"},{"type":"Feature","properties":{"@id":"way/287218304","building":"yes","layer":"1","name":"Manggahan Floodgate","waterway":"flow_control"},"geometry":{"type":"Polygon","coordinates":[[[121.0894572,14.5987005],[121.0894725,14.5986606],[121.0909052,14.5991757],[121.0908899,14.5992156],[121.0894572,14.5987005]]]},"id":"way/287218304"},{"type":"Feature","properties":{"@id":"relation/10699539","name":"Manggahan Floodway","type":"waterway","waterway":"river","wikidata":"Q16894592","wikimedia_commons":"Category:Manggahan Floodway"},"geometry":{"type":"MultiLineString","coordinates":[[[121.0900354,14.5993213],[121.0904573,14.5979394],[121.0907744,14.5970461],[121.0913733,14.594871],[121.0927353,14.5900874],[121.0937359,14.5868148],[121.09453,14.5848641],[121.0953037,14.5831104],[121.0972204,14.5804243],[121.0979957,14.5793379],[121.0999508,14.5766011],[121.1009214,14.575239],[121.1014994,14.5744278],[121.1089036,14.564051],[121.1094226,14.563315],[121.1147737,14.5557121],[121.1175762,14.5518009],[121.1193467,14.5493332],[121.129651,14.5348215],[121.130324,14.5338736],[121.1337036,14.528664],[121.1340093,14.5281927],[121.1372709,14.5236852],[121.139524,14.5186999],[121.1410303,14.5127066],[121.1414766,14.5109309],[121.1429182,14.5088794],[121.1441052,14.5079707],[121.149609,14.5045015]],[[121.0900354,14.5993213],[121.0904573,14.5979394]],[[121.1175762,14.5518009],[121.1193467,14.5493332]],[[121.1193467,14.5493332],[121.129651,14.5348215],[121.130324,14.5338736],[121.1337036,14.528664],[121.1340093,14.5281927],[121.1372709,14.5236852],[121.139524,14.5186999],[121.1410303,14.5127066],[121.1414766,14.5109309],[121.1429182,14.5088794],[121.1441052,14.5079707],[121.149609,14.5045015]],[[121.0927353,14.5900874],[121.0937359,14.5868148],[121.09453,14.5848641],[121.0953037,14.5831104],[121.0972204,14.5804243],[121.0979957,14.5793379]],[[121.1147737,14.5557121],[121.1175762,14.5518009]],[[121.1014994,14.5744278],[121.1089036,14.564051],[121.1094226,14.563315],[121.1147737,14.5557121]],[[121.0913733,14.594871],[121.0927353,14.5900874]],[[121.1009214,14.575239],[121.1014994,14.5744278]],[[121.0979957,14.5793379],[121.0999508,14.5766011],[121.1009214,14.575239]],[[121.0904573,14.5979394],[121.0907744,14.5970461],[121.0913733,14.594871]]]}},{"type":"Feature","properties":{"@id":"relation/11957846","destination":"Marikina River","name":"Puray River","type":"waterway","waterway":"river","wikidata":"Q35314303"},"geometry":{"type":"MultiLineString","coordinates":[[[121.2286756,14.811165],[121.228289,14.810722],[121.2279339,14.8102354],[121.2277633,14.809913],[121.2275693,14.8093665],[121.2274429,14.8089998],[121.227426,14.8086551],[121.2274039,14.8083727],[121.2272698,14.8081289],[121.2270011,14.8078948],[121.2266206,14.8076154],[121.2262987,14.807533],[121.2258586,14.8074608],[121.2255717,14.8071297],[121.2255148,14.8066591],[121.2252177,14.8063657],[121.2245888,14.8062736],[121.2243944,14.8061685],[121.2243676,14.8060026],[121.2244402,14.805834],[121.2246614,14.8055529],[121.2247021,14.8050626],[121.2246036,14.8049082],[121.2244116,14.8048409],[121.2241747,14.8049234],[121.2237626,14.804881],[121.2233876,14.8046527],[121.2231124,14.8043026],[121.2230426,14.8039747],[121.2229407,14.803705],[121.2226564,14.8034872],[121.2225974,14.803259],[121.2226675,14.8030255],[121.2228687,14.8026409],[121.2230138,14.8020263],[121.2227947,14.8016391],[121.2223876,14.8011324],[121.2218985,14.8005637],[121.2216968,14.8000483],[121.2216788,14.7993247],[121.2216425,14.7991098],[121.2215674,14.7988816],[121.2213577,14.7987127],[121.2210363,14.7986171],[121.2206876,14.7984356],[121.220516,14.7982074],[121.2204194,14.7979066],[121.2203872,14.7974761],[121.2203497,14.7972375],[121.2202048,14.7970664],[121.2198776,14.7969004],[121.2195879,14.7968226],[121.2193465,14.7966826],[121.2192392,14.7964544],[121.2192553,14.7962158],[121.2193519,14.7959668],[121.2194753,14.7957542],[121.2195986,14.7956193],[121.2196791,14.7953652],[121.2196523,14.7951577],[121.2195933,14.7949503],[121.2195182,14.7946857],[121.2195396,14.7944524],[121.2195772,14.7941204],[121.219486,14.7939078],[121.2192178,14.7937937],[121.2188691,14.7937885],[121.2185794,14.7939078],[121.2183595,14.794136],[121.2181395,14.7943642],[121.2179196,14.7944057],[121.2176675,14.7943019],[121.2175977,14.79411],[121.2174743,14.7938766],[121.2172979,14.7936704],[121.2171712,14.7934974],[121.2169362,14.793171],[121.216726,14.7929586],[121.2164805,14.7927688],[121.2162995,14.7927019],[121.2160501,14.7926656],[121.2158516,14.7925618],[121.2157053,14.7923832],[121.2155881,14.7917785],[121.2151501,14.791319],[121.2147975,14.790913],[121.2145517,14.7905284],[121.2143915,14.7901331],[121.2142739,14.7897377],[121.2141885,14.7894172],[121.2138786,14.7889791],[121.2137611,14.7883274],[121.2137611,14.7878038],[121.2136222,14.787291],[121.2132803,14.7868743],[121.2129277,14.7865217],[121.2127995,14.7862439],[121.2128102,14.7859448],[121.2129811,14.785667],[121.2132269,14.7855174],[121.2136099,14.7854025],[121.2136542,14.7853892],[121.2137931,14.7853144],[121.2140068,14.7848549],[121.2139908,14.7842775],[121.2140175,14.7838079],[121.2139961,14.7832416],[121.2142419,14.7830279],[121.2145945,14.7828463],[121.2149364,14.7827181],[121.2150966,14.7825685],[121.2153637,14.7822052],[121.2155561,14.781671],[121.2156415,14.781265],[121.2156516,14.7811287],[121.2156843,14.780688],[121.2156415,14.7801752],[121.2155561,14.7797371],[121.2154172,14.7793631],[121.2151501,14.7790747],[121.2150244,14.7785986],[121.2148509,14.7783374],[121.2146875,14.7780877],[121.2143915,14.7778566],[121.2143557,14.777839],[121.2140469,14.7776873],[121.213689,14.7774319],[121.2128713,14.7770553],[121.2123084,14.7769833],[121.2118163,14.7768812],[121.2115644,14.7768236],[121.2111068,14.7766124],[121.2109042,14.7764757],[121.2108023,14.7763141],[121.2107694,14.776083],[121.2107801,14.7756129],[121.2107401,14.7749768],[121.2106993,14.7746101],[121.2106964,14.7742704],[121.2106628,14.7740703],[121.2105918,14.7739281],[121.2104362,14.773744],[121.2102271,14.7736868],[121.2100339,14.7736765],[121.2097755,14.7737283],[121.2093722,14.7738456],[121.2091454,14.7739461],[121.2086646,14.7741919],[121.2083657,14.7743835],[121.2080342,14.774662],[121.2077992,14.7748864],[121.2075591,14.7752021],[121.2073466,14.7754799],[121.2070866,14.7758268],[121.2069019,14.7761154],[121.2066926,14.7763591],[121.2065983,14.7764276],[121.2064338,14.7764483],[121.2060615,14.776449],[121.2057584,14.7763422],[121.2054822,14.7761755],[121.2053004,14.7760528],[121.2049863,14.775749],[121.2048572,14.7754271],[121.2048176,14.7750597],[121.2048814,14.7748021],[121.2050158,14.7746754],[121.2052083,14.7745936],[121.2054312,14.7746024],[121.2056784,14.7746419],[121.2061217,14.7748329],[121.2065401,14.7748972],[121.2066927,14.7748795],[121.2067948,14.7748004],[121.2069551,14.7745979],[121.207094,14.7743094],[121.2072436,14.7738393],[121.2072819,14.7735209],[121.2072543,14.7732516],[121.207103,14.7730906],[121.2069118,14.7730389],[121.206732,14.7730413],[121.2064702,14.7730812],[121.2061895,14.7731586],[121.2058683,14.7732684],[121.205502,14.7733851],[121.2050319,14.7735081],[121.2047741,14.7735235],[121.2044817,14.773482],[121.2042678,14.7734121],[121.2041368,14.7733313],[121.2041129,14.7731967],[121.2041314,14.7729833],[121.2041022,14.7726993],[121.2039421,14.7723541],[121.2036329,14.7719666],[121.203476,14.7718075],[121.203373,14.7716504],[121.2033055,14.7714758],[121.2032719,14.7713571],[121.2032439,14.7712478],[121.2032197,14.7710885],[121.2031727,14.7709367],[121.2030351,14.7707756],[121.2028607,14.7706264],[121.202689,14.7705434],[121.2025259,14.7704936],[121.2021998,14.7704272],[121.2020305,14.7703892],[121.2018979,14.7704128],[121.201752,14.7704856],[121.201607,14.7705683],[121.2014718,14.7707211],[121.2014033,14.770824],[121.2012936,14.7709705],[121.2011346,14.7710532],[121.2009316,14.7710558],[121.2006951,14.7710614],[121.200628,14.7710272],[121.2005426,14.7706972],[121.20049,14.7703619],[121.200466,14.7700818],[121.2004315,14.7697929],[121.2004369,14.7695787],[121.2005131,14.7694093],[121.2006872,14.7692284],[121.2011014,14.7690159],[121.2012525,14.7689606],[121.2013947,14.7689219],[121.201743,14.7688792],[121.2019932,14.7688083],[121.2022523,14.7687109],[121.2023972,14.7685682],[121.2025002,14.7684354],[121.2025173,14.7682362],[121.2024487,14.7680121],[121.2023011,14.7679021],[121.2021139,14.7678409],[121.2019144,14.7678051],[121.2016387,14.767816],[121.2013157,14.7678544],[121.2007406,14.7680038],[121.2002686,14.7680951],[121.1999207,14.7680748],[121.1997248,14.7679398],[121.1996678,14.767721],[121.1996334,14.7672485],[121.1996163,14.766958],[121.1995476,14.7667423],[121.1994961,14.7665182],[121.1994103,14.7663273],[121.1993522,14.7661458],[121.199307,14.7660072],[121.1991803,14.765912],[121.1991184,14.7658459],[121.1989708,14.7657925],[121.1987306,14.7657835],[121.1987148,14.7660111],[121.1987655,14.7662396],[121.1986705,14.7663331],[121.1985906,14.7664471],[121.1984661,14.7666261],[121.197934,14.767456],[121.1976743,14.7678124],[121.1974552,14.7681854],[121.1974168,14.7683104],[121.1973825,14.7686673],[121.1973482,14.7691403],[121.1972108,14.7693976],[121.1969126,14.7695724],[121.1966808,14.769672],[121.1963032,14.7697052],[121.1961144,14.7696554],[121.1958655,14.7695392],[121.1956165,14.7693815],[121.1955666,14.7692319],[121.1955307,14.7691242],[121.1953247,14.7688171],[121.1952217,14.7684603],[121.1951215,14.768207],[121.1951215,14.7679685],[121.1951516,14.7676801],[121.195196,14.7673398],[121.1951187,14.7671821],[121.1950597,14.7669132],[121.1949573,14.7666915],[121.194873,14.7665286],[121.1947625,14.7663818],[121.1945474,14.7660643],[121.1944547,14.7658127],[121.194423,14.7654407],[121.1943998,14.76524],[121.1943288,14.7649427],[121.1942327,14.7647942],[121.194086,14.7647143],[121.1938696,14.7646961],[121.1936194,14.7647125],[121.1932085,14.764772],[121.1929536,14.7648457],[121.1926436,14.7649687],[121.1923118,14.7651028],[121.1920986,14.7652052],[121.1918351,14.7652785],[121.1916339,14.7652837],[121.1914811,14.7652396],[121.1913764,14.7651073],[121.1913174,14.7647857],[121.1912692,14.7644641],[121.191237,14.7641243],[121.1911377,14.7639557],[121.191017,14.7638727],[121.1907515,14.7638675],[121.1904511,14.763839],[121.190199,14.7637534],[121.1898959,14.7635433],[121.1897162,14.7633307],[121.1895794,14.7630739],[121.1894791,14.7627475],[121.1894625,14.7625421],[121.1894727,14.7623584],[121.1895054,14.7622106],[121.1895419,14.7619279],[121.1895633,14.7617252],[121.1895284,14.7615021],[121.1894265,14.7611701],[121.189279,14.76089],[121.1890188,14.7605658],[121.1887506,14.7602805],[121.1884367,14.7600263],[121.1879942,14.7596424],[121.1877394,14.7594531],[121.1874175,14.7593208],[121.187101,14.7592689],[121.1866853,14.7592586],[121.1862776,14.7593571],[121.1858932,14.7595696],[121.1857436,14.7597384],[121.1855631,14.7600379],[121.1853498,14.7604786],[121.1852747,14.7607815],[121.185193,14.7613083],[121.1851741,14.7614101],[121.1851296,14.7615345],[121.1850602,14.7616806],[121.1849102,14.7619523],[121.1847246,14.7622258],[121.1843759,14.7626458],[121.1837494,14.7634863],[121.183306,14.763943],[121.1829959,14.7642255],[121.1828135,14.7643759],[121.182729,14.7644031],[121.1826338,14.7643902],[121.1825513,14.7643373],[121.1823625,14.7641479],[121.1820961,14.7638908],[121.1817326,14.763513],[121.1815569,14.763437],[121.1813423,14.763398],[121.1810714,14.7634111],[121.1807639,14.7634968],[121.1804037,14.7636879],[121.1801227,14.7638658],[121.1797673,14.7641998],[121.1795027,14.7645276],[121.1792772,14.7647802],[121.1791188,14.7650039],[121.1789756,14.7650995],[121.1788049,14.7651281],[121.1786842,14.7651332],[121.178581,14.765071],[121.1785224,14.7649785],[121.1784078,14.7648087],[121.1783261,14.7646306],[121.1781869,14.7643934],[121.1779623,14.7640844],[121.1777554,14.7638879],[121.1773565,14.7636173],[121.1768509,14.7633332],[121.1766659,14.7632827],[121.1764151,14.7632321],[121.1762917,14.7632347],[121.1762059,14.7632126],[121.1761697,14.7631413],[121.1761831,14.7630428],[121.176234,14.762939],[121.1762394,14.7628054],[121.1761643,14.762585],[121.1761522,14.7623995],[121.1761858,14.7620961],[121.1762314,14.761672],[121.176214,14.7615734],[121.1761643,14.7614957],[121.1760731,14.7614321],[121.1759376,14.7613659],[121.1757875,14.7613088],[121.175565,14.7612557],[121.1751907,14.7611481],[121.1747239,14.7610365],[121.1740762,14.7608342],[121.1737128,14.7606825],[121.1734413,14.760544],[121.1731656,14.7603752],[121.1730731,14.7603181],[121.1728049,14.760064],[121.1726546,14.7598694],[121.1726197,14.7597643],[121.1726195,14.7596497],[121.1726426,14.7595387],[121.1726828,14.7594481],[121.1727888,14.7591896],[121.1728595,14.7589984],[121.1729175,14.7587995],[121.1729336,14.758675],[121.1728853,14.758579],[121.1727995,14.7585116],[121.1726466,14.7584753],[121.1724454,14.7584727],[121.1721772,14.758509],[121.1719797,14.7585295],[121.1714707,14.7584564],[121.1712585,14.7583618],[121.171016,14.758131],[121.1709956,14.7580224],[121.1710611,14.7572312],[121.171055,14.7569118],[121.1710557,14.7566399],[121.1710454,14.7563907],[121.1710255,14.7561931],[121.1709907,14.7559057],[121.1709247,14.7557049],[121.1708458,14.7554435],[121.1707826,14.7552993],[121.1706742,14.7551436],[121.1705991,14.7549424],[121.1705004,14.7547307],[121.1703358,14.7542793],[121.1702005,14.7536114],[121.1699865,14.7527184],[121.1697932,14.7521184],[121.1696623,14.751576],[121.1695497,14.7512025],[121.1692727,14.7508533],[121.1690255,14.7506853],[121.1687752,14.7505851],[121.1685211,14.7505345],[121.1681808,14.7504614],[121.1679061,14.7503784],[121.1673397,14.7502622],[121.1671594,14.7502622],[121.1669878,14.7502539],[121.1667989,14.7502954],[121.1664041,14.7504033],[121.166138,14.7505029],[121.1659235,14.7506357],[121.165623,14.7508847],[121.1654171,14.750976],[121.1650308,14.7510175],[121.164754,14.7510909],[121.1645279,14.7511429],[121.1642216,14.751263],[121.1638482,14.7514526],[121.1634311,14.751705],[121.1632391,14.751808],[121.1631419,14.751927],[121.1629542,14.7521171],[121.162886,14.7522269],[121.1628131,14.7524442],[121.1626458,14.7528675],[121.1624382,14.753366],[121.1623142,14.75367],[121.1622086,14.7539797],[121.1621222,14.7541224],[121.1620406,14.7542201],[121.1618706,14.75443],[121.1616426,14.7545293],[121.1614717,14.7545644],[121.1612403,14.7545545],[121.1610471,14.7544873],[121.1609372,14.7543659],[121.1608328,14.7541217],[121.1607607,14.7538111],[121.1607138,14.7536435],[121.1605088,14.7534337],[121.1603144,14.7532467],[121.1602371,14.753089],[121.1600341,14.7529035],[121.1598359,14.7526605],[121.159602,14.7525163],[121.1592672,14.7522507],[121.1589411,14.7519436],[121.158572,14.7516946],[121.1582867,14.7515234],[121.1579545,14.7513725],[121.1576386,14.7512791],[121.1574176,14.7512381],[121.1571901,14.75118],[121.1569597,14.751129],[121.1566482,14.7510341],[121.1564561,14.7509488],[121.1562958,14.7507951],[121.1562117,14.7505741],[121.1561602,14.7503749],[121.1560314,14.7500263],[121.1557739,14.7495946],[121.1555678,14.7491936],[121.1554528,14.749089],[121.1553794,14.7489913],[121.155278,14.7488352],[121.1551342,14.748659],[121.1550291,14.7484311],[121.1549485,14.7482539],[121.1548586,14.7480798],[121.154665,14.7477228],[121.1544391,14.7472373],[121.154319,14.7471275],[121.1542055,14.7470738],[121.1540002,14.7471008],[121.1535908,14.7472649],[121.153277,14.7473324],[121.1530221,14.7473454],[121.1528429,14.7473338],[121.1524527,14.7472514],[121.1520452,14.7471981],[121.1516353,14.7471571],[121.1512243,14.7471522],[121.1501951,14.7472212],[121.1497843,14.7472031],[121.1493897,14.7471184],[121.1491897,14.7470116],[121.1487562,14.7467601],[121.1484108,14.7464329],[121.1482083,14.7461878],[121.1479748,14.7458267],[121.147787,14.7454648],[121.1474754,14.7448845],[121.1473114,14.7446175],[121.1472492,14.7444654],[121.147124,14.7442853],[121.1470161,14.7441302],[121.1468656,14.7440015],[121.1466567,14.743836],[121.1465049,14.7437355],[121.1461332,14.743438],[121.1459444,14.7432006],[121.1458629,14.7430933],[121.1457984,14.7429675],[121.1457602,14.7429124],[121.1457549,14.7428581],[121.1457486,14.7428139],[121.1457361,14.7427461],[121.14576,14.7426394],[121.1463306,14.7419716],[121.1464252,14.7418236],[121.1465098,14.7416915],[121.1466999,14.7414214],[121.146915,14.7411044],[121.1469906,14.7409191],[121.1470479,14.7407811],[121.1470765,14.7406442],[121.1471311,14.7405334],[121.1471907,14.740313],[121.1472653,14.7400202],[121.1474355,14.7393845],[121.1475619,14.7386522],[121.1476022,14.7382706],[121.1476164,14.7380332],[121.1476033,14.7378364],[121.1475667,14.7375458],[121.1475355,14.7373331],[121.1474969,14.7371319],[121.1474663,14.7369882],[121.1473887,14.7366338]],[[121.1551342,14.748659],[121.1550291,14.7484311],[121.1549485,14.7482539],[121.1548586,14.7480798],[121.154665,14.7477228],[121.1544391,14.7472373],[121.154319,14.7471275],[121.1542055,14.7470738],[121.1540002,14.7471008],[121.1535908,14.7472649],[121.153277,14.7473324],[121.1530221,14.7473454],[121.1528429,14.7473338],[121.1524527,14.7472514],[121.1520452,14.7471981],[121.1516353,14.7471571],[121.1512243,14.7471522],[121.1501951,14.7472212],[121.1497843,14.7472031],[121.1493897,14.7471184],[121.1491897,14.7470116],[121.1487562,14.7467601],[121.1484108,14.7464329],[121.1482083,14.7461878],[121.1479748,14.7458267],[121.147787,14.7454648],[121.1474754,14.7448845],[121.1473114,14.7446175],[121.1472492,14.7444654],[121.147124,14.7442853],[121.1470161,14.7441302],[121.1468656,14.7440015],[121.1466567,14.743836],[121.1465049,14.7437355],[121.1461332,14.743438],[121.1459444,14.7432006],[121.1458629,14.7430933],[121.1457984,14.7429675],[121.1457602,14.7429124],[121.1457549,14.7428581],[121.1457486,14.7428139],[121.1457361,14.7427461],[121.14576,14.7426394],[121.1463306,14.7419716],[121.1464252,14.7418236],[121.1465098,14.7416915],[121.1466999,14.7414214],[121.146915,14.7411044],[121.1469906,14.7409191],[121.1470479,14.7407811],[121.1470765,14.7406442],[121.1471311,14.7405334],[121.1471907,14.740313],[121.1472653,14.7400202],[121.1474355,14.7393845],[121.1475619,14.7386522],[121.1476022,14.7382706],[121.1476164,14.7380332],[121.1476033,14.7378364],[121.1475667,14.7375458],[121.1475355,14.7373331],[121.1474969,14.7371319],[121.1474663,14.7369882],[121.1473887,14.7366338]]]}},{"type":"Feature","properties":{"@id":"relation/11963824","destination":"Pasig River","name":"Marikina River","name:en":"Marikina River","name:tl":"Ilog Marikina","type":"waterway","waterway":"river","wikidata":"Q3551251","wikipedia":"en:Marikina River"},"geometry":{"type":"MultiLineString","coordinates":[[[121.210576,14.7034846],[121.2096373,14.7032305],[121.2091985,14.703093],[121.209023,14.7030005],[121.2089101,14.702896],[121.2088752,14.7027369],[121.2088993,14.7025709],[121.2089501,14.7023302],[121.2089664,14.7020753],[121.2089198,14.7017914],[121.2088062,14.7014485],[121.2085748,14.7009442],[121.2082797,14.700472],[121.2079779,14.7000357],[121.207687,14.6997144],[121.2073764,14.699393],[121.2070674,14.699193],[121.2064853,14.6989984],[121.2059623,14.6989128],[121.2055144,14.6989128],[121.2049829,14.6990573],[121.20461,14.6992545],[121.2041143,14.6995614],[121.2034849,14.6999765],[121.2025071,14.7005997],[121.2010722,14.7014878],[121.200672,14.7017046],[121.2001576,14.7019848],[121.1998625,14.7021535],[121.1996698,14.7022505],[121.1995015,14.702305],[121.1991448,14.7024013],[121.1989483,14.7024788],[121.1987542,14.7025998],[121.1985611,14.7028073],[121.1984463,14.7030668],[121.1984002,14.7034341],[121.1983819,14.7040095],[121.1984432,14.7045273],[121.1985,14.7048993],[121.1985832,14.7050851],[121.1987123,14.7052742],[121.198942,14.7054188],[121.1992382,14.705537],[121.1996028,14.7056322],[121.200032,14.7057057],[121.200327,14.7057645],[121.2005674,14.7058396],[121.200791,14.7059591],[121.2009392,14.7060886],[121.2010485,14.706286],[121.2010664,14.7064763],[121.2010351,14.7068446],[121.2008947,14.7075285],[121.2007809,14.7081651],[121.2007015,14.7085102],[121.2005766,14.7087634],[121.2004745,14.7089452],[121.2003169,14.7091795],[121.2000104,14.7095224],[121.1996172,14.7098998],[121.1992648,14.7102436],[121.1990422,14.7104323],[121.1988752,14.7105464],[121.1986627,14.7106768],[121.1983811,14.7108183],[121.19809,14.710948],[121.197913,14.711018],[121.1976421,14.7111555],[121.1974356,14.7114046],[121.1972344,14.7117444],[121.1970976,14.7119701],[121.1969849,14.7122191],[121.1968857,14.7125253],[121.1968402,14.7128073],[121.1967973,14.7130606],[121.1966899,14.7133996],[121.1965531,14.7137472],[121.1964084,14.7140786],[121.1963385,14.7146552],[121.1963526,14.7151421],[121.1964235,14.7154929],[121.1965618,14.7159464],[121.196651,14.7161546],[121.1967838,14.7163388],[121.1969447,14.7164556],[121.197052,14.7165139],[121.1972773,14.7166229],[121.1975174,14.7167389],[121.1978352,14.71692],[121.1984012,14.7173298],[121.1986479,14.7175633],[121.1987337,14.7177164],[121.1987767,14.7178435],[121.1987887,14.7180011],[121.1987986,14.7182395],[121.1987001,14.7195971],[121.1986506,14.7201108],[121.1985316,14.720569],[121.1984069,14.720873],[121.1982724,14.7211271],[121.1981071,14.7213305],[121.1980031,14.7214417],[121.1979222,14.7215549],[121.1977513,14.7218353],[121.1973978,14.7225905],[121.1970178,14.7230612],[121.1968044,14.7232723],[121.1964861,14.7235247],[121.1961981,14.7237036],[121.1958349,14.7238561],[121.1955875,14.7239683],[121.1954095,14.7241725],[121.1952871,14.724386],[121.1952113,14.7245816],[121.1951651,14.7247569],[121.1951275,14.7250137],[121.1950926,14.725159],[121.1950417,14.7253082],[121.1949706,14.7254275],[121.1948888,14.7255468],[121.1948378,14.7256415],[121.1947896,14.7257907],[121.1947855,14.7258983],[121.1948271,14.7260138],[121.1948494,14.7260812],[121.1948687,14.7261396],[121.1948767,14.726242],[121.1948553,14.7263263],[121.1948284,14.7264288],[121.1947574,14.7265494],[121.1945415,14.7268205],[121.1943993,14.7270151],[121.1942692,14.7271396],[121.1941043,14.7272239],[121.1936979,14.7273847],[121.1934029,14.727469],[121.1931185,14.7275274],[121.1927135,14.7275767],[121.1929214,14.7274353],[121.1930612,14.7273013],[121.1931963,14.7271565],[121.1933753,14.7269566],[121.1936272,14.7265204],[121.1937824,14.7263328],[121.1939245,14.7262005],[121.1941327,14.7260454],[121.1943524,14.7258555],[121.1945914,14.725523],[121.194638,14.7254872],[121.1946876,14.7254625],[121.1947949,14.7254456],[121.1948861,14.7254405],[121.1949706,14.7254275]],[[121.1927135,14.7275767],[121.1924465,14.7276339],[121.1922334,14.7277077],[121.192051,14.7277868],[121.191882,14.727886],[121.1917501,14.7279648],[121.191683,14.7280049],[121.1914542,14.7281448],[121.1912182,14.7282706],[121.1910184,14.7283614],[121.1907354,14.7284768],[121.1902518,14.7286425],[121.1899633,14.7287553],[121.1898369,14.7288128],[121.189687,14.7288912],[121.1893826,14.7290992],[121.1888065,14.729515],[121.1885454,14.7296927],[121.1883022,14.7299105],[121.1881074,14.730092],[121.1879887,14.7302353],[121.1878659,14.7304241],[121.1877051,14.7306959],[121.1875897,14.7308502],[121.1872872,14.7311203],[121.186969,14.7313529],[121.1867948,14.731428],[121.1864912,14.7314553],[121.1861077,14.7315079],[121.1858169,14.7316082],[121.1855847,14.7316864],[121.1854273,14.7317013],[121.1852878,14.7316857],[121.1851689,14.7316228],[121.1850643,14.7314984],[121.1848898,14.731367],[121.1846543,14.7312847],[121.1843675,14.7312648],[121.1840218,14.7313069],[121.1838301,14.7314194],[121.1836678,14.7315936],[121.18356,14.7317859],[121.1834458,14.7319869],[121.1833117,14.7321597],[121.1830294,14.7323575],[121.1824977,14.7326329],[121.1821523,14.7328841],[121.1819024,14.7331205],[121.181281,14.7336963],[121.1808518,14.734045],[121.1805077,14.7342582],[121.1801853,14.7343542],[121.1798436,14.7344061],[121.1789853,14.7345472],[121.1785179,14.7345832],[121.1781189,14.7345602],[121.1775678,14.7344748],[121.1769237,14.7342972],[121.1762789,14.7341107],[121.1749479,14.7336826],[121.1745644,14.7336497],[121.1743444,14.7336572],[121.1742025,14.7337253],[121.1740869,14.7338751],[121.1740489,14.7340606],[121.1740399,14.7344348],[121.174058,14.7347692],[121.1740052,14.7352937],[121.1738993,14.7357801],[121.1737925,14.7362352],[121.1736874,14.7367043],[121.1735844,14.7371469],[121.1734647,14.7374859],[121.1732357,14.737881],[121.1730945,14.7379969],[121.1729299,14.7380377],[121.1727223,14.7380221],[121.172276,14.737881],[121.1717954,14.737632],[121.171452,14.7373332],[121.1711087,14.7368019],[121.1707225,14.7361244],[121.1705142,14.735805],[121.1703077,14.735613],[121.1700857,14.7354842],[121.1696405,14.7353415],[121.1685358,14.7351208],[121.168052,14.7350657],[121.1675289,14.7349412],[121.1671173,14.7347928],[121.1662462,14.7343841],[121.1658961,14.7342637],[121.1652502,14.7340644],[121.1647066,14.7339354],[121.1641286,14.7338084],[121.1635127,14.733714],[121.1630235,14.7336154],[121.1625943,14.733631],[121.1622252,14.7338136],[121.1618014,14.7340015],[121.1613551,14.7342339],[121.1602146,14.7351524],[121.1597184,14.7355181],[121.1594515,14.7356939],[121.159206,14.7358076],[121.1588993,14.7358889],[121.158447,14.7359399],[121.1573279,14.7362438],[121.1564893,14.7365298],[121.1560314,14.7366913],[121.1556613,14.7368837],[121.154824,14.7372348],[121.1545825,14.7373146],[121.1543378,14.737351],[121.1541313,14.737351],[121.1533749,14.7373354],[121.1529402,14.7372773],[121.1512867,14.7370401],[121.1498514,14.7368294],[121.1480031,14.7366603],[121.1473887,14.7366338],[121.146711,14.7366188],[121.146284,14.7366327],[121.1446204,14.736848],[121.1438207,14.7368605],[121.1433182,14.7368474],[121.1427546,14.7367624],[121.1420844,14.7364867],[121.1412935,14.7362221],[121.1405694,14.7361116],[121.1397046,14.7361674],[121.1388011,14.7362148],[121.1375434,14.736318],[121.1367193,14.7364916],[121.1361562,14.736657],[121.1354855,14.7366792],[121.1351518,14.7366573],[121.1342622,14.7365964],[121.1335342,14.7364801],[121.132674,14.7361391],[121.1318997,14.7355853],[121.1313869,14.7351734],[121.1311997,14.7349875],[121.1306358,14.7341939],[121.1303882,14.733564],[121.1302011,14.732843],[121.1299797,14.7316093],[121.1297769,14.7300438],[121.1297457,14.7290604],[121.1297426,14.7286351],[121.1299048,14.7279081],[121.1303476,14.7270168],[121.1303791,14.7268724],[121.1303142,14.7267242],[121.1303005,14.7265189],[121.1301904,14.7261959],[121.1300725,14.7259032],[121.1299075,14.7255878],[121.1297385,14.7249797],[121.129601,14.7244704],[121.1293,14.7240182],[121.1289163,14.7239272],[121.1284682,14.7238218],[121.1281984,14.7236447],[121.1280449,14.7233885],[121.1278518,14.7232903],[121.127686,14.7232017],[121.1273419,14.7229216],[121.1272032,14.7227301],[121.1271636,14.7225649],[121.127275,14.7222297],[121.1272528,14.7221243],[121.1271017,14.7220333],[121.1268839,14.7219328],[121.1264878,14.7217388],[121.1260404,14.7214226],[121.1256864,14.7211104],[121.1253402,14.7207168],[121.1250544,14.7202066],[121.1250004,14.7197075],[121.1250714,14.7193201],[121.1252177,14.7189718],[121.1254073,14.7185703],[121.1255361,14.7183609],[121.1259188,14.7176745],[121.1259052,14.7173955],[121.1258634,14.7171936],[121.1257298,14.7168725],[121.1256826,14.7167589],[121.1250601,14.7161318],[121.1245844,14.7159682],[121.1240554,14.7155468],[121.1240173,14.7152947],[121.124039,14.7150523],[121.1247239,14.7137321],[121.1248675,14.7133545],[121.1248027,14.712421],[121.1248456,14.7102874],[121.1247993,14.7091458],[121.1246188,14.708328],[121.1243536,14.7077441],[121.1241065,14.7072132],[121.1237894,14.706847],[121.1227327,14.7065202],[121.1224383,14.7064339],[121.1222323,14.706474],[121.1218856,14.7067919],[121.1215806,14.7071305],[121.1211309,14.7076078],[121.1209982,14.7077969],[121.1206827,14.7080263],[121.1204385,14.7081222],[121.1201645,14.7081449],[121.1200397,14.7080208],[121.1199763,14.7076263],[121.1204638,14.7073069],[121.1202777,14.7063653],[121.1200699,14.7057931],[121.1200929,14.705355],[121.1201063,14.7050994],[121.1197941,14.7042974],[121.1191931,14.7031837],[121.1191234,14.7026311],[121.1191769,14.7024046],[121.1193781,14.7021579],[121.1201061,14.7016524],[121.1205071,14.7012328],[121.1206308,14.7007831],[121.1207485,14.7005421],[121.1207666,14.7002683],[121.1207271,14.6999453],[121.1206332,14.6995925],[121.1204508,14.6991904],[121.1200887,14.6985041],[121.1200055,14.6983939],[121.1199036,14.698294],[121.1197829,14.6982019],[121.119567,14.6980657],[121.1188602,14.6976635],[121.1185732,14.6975234],[121.1184204,14.6974793],[121.1182393,14.6974534],[121.118014,14.6974482],[121.1177619,14.6974599],[121.1172321,14.6977219],[121.1161459,14.6976933],[121.1156225,14.6976829],[121.1151768,14.697722],[121.1146224,14.6977894],[121.1142027,14.697898],[121.1139464,14.6980592],[121.1136835,14.6981078],[121.1132035,14.6978983],[121.112718,14.6977972],[121.1124859,14.6976077],[121.1121494,14.696915],[121.1121743,14.6964194],[121.1114141,14.6957288],[121.1114034,14.6951533],[121.1115761,14.693783],[121.1115295,14.6930258],[121.1113873,14.6912424],[121.1113484,14.6894359],[121.1113444,14.6892498],[121.1121855,14.6852978],[121.1121169,14.6846502],[121.1119916,14.6844409],[121.1116706,14.6834048],[121.1101685,14.6808973],[121.1088846,14.6787885],[121.1079596,14.6772824],[121.1066178,14.6757895],[121.105877,14.6752513],[121.1050187,14.6744874],[121.1036883,14.6727604],[121.103246,14.6723195],[121.1002379,14.6700618],[121.0993176,14.6692092],[121.0991505,14.6688157],[121.0989231,14.66828],[121.0987592,14.6678005],[121.0986737,14.6673511],[121.0986873,14.6671562],[121.0988218,14.6670317],[121.0988701,14.6668294],[121.0988355,14.666584],[121.0987418,14.6661076],[121.0983993,14.6651508],[121.098272,14.6648377],[121.0980536,14.6642888],[121.0979135,14.6640424],[121.0977901,14.6637829],[121.0976735,14.6635755],[121.0974382,14.6631897],[121.0971918,14.6629036],[121.09689,14.6626171],[121.0967957,14.6624945],[121.0966498,14.662317],[121.0964444,14.6620648],[121.0962982,14.6618339],[121.0962313,14.6616572],[121.0962122,14.6615013],[121.0961316,14.6612537],[121.0960087,14.660955],[121.0960236,14.660928],[121.0959307,14.6604088],[121.0959768,14.6599881],[121.0959893,14.6598735],[121.0961556,14.6586539],[121.0964699,14.6571665],[121.0964699,14.6563029],[121.0960236,14.6551154],[121.0956374,14.6542269],[121.0951424,14.6538804],[121.0950108,14.6537619],[121.09338,14.6529149],[121.092364,14.6525895],[121.0910798,14.6520347],[121.0902816,14.6515198],[121.0894243,14.6508306],[121.0891969,14.6500251],[121.0891834,14.6488802],[121.0892353,14.6487054],[121.0896603,14.6468726],[121.0898107,14.6459671],[121.0904365,14.6445902],[121.0911101,14.6428677],[121.0917155,14.640602],[121.0926006,14.6378862],[121.0931524,14.6355453],[121.0934878,14.6342293],[121.0940434,14.6299092],[121.0941489,14.6290511],[121.0941097,14.6282078],[121.0940483,14.6270965],[121.0937747,14.6259627],[121.093479,14.6252354],[121.0932826,14.6249293],[121.0930732,14.6246502],[121.0927817,14.6243998],[121.0922727,14.6242149],[121.0916773,14.6241534],[121.0907987,14.6243094],[121.0898914,14.6247158],[121.088828,14.625615],[121.087615,14.6268599],[121.0871539,14.6274443],[121.0864432,14.6284669],[121.0856008,14.6295102],[121.0850764,14.6299354],[121.0845898,14.6301652],[121.0840462,14.6301758],[121.0838604,14.6301401],[121.0836171,14.6299944],[121.0834465,14.6298109],[121.0831275,14.6292719],[121.0828842,14.6284933],[121.0825339,14.6276417],[121.08228,14.62647],[121.0820177,14.6254078],[121.0819277,14.6247328],[121.0819084,14.6236464],[121.0816072,14.6210353],[121.0814327,14.6204643],[121.0813273,14.6202958],[121.0810977,14.6199708],[121.0803899,14.6195474],[121.0801964,14.6194061],[121.0798534,14.619101],[121.0788822,14.6177381],[121.0786891,14.6173291],[121.0784541,14.616765],[121.078399,14.6160455],[121.0784392,14.6155269],[121.0788997,14.6141584],[121.079012,14.6138249],[121.0799561,14.6124462],[121.0810672,14.6115981],[121.082733,14.6104304],[121.0846661,14.6090753],[121.0866938,14.6076539],[121.0869916,14.607435],[121.0873671,14.6069989],[121.0876246,14.6066771],[121.0880242,14.6060925],[121.0883546,14.6054058],[121.0889512,14.6041655],[121.0900155,14.6024379],[121.0904275,14.6011754],[121.0904543,14.6001564],[121.0902434,14.5996752],[121.0900354,14.5993213],[121.0892784,14.5991854],[121.0885861,14.5991661],[121.0879788,14.5994192],[121.0874234,14.6003282],[121.0870479,14.6014334],[121.0863878,14.6022288],[121.0856732,14.6028411],[121.0846416,14.6033011],[121.083786,14.6033745],[121.0832517,14.6032684],[121.0828519,14.6030984],[121.0824594,14.6026332],[121.0823594,14.6023855],[121.0823531,14.6017929],[121.082531,14.5989494],[121.0824407,14.5972293],[121.0823855,14.596288],[121.0823165,14.5951453],[121.0827285,14.5921634],[121.0830518,14.5903997],[121.0836468,14.5873457],[121.0833893,14.5856014],[121.0828314,14.5830679],[121.082212,14.5815659],[121.0812436,14.5792468],[121.0809288,14.5788478],[121.0802959,14.5780454],[121.0784656,14.5764063],[121.0775665,14.575678],[121.0765274,14.574735],[121.0762131,14.5743929],[121.075906,14.5739957],[121.0756418,14.5735765],[121.0754285,14.5731361],[121.0744251,14.5702951],[121.0741071,14.5691406],[121.0736316,14.5666214],[121.073394,14.5648305],[121.0730897,14.5625497],[121.0728202,14.5615616],[121.0726712,14.5610154],[121.07245,14.560446],[121.0722085,14.5600335],[121.0719364,14.55972],[121.0716346,14.5594153],[121.0713449,14.559205],[121.0706971,14.5588296],[121.0696954,14.5583457],[121.0694419,14.5582871],[121.0690919,14.5582782],[121.0685513,14.5583493],[121.0681609,14.558406],[121.0678191,14.5584401],[121.067512,14.5585378],[121.0672706,14.5586936],[121.0669318,14.5590928]],[[121.191683,14.7280049],[121.1914542,14.7281448],[121.1912182,14.7282706],[121.1910184,14.7283614],[121.1907354,14.7284768],[121.1902518,14.7286425],[121.1899633,14.7287553],[121.1898369,14.7288128],[121.189687,14.7288912],[121.1893826,14.7290992],[121.1888065,14.729515],[121.1885454,14.7296927],[121.1883022,14.7299105],[121.1881074,14.730092],[121.1879887,14.7302353],[121.1878659,14.7304241],[121.1877051,14.7306959],[121.1875897,14.7308502],[121.1872872,14.7311203],[121.186969,14.7313529],[121.1867948,14.731428],[121.1864912,14.7314553],[121.1861077,14.7315079],[121.1858169,14.7316082],[121.1855847,14.7316864],[121.1854273,14.7317013],[121.1852878,14.7316857],[121.1851689,14.7316228],[121.1850643,14.7314984],[121.1848898,14.731367],[121.1846543,14.7312847],[121.1843675,14.7312648],[121.1840218,14.7313069],[121.1838301,14.7314194],[121.1836678,14.7315936],[121.18356,14.7317859],[121.1834458,14.7319869],[121.1833117,14.7321597],[121.1830294,14.7323575],[121.1824977,14.7326329],[121.1821523,14.7328841],[121.1819024,14.7331205],[121.181281,14.7336963],[121.1808518,14.734045],[121.1805077,14.7342582],[121.1801853,14.7343542],[121.1798436,14.7344061],[121.1789853,14.7345472],[121.1785179,14.7345832],[121.1781189,14.7345602],[121.1775678,14.7344748],[121.1769237,14.7342972],[121.1762789,14.7341107],[121.1749479,14.7336826],[121.1745644,14.7336497],[121.1743444,14.7336572],[121.1742025,14.7337253],[121.1740869,14.7338751],[121.1740489,14.7340606],[121.1740399,14.7344348],[121.174058,14.7347692],[121.1740052,14.7352937],[121.1738993,14.7357801],[121.1737925,14.7362352],[121.1736874,14.7367043],[121.1735844,14.7371469],[121.1734647,14.7374859],[121.1732357,14.737881],[121.1730945,14.7379969],[121.1729299,14.7380377],[121.1727223,14.7380221],[121.172276,14.737881],[121.1717954,14.737632],[121.171452,14.7373332],[121.1711087,14.7368019],[121.1707225,14.7361244],[121.1705142,14.735805],[121.1703077,14.735613],[121.1700857,14.7354842],[121.1696405,14.7353415],[121.1685358,14.7351208],[121.168052,14.7350657],[121.1675289,14.7349412],[121.1671173,14.7347928],[121.1662462,14.7343841],[121.1658961,14.7342637],[121.1652502,14.7340644],[121.1647066,14.7339354],[121.1641286,14.7338084],[121.1635127,14.733714],[121.1630235,14.7336154],[121.1625943,14.733631],[121.1622252,14.7338136],[121.1618014,14.7340015],[121.1613551,14.7342339],[121.1602146,14.7351524],[121.1597184,14.7355181],[121.1594515,14.7356939],[121.159206,14.7358076],[121.1588993,14.7358889],[121.158447,14.7359399],[121.1573279,14.7362438],[121.1564893,14.7365298],[121.1560314,14.7366913],[121.1556613,14.7368837],[121.154824,14.7372348],[121.1545825,14.7373146],[121.1543378,14.737351],[121.1541313,14.737351],[121.1533749,14.7373354],[121.1529402,14.7372773],[121.1512867,14.7370401],[121.1498514,14.7368294],[121.1480031,14.7366603],[121.1473887,14.7366338]],[[121.2025071,14.7005997],[121.2010722,14.7014878],[121.200672,14.7017046],[121.2001576,14.7019848],[121.1998625,14.7021535],[121.1996698,14.7022505],[121.1995015,14.702305],[121.1991448,14.7024013],[121.1989483,14.7024788],[121.1987542,14.7025998],[121.1985611,14.7028073],[121.1984463,14.7030668],[121.1984002,14.7034341],[121.1983819,14.7040095],[121.1984432,14.7045273],[121.1985,14.7048993],[121.1985832,14.7050851],[121.1987123,14.7052742],[121.198942,14.7054188],[121.1992382,14.705537],[121.1996028,14.7056322],[121.200032,14.7057057],[121.200327,14.7057645],[121.2005674,14.7058396],[121.200791,14.7059591],[121.2009392,14.7060886],[121.2010485,14.706286],[121.2010664,14.7064763],[121.2010351,14.7068446],[121.2008947,14.7075285],[121.2007809,14.7081651],[121.2007015,14.7085102],[121.2005766,14.7087634],[121.2004745,14.7089452],[121.2003169,14.7091795],[121.2000104,14.7095224],[121.1996172,14.7098998],[121.1992648,14.7102436],[121.1990422,14.7104323],[121.1988752,14.7105464],[121.1986627,14.7106768],[121.1983811,14.7108183],[121.19809,14.710948],[121.197913,14.711018],[121.1976421,14.7111555],[121.1974356,14.7114046],[121.1972344,14.7117444],[121.1970976,14.7119701],[121.1969849,14.7122191],[121.1968857,14.7125253],[121.1968402,14.7128073],[121.1967973,14.7130606],[121.1966899,14.7133996],[121.1965531,14.7137472],[121.1964084,14.7140786],[121.1963385,14.7146552],[121.1963526,14.7151421],[121.1964235,14.7154929],[121.1965618,14.7159464],[121.196651,14.7161546],[121.1967838,14.7163388],[121.1969447,14.7164556],[121.197052,14.7165139],[121.1972773,14.7166229],[121.1975174,14.7167389],[121.1978352,14.71692],[121.1984012,14.7173298],[121.1986479,14.7175633],[121.1987337,14.7177164],[121.1987767,14.7178435],[121.1987887,14.7180011],[121.1987986,14.7182395],[121.1987001,14.7195971],[121.1986506,14.7201108],[121.1985316,14.720569],[121.1984069,14.720873],[121.1982724,14.7211271],[121.1981071,14.7213305],[121.1980031,14.7214417],[121.1979222,14.7215549],[121.1977513,14.7218353],[121.1973978,14.7225905],[121.1970178,14.7230612],[121.1968044,14.7232723],[121.1964861,14.7235247],[121.1961981,14.7237036],[121.1958349,14.7238561],[121.1955875,14.7239683],[121.1954095,14.7241725],[121.1952871,14.724386],[121.1952113,14.7245816],[121.1951651,14.7247569],[121.1951275,14.7250137],[121.1950926,14.725159],[121.1950417,14.7253082],[121.1949706,14.7254275]],[[121.0722085,14.5600335],[121.0719364,14.55972],[121.0716346,14.5594153],[121.0713449,14.559205],[121.0706971,14.5588296],[121.0696954,14.5583457],[121.0694419,14.5582871],[121.0690919,14.5582782],[121.0685513,14.5583493],[121.0681609,14.558406],[121.0678191,14.5584401],[121.067512,14.5585378],[121.0672706,14.5586936],[121.0669318,14.5590928]],[[121.087615,14.6268599],[121.0871539,14.6274443],[121.0864432,14.6284669],[121.0856008,14.6295102],[121.0850764,14.6299354],[121.0845898,14.6301652],[121.0840462,14.6301758]],[[121.0786891,14.6173291],[121.0784541,14.616765],[121.078399,14.6160455],[121.0784392,14.6155269]],[[121.0788822,14.6177381],[121.0786891,14.6173291]],[[121.0813273,14.6202958],[121.0810977,14.6199708],[121.0803899,14.6195474],[121.0801964,14.6194061],[121.0798534,14.619101],[121.0788822,14.6177381]],[[121.0809288,14.5788478],[121.0802959,14.5780454],[121.0784656,14.5764063]],[[121.0823531,14.6017929],[121.082531,14.5989494],[121.0824407,14.5972293],[121.0823855,14.596288]],[[121.0883546,14.6054058],[121.0889512,14.6041655],[121.0900155,14.6024379],[121.0904275,14.6011754],[121.0904543,14.6001564],[121.0902434,14.5996752],[121.0900354,14.5993213],[121.0892784,14.5991854],[121.0885861,14.5991661],[121.0879788,14.5994192],[121.0874234,14.6003282],[121.0870479,14.6014334],[121.0863878,14.6022288],[121.0856732,14.6028411],[121.0846416,14.6033011],[121.083786,14.6033745],[121.0832517,14.6032684],[121.0828519,14.6030984],[121.0824594,14.6026332],[121.0823594,14.6023855],[121.0823531,14.6017929]],[[121.08228,14.62647],[121.0820177,14.6254078],[121.0819277,14.6247328],[121.0819084,14.6236464],[121.0816072,14.6210353],[121.0814327,14.6204643],[121.0813273,14.6202958]],[[121.0840462,14.6301758],[121.0838604,14.6301401],[121.0836171,14.6299944],[121.0834465,14.6298109],[121.0831275,14.6292719],[121.0828842,14.6284933],[121.0825339,14.6276417],[121.08228,14.62647]],[[121.0917155,14.640602],[121.0926006,14.6378862],[121.0931524,14.6355453],[121.0934878,14.6342293]],[[121.093479,14.6252354],[121.0932826,14.6249293],[121.0930732,14.6246502],[121.0927817,14.6243998],[121.0922727,14.6242149],[121.0916773,14.6241534],[121.0907987,14.6243094],[121.0898914,14.6247158],[121.088828,14.625615],[121.087615,14.6268599]],[[121.0940434,14.6299092],[121.0941489,14.6290511],[121.0941097,14.6282078],[121.0940483,14.6270965],[121.0937747,14.6259627],[121.093479,14.6252354]],[[121.0934878,14.6342293],[121.0940434,14.6299092]],[[121.0896603,14.6468726],[121.0898107,14.6459671],[121.0904365,14.6445902],[121.0911101,14.6428677],[121.0917155,14.640602]],[[121.0983993,14.6651508],[121.098272,14.6648377],[121.0980536,14.6642888],[121.0979135,14.6640424],[121.0977901,14.6637829]],[[121.0989231,14.66828],[121.0987592,14.6678005],[121.0986737,14.6673511],[121.0986873,14.6671562],[121.0988218,14.6670317],[121.0988701,14.6668294],[121.0988355,14.666584],[121.0987418,14.6661076],[121.0983993,14.6651508]],[[121.1066178,14.6757895],[121.105877,14.6752513],[121.1050187,14.6744874],[121.1036883,14.6727604],[121.103246,14.6723195],[121.1002379,14.6700618],[121.0993176,14.6692092],[121.0991505,14.6688157],[121.0989231,14.66828]],[[121.1473887,14.7366338],[121.146711,14.7366188],[121.146284,14.7366327],[121.1446204,14.736848],[121.1438207,14.7368605],[121.1433182,14.7368474],[121.1427546,14.7367624],[121.1420844,14.7364867],[121.1412935,14.7362221],[121.1405694,14.7361116],[121.1397046,14.7361674],[121.1388011,14.7362148],[121.1375434,14.736318],[121.1367193,14.7364916],[121.1361562,14.736657],[121.1354855,14.7366792],[121.1351518,14.7366573],[121.1342622,14.7365964],[121.1335342,14.7364801],[121.132674,14.7361391],[121.1318997,14.7355853],[121.1313869,14.7351734],[121.1311997,14.7349875],[121.1306358,14.7341939],[121.1303882,14.733564]],[[121.0971918,14.6629036],[121.09689,14.6626171],[121.0967957,14.6624945],[121.0966498,14.662317],[121.0964444,14.6620648],[121.0962982,14.6618339],[121.0962313,14.6616572],[121.0962122,14.6615013],[121.0961316,14.6612537],[121.0960087,14.660955]],[[121.0788997,14.6141584],[121.079012,14.6138249],[121.0799561,14.6124462],[121.0810672,14.6115981],[121.082733,14.6104304]],[[121.1303882,14.733564],[121.1302011,14.732843],[121.1299797,14.7316093],[121.1297769,14.7300438],[121.1297457,14.7290604],[121.1297426,14.7286351],[121.1299048,14.7279081],[121.1303476,14.7270168],[121.1303791,14.7268724],[121.1303142,14.7267242],[121.1303005,14.7265189],[121.1301904,14.7261959],[121.1300725,14.7259032],[121.1299075,14.7255878],[121.1297385,14.7249797],[121.129601,14.7244704],[121.1293,14.7240182],[121.1289163,14.7239272],[121.1284682,14.7238218],[121.1281984,14.7236447],[121.1280449,14.7233885],[121.1278518,14.7232903],[121.127686,14.7232017],[121.1273419,14.7229216],[121.1272032,14.7227301],[121.1271636,14.7225649],[121.127275,14.7222297],[121.1272528,14.7221243],[121.1271017,14.7220333],[121.1268839,14.7219328],[121.1264878,14.7217388],[121.1260404,14.7214226],[121.1256864,14.7211104],[121.1253402,14.7207168],[121.1250544,14.7202066],[121.1250004,14.7197075],[121.1250714,14.7193201],[121.1252177,14.7189718],[121.1254073,14.7185703],[121.1255361,14.7183609],[121.1259188,14.7176745],[121.1259052,14.7173955],[121.1258634,14.7171936],[121.1257298,14.7168725],[121.1256826,14.7167589],[121.1250601,14.7161318],[121.1245844,14.7159682],[121.1240554,14.7155468],[121.1240173,14.7152947],[121.124039,14.7150523],[121.1247239,14.7137321],[121.1248675,14.7133545],[121.1248027,14.712421],[121.1248456,14.7102874],[121.1247993,14.7091458],[121.1246188,14.708328],[121.1243536,14.7077441],[121.1241065,14.7072132],[121.1237894,14.706847],[121.1227327,14.7065202],[121.1224383,14.7064339],[121.1222323,14.706474],[121.1218856,14.7067919],[121.1215806,14.7071305],[121.1211309,14.7076078],[121.1209982,14.7077969],[121.1206827,14.7080263],[121.1204385,14.7081222],[121.1201645,14.7081449],[121.1200397,14.7080208],[121.1199763,14.7076263],[121.1204638,14.7073069],[121.1202777,14.7063653],[121.1200699,14.7057931],[121.1200929,14.705355],[121.1201063,14.7050994],[121.1197941,14.7042974],[121.1191931,14.7031837],[121.1191234,14.7026311],[121.1191769,14.7024046],[121.1193781,14.7021579],[121.1201061,14.7016524],[121.1205071,14.7012328],[121.1206308,14.7007831],[121.1207485,14.7005421],[121.1207666,14.7002683],[121.1207271,14.6999453],[121.1206332,14.6995925],[121.1204508,14.6991904],[121.1200887,14.6985041],[121.1200055,14.6983939],[121.1199036,14.698294],[121.1197829,14.6982019],[121.119567,14.6980657],[121.1188602,14.6976635],[121.1185732,14.6975234],[121.1184204,14.6974793],[121.1182393,14.6974534],[121.118014,14.6974482],[121.1177619,14.6974599],[121.1172321,14.6977219],[121.1161459,14.6976933],[121.1156225,14.6976829],[121.1151768,14.697722],[121.1146224,14.6977894],[121.1142027,14.697898],[121.1139464,14.6980592]],[[121.1115295,14.6930258],[121.1113873,14.6912424],[121.1113484,14.6894359],[121.1113444,14.6892498],[121.1121855,14.6852978],[121.1121169,14.6846502],[121.1119916,14.6844409],[121.1116706,14.6834048],[121.1101685,14.6808973],[121.1088846,14.6787885],[121.1079596,14.6772824],[121.1066178,14.6757895]],[[121.0869916,14.607435],[121.0873671,14.6069989],[121.0876246,14.6066771],[121.0880242,14.6060925],[121.0883546,14.6054058]],[[121.0960087,14.660955],[121.0960236,14.660928],[121.0959307,14.6604088],[121.0959768,14.6599881],[121.0959893,14.6598735],[121.0961556,14.6586539],[121.0964699,14.6571665],[121.0964699,14.6563029],[121.0960236,14.6551154],[121.0956374,14.6542269],[121.0951424,14.6538804],[121.0950108,14.6537619],[121.09338,14.6529149],[121.092364,14.6525895],[121.0910798,14.6520347],[121.0902816,14.6515198],[121.0894243,14.6508306],[121.0891969,14.6500251],[121.0891834,14.6488802],[121.0892353,14.6487054],[121.0896603,14.6468726]],[[121.0830518,14.5903997],[121.0836468,14.5873457],[121.0833893,14.5856014],[121.0828314,14.5830679],[121.082212,14.5815659]],[[121.0784656,14.5764063],[121.0775665,14.575678],[121.0765274,14.574735],[121.0762131,14.5743929],[121.075906,14.5739957],[121.0756418,14.5735765],[121.0754285,14.5731361],[121.0744251,14.5702951]],[[121.0977901,14.6637829],[121.0976735,14.6635755],[121.0974382,14.6631897],[121.0971918,14.6629036]],[[121.0823855,14.596288],[121.0823165,14.5951453],[121.0827285,14.5921634],[121.0830518,14.5903997]],[[121.1139464,14.6980592],[121.1136835,14.6981078],[121.1132035,14.6978983],[121.112718,14.6977972],[121.1124859,14.6976077],[121.1121494,14.696915],[121.1121743,14.6964194],[121.1114141,14.6957288],[121.1114034,14.6951533],[121.1115761,14.693783],[121.1115295,14.6930258]],[[121.0744251,14.5702951],[121.0741071,14.5691406],[121.0736316,14.5666214],[121.073394,14.5648305]],[[121.073394,14.5648305],[121.0730897,14.5625497],[121.0728202,14.5615616]],[[121.0728202,14.5615616],[121.0726712,14.5610154],[121.07245,14.560446],[121.0722085,14.5600335]],[[121.082212,14.5815659],[121.0812436,14.5792468]],[[121.0812436,14.5792468],[121.0809288,14.5788478]],[[121.082733,14.6104304],[121.0846661,14.6090753]],[[121.0784392,14.6155269],[121.0788997,14.6141584]],[[121.0846661,14.6090753],[121.0866938,14.6076539],[121.0869916,14.607435]],[[121.1917501,14.7279648],[121.191683,14.7280049]],[[121.1927135,14.7275767],[121.1924465,14.7276339],[121.1922334,14.7277077],[121.192051,14.7277868],[121.191882,14.727886],[121.1917501,14.7279648]],[[121.1949706,14.7254275],[121.1948888,14.7255468],[121.1948378,14.7256415],[121.1947896,14.7257907],[121.1947855,14.7258983],[121.1948271,14.7260138],[121.1948494,14.7260812],[121.1948687,14.7261396],[121.1948767,14.726242],[121.1948553,14.7263263],[121.1948284,14.7264288],[121.1947574,14.7265494],[121.1945415,14.7268205],[121.1943993,14.7270151],[121.1942692,14.7271396],[121.1941043,14.7272239],[121.1936979,14.7273847],[121.1934029,14.727469],[121.1931185,14.7275274],[121.1927135,14.7275767]],[[121.1949706,14.7254275],[121.1948861,14.7254405],[121.1947949,14.7254456],[121.1946876,14.7254625],[121.194638,14.7254872],[121.1945914,14.725523],[121.1943524,14.7258555],[121.1941327,14.7260454],[121.1939245,14.7262005],[121.1937824,14.7263328],[121.1936272,14.7265204],[121.1933753,14.7269566],[121.1931963,14.7271565],[121.1930612,14.7273013],[121.1929214,14.7274353],[121.1927135,14.7275767]]]}},{"type":"Feature","properties":{"@id":"relation/12548411","name":"Napindan Channel","type":"waterway","waterway":"river"},"geometry":{"type":"MultiLineString","coordinates":[[[121.1084498,14.5261723],[121.1079168,14.5262505],[121.1073519,14.5263165],[121.1067796,14.5265725],[121.1062842,14.5268807],[121.10605,14.5270866],[121.1058943,14.5273252],[121.1058193,14.5275799],[121.1058086,14.5278448],[121.1058336,14.5281649],[121.1059607,14.5289786],[121.1061519,14.5296934],[121.1063523,14.5302796],[121.1064392,14.5308831],[121.1064309,14.5312591],[121.1063813,14.53167],[121.1062351,14.5319938],[121.1059661,14.5323348],[121.1056262,14.5327312],[121.1051059,14.5331207],[121.1040832,14.5338787],[121.1033661,14.5344058],[121.1027159,14.5349437],[121.1025753,14.5350627],[121.1023432,14.535255],[121.1019847,14.5355934],[121.1017269,14.5357651],[121.1010718,14.5362181],[121.1005837,14.5363713],[121.0999466,14.5367551],[121.0994225,14.5369866],[121.0992793,14.5370879],[121.0990146,14.5372753],[121.0986764,14.5376144],[121.0985228,14.5378199],[121.0982797,14.5382459],[121.0980772,14.5387781],[121.0979551,14.5390663],[121.097774,14.5393449],[121.0974884,14.539692],[121.0972033,14.539991],[121.096835,14.5402595],[121.0965653,14.5404485],[121.0963889,14.54061],[121.0962844,14.540749],[121.0961877,14.5409431],[121.0961428,14.5411748],[121.0961541,14.5413932],[121.0961669,14.5416482],[121.0962033,14.5419892],[121.0963219,14.542457],[121.0964133,14.5428665],[121.0963921,14.5432131],[121.0962908,14.5436138],[121.0961738,14.543857],[121.0958944,14.5441587],[121.0955441,14.5444017],[121.0951646,14.5446097],[121.0948958,14.5448014],[121.0947346,14.5449541],[121.094676,14.5450495],[121.0945978,14.5451806],[121.094551,14.5453353],[121.0943623,14.5463956],[121.0943234,14.546977],[121.0942832,14.5476781],[121.0940409,14.548593],[121.0932841,14.5509844],[121.093114,14.551833],[121.0929989,14.5521324],[121.0928393,14.5525475],[121.0923072,14.552805],[121.0916634,14.5526804],[121.0907708,14.552265],[121.0897666,14.5520906],[121.0890027,14.5521903],[121.0883675,14.5527635],[121.0881005,14.552926],[121.087535,14.5532703],[121.0864621,14.5534198],[121.0845051,14.5531914],[121.0829173,14.55337],[121.0825335,14.5534766],[121.0820765,14.5536034],[121.0817896,14.5536831],[121.0808144,14.5537937],[121.0795463,14.5538269],[121.0789893,14.5537377],[121.0779133,14.5534863],[121.0766431,14.5535693],[121.0754243,14.5540512],[121.0742452,14.5546659],[121.073663,14.5549872],[121.0722791,14.5554796],[121.0717162,14.5556798],[121.0713678,14.5558332],[121.0709878,14.5560374],[121.0701851,14.5562713],[121.0693645,14.5564573],[121.0683363,14.5566888],[121.0677588,14.5568036],[121.0674503,14.5568711],[121.0672516,14.5569807],[121.0670909,14.5571645],[121.0669675,14.5574449],[121.0669281,14.5577153]]]}},{"type":"Feature","properties":{"@id":"relation/15246527","name":"Angono River","type":"waterway","waterway":"river","wikidata":"Q31850644"},"geometry":{"type":"MultiLineString","coordinates":[[[121.1728261,14.5415199],[121.1724828,14.5414317],[121.172212,14.5413615],[121.1717009,14.5412622],[121.1715255,14.5411333],[121.1713576,14.5410871],[121.1706485,14.541137],[121.1702574,14.5411395],[121.1699243,14.5411655],[121.1695981,14.5412486],[121.1691518,14.5414895],[121.1687398,14.5417471],[121.1685338,14.5417969],[121.1683621,14.5417803],[121.1680102,14.5417554],[121.1673493,14.5416225],[121.1671701,14.5415556],[121.1668601,14.5414397],[121.166491,14.5412486],[121.1662507,14.5410575],[121.1660876,14.540775],[121.1659271,14.5405126],[121.1658263,14.5401976],[121.1658784,14.5399608],[121.1660838,14.5398741],[121.1662979,14.5398107],[121.1663744,14.5397033],[121.1663022,14.5395672],[121.1661735,14.5394457],[121.1660876,14.5393627],[121.1659589,14.5391965],[121.165813,14.5390137],[121.1654267,14.5388226],[121.1653151,14.5387395],[121.1652894,14.5385401],[121.1652293,14.5382161],[121.1650748,14.5378506],[121.1650076,14.5377716],[121.1649199,14.5376002],[121.1647801,14.5373808],[121.1648173,14.5371194],[121.1648439,14.5367878],[121.1647347,14.5366862],[121.164627,14.536634],[121.1644892,14.5366106],[121.164354,14.5366359],[121.1640015,14.536463],[121.1635015,14.5362016],[121.1633125,14.5361294],[121.1628557,14.5359786],[121.1627709,14.5359618],[121.1625107,14.5359014],[121.1623233,14.5358187],[121.1622314,14.5357746],[121.1621888,14.5356193],[121.162188,14.535489],[121.1622937,14.5353499],[121.1624921,14.5350954],[121.1627566,14.5347907],[121.1631371,14.5346923],[121.1633793,14.534508],[121.1635938,14.5342172],[121.1635938,14.5339929],[121.1635423,14.5337436],[121.1634805,14.5336326],[121.1633758,14.5335556],[121.1632677,14.5335359],[121.1630274,14.5335359],[121.1629103,14.5336017],[121.1626737,14.5337156],[121.1623836,14.5337021],[121.1620575,14.5337021],[121.1617763,14.5336059],[121.1613017,14.5335331],[121.1609048,14.5334989],[121.160543,14.5334781],[121.1603237,14.5333697],[121.1602693,14.5332861],[121.1602666,14.5330826],[121.1603412,14.5328151],[121.1603831,14.5327152],[121.1605962,14.5323791],[121.1608712,14.5322065],[121.1609507,14.5321194],[121.1609924,14.5319591],[121.1608174,14.5316903],[121.1606054,14.5313182],[121.1604675,14.5312384],[121.1603752,14.531184],[121.1601225,14.5312055],[121.1599737,14.5312641],[121.1597878,14.5314098],[121.1596597,14.5315686],[121.1595343,14.5316768],[121.1594013,14.5316856],[121.1591471,14.5315482],[121.1590437,14.5314374],[121.1588153,14.5310153],[121.158685,14.5308038],[121.1585022,14.5304822],[121.158313,14.5300859],[121.1582068,14.5300102],[121.1579767,14.5299656],[121.1576674,14.5297468],[121.157411,14.5295742],[121.1572024,14.5294725],[121.1569719,14.5294259],[121.1566459,14.5294601],[121.1564811,14.5294557],[121.1562592,14.5294084],[121.1560575,14.5293112],[121.1560155,14.5292807],[121.156,14.5292197],[121.156001,14.5291387],[121.1561052,14.5284207],[121.1562038,14.5279193],[121.1561266,14.5277282],[121.1559978,14.527587],[121.1557489,14.5273876],[121.1555515,14.5272713],[121.1554571,14.5271383],[121.1554142,14.5269306],[121.155294,14.5265567],[121.155191,14.5263324],[121.1550794,14.5261662],[121.154882,14.5260333],[121.1546846,14.5259751],[121.1545561,14.5258934],[121.1545645,14.5257757],[121.1547275,14.525568],[121.1547772,14.5254468],[121.1547504,14.5252907],[121.1546678,14.5252198],[121.1545029,14.5251234],[121.1544603,14.5250781],[121.1542678,14.5249924],[121.1540495,14.5249531],[121.1537405,14.5249781],[121.1534572,14.5249365],[121.1532169,14.5248036],[121.1531466,14.5247357],[121.1527096,14.5245278],[121.1525964,14.5244638],[121.1523053,14.5242338],[121.1521699,14.5242148],[121.151969,14.524381],[121.1517088,14.5245266],[121.1515772,14.5245308],[121.1510873,14.5244589],[121.1508496,14.5243525],[121.1506739,14.5241986],[121.1505351,14.5240881],[121.1504336,14.5240397],[121.1503307,14.524048],[121.1501888,14.524081],[121.1501228,14.5240972],[121.1500281,14.5241057],[121.1499651,14.524104],[121.1498535,14.5240935],[121.149694,14.5240702],[121.1495103,14.5240078],[121.1490104,14.5237497],[121.1483253,14.5233896],[121.1478479,14.5230275],[121.1474112,14.5222706],[121.1472478,14.5219231],[121.1471704,14.5217377],[121.1470729,14.5212975],[121.1472797,14.5209019],[121.1473268,14.5207116],[121.146989,14.5200726],[121.1467474,14.5198583],[121.1462134,14.5190748],[121.146162,14.5186785],[121.1461265,14.5185875],[121.1460591,14.5184188],[121.1460204,14.5183253],[121.1457173,14.5174684],[121.1457901,14.5173039],[121.1457457,14.5166302],[121.1457028,14.5160237],[121.1454658,14.5152893],[121.1450806,14.5138967],[121.1449366,14.5135342],[121.1444002,14.5115333],[121.1441696,14.5108945],[121.1439282,14.5103804],[121.1429182,14.5088794]],[[121.1457173,14.5174684],[121.1456174,14.5172958],[121.1448878,14.5165826],[121.1436304,14.515114],[121.1423725,14.5138754],[121.1410303,14.5127066]],[[121.1457173,14.5174684],[121.1456174,14.5172958],[121.1448878,14.5165826],[121.1436304,14.515114],[121.1423725,14.5138754],[121.1410303,14.5127066]],[[121.1457173,14.5174684],[121.1457901,14.5173039],[121.1457457,14.5166302],[121.1457028,14.5160237],[121.1454658,14.5152893],[121.1450806,14.5138967],[121.1449366,14.5135342],[121.1444002,14.5115333],[121.1441696,14.5108945],[121.1439282,14.5103804],[121.1429182,14.5088794]]]}},{"type":"Feature","properties":{"@id":"relation/18100986","destination":"Marikina River","name":"Wawa River","type":"waterway","waterway":"river","wikidata":"Q34846310"},"geometry":{"type":"MultiLineString","coordinates":[[[121.2242258,14.7655429],[121.224269,14.7654645],[121.2244333,14.7652863],[121.2245395,14.7651403],[121.2245999,14.7649796],[121.2246037,14.7648402],[121.224575,14.7646973],[121.2244887,14.7645555],[121.2243851,14.7644708],[121.2242014,14.7641929],[121.2240366,14.7639574],[121.2238341,14.7637784],[121.2235609,14.7636466],[121.2233678,14.7635948],[121.2231135,14.763397],[121.2228734,14.7633437],[121.222673,14.7632434],[121.2224452,14.7632434],[121.2222265,14.7632708],[121.2220898,14.7631888],[121.2220716,14.7630339],[121.2222356,14.7627241],[121.2222994,14.7624598],[121.222263,14.7622502],[121.2220443,14.7621591],[121.2217162,14.7620225],[121.221534,14.7619678],[121.2214338,14.7618038],[121.2213973,14.7615122],[121.2212515,14.7607195],[121.2213336,14.7602639],[121.2214611,14.7598447],[121.2216251,14.7594985],[121.2215431,14.7591522],[121.2213518,14.7587422],[121.2212151,14.7584598],[121.2212333,14.7581955],[121.2213518,14.7580133],[121.2217071,14.7578766],[121.22178,14.7576761],[121.22178,14.7575121],[121.2216525,14.7573846],[121.2213518,14.7573937],[121.2210055,14.7574848],[121.2207868,14.7574848],[121.220714,14.7573846],[121.2208506,14.7572023],[121.2208597,14.757011],[121.2206684,14.7566647],[121.2206866,14.7563549],[121.2206593,14.7560816],[121.2205317,14.7558264],[121.2203859,14.7556442],[121.219903,14.755462],[121.2197937,14.7553709],[121.2196297,14.7551066],[121.219739,14.7546693],[121.2199212,14.7542592],[121.2198939,14.7539676],[121.2196388,14.7535758],[121.219247,14.7531111],[121.21901,14.752446],[121.21901,14.7521908],[121.2192925,14.7521453],[121.2194748,14.7522546],[121.2197117,14.7523731],[121.2199941,14.7523913],[121.2201581,14.7523184],[121.2203495,14.7521817],[121.220477,14.7520268],[121.2205317,14.7519175],[121.2205408,14.7516806],[121.2202675,14.7512341],[121.2201217,14.7509425],[121.2200852,14.7507056],[121.2202219,14.7504869],[121.2204679,14.7503047],[121.2206593,14.7500314],[121.220714,14.7497762],[121.220714,14.7494209],[121.2205773,14.7488468],[121.220313,14.7483821],[121.2202493,14.7481452],[121.2202766,14.7480085],[121.2203677,14.7477899],[121.2204042,14.7475165],[121.2202766,14.7470427],[121.2201308,14.7467511],[121.2200852,14.7466509],[121.2200944,14.7464778],[121.2203039,14.7461862],[121.2204588,14.7460313],[121.2206684,14.7458308],[121.2207322,14.7455028],[121.2206957,14.7453388],[121.2204224,14.7450837],[121.2203586,14.7448285],[121.2202857,14.7441178],[121.2201672,14.743234],[121.2202401,14.7430153],[121.2204224,14.7428331],[121.2206228,14.7426964],[121.2206684,14.7426144],[121.2207595,14.7424595],[121.2207413,14.7422863],[121.220714,14.7420859],[121.2205955,14.7419037],[121.2204133,14.7417579],[121.2203281,14.7417403],[121.220149,14.7417032],[121.2198939,14.7416667],[121.2196114,14.7417214],[121.2193654,14.7418308],[121.2189463,14.7420494],[121.2185545,14.7422499],[121.2183449,14.7423592],[121.2181262,14.7424412],[121.2179349,14.742423],[121.21778,14.7423228],[121.217698,14.7422135],[121.2175522,14.7419583],[121.2174519,14.7417214],[121.2172788,14.7416212],[121.2170692,14.741603],[121.2167686,14.7416667],[121.2163585,14.7418216],[121.2159667,14.7418581],[121.2155931,14.7417852],[121.2153418,14.741559],[121.2153198,14.7415392],[121.215092,14.7412112],[121.2150647,14.7408831],[121.2152104,14.740464],[121.2153653,14.7402544],[121.2154511,14.7401944],[121.2155476,14.7401269],[121.215584,14.7399264],[121.215584,14.7396986],[121.2154565,14.7394526],[121.2151831,14.739243],[121.2148551,14.7388512],[121.2144612,14.7386577],[121.2143357,14.7385961],[121.2134883,14.7383318],[121.2131512,14.7382863],[121.212814,14.7381587],[121.2126591,14.7380767],[121.2125407,14.73794],[121.2124769,14.7376211],[121.2125225,14.7373022],[121.2127503,14.7371746],[121.2130874,14.7370562],[121.2131967,14.7370197],[121.2133514,14.7368994],[121.2134428,14.7368284],[121.2134701,14.7366735],[121.2134792,14.7364457],[121.2133334,14.7362088],[121.2132241,14.7358625],[121.213215,14.7355892],[121.2132605,14.7353249],[121.2132714,14.7353001],[121.2133607,14.7350972],[121.2135359,14.7350041],[121.2136523,14.7349423],[121.2138254,14.7347418],[121.2139439,14.7344776],[121.2139986,14.7341769],[121.2139986,14.7337759],[121.2138619,14.7336302],[121.213625,14.7335299],[121.2133686,14.7334875],[121.2130236,14.7335482],[121.2128687,14.7335755],[121.2125954,14.7335482],[121.2124496,14.7334753],[121.2124301,14.7333713],[121.2124222,14.7333295],[121.2125407,14.7332384],[121.2125498,14.7329103],[121.2125771,14.7326552],[121.2124222,14.7325823],[121.2122764,14.7325641],[121.2121033,14.7325003],[121.2119666,14.7324001],[121.2118573,14.7321085],[121.2117571,14.73199],[121.2115566,14.7317805],[121.2113926,14.7316894],[121.2109644,14.7315436],[121.2104632,14.7315709],[121.210117,14.731498],[121.2100044,14.731415],[121.2099438,14.7313704],[121.2097798,14.7311973],[121.2096158,14.730842],[121.2097069,14.7306597],[121.2098709,14.7304684],[121.2098892,14.7301768],[121.20988,14.729867],[121.2098072,14.7296848],[121.2096249,14.7296301],[121.2094609,14.7296756],[121.2092878,14.7296848],[121.2091147,14.7296392],[121.2088686,14.7291654],[121.2088413,14.72881],[121.2087502,14.7284273],[121.2087775,14.7280538],[121.2087957,14.7274888],[121.2090782,14.7272701],[121.2092604,14.7270879],[121.2094765,14.7266637],[121.2094894,14.726552],[121.2094814,14.7263679],[121.209388,14.7260765],[121.2094153,14.7253476],[121.2092604,14.72481],[121.2091147,14.7246915],[121.2089324,14.7246733],[121.2086135,14.7247735],[121.2083766,14.7249102],[121.2083037,14.7250286],[121.2082126,14.7253202],[121.2080759,14.7254387],[121.2079028,14.7254751],[121.2076841,14.7253658],[121.2075201,14.7251653],[121.2072376,14.7248282],[121.2068185,14.7244728],[121.2064449,14.7241812],[121.2060713,14.723917],[121.2055155,14.723671],[121.2050781,14.7237257],[121.2048321,14.7235616],[121.2046134,14.723261],[121.2047592,14.7228327],[121.2050508,14.722368],[121.2051237,14.7218304],[121.205069,14.7212746],[121.204823,14.7209375],[121.2045223,14.7208008],[121.2042216,14.7207917],[121.2039665,14.7208463],[121.2037478,14.7209283],[121.203438,14.7213293],[121.2032649,14.7216846],[121.2031829,14.7219489],[121.2031738,14.722122],[121.2032376,14.7224682],[121.2034836,14.7228965],[121.203684,14.7232154],[121.2037843,14.7234796],[121.2037707,14.723593],[121.2037569,14.7237074],[121.2037205,14.7238714],[121.2036385,14.7239443],[121.203356,14.7238897],[121.2028731,14.7236528],[121.2026238,14.7233857],[121.202618,14.7233794],[121.2023993,14.7232883],[121.2022535,14.7233703],[121.2021988,14.7235434],[121.2022808,14.7237074],[121.2023628,14.7239443],[121.2023355,14.7242086],[121.2022524,14.7243488],[121.20212,14.7245454],[121.2019899,14.724635],[121.2018321,14.7246718],[121.2016179,14.7246524],[121.2011209,14.7245857],[121.200803,14.7244885],[121.2005764,14.7244119],[121.2004268,14.7242556],[121.2003925,14.7240592],[121.2004494,14.7238714],[121.2006134,14.7236072],[121.2007357,14.7233792],[121.2007575,14.7231843],[121.200675,14.7229223],[121.2004547,14.7226591],[121.2003074,14.7225561],[121.200166,14.7225493],[121.1998978,14.7225675],[121.1996752,14.7225675],[121.1995505,14.7225545],[121.1994777,14.7225376],[121.1994298,14.7225273],[121.1992313,14.7224611],[121.1990248,14.7223586],[121.1988048,14.7222691],[121.1986358,14.7222406],[121.19855,14.7222484],[121.1984722,14.7222497],[121.1984464,14.7222409],[121.1984203,14.7222178],[121.1984109,14.7221757],[121.1984226,14.7221368],[121.1984642,14.7220862],[121.1985044,14.722024],[121.1985245,14.7219423],[121.1985031,14.7218203],[121.1984474,14.721725],[121.1983824,14.7216504],[121.1983051,14.7215959],[121.1981296,14.7215642],[121.1979222,14.7215549]],[[121.2206957,14.7453388],[121.2204224,14.7450837],[121.2203586,14.7448285],[121.2202857,14.7441178],[121.2201672,14.743234],[121.2202401,14.7430153],[121.2204224,14.7428331],[121.2206228,14.7426964],[121.2206684,14.7426144],[121.2207595,14.7424595],[121.2207413,14.7422863],[121.220714,14.7420859],[121.2205955,14.7419037],[121.2204133,14.7417579],[121.2203281,14.7417403],[121.220149,14.7417032],[121.2198939,14.7416667],[121.2196114,14.7417214],[121.2193654,14.7418308],[121.2189463,14.7420494],[121.2185545,14.7422499],[121.2183449,14.7423592],[121.2181262,14.7424412],[121.2179349,14.742423],[121.21778,14.7423228],[121.217698,14.7422135],[121.2175522,14.7419583],[121.2174519,14.7417214],[121.2172788,14.7416212],[121.2170692,14.741603],[121.2167686,14.7416667],[121.2163585,14.7418216],[121.2159667,14.7418581],[121.2155931,14.7417852],[121.2153418,14.741559],[121.2153198,14.7415392],[121.215092,14.7412112],[121.2150647,14.7408831],[121.2152104,14.740464],[121.2153653,14.7402544],[121.2154511,14.7401944],[121.2155476,14.7401269],[121.215584,14.7399264],[121.215584,14.7396986],[121.2154565,14.7394526],[121.2151831,14.739243],[121.2148551,14.7388512],[121.2144612,14.7386577],[121.2143357,14.7385961],[121.2134883,14.7383318],[121.2131512,14.7382863],[121.212814,14.7381587],[121.2126591,14.7380767],[121.2125407,14.73794],[121.2124769,14.7376211],[121.2125225,14.7373022],[121.2127503,14.7371746],[121.2130874,14.7370562],[121.2131967,14.7370197],[121.2133514,14.7368994],[121.2134428,14.7368284],[121.2134701,14.7366735],[121.2134792,14.7364457],[121.2133334,14.7362088],[121.2132241,14.7358625],[121.213215,14.7355892],[121.2132605,14.7353249],[121.2132714,14.7353001],[121.2133607,14.7350972],[121.2135359,14.7350041],[121.2136523,14.7349423],[121.2138254,14.7347418],[121.2139439,14.7344776],[121.2139986,14.7341769],[121.2139986,14.7337759],[121.2138619,14.7336302],[121.213625,14.7335299],[121.2133686,14.7334875],[121.2130236,14.7335482],[121.2128687,14.7335755],[121.2125954,14.7335482],[121.2124496,14.7334753],[121.2124301,14.7333713],[121.2124222,14.7333295],[121.2125407,14.7332384],[121.2125498,14.7329103],[121.2125771,14.7326552],[121.2124222,14.7325823],[121.2122764,14.7325641],[121.2121033,14.7325003],[121.2119666,14.7324001],[121.2118573,14.7321085],[121.2117571,14.73199],[121.2115566,14.7317805],[121.2113926,14.7316894],[121.2109644,14.7315436],[121.2104632,14.7315709],[121.210117,14.731498],[121.2100044,14.731415],[121.2099438,14.7313704],[121.2097798,14.7311973],[121.2096158,14.730842],[121.2097069,14.7306597],[121.2098709,14.7304684],[121.2098892,14.7301768],[121.20988,14.729867],[121.2098072,14.7296848],[121.2096249,14.7296301],[121.2094609,14.7296756],[121.2092878,14.7296848],[121.2091147,14.7296392],[121.2088686,14.7291654],[121.2088413,14.72881],[121.2087502,14.7284273],[121.2087775,14.7280538],[121.2087957,14.7274888],[121.2090782,14.7272701],[121.2092604,14.7270879],[121.2094765,14.7266637],[121.2094894,14.726552],[121.2094814,14.7263679],[121.209388,14.7260765],[121.2094153,14.7253476],[121.2092604,14.72481],[121.2091147,14.7246915],[121.2089324,14.7246733],[121.2086135,14.7247735],[121.2083766,14.7249102],[121.2083037,14.7250286],[121.2082126,14.7253202],[121.2080759,14.7254387],[121.2079028,14.7254751],[121.2076841,14.7253658],[121.2075201,14.7251653],[121.2072376,14.7248282],[121.2068185,14.7244728],[121.2064449,14.7241812],[121.2060713,14.723917],[121.2055155,14.723671],[121.2050781,14.7237257],[121.2048321,14.7235616],[121.2046134,14.723261],[121.2047592,14.7228327],[121.2050508,14.722368],[121.2051237,14.7218304],[121.205069,14.7212746],[121.204823,14.7209375],[121.2045223,14.7208008],[121.2042216,14.7207917],[121.2039665,14.7208463],[121.2037478,14.7209283],[121.203438,14.7213293],[121.2032649,14.7216846],[121.2031829,14.7219489],[121.2031738,14.722122],[121.2032376,14.7224682],[121.2034836,14.7228965],[121.203684,14.7232154],[121.2037843,14.7234796],[121.2037707,14.723593],[121.2037569,14.7237074],[121.2037205,14.7238714],[121.2036385,14.7239443],[121.203356,14.7238897],[121.2028731,14.7236528],[121.2026238,14.7233857],[121.202618,14.7233794],[121.2023993,14.7232883],[121.2022535,14.7233703],[121.2021988,14.7235434],[121.2022808,14.7237074],[121.2023628,14.7239443],[121.2023355,14.7242086],[121.2022524,14.7243488],[121.20212,14.7245454],[121.2019899,14.724635],[121.2018321,14.7246718],[121.2016179,14.7246524],[121.2011209,14.7245857],[121.200803,14.7244885],[121.2005764,14.7244119],[121.2004268,14.7242556],[121.2003925,14.7240592],[121.2004494,14.7238714],[121.2006134,14.7236072],[121.2007357,14.7233792],[121.2007575,14.7231843],[121.200675,14.7229223],[121.2004547,14.7226591],[121.2003074,14.7225561],[121.200166,14.7225493],[121.1998978,14.7225675],[121.1996752,14.7225675],[121.1995505,14.7225545],[121.1994777,14.7225376],[121.1994298,14.7225273],[121.1992313,14.7224611],[121.1990248,14.7223586],[121.1988048,14.7222691],[121.1986358,14.7222406],[121.19855,14.7222484],[121.1984722,14.7222497],[121.1984464,14.7222409],[121.1984203,14.7222178],[121.1984109,14.7221757],[121.1984226,14.7221368],[121.1984642,14.7220862],[121.1985044,14.722024],[121.1985245,14.7219423],[121.1985031,14.7218203],[121.1984474,14.721725],[121.1983824,14.7216504],[121.1983051,14.7215959],[121.1981296,14.7215642],[121.1979222,14.7215549]]]}},{"type":"Feature","properties":{"@id":"relation/18120987","destination":"Marikina River","name":"Manggahan River","type":"waterway","waterway":"river"},"geometry":{"type":"MultiLineString","coordinates":[[[121.1924193,14.6837528],[121.1923189,14.683729],[121.1922163,14.6836784],[121.1921305,14.68362],[121.1919219,14.6835636],[121.191756,14.6835749],[121.1916017,14.6836544],[121.1915158,14.6838158],[121.191456,14.6839227],[121.1913991,14.6840218],[121.1912651,14.6841317],[121.1911244,14.6842347],[121.191011,14.6843171],[121.1909218,14.6844167],[121.1908531,14.6845575],[121.1908565,14.684688],[121.1909115,14.6848391],[121.191005,14.6850009],[121.1910333,14.685122],[121.1910328,14.6851809],[121.1909983,14.685241],[121.1909344,14.6852977],[121.1907762,14.6854585],[121.1906413,14.6855752],[121.190439,14.6857826],[121.1903223,14.6858864],[121.190146,14.6859279],[121.1899437,14.6858734],[121.1898244,14.6858371],[121.1896221,14.6858164],[121.1894483,14.685863],[121.1892772,14.6858656],[121.1891215,14.685819],[121.1889945,14.6857334],[121.1889374,14.6856089],[121.1889089,14.685391],[121.1888025,14.6852665],[121.1887092,14.685225],[121.1885095,14.6851758],[121.1883694,14.6851991],[121.1881983,14.6852743],[121.1880323,14.6853651],[121.1878844,14.6854792],[121.1878274,14.6855752],[121.1877859,14.685723],[121.1877833,14.6858708],[121.1878248,14.686042],[121.1878015,14.6861431],[121.1877133,14.6862573],[121.1874695,14.6864621],[121.187279,14.6865529],[121.1871238,14.6865866],[121.1870184,14.6865633],[121.1869482,14.6864777],[121.1868989,14.6863143],[121.1867926,14.6861976],[121.1866733,14.6861276],[121.1865488,14.686055],[121.1864321,14.6860368],[121.1863595,14.6860653],[121.1862972,14.6861587],[121.1862739,14.6862417],[121.1862531,14.6864155],[121.1862998,14.6866229],[121.1862583,14.6869419],[121.1862116,14.6872921],[121.1862168,14.6874606],[121.1861727,14.687694],[121.1860896,14.6878445],[121.1859877,14.6879586],[121.1858667,14.6880779],[121.1857137,14.6881894],[121.1855996,14.6882024],[121.1854368,14.6882128],[121.1853244,14.688262],[121.1852443,14.6883606],[121.1852002,14.688524],[121.1852002,14.6886796],[121.1852313,14.6889519],[121.1852806,14.6890556],[121.1853428,14.6892553],[121.1853506,14.6893746],[121.1853117,14.6895432],[121.1852443,14.6896859],[121.1851302,14.6898129],[121.1850109,14.6899893],[121.1849486,14.690093],[121.1849434,14.6902927],[121.1849434,14.6904821],[121.1850186,14.6908062],[121.1849823,14.6911201],[121.1848993,14.6914339],[121.1848215,14.6915635],[121.1847619,14.6916517],[121.1846581,14.6917295],[121.184544,14.6917399],[121.1843754,14.6917295],[121.184168,14.6916284],[121.1838204,14.6914754],[121.1836363,14.691395],[121.183447,14.6913587],[121.183268,14.6914313],[121.1830994,14.6915143],[121.182879,14.6916258],[121.1826404,14.6916828],[121.1824874,14.691688],[121.1823188,14.6916569],[121.182145,14.6916569],[121.1819557,14.6917425],[121.1818909,14.6917736],[121.181826,14.6917762],[121.181605,14.6917749],[121.1814067,14.6917334],[121.1812862,14.6916842],[121.1811358,14.6915856],[121.1808491,14.6913872],[121.1806227,14.6912316],[121.1805085,14.6911667],[121.1803918,14.6910863],[121.1802855,14.6910656],[121.1801973,14.691076],[121.1800962,14.6911693],[121.1800236,14.6913223],[121.180008,14.6914598],[121.1799639,14.691631],[121.1799691,14.6917918],[121.1799017,14.6921004],[121.1798939,14.6921886],[121.1799069,14.6922949],[121.1799717,14.6923909],[121.1800495,14.6924505],[121.1801662,14.6924972],[121.1803039,14.6925517],[121.1803402,14.6926969],[121.1802596,14.6927903],[121.1802155,14.692824],[121.1801405,14.6928616],[121.1800655,14.6928783],[121.1799561,14.6929096],[121.1798213,14.692977],[121.1797046,14.6930781],[121.1796631,14.693143],[121.1796657,14.6932441],[121.1797279,14.6933608],[121.1798161,14.6934309],[121.1799458,14.6934905],[121.1800625,14.6934931],[121.1800865,14.6934896],[121.1802751,14.693462],[121.1804593,14.6934412],[121.1805993,14.6934724],[121.1808198,14.6935398],[121.1809572,14.6936046],[121.1810713,14.6936721],[121.1811543,14.6937758],[121.1811647,14.6938354],[121.1811154,14.6939262],[121.1810039,14.6940118],[121.1808457,14.6941207],[121.1807446,14.6941674],[121.1805939,14.6941998],[121.1804774,14.6942322],[121.1803296,14.6942919],[121.180231,14.6943749],[121.1800754,14.6944423],[121.1798565,14.6945634],[121.179855,14.6945642],[121.1797487,14.6946394],[121.1794879,14.6947626],[121.1792232,14.6949105],[121.1791476,14.6949687],[121.1790968,14.6950712],[121.1791076,14.6951867],[121.1791697,14.6952619],[121.1794193,14.695363],[121.1798368,14.6955835],[121.180021,14.6956924],[121.1803449,14.6957689],[121.1804713,14.6957903],[121.1805593,14.6958026],[121.1806556,14.6958661],[121.1807446,14.6959699],[121.1808068,14.6961462],[121.1808379,14.696333],[121.1807861,14.6964808],[121.1806207,14.6966105],[121.1805207,14.6966623],[121.1804158,14.6967077],[121.1802674,14.696735],[121.1800625,14.696722],[121.1798861,14.6966831],[121.1796988,14.6966196],[121.1795258,14.6965444],[121.1794109,14.6964705],[121.1793401,14.6964077],[121.1792458,14.6963231],[121.1791656,14.6962798],[121.1790804,14.6962397],[121.178992,14.696215],[121.1788898,14.6961955],[121.1787997,14.6961865],[121.1786824,14.6961891],[121.1785686,14.6962059],[121.1784778,14.6962707],[121.1783923,14.6963952],[121.1783378,14.6965249],[121.1783015,14.6967272],[121.1782496,14.6968802],[121.1781718,14.6971162],[121.178177,14.6972537],[121.1782263,14.6973963],[121.1783378,14.6975364],[121.1785521,14.6977153],[121.178969,14.6979241],[121.1791399,14.6979986],[121.1792616,14.698046],[121.1795377,14.6981601],[121.1796786,14.6982159],[121.1797927,14.6983014],[121.1798887,14.6984259],[121.1799198,14.6985141],[121.179912,14.6986464],[121.1798498,14.6987553],[121.1797953,14.6988331],[121.1796367,14.6988935],[121.1795567,14.6989239],[121.1793078,14.6990743],[121.1791522,14.6992014],[121.1790432,14.6993181],[121.1787683,14.6994685],[121.1785556,14.6995645],[121.1784753,14.6996008],[121.1782911,14.6996345],[121.1781666,14.6997382],[121.1780966,14.6998316],[121.1780629,14.6999353],[121.1780214,14.7000806],[121.1779773,14.7002647],[121.1779332,14.7003425],[121.1778588,14.7004151],[121.1777324,14.7004618],[121.177604,14.7004346],[121.177526,14.7003088],[121.1775338,14.7001299],[121.177609,14.6998913],[121.1776557,14.699733],[121.1777024,14.6994504],[121.177679,14.6992662],[121.1775338,14.6989732],[121.1773445,14.6986775],[121.1772226,14.6985426],[121.1771318,14.6984648],[121.1770021,14.6984493],[121.1769217,14.6984804],[121.1768725,14.6985349],[121.1768102,14.6986801],[121.1767765,14.6988201],[121.1767272,14.6989602],[121.1766287,14.6991495],[121.1765794,14.6992195],[121.1763693,14.6992947],[121.1761826,14.6993207],[121.17604,14.6993207],[121.1758662,14.6993077],[121.175648,14.6992915],[121.1754486,14.6993129],[121.1753708,14.6993492],[121.1752904,14.6993985],[121.1752139,14.6995126],[121.1750986,14.6996891],[121.1749804,14.6998652],[121.1747593,14.7001148],[121.1746627,14.7002103],[121.1744811,14.700301],[121.1740322,14.7004617],[121.1739445,14.700527],[121.1738632,14.7005876],[121.1737151,14.7007517],[121.1735541,14.7009389],[121.1733702,14.701144],[121.1731584,14.7013875],[121.1731098,14.7015019],[121.1731359,14.7015569],[121.173085,14.7016512],[121.1730673,14.7017728],[121.1730096,14.7018682],[121.1729527,14.7020032],[121.1729424,14.7020236],[121.172838,14.7022299],[121.1727236,14.7023693],[121.1726598,14.7024024],[121.1725538,14.7024676],[121.1723321,14.7025677],[121.1722695,14.7026269],[121.1722267,14.70268],[121.1722091,14.7027423],[121.1721675,14.7027902],[121.1721454,14.7029185],[121.1722239,14.7029981],[121.1722548,14.7030668],[121.1722565,14.7030706],[121.1722013,14.7032617],[121.1722067,14.7034236],[121.1721481,14.7034863],[121.172115,14.7035633],[121.1720238,14.7035879],[121.1719134,14.7037356],[121.171901,14.7039066],[121.1718444,14.7040652],[121.1717076,14.7042741],[121.171605,14.7044689],[121.1715421,14.7045701],[121.1715325,14.7045855],[121.1714158,14.7046114],[121.1713457,14.7045984],[121.1712057,14.7045621],[121.1710751,14.7045346],[121.1710579,14.704531],[121.1708693,14.7045048],[121.170853,14.7045025],[121.1707337,14.7044791],[121.1706109,14.7044688],[121.170457,14.7044791],[121.1703135,14.7045206],[121.1702176,14.7045544],[121.1700645,14.704544],[121.1699504,14.704474],[121.1697896,14.7043754],[121.1696444,14.7043132],[121.1695433,14.7043158],[121.1693617,14.7043339],[121.1692502,14.7043287],[121.1690868,14.7043106],[121.1689053,14.7043002],[121.1687775,14.7043029],[121.1687056,14.704378],[121.1686648,14.7044341],[121.1686226,14.7045016],[121.1686226,14.7045965],[121.1685847,14.7046345],[121.1685488,14.7046197],[121.1685088,14.7046239],[121.1684729,14.7046619],[121.1684476,14.7047125],[121.1684097,14.704742],[121.1683063,14.7047441],[121.1681883,14.7047905],[121.1680807,14.7048495],[121.1679078,14.704936],[121.1677792,14.7050688],[121.1677656,14.7050751],[121.1676801,14.7051152],[121.1675156,14.705111],[121.1672541,14.7052059],[121.1670538,14.7052291],[121.1668705,14.7052268],[121.1667185,14.7052249],[121.1666089,14.7052143],[121.166436,14.7052755],[121.1663158,14.7052987],[121.1661302,14.7053071],[121.1657907,14.7053261],[121.1656769,14.705333],[121.1655841,14.7053387],[121.1653226,14.7053366],[121.1651307,14.705343],[121.1648904,14.7052649],[121.1646458,14.7052734],[121.1645699,14.7052903],[121.1644961,14.7053619],[121.1644476,14.7054315],[121.1643231,14.7054969],[121.164243,14.7055117],[121.1641671,14.7054842],[121.1640364,14.7055264],[121.1639478,14.7055918],[121.1639373,14.7056972],[121.1639647,14.7058237],[121.163933,14.705946],[121.1638677,14.7059987],[121.1638065,14.7061],[121.1637918,14.7062012],[121.1637222,14.7063678],[121.163583,14.7065111],[121.1634755,14.7066124],[121.1633384,14.7068085],[121.1632161,14.7069961],[121.1631718,14.7070868],[121.1631339,14.7071374],[121.1631212,14.7071901],[121.1631423,14.7072808],[121.1631423,14.7073926],[121.1631423,14.7074664],[121.1631634,14.7075423],[121.1632161,14.7076793],[121.1632899,14.707808],[121.1633578,14.7079359],[121.1633782,14.708032],[121.1633679,14.7081158],[121.1633425,14.7081618],[121.1633282,14.7081876],[121.1632693,14.7082176],[121.1632079,14.7082469],[121.1631225,14.7082545],[121.1630179,14.708261],[121.1629019,14.7082462],[121.1628197,14.7081896],[121.1627421,14.7081292],[121.1626122,14.708004],[121.1625032,14.7079563],[121.1623665,14.7079335],[121.1622633,14.7079042],[121.1621516,14.7079197],[121.1619746,14.7079386],[121.1618839,14.7079497],[121.1618199,14.7079575],[121.1615947,14.7079592],[121.1614537,14.708028],[121.1613437,14.7081569],[121.1613312,14.7081836],[121.161275,14.708303],[121.1612131,14.7084577],[121.1612114,14.7085797],[121.1612578,14.7087173],[121.1614022,14.7089871],[121.1614383,14.7090937],[121.1614555,14.7091934],[121.1614898,14.7093274],[121.1615586,14.7094598],[121.1616256,14.7097056],[121.1616772,14.7098379],[121.1617786,14.7100184],[121.1619127,14.7102058],[121.1619917,14.7102917],[121.1620657,14.7104172],[121.1621086,14.7105289],[121.1621413,14.7106475],[121.1621396,14.710828],[121.1621082,14.7109246],[121.1620411,14.7110362],[121.1618775,14.7111737],[121.1617058,14.7112878],[121.1616793,14.7112968],[121.1614698,14.7113682],[121.1611855,14.7114046],[121.1608663,14.7114253],[121.1606376,14.7114027],[121.1602494,14.7113286],[121.1600456,14.7113008],[121.1600156,14.7112971],[121.159824,14.7112731],[121.1590816,14.7110837],[121.1587586,14.7110264],[121.1585838,14.7110121],[121.1583459,14.7109914],[121.1578732,14.7110012],[121.1576299,14.711059],[121.1574601,14.7111252],[121.1573344,14.711206],[121.1572322,14.7112508],[121.15721,14.7112605],[121.1569732,14.7113224],[121.1566848,14.7113344],[121.1566584,14.7113355],[121.1565266,14.7113279],[121.1560432,14.7113586],[121.1557624,14.7113643],[121.1554697,14.7114227],[121.1554528,14.7114304],[121.1552981,14.7115006],[121.1551023,14.7117107],[121.1549252,14.7120479],[121.1549169,14.7120614],[121.1547884,14.7122711],[121.1546919,14.7123878],[121.154598,14.7124345],[121.15448,14.7124241],[121.1543995,14.7123619],[121.1543901,14.7123468],[121.1543217,14.7122373],[121.1541823,14.7120765],[121.1541584,14.7120579],[121.1540589,14.7119805],[121.1538175,14.7118923],[121.1536285,14.711862],[121.1532437,14.7117971],[121.1530692,14.7117783],[121.1529081,14.7117676],[121.1527898,14.711742],[121.1527647,14.7117366],[121.1526692,14.7116656],[121.152637,14.7115931],[121.1526185,14.7114941],[121.1526427,14.7113708],[121.1527442,14.7110125],[121.1527805,14.7108944],[121.1528168,14.7107339],[121.1527981,14.7106431],[121.1527443,14.7105559],[121.1526666,14.7105014],[121.1525726,14.7104835],[121.1524569,14.7104605],[121.1522837,14.7104898],[121.1522556,14.7104945],[121.1519603,14.7105744],[121.1519362,14.7105809],[121.1517214,14.7107474],[121.1515496,14.7108601],[121.1513966,14.7109756],[121.1513634,14.7109961],[121.151257,14.7110615],[121.1510568,14.7111217],[121.150885,14.7111581],[121.1506969,14.7111777],[121.150529,14.711176],[121.1502579,14.7111793],[121.1499224,14.7111651],[121.1495467,14.7111659],[121.1494098,14.7111662],[121.1491305,14.7111948],[121.1488621,14.7112916],[121.1487037,14.7113885],[121.1486151,14.711536],[121.1486098,14.7116315],[121.1487011,14.7117228],[121.1488917,14.7118122],[121.1491494,14.7118828],[121.1495709,14.7119394],[121.1497427,14.7119475],[121.1498796,14.7120253],[121.1500919,14.7123203],[121.1502527,14.7126311],[121.1503119,14.712805],[121.1503319,14.7129391],[121.1503065,14.7130857],[121.1502595,14.7132063],[121.1501643,14.7133101],[121.1500597,14.7133451],[121.1499672,14.7133477],[121.1498103,14.7133282],[121.1496265,14.7132945],[121.1495232,14.7132815],[121.1495005,14.7134177],[121.1494656,14.7135734],[121.1494548,14.7136732],[121.149483,14.7137394],[121.1495125,14.7138367],[121.1495192,14.7139936],[121.1495353,14.714218],[121.1495528,14.7143802],[121.1495769,14.7145903],[121.1496587,14.714829],[121.1497607,14.7148964],[121.1498129,14.7149587],[121.1497982,14.7150469],[121.1497392,14.7151559],[121.1496211,14.715353],[121.1495903,14.7154776],[121.1495876,14.7155632],[121.1496346,14.7156514],[121.1497325,14.7157979],[121.1497741,14.7159341],[121.1498103,14.7161092],[121.1498438,14.7162506],[121.1498263,14.7163661],[121.1498022,14.7164828],[121.1497191,14.716606],[121.1495434,14.7166981],[121.1493824,14.716737],[121.1492202,14.7168226],[121.1490659,14.7169757],[121.1489305,14.717169],[121.1487508,14.7174608],[121.1485952,14.7177747],[121.1484678,14.718064],[121.1484029,14.7181778],[121.1483614,14.7182612],[121.1483601,14.7183531],[121.1484052,14.7184519],[121.1484622,14.7185284],[121.1485214,14.7185769],[121.1485861,14.7186365],[121.1486406,14.7187489],[121.1486389,14.7189464],[121.1486303,14.7191882],[121.1485997,14.7193074],[121.1485322,14.7194143],[121.1484504,14.7194882],[121.1482626,14.7195686],[121.1481258,14.7196828],[121.1480319,14.7198021],[121.1479756,14.7199811],[121.1479327,14.7202794],[121.1479273,14.7205654],[121.1479086,14.7207073],[121.1478348,14.7208566],[121.1477496,14.7209824],[121.1476705,14.7210551],[121.1475538,14.7211011],[121.1474352,14.7211102],[121.1473071,14.7210797],[121.1471388,14.7210194],[121.1468966,14.7208885],[121.1467829,14.7208204],[121.1466392,14.7207226],[121.1465286,14.7206395],[121.1464402,14.7206018],[121.1463548,14.7205727],[121.1462307,14.7205881],[121.146136,14.7206115],[121.1460183,14.720651],[121.1459727,14.7207897],[121.1457943,14.7210071],[121.1455878,14.7211893],[121.1453799,14.7213618],[121.1450928,14.7215864],[121.1447807,14.7217759],[121.144677,14.7218338],[121.1445639,14.7218686],[121.1442916,14.7218897],[121.1441736,14.7218781],[121.1440523,14.7219177],[121.1439334,14.7220327],[121.1438285,14.7221277],[121.143407,14.7225432],[121.1432573,14.7226989],[121.1429481,14.7229702],[121.1426267,14.7232616],[121.1424402,14.7234134],[121.1423255,14.7234793],[121.142223,14.7235044],[121.1420803,14.7235122],[121.1418685,14.7235153],[121.141473,14.7235357],[121.1411694,14.7235408],[121.1408709,14.7235613],[121.1407739,14.7235562],[121.1406744,14.7234898],[121.140603,14.7234566],[121.1405469,14.7234541],[121.1404627,14.7234209],[121.1403478,14.7233138],[121.1401386,14.7230586],[121.1398962,14.7226478],[121.1395824,14.7215278],[121.1394242,14.7210379],[121.1392176,14.7204485],[121.1390577,14.7201208],[121.1390109,14.720025],[121.1386767,14.7196244],[121.1385941,14.7195648],[121.1384893,14.7195431],[121.1383174,14.7195587],[121.1379833,14.7195932],[121.1375998,14.7196629],[121.1371367,14.7197702],[121.1369461,14.7198266],[121.1367608,14.7198715],[121.1365828,14.7199021],[121.1364416,14.7198881],[121.1363182,14.7198529],[121.1361966,14.7197705],[121.1360185,14.7195785],[121.1358576,14.7193884],[121.1357059,14.7191886],[121.1355878,14.7190135],[121.1354993,14.7189706],[121.1353357,14.7189538],[121.1351399,14.7190186],[121.1349776,14.719103],[121.1349186,14.7191821],[121.1349079,14.7192586],[121.1349123,14.7193915],[121.1348958,14.7194726],[121.1348355,14.7195336],[121.1347416,14.7195569],[121.1345766,14.7195816],[121.1344506,14.7196309],[121.1343406,14.7197126],[121.1341622,14.7198592],[121.1340255,14.7199292],[121.1339436,14.7199538],[121.1338565,14.7199435],[121.1337921,14.7198929],[121.1337438,14.7198099],[121.1337344,14.7196879],[121.1337237,14.7195427],[121.1336929,14.7194363],[121.1336003,14.7193805],[121.1334568,14.7193416],[121.1333169,14.7193105],[121.1331871,14.7192867],[121.1330947,14.7192466],[121.1330493,14.7192116],[121.1329805,14.7191451],[121.1328903,14.7190172],[121.1327574,14.7188381],[121.1325297,14.7185607],[121.132361,14.7183435],[121.1322697,14.7182649],[121.1321669,14.7181101],[121.1316613,14.7173563],[121.1315082,14.7170989],[121.1314453,14.7170038],[121.1313754,14.7169238],[121.131303,14.716859],[121.1312059,14.7168014],[121.131071,14.7167474],[121.1309007,14.71668],[121.1308193,14.7166205],[121.1307463,14.7165538],[121.1306459,14.7163466],[121.130603,14.7161598],[121.1305225,14.7158848],[121.1304903,14.7157448],[121.1304193,14.7155268],[121.1303652,14.7154419],[121.1302988,14.7153959],[121.1302227,14.7153813],[121.1301376,14.7153945],[121.1298104,14.7155061],[121.1297245,14.7155528],[121.1296789,14.7156111],[121.1296011,14.7156708],[121.1295019,14.715733],[121.1291895,14.7158952],[121.1289797,14.7160161],[121.1288582,14.7160768],[121.1287603,14.716095],[121.1287053,14.7161248],[121.1286087,14.716165],[121.1285564,14.7162467],[121.1285413,14.716392],[121.1285335,14.7165454],[121.1285501,14.7166769],[121.1285152,14.7167592],[121.1285006,14.7168581],[121.1284371,14.7169199],[121.1283184,14.716959],[121.128204,14.7169852],[121.1281201,14.7169994],[121.12803,14.7170322],[121.1279544,14.7170722],[121.1278785,14.717108],[121.1277735,14.7171246],[121.1276832,14.7172038],[121.1276474,14.7172786],[121.1276238,14.717344],[121.1275582,14.7174158],[121.1274619,14.7174463],[121.1273778,14.717523],[121.1273109,14.7175771],[121.127259,14.7176363],[121.1271989,14.7176894],[121.1271211,14.7178084],[121.1269415,14.7178571],[121.1268242,14.717853],[121.1267064,14.7178346],[121.1266096,14.7178339],[121.1264605,14.7178836],[121.1263858,14.7178996],[121.12628,14.7179086],[121.1261814,14.7179057],[121.1260839,14.717875],[121.1260042,14.7178179],[121.1259188,14.7176745]],[[121.1924193,14.6837528],[121.1923189,14.683729],[121.1922163,14.6836784],[121.1921305,14.68362],[121.1919219,14.6835636],[121.191756,14.6835749],[121.1916017,14.6836544],[121.1915158,14.6838158],[121.191456,14.6839227],[121.1913991,14.6840218],[121.1912651,14.6841317],[121.1911244,14.6842347],[121.191011,14.6843171],[121.1909218,14.6844167],[121.1908531,14.6845575],[121.1908565,14.684688],[121.1909115,14.6848391],[121.191005,14.6850009],[121.1910333,14.685122],[121.1910328,14.6851809],[121.1909983,14.685241],[121.1909344,14.6852977],[121.1907762,14.6854585],[121.1906413,14.6855752],[121.190439,14.6857826],[121.1903223,14.6858864],[121.190146,14.6859279],[121.1899437,14.6858734],[121.1898244,14.6858371],[121.1896221,14.6858164],[121.1894483,14.685863],[121.1892772,14.6858656],[121.1891215,14.685819],[121.1889945,14.6857334],[121.1889374,14.6856089],[121.1889089,14.685391],[121.1888025,14.6852665],[121.1887092,14.685225],[121.1885095,14.6851758],[121.1883694,14.6851991],[121.1881983,14.6852743],[121.1880323,14.6853651],[121.1878844,14.6854792],[121.1878274,14.6855752],[121.1877859,14.685723],[121.1877833,14.6858708],[121.1878248,14.686042],[121.1878015,14.6861431],[121.1877133,14.6862573],[121.1874695,14.6864621],[121.187279,14.6865529],[121.1871238,14.6865866],[121.1870184,14.6865633],[121.1869482,14.6864777],[121.1868989,14.6863143],[121.1867926,14.6861976],[121.1866733,14.6861276],[121.1865488,14.686055],[121.1864321,14.6860368],[121.1863595,14.6860653],[121.1862972,14.6861587],[121.1862739,14.6862417],[121.1862531,14.6864155],[121.1862998,14.6866229],[121.1862583,14.6869419],[121.1862116,14.6872921],[121.1862168,14.6874606],[121.1861727,14.687694],[121.1860896,14.6878445],[121.1859877,14.6879586],[121.1858667,14.6880779],[121.1857137,14.6881894],[121.1855996,14.6882024],[121.1854368,14.6882128],[121.1853244,14.688262],[121.1852443,14.6883606],[121.1852002,14.688524],[121.1852002,14.6886796],[121.1852313,14.6889519],[121.1852806,14.6890556],[121.1853428,14.6892553],[121.1853506,14.6893746],[121.1853117,14.6895432],[121.1852443,14.6896859],[121.1851302,14.6898129],[121.1850109,14.6899893],[121.1849486,14.690093],[121.1849434,14.6902927],[121.1849434,14.6904821],[121.1850186,14.6908062],[121.1849823,14.6911201],[121.1848993,14.6914339],[121.1848215,14.6915635],[121.1847619,14.6916517],[121.1846581,14.6917295],[121.184544,14.6917399],[121.1843754,14.6917295],[121.184168,14.6916284],[121.1838204,14.6914754],[121.1836363,14.691395],[121.183447,14.6913587],[121.183268,14.6914313],[121.1830994,14.6915143],[121.182879,14.6916258],[121.1826404,14.6916828],[121.1824874,14.691688],[121.1823188,14.6916569],[121.182145,14.6916569],[121.1819557,14.6917425],[121.1818909,14.6917736],[121.181826,14.6917762],[121.181605,14.6917749],[121.1814067,14.6917334],[121.1812862,14.6916842],[121.1811358,14.6915856],[121.1808491,14.6913872],[121.1806227,14.6912316],[121.1805085,14.6911667],[121.1803918,14.6910863],[121.1802855,14.6910656],[121.1801973,14.691076],[121.1800962,14.6911693],[121.1800236,14.6913223],[121.180008,14.6914598],[121.1799639,14.691631],[121.1799691,14.6917918],[121.1799017,14.6921004],[121.1798939,14.6921886],[121.1799069,14.6922949],[121.1799717,14.6923909],[121.1800495,14.6924505],[121.1801662,14.6924972],[121.1803039,14.6925517],[121.1803402,14.6926969],[121.1802596,14.6927903],[121.1802155,14.692824],[121.1801405,14.6928616],[121.1800655,14.6928783],[121.1799561,14.6929096],[121.1798213,14.692977],[121.1797046,14.6930781],[121.1796631,14.693143],[121.1796657,14.6932441],[121.1797279,14.6933608],[121.1798161,14.6934309],[121.1799458,14.6934905],[121.1800625,14.6934931],[121.1800865,14.6934896],[121.1802751,14.693462],[121.1804593,14.6934412],[121.1805993,14.6934724],[121.1808198,14.6935398],[121.1809572,14.6936046],[121.1810713,14.6936721],[121.1811543,14.6937758],[121.1811647,14.6938354],[121.1811154,14.6939262],[121.1810039,14.6940118],[121.1808457,14.6941207],[121.1807446,14.6941674],[121.1805939,14.6941998],[121.1804774,14.6942322],[121.1803296,14.6942919],[121.180231,14.6943749],[121.1800754,14.6944423],[121.1798565,14.6945634],[121.179855,14.6945642],[121.1797487,14.6946394],[121.1794879,14.6947626],[121.1792232,14.6949105],[121.1791476,14.6949687],[121.1790968,14.6950712],[121.1791076,14.6951867],[121.1791697,14.6952619],[121.1794193,14.695363],[121.1798368,14.6955835],[121.180021,14.6956924],[121.1803449,14.6957689],[121.1804713,14.6957903],[121.1805593,14.6958026],[121.1806556,14.6958661],[121.1807446,14.6959699],[121.1808068,14.6961462],[121.1808379,14.696333],[121.1807861,14.6964808],[121.1806207,14.6966105],[121.1805207,14.6966623],[121.1804158,14.6967077],[121.1802674,14.696735],[121.1800625,14.696722],[121.1798861,14.6966831],[121.1796988,14.6966196],[121.1795258,14.6965444],[121.1794109,14.6964705],[121.1793401,14.6964077],[121.1792458,14.6963231],[121.1791656,14.6962798],[121.1790804,14.6962397],[121.178992,14.696215],[121.1788898,14.6961955],[121.1787997,14.6961865],[121.1786824,14.6961891],[121.1785686,14.6962059],[121.1784778,14.6962707],[121.1783923,14.6963952],[121.1783378,14.6965249],[121.1783015,14.6967272],[121.1782496,14.6968802],[121.1781718,14.6971162],[121.178177,14.6972537],[121.1782263,14.6973963],[121.1783378,14.6975364],[121.1785521,14.6977153],[121.178969,14.6979241],[121.1791399,14.6979986],[121.1792616,14.698046],[121.1795377,14.6981601],[121.1796786,14.6982159],[121.1797927,14.6983014],[121.1798887,14.6984259],[121.1799198,14.6985141],[121.179912,14.6986464],[121.1798498,14.6987553],[121.1797953,14.6988331],[121.1796367,14.6988935],[121.1795567,14.6989239],[121.1793078,14.6990743],[121.1791522,14.6992014],[121.1790432,14.6993181],[121.1787683,14.6994685],[121.1785556,14.6995645],[121.1784753,14.6996008],[121.1782911,14.6996345],[121.1781666,14.6997382],[121.1780966,14.6998316],[121.1780629,14.6999353],[121.1780214,14.7000806],[121.1779773,14.7002647],[121.1779332,14.7003425],[121.1778588,14.7004151],[121.1777324,14.7004618],[121.177604,14.7004346],[121.177526,14.7003088],[121.1775338,14.7001299],[121.177609,14.6998913],[121.1776557,14.699733],[121.1777024,14.6994504],[121.177679,14.6992662],[121.1775338,14.6989732],[121.1773445,14.6986775],[121.1772226,14.6985426],[121.1771318,14.6984648],[121.1770021,14.6984493],[121.1769217,14.6984804],[121.1768725,14.6985349],[121.1768102,14.6986801],[121.1767765,14.6988201],[121.1767272,14.6989602],[121.1766287,14.6991495],[121.1765794,14.6992195],[121.1763693,14.6992947],[121.1761826,14.6993207],[121.17604,14.6993207],[121.1758662,14.6993077],[121.175648,14.6992915],[121.1754486,14.6993129],[121.1753708,14.6993492],[121.1752904,14.6993985],[121.1752139,14.6995126],[121.1750986,14.6996891],[121.1749804,14.6998652],[121.1747593,14.7001148],[121.1746627,14.7002103],[121.1744811,14.700301],[121.1740322,14.7004617],[121.1739445,14.700527],[121.1738632,14.7005876],[121.1737151,14.7007517],[121.1735541,14.7009389],[121.1733702,14.701144],[121.1731584,14.7013875],[121.1731098,14.7015019],[121.1731359,14.7015569],[121.173085,14.7016512],[121.1730673,14.7017728],[121.1730096,14.7018682],[121.1729527,14.7020032],[121.1729424,14.7020236],[121.172838,14.7022299],[121.1727236,14.7023693],[121.1726598,14.7024024],[121.1725538,14.7024676],[121.1723321,14.7025677],[121.1722695,14.7026269],[121.1722267,14.70268],[121.1722091,14.7027423],[121.1721675,14.7027902],[121.1721454,14.7029185],[121.1722239,14.7029981],[121.1722548,14.7030668],[121.1722565,14.7030706],[121.1722013,14.7032617],[121.1722067,14.7034236],[121.1721481,14.7034863],[121.172115,14.7035633],[121.1720238,14.7035879],[121.1719134,14.7037356],[121.171901,14.7039066],[121.1718444,14.7040652],[121.1717076,14.7042741],[121.171605,14.7044689],[121.1715421,14.7045701],[121.1715325,14.7045855],[121.1714158,14.7046114],[121.1713457,14.7045984],[121.1712057,14.7045621],[121.1710751,14.7045346],[121.1710579,14.704531],[121.1708693,14.7045048],[121.170853,14.7045025],[121.1707337,14.7044791],[121.1706109,14.7044688],[121.170457,14.7044791],[121.1703135,14.7045206],[121.1702176,14.7045544],[121.1700645,14.704544],[121.1699504,14.704474],[121.1697896,14.7043754],[121.1696444,14.7043132],[121.1695433,14.7043158],[121.1693617,14.7043339],[121.1692502,14.7043287],[121.1690868,14.7043106],[121.1689053,14.7043002],[121.1687775,14.7043029],[121.1687056,14.704378],[121.1686648,14.7044341],[121.1686226,14.7045016],[121.1686226,14.7045965],[121.1685847,14.7046345],[121.1685488,14.7046197],[121.1685088,14.7046239],[121.1684729,14.7046619],[121.1684476,14.7047125],[121.1684097,14.704742],[121.1683063,14.7047441],[121.1681883,14.7047905],[121.1680807,14.7048495],[121.1679078,14.704936],[121.1677792,14.7050688],[121.1677656,14.7050751],[121.1676801,14.7051152],[121.1675156,14.705111],[121.1672541,14.7052059],[121.1670538,14.7052291],[121.1668705,14.7052268],[121.1667185,14.7052249],[121.1666089,14.7052143],[121.166436,14.7052755],[121.1663158,14.7052987],[121.1661302,14.7053071],[121.1657907,14.7053261],[121.1656769,14.705333],[121.1655841,14.7053387],[121.1653226,14.7053366],[121.1651307,14.705343],[121.1648904,14.7052649],[121.1646458,14.7052734],[121.1645699,14.7052903],[121.1644961,14.7053619],[121.1644476,14.7054315],[121.1643231,14.7054969],[121.164243,14.7055117],[121.1641671,14.7054842],[121.1640364,14.7055264],[121.1639478,14.7055918],[121.1639373,14.7056972],[121.1639647,14.7058237],[121.163933,14.705946],[121.1638677,14.7059987],[121.1638065,14.7061],[121.1637918,14.7062012],[121.1637222,14.7063678],[121.163583,14.7065111],[121.1634755,14.7066124],[121.1633384,14.7068085],[121.1632161,14.7069961],[121.1631718,14.7070868],[121.1631339,14.7071374],[121.1631212,14.7071901],[121.1631423,14.7072808],[121.1631423,14.7073926],[121.1631423,14.7074664],[121.1631634,14.7075423],[121.1632161,14.7076793],[121.1632899,14.707808],[121.1633578,14.7079359],[121.1633782,14.708032],[121.1633679,14.7081158],[121.1633425,14.7081618],[121.1633282,14.7081876],[121.1632693,14.7082176],[121.1632079,14.7082469],[121.1631225,14.7082545],[121.1630179,14.708261],[121.1629019,14.7082462],[121.1628197,14.7081896],[121.1627421,14.7081292],[121.1626122,14.708004],[121.1625032,14.7079563],[121.1623665,14.7079335],[121.1622633,14.7079042],[121.1621516,14.7079197],[121.1619746,14.7079386],[121.1618839,14.7079497],[121.1618199,14.7079575],[121.1615947,14.7079592],[121.1614537,14.708028],[121.1613437,14.7081569],[121.1613312,14.7081836],[121.161275,14.708303],[121.1612131,14.7084577],[121.1612114,14.7085797],[121.1612578,14.7087173],[121.1614022,14.7089871],[121.1614383,14.7090937],[121.1614555,14.7091934],[121.1614898,14.7093274],[121.1615586,14.7094598],[121.1616256,14.7097056],[121.1616772,14.7098379],[121.1617786,14.7100184],[121.1619127,14.7102058],[121.1619917,14.7102917],[121.1620657,14.7104172],[121.1621086,14.7105289],[121.1621413,14.7106475],[121.1621396,14.710828],[121.1621082,14.7109246],[121.1620411,14.7110362],[121.1618775,14.7111737],[121.1617058,14.7112878],[121.1616793,14.7112968],[121.1614698,14.7113682],[121.1611855,14.7114046],[121.1608663,14.7114253],[121.1606376,14.7114027],[121.1602494,14.7113286],[121.1600456,14.7113008],[121.1600156,14.7112971],[121.159824,14.7112731],[121.1590816,14.7110837],[121.1587586,14.7110264],[121.1585838,14.7110121],[121.1583459,14.7109914],[121.1578732,14.7110012],[121.1576299,14.711059],[121.1574601,14.7111252],[121.1573344,14.711206],[121.1572322,14.7112508],[121.15721,14.7112605],[121.1569732,14.7113224],[121.1566848,14.7113344],[121.1566584,14.7113355],[121.1565266,14.7113279],[121.1560432,14.7113586],[121.1557624,14.7113643],[121.1554697,14.7114227],[121.1554528,14.7114304],[121.1552981,14.7115006],[121.1551023,14.7117107],[121.1549252,14.7120479],[121.1549169,14.7120614],[121.1547884,14.7122711],[121.1546919,14.7123878],[121.154598,14.7124345],[121.15448,14.7124241],[121.1543995,14.7123619],[121.1543901,14.7123468],[121.1543217,14.7122373],[121.1541823,14.7120765],[121.1541584,14.7120579],[121.1540589,14.7119805],[121.1538175,14.7118923],[121.1536285,14.711862],[121.1532437,14.7117971],[121.1530692,14.7117783],[121.1529081,14.7117676],[121.1527898,14.711742],[121.1527647,14.7117366],[121.1526692,14.7116656],[121.152637,14.7115931],[121.1526185,14.7114941],[121.1526427,14.7113708],[121.1527442,14.7110125]],[[121.1495232,14.7132815],[121.1495005,14.7134177],[121.1494656,14.7135734],[121.1494548,14.7136732],[121.149483,14.7137394],[121.1495125,14.7138367],[121.1495192,14.7139936],[121.1495353,14.714218],[121.1495528,14.7143802],[121.1495769,14.7145903],[121.1496587,14.714829],[121.1497607,14.7148964],[121.1498129,14.7149587],[121.1497982,14.7150469],[121.1497392,14.7151559],[121.1496211,14.715353],[121.1495903,14.7154776],[121.1495876,14.7155632],[121.1496346,14.7156514],[121.1497325,14.7157979],[121.1497741,14.7159341],[121.1498103,14.7161092],[121.1498438,14.7162506],[121.1498263,14.7163661],[121.1498022,14.7164828],[121.1497191,14.716606],[121.1495434,14.7166981],[121.1493824,14.716737],[121.1492202,14.7168226],[121.1490659,14.7169757],[121.1489305,14.717169],[121.1487508,14.7174608],[121.1485952,14.7177747],[121.1484678,14.718064],[121.1484029,14.7181778],[121.1483614,14.7182612],[121.1483601,14.7183531],[121.1484052,14.7184519],[121.1484622,14.7185284],[121.1485214,14.7185769],[121.1485861,14.7186365],[121.1486406,14.7187489],[121.1486389,14.7189464],[121.1486303,14.7191882],[121.1485997,14.7193074],[121.1485322,14.7194143],[121.1484504,14.7194882],[121.1482626,14.7195686],[121.1481258,14.7196828],[121.1480319,14.7198021],[121.1479756,14.7199811],[121.1479327,14.7202794],[121.1479273,14.7205654],[121.1479086,14.7207073],[121.1478348,14.7208566],[121.1477496,14.7209824],[121.1476705,14.7210551],[121.1475538,14.7211011],[121.1474352,14.7211102],[121.1473071,14.7210797],[121.1471388,14.7210194],[121.1468966,14.7208885],[121.1467829,14.7208204],[121.1466392,14.7207226],[121.1465286,14.7206395],[121.1464402,14.7206018],[121.1463548,14.7205727],[121.1462307,14.7205881],[121.146136,14.7206115],[121.1460183,14.720651],[121.1459727,14.7207897],[121.1457943,14.7210071],[121.1455878,14.7211893],[121.1453799,14.7213618],[121.1450928,14.7215864],[121.1447807,14.7217759],[121.144677,14.7218338],[121.1445639,14.7218686],[121.1442916,14.7218897],[121.1441736,14.7218781],[121.1440523,14.7219177],[121.1439334,14.7220327],[121.1438285,14.7221277],[121.143407,14.7225432],[121.1432573,14.7226989],[121.1429481,14.7229702],[121.1426267,14.7232616],[121.1424402,14.7234134],[121.1423255,14.7234793],[121.142223,14.7235044],[121.1420803,14.7235122],[121.1418685,14.7235153],[121.141473,14.7235357],[121.1411694,14.7235408],[121.1408709,14.7235613],[121.1407739,14.7235562],[121.1406744,14.7234898],[121.140603,14.7234566],[121.1405469,14.7234541],[121.1404627,14.7234209],[121.1403478,14.7233138],[121.1401386,14.7230586],[121.1398962,14.7226478],[121.1395824,14.7215278],[121.1394242,14.7210379],[121.1392176,14.7204485],[121.1390577,14.7201208],[121.1390109,14.720025],[121.1386767,14.7196244],[121.1385941,14.7195648],[121.1384893,14.7195431],[121.1383174,14.7195587],[121.1379833,14.7195932],[121.1375998,14.7196629],[121.1371367,14.7197702],[121.1369461,14.7198266],[121.1367608,14.7198715],[121.1365828,14.7199021],[121.1364416,14.7198881],[121.1363182,14.7198529],[121.1361966,14.7197705],[121.1360185,14.7195785],[121.1358576,14.7193884],[121.1357059,14.7191886],[121.1355878,14.7190135],[121.1354993,14.7189706],[121.1353357,14.7189538],[121.1351399,14.7190186],[121.1349776,14.719103],[121.1349186,14.7191821],[121.1349079,14.7192586],[121.1349123,14.7193915],[121.1348958,14.7194726],[121.1348355,14.7195336],[121.1347416,14.7195569],[121.1345766,14.7195816],[121.1344506,14.7196309],[121.1343406,14.7197126],[121.1341622,14.7198592],[121.1340255,14.7199292],[121.1339436,14.7199538],[121.1338565,14.7199435],[121.1337921,14.7198929],[121.1337438,14.7198099],[121.1337344,14.7196879],[121.1337237,14.7195427],[121.1336929,14.7194363],[121.1336003,14.7193805],[121.1334568,14.7193416],[121.1333169,14.7193105],[121.1331871,14.7192867],[121.1330947,14.7192466],[121.1330493,14.7192116],[121.1329805,14.7191451],[121.1328903,14.7190172],[121.1327574,14.7188381],[121.1325297,14.7185607],[121.132361,14.7183435],[121.1322697,14.7182649],[121.1321669,14.7181101],[121.1316613,14.7173563],[121.1315082,14.7170989],[121.1314453,14.7170038],[121.1313754,14.7169238],[121.131303,14.716859],[121.1312059,14.7168014],[121.131071,14.7167474],[121.1309007,14.71668],[121.1308193,14.7166205],[121.1307463,14.7165538],[121.1306459,14.7163466],[121.130603,14.7161598],[121.1305225,14.7158848],[121.1304903,14.7157448],[121.1304193,14.7155268],[121.1303652,14.7154419],[121.1302988,14.7153959],[121.1302227,14.7153813],[121.1301376,14.7153945],[121.1298104,14.7155061],[121.1297245,14.7155528],[121.1296789,14.7156111],[121.1296011,14.7156708],[121.1295019,14.715733],[121.1291895,14.7158952],[121.1289797,14.7160161],[121.1288582,14.7160768],[121.1287603,14.716095],[121.1287053,14.7161248],[121.1286087,14.716165],[121.1285564,14.7162467],[121.1285413,14.716392],[121.1285335,14.7165454],[121.1285501,14.7166769],[121.1285152,14.7167592],[121.1285006,14.7168581],[121.1284371,14.7169199],[121.1283184,14.716959],[121.128204,14.7169852],[121.1281201,14.7169994],[121.12803,14.7170322],[121.1279544,14.7170722],[121.1278785,14.717108],[121.1277735,14.7171246],[121.1276832,14.7172038],[121.1276474,14.7172786],[121.1276238,14.717344],[121.1275582,14.7174158],[121.1274619,14.7174463],[121.1273778,14.717523],[121.1273109,14.7175771],[121.127259,14.7176363],[121.1271989,14.7176894],[121.1271211,14.7178084],[121.1269415,14.7178571],[121.1268242,14.717853],[121.1267064,14.7178346],[121.1266096,14.7178339],[121.1264605,14.7178836],[121.1263858,14.7178996],[121.12628,14.7179086],[121.1261814,14.7179057],[121.1260839,14.717875],[121.1260042,14.7178179],[121.1259188,14.7176745]],[[121.1527442,14.7110125],[121.1527805,14.7108944],[121.1528168,14.7107339],[121.1527981,14.7106431],[121.1527443,14.7105559],[121.1526666,14.7105014],[121.1525726,14.7104835],[121.1524569,14.7104605],[121.1522837,14.7104898],[121.1522556,14.7104945],[121.1519603,14.7105744],[121.1519362,14.7105809],[121.1517214,14.7107474],[121.1515496,14.7108601],[121.1513966,14.7109756],[121.1513634,14.7109961],[121.151257,14.7110615],[121.1510568,14.7111217],[121.150885,14.7111581],[121.1506969,14.7111777],[121.150529,14.711176],[121.1502579,14.7111793],[121.1499224,14.7111651],[121.1495467,14.7111659],[121.1494098,14.7111662],[121.1491305,14.7111948],[121.1488621,14.7112916],[121.1487037,14.7113885],[121.1486151,14.711536],[121.1486098,14.7116315],[121.1487011,14.7117228],[121.1488917,14.7118122],[121.1491494,14.7118828],[121.1495709,14.7119394],[121.1497427,14.7119475],[121.1498796,14.7120253],[121.1500919,14.7123203],[121.1502527,14.7126311],[121.1503119,14.712805],[121.1503319,14.7129391],[121.1503065,14.7130857],[121.1502595,14.7132063],[121.1501643,14.7133101],[121.1500597,14.7133451],[121.1499672,14.7133477],[121.1498103,14.7133282],[121.1496265,14.7132945],[121.1495232,14.7132815]]]}},{"type":"Feature","properties":{"@id":"way/4304724","boat":"no","name":"Estero de Paco","source":"Bing","waterway":"river"},"geometry":{"type":"MultiLineString","coordinates":[[[120.9931702,14.587374],[120.9925007,14.5878641],[120.9920887,14.5884372],[120.9919085,14.5887695],[120.9915237,14.5891604],[120.9914315,14.5892773]],[[120.9913306,14.5894077],[120.9913105,14.5894343],[120.9912064,14.5895101],[120.9905321,14.5897209]],[[120.9914315,14.5892773],[120.9913306,14.5894077]]]}},{"type":"Feature","properties":{"@id":"way/4443915","boat":"yes","name":"Pasig River","name:es":"Río Pasig","source":"Bing","waterway":"river","wikipedia":"en:Manila's 6th congressional district"},"geometry":{"type":"MultiLineString","coordinates":[[[120.9928282,14.5912614],[120.9914379,14.5902686],[120.9905321,14.5897209]],[[121.0078165,14.5830022],[121.007574,14.5835272],[121.0071368,14.5844477],[121.0070042,14.5851192],[121.007035,14.5857479],[121.0071991,14.5864586],[121.0075306,14.5869564],[121.0081622,14.5874792],[121.0086627,14.5877831],[121.0091082,14.587914],[121.0096889,14.5878771],[121.0105438,14.5880289],[121.0109622,14.5881309],[121.0113938,14.5883069],[121.0122031,14.5887127],[121.0128549,14.5894544]],[[120.9995656,14.5965586],[120.9991564,14.5966601],[120.9990909,14.5966627],[120.9985353,14.5966841],[120.9981063,14.5966036],[120.9976724,14.5963593],[120.9973291,14.5960958],[120.9962409,14.5951773]],[[121.0181727,14.5868312],[121.016212,14.5864596],[121.0149714,14.5861372],[121.0142808,14.585784],[121.0139007,14.5854247],[121.0126868,14.5840051],[121.0125003,14.5837821]],[[121.0179149,14.5792635],[121.0176707,14.5794322]],[[121.0176707,14.5794322],[121.0174307,14.5796172],[121.0172846,14.5797867],[121.0170704,14.5806055],[121.0171617,14.5811598],[121.0177288,14.5818013],[121.0185249,14.582516],[121.0195256,14.5837935]],[[121.0195256,14.5837935],[121.0197617,14.584126],[121.0200669,14.5847398],[121.0203133,14.5854576],[121.0203561,14.5857665]],[[121.0529018,14.5670806],[121.0520715,14.5675983],[121.0515762,14.567896]],[[121.0669318,14.5590928],[121.066786,14.5597138],[121.066395,14.5604251],[121.0661892,14.5605747]],[[120.979747,14.5970416],[120.9795671,14.5970039],[120.978363,14.5963841]],[[120.9928282,14.5912614],[120.9909858,14.5911127],[120.9901665,14.5912937],[120.9887453,14.5913675],[120.9877703,14.5913548],[120.9867475,14.5914155],[120.9862513,14.5913461]],[[120.9807601,14.5968237],[120.980275,14.5969952],[120.979747,14.5970416]],[[120.9773389,14.5957838],[120.9769412,14.5956029],[120.9758194,14.5953511],[120.974771,14.5952797]],[[120.974771,14.5952797],[120.9730159,14.5953105],[120.9714972,14.5955037],[120.9703434,14.5957956],[120.9703038,14.5958054],[120.9695916,14.5959824],[120.9684298,14.5960191],[120.967321,14.5959404]],[[120.967321,14.5959404],[120.9670053,14.5959095],[120.9659065,14.5958536],[120.9629324,14.5958351]],[[121.0515762,14.567896],[121.0503257,14.5684544],[121.0494247,14.5685464]],[[121.0494247,14.5685464],[121.0486801,14.5684875]],[[121.0471328,14.5684046],[121.0465971,14.5684302],[121.0459759,14.5684886]],[[121.0459759,14.5684886],[121.0452153,14.5685631],[121.0438269,14.5687598],[121.043269,14.5687541]],[[121.043269,14.5687541],[121.0424464,14.5686538],[121.0415795,14.5683796],[121.0403483,14.5681005]],[[121.0383354,14.5676284],[121.0379111,14.5675124],[121.0375134,14.5674251]],[[121.0403483,14.5681005],[121.0401944,14.5680722],[121.039415,14.5679048],[121.0383354,14.5676284]],[[121.0375134,14.5674251],[121.0365928,14.5672249],[121.0357259,14.5672083],[121.0349191,14.5672665],[121.0339341,14.567539]],[[121.0274865,14.5731181],[121.0267072,14.5737609]],[[121.0256183,14.5745385],[121.0250973,14.5749264]],[[121.0250973,14.5749264],[121.0225394,14.5764544]],[[121.0213134,14.5772021],[121.0196937,14.5781604],[121.0185039,14.5789015],[121.0179149,14.5792635]],[[121.0026015,14.5962912],[121.0023156,14.5960785],[121.001893,14.5958949],[121.0014246,14.5958877]],[[121.1017269,14.5357651],[121.1010718,14.5362181],[121.1005837,14.5363713],[121.0999466,14.5367551],[121.0994225,14.5369866],[121.0992793,14.5370879],[121.0990146,14.5372753],[121.0986764,14.5376144],[121.0985228,14.5378199],[121.0982797,14.5382459],[121.0980772,14.5387781],[121.0979551,14.5390663],[121.097774,14.5393449],[121.0974884,14.539692],[121.0972033,14.539991],[121.096835,14.5402595],[121.0965653,14.5404485],[121.0963889,14.54061],[121.0962844,14.540749],[121.0961877,14.5409431],[121.0961428,14.5411748],[121.0961541,14.5413932],[121.0961669,14.5416482],[121.0962033,14.5419892],[121.0963219,14.542457],[121.0964133,14.5428665],[121.0963921,14.5432131],[121.0962908,14.5436138],[121.0961738,14.543857],[121.0958944,14.5441587],[121.0955441,14.5444017],[121.0951646,14.5446097],[121.0948958,14.5448014],[121.0947346,14.5449541]],[[121.0553692,14.5656936],[121.0548229,14.5658749],[121.0536044,14.5666185],[121.0529018,14.5670806]],[[121.0661892,14.5605747],[121.0657254,14.5608467],[121.0649436,14.5609792]],[[121.0669281,14.5577153],[121.0669179,14.5583764],[121.0669318,14.5590928]],[[121.0947346,14.5449541],[121.094676,14.5450495],[121.0945978,14.5451806],[121.094551,14.5453353],[121.0943623,14.5463956],[121.0943234,14.546977],[121.0942832,14.5476781],[121.0940409,14.548593],[121.0932841,14.5509844],[121.093114,14.551833],[121.0929989,14.5521324],[121.0928393,14.5525475],[121.0923072,14.552805],[121.0916634,14.5526804],[121.0907708,14.552265],[121.0897666,14.5520906],[121.0890027,14.5521903],[121.0883675,14.5527635],[121.0881005,14.552926]],[[121.0789893,14.5537377],[121.0779133,14.5534863],[121.0766431,14.5535693],[121.0754243,14.5540512],[121.0742452,14.5546659]],[[121.0649436,14.5609792],[121.0640479,14.561131],[121.0626956,14.561611],[121.0616999,14.5624085],[121.0597516,14.5642112],[121.0583484,14.5649752],[121.058241,14.5650336],[121.0569086,14.5653426],[121.0558247,14.5655935],[121.0553692,14.5656936]],[[121.014488,14.5901854],[121.0152271,14.5907217],[121.0158104,14.591156],[121.0160714,14.5914563],[121.0161604,14.5917751],[121.0161891,14.5920356],[121.0161169,14.5922923],[121.0159368,14.5926128],[121.0155911,14.5930161],[121.0151831,14.5932508],[121.013718,14.593856],[121.0128645,14.5941717],[121.0121637,14.594541],[121.0112688,14.5951599]],[[120.9816925,14.5960662],[120.9807601,14.5968237]],[[120.9962409,14.5951773],[120.9959451,14.5948795],[120.9957133,14.5945642],[120.9953981,14.5938504],[120.9946815,14.592735],[120.9940389,14.5920311],[120.9933873,14.5915717],[120.9928282,14.5912614]],[[121.1084498,14.5261723],[121.1079168,14.5262505],[121.1073519,14.5263165],[121.1067796,14.5265725],[121.1062842,14.5268807],[121.10605,14.5270866],[121.1058943,14.5273252],[121.1058193,14.5275799],[121.1058086,14.5278448],[121.1058336,14.5281649],[121.1059607,14.5289786],[121.1061519,14.5296934],[121.1063523,14.5302796],[121.1064392,14.5308831],[121.1064309,14.5312591],[121.1063813,14.53167],[121.1062351,14.5319938],[121.1059661,14.5323348],[121.1056262,14.5327312],[121.1051059,14.5331207],[121.1040832,14.5338787]],[[121.0225394,14.5764544],[121.0218947,14.5768554]],[[120.9863064,14.590906],[120.9862513,14.5913461]],[[120.9862513,14.5913461],[120.9853583,14.5918129],[120.9847494,14.5922912],[120.9837548,14.5932632],[120.9831481,14.5940748],[120.9827719,14.5947242]],[[121.0128549,14.5894544],[121.014488,14.5901854]],[[121.0014246,14.5958877],[121.0008447,14.5959986],[121.0001814,14.5962594],[120.9995656,14.5965586]],[[120.9905321,14.5897209],[120.9896837,14.58955],[120.9890726,14.5895968],[120.9885973,14.5897574],[120.9881899,14.589816],[120.9877513,14.589879],[120.9873827,14.5900011],[120.9870985,14.5901995],[120.9866877,14.5906267],[120.9863064,14.590906]],[[121.0125003,14.5837821],[121.0121408,14.5833455]],[[121.0113899,14.5826269],[121.0107657,14.5821505],[121.0103577,14.5820171]],[[121.0103577,14.5820171],[121.0100351,14.5819922],[121.009123,14.5820949],[121.0084531,14.5823562],[121.0078165,14.5830022]],[[121.0330171,14.5682805],[121.0315824,14.5695734],[121.030507,14.5706165],[121.0274865,14.5731181]],[[121.0339341,14.567539],[121.0330171,14.5682805]],[[121.0267072,14.5737609],[121.0256183,14.5745385]],[[121.0189473,14.5869859],[121.0186613,14.5869442],[121.0181727,14.5868312]],[[121.0199832,14.5864478],[121.0195742,14.5867492],[121.0192809,14.5869147],[121.0189473,14.5869859]],[[121.0121408,14.5833455],[121.0113899,14.5826269]],[[121.0094959,14.5960868],[121.0076411,14.5967621],[121.006973,14.5969354],[121.0063408,14.5971942],[121.0056832,14.5973472],[121.0050099,14.597296],[121.0041752,14.597065],[121.0033667,14.5967518],[121.0032176,14.5966781],[121.0026015,14.5962912]],[[121.0112688,14.5951599],[121.0094959,14.5960868]],[[120.978363,14.5963841],[120.9778558,14.5960747],[120.9773389,14.5957838]],[[121.1040832,14.5338787],[121.1033661,14.5344058],[121.1027159,14.5349437],[121.1025753,14.5350627],[121.1023432,14.535255],[121.1019847,14.5355934],[121.1017269,14.5357651]],[[121.0486801,14.5684875],[121.0471328,14.5684046]],[[120.9827719,14.5947242],[120.982104,14.5955756]],[[121.0218947,14.5768554],[121.0213134,14.5772021]],[[120.9629324,14.5958351],[120.9627355,14.5958255],[120.9603964,14.5957121]],[[120.982104,14.5955756],[120.9816925,14.5960662]],[[121.0203561,14.5857665],[121.020332,14.5859794],[121.0202515,14.586174],[121.0199832,14.5864478]],[[121.0881005,14.552926],[121.087535,14.5532703],[121.0864621,14.5534198],[121.0845051,14.5531914],[121.0829173,14.55337],[121.0825335,14.5534766],[121.0820765,14.5536034],[121.0817896,14.5536831],[121.0808144,14.5537937],[121.0795463,14.5538269],[121.0789893,14.5537377]]]}},{"type":"Feature","properties":{"@id":"way/4989996","name":"Tumana Creek","waterway":"river"},"geometry":{"type":"MultiLineString","coordinates":[[[121.101386,14.6510452],[121.1008281,14.650821],[121.0992917,14.6506715],[121.0989999,14.6506964],[121.0988797,14.6507795],[121.098811,14.6509538],[121.098193,14.6517012],[121.0978583,14.6521496],[121.0977896,14.6523489],[121.0959443,14.6535364],[121.0957245,14.6536784],[121.0955435,14.6537873],[121.0954653,14.6538634],[121.0951424,14.6538804]]]}},{"type":"Feature","properties":{"@id":"way/5172405","boat":"no","name":"Culiat Creek","waterway":"river"},"geometry":{"type":"MultiLineString","coordinates":[[[121.0362651,14.6645755],[121.0361459,14.6644696],[121.0360874,14.6643996],[121.0360162,14.6643248],[121.0359482,14.6642606],[121.0359031,14.6642285],[121.0358507,14.664214],[121.0357978,14.6642064],[121.0357283,14.6642153],[121.0356688,14.6642369],[121.0356076,14.6642692],[121.0355282,14.6643192],[121.035422,14.6643961],[121.0352747,14.664513],[121.0352048,14.6645733],[121.0344861,14.6654107],[121.0344237,14.665472],[121.0343524,14.6655253],[121.0342855,14.6655631],[121.0342271,14.6655914],[121.0341524,14.6656195],[121.0340669,14.6656439],[121.0339714,14.6656572],[121.0338152,14.6656606],[121.0336267,14.6656609],[121.0334988,14.665644],[121.0332283,14.6655884],[121.0331518,14.6655715],[121.0330773,14.6655565],[121.0330235,14.6655523],[121.0329802,14.6655654],[121.0329465,14.6655895],[121.0329086,14.6656218],[121.0328714,14.6656593],[121.0328257,14.6657145],[121.0327988,14.6657606],[121.0327798,14.6658051],[121.0327536,14.6658537],[121.0327123,14.6658997],[121.0326883,14.6659261],[121.0326531,14.6659395],[121.0326078,14.665938]],[[121.02634,14.6628356],[121.0262855,14.662724],[121.0262358,14.6626401],[121.0261534,14.6625474],[121.0260698,14.6624672],[121.0259688,14.662382],[121.0258694,14.6623155],[121.0257155,14.6622236],[121.0255934,14.6622046],[121.0254978,14.6622104],[121.0253979,14.6622366],[121.0252791,14.6622983],[121.0251584,14.6623799],[121.02494,14.6625433],[121.0248099,14.662658],[121.024695,14.6627664],[121.0246045,14.6628448],[121.0244935,14.6629226],[121.024364,14.6629962],[121.024226,14.6630349],[121.0241237,14.6630394],[121.023981,14.663017],[121.0238685,14.6629639],[121.0237749,14.6628906],[121.0237183,14.6628323],[121.0236247,14.6627175],[121.0233797,14.6623568],[121.0232917,14.6622443],[121.0232137,14.6621595],[121.023149,14.662094],[121.0230538,14.6620297],[121.0229463,14.661962],[121.0228379,14.661908],[121.0225168,14.6617741],[121.0222126,14.6616791],[121.0220537,14.6616416]],[[121.0474932,14.658402],[121.0473001,14.6585992],[121.047107,14.6586926],[121.0467744,14.6586926],[121.0466698,14.6589936],[121.0463909,14.6596474],[121.0462057,14.6597306],[121.0460702,14.659628],[121.04592,14.6597111],[121.0460019,14.6598655],[121.046081,14.6599913],[121.0462446,14.660195],[121.0463206,14.6605715],[121.0461843,14.6608204],[121.0459951,14.6610189],[121.0458844,14.6612556],[121.0456658,14.6612678],[121.0454785,14.6611438],[121.045321,14.6609474],[121.0450992,14.6610248],[121.044921,14.6612919],[121.0447564,14.6616008]],[[121.0220537,14.6616416],[121.0218498,14.6616313],[121.021402,14.6616197],[121.020756,14.6616095],[121.0206377,14.6616023],[121.0204987,14.6615822],[121.0203618,14.6615476],[121.0202583,14.6615213],[121.0198929,14.6613498],[121.0197617,14.6612531],[121.0194901,14.661053],[121.0191746,14.6608349],[121.0189985,14.6606726],[121.0187455,14.6604018],[121.0186384,14.6601653],[121.0185757,14.6598752],[121.018604,14.6595868],[121.0186327,14.6590991],[121.01874,14.6585384],[121.0188294,14.6578816]],[[121.0323271,14.6656766],[121.0322194,14.6655582],[121.0321349,14.6654542],[121.0320612,14.665339],[121.0319662,14.6651857],[121.0319129,14.6650709],[121.0318026,14.6648302],[121.0316784,14.6646172],[121.0313391,14.6641359],[121.0312484,14.6640044],[121.0311737,14.6639166],[121.0310591,14.6638172],[121.0309635,14.6637628],[121.0308402,14.6637338],[121.0307255,14.6637181],[121.0305337,14.6637138],[121.0303429,14.6636802],[121.0301506,14.6636046],[121.0300481,14.663551],[121.0299582,14.6634915],[121.029866,14.6633992],[121.0297893,14.6633089],[121.0296709,14.6631884],[121.0294983,14.6630536],[121.0292919,14.6629679],[121.0291456,14.662927],[121.0289893,14.6629007],[121.0287896,14.6628686],[121.0285316,14.6628561],[121.028349,14.6628746],[121.028226,14.662903],[121.0281222,14.6629511],[121.0280098,14.663038],[121.0278953,14.6631404],[121.0277839,14.663249],[121.0275766,14.6634041],[121.0274917,14.6634635],[121.0273934,14.6635021],[121.0272546,14.6635186],[121.0271153,14.6635161],[121.026955,14.6634851],[121.0268248,14.6634126],[121.0267145,14.6633348],[121.0266323,14.6632644],[121.0265645,14.6631877],[121.0264359,14.6630118],[121.02634,14.6628356]],[[121.0326078,14.665938],[121.0325334,14.6658884],[121.0324697,14.6658354],[121.0324176,14.6657872],[121.0323271,14.6656766]],[[121.0433421,14.6652057],[121.0428389,14.6651083],[121.0416373,14.6656813],[121.0408048,14.6658058],[121.0398005,14.6657394],[121.03944,14.6656647],[121.0393644,14.6655897],[121.0394051,14.6651955],[121.0393837,14.6649397],[121.0391997,14.6647347],[121.0388564,14.6648426],[121.0386418,14.6652495],[121.0386783,14.665468],[121.038693,14.6655861],[121.0386969,14.6657311],[121.0386783,14.6658287],[121.0386407,14.6659052],[121.0385817,14.6659649],[121.0384881,14.6660142],[121.0382263,14.6661401],[121.0381338,14.666137],[121.0380412,14.6660791],[121.0379772,14.6659776],[121.037895,14.6657482],[121.0377797,14.6655342],[121.0377331,14.6653657],[121.0377368,14.6652371],[121.0377301,14.6651372],[121.0376942,14.6650354],[121.0375866,14.6649257],[121.0374431,14.6648374],[121.037341,14.6647923],[121.0372191,14.6647765],[121.0370662,14.66477],[121.0367994,14.6647622],[121.0365905,14.664743],[121.0365002,14.6647138],[121.0364188,14.664677],[121.0362651,14.6645755]],[[121.0434792,14.665219],[121.0433421,14.6652057]],[[121.0524821,14.6538972],[121.0523984,14.6540647],[121.0524003,14.6541929],[121.0523507,14.6543402],[121.0522688,14.6544278],[121.0515507,14.6546549],[121.0514302,14.6546811],[121.0512871,14.6547561],[121.0510853,14.655074],[121.0508835,14.6553918],[121.050508,14.6557967],[121.050455,14.6558413],[121.0502612,14.6560043],[121.0497074,14.6562326],[121.0492107,14.6565713],[121.0488244,14.6568796],[121.0487319,14.6569672],[121.0486326,14.6570424],[121.0485079,14.6572503],[121.0477137,14.6583024],[121.0474932,14.658402]],[[121.0189025,14.6573978],[121.0189178,14.6572103],[121.0189033,14.6570516],[121.0188801,14.6569628],[121.0188295,14.6568761],[121.018755,14.6568077],[121.0186195,14.6567397],[121.0185108,14.6567237],[121.0183704,14.6567322],[121.0181902,14.6568022],[121.018082,14.6568537],[121.0179848,14.6569066],[121.0178672,14.6569554],[121.0176609,14.656985],[121.0174764,14.6569667],[121.0173356,14.6569187],[121.0172267,14.6568644],[121.0171124,14.6567934],[121.0168771,14.6562997],[121.016798,14.6561676],[121.0166941,14.656045],[121.0164124,14.6557547],[121.0163279,14.6556816],[121.016202,14.655529],[121.0161294,14.6554022],[121.0159314,14.6550342],[121.0158899,14.6548632]],[[121.0441712,14.6649388],[121.0440943,14.6650243],[121.0440649,14.6650483],[121.044029,14.6650684],[121.0439784,14.6650841],[121.0438831,14.665119],[121.043745,14.6651657],[121.0434792,14.665219]]]}},{"type":"Feature","properties":{"@id":"way/5450344","name":"Mariblo Creek","waterway":"river"},"geometry":{"type":"MultiLineString","coordinates":[[[121.0258741,14.6424955],[121.0258843,14.6423971],[121.025876,14.6422908],[121.0258251,14.6420433],[121.0257246,14.6419142],[121.0254118,14.6416147],[121.0251401,14.6414333],[121.0248041,14.6413782],[121.024505,14.6413472],[121.0241588,14.6412732],[121.0238205,14.6411325],[121.0233353,14.6410325],[121.0231574,14.640907],[121.0229514,14.640741],[121.0229123,14.6405313],[121.0227365,14.6403629],[121.0225223,14.6401264],[121.0223128,14.6400593],[121.0217787,14.6397615],[121.0215671,14.639587],[121.0213764,14.6393748]],[[121.0213764,14.6393748],[121.0209663,14.6393707],[121.0204623,14.6393541],[121.0201362,14.639188],[121.0200503,14.6391341],[121.0199511,14.6390212],[121.0198773,14.6387514],[121.0197338,14.6384075],[121.0196202,14.6380384],[121.0195123,14.6378541]],[[121.0250534,14.644218],[121.0251348,14.6441025],[121.0252946,14.6440067],[121.0254298,14.6438335],[121.025612,14.6435237],[121.0257238,14.6432406],[121.0258784,14.6429405],[121.0258979,14.642799],[121.0258699,14.6426296],[121.0258741,14.6424955]],[[121.0277637,14.6507614],[121.0281652,14.6505587],[121.0282354,14.6502396],[121.0281178,14.6498372],[121.0280173,14.6495039],[121.0280128,14.6492962],[121.0280037,14.6491414],[121.0279622,14.6489766],[121.0278921,14.6487498],[121.0278321,14.6486347],[121.0277925,14.6485199],[121.0277663,14.6483618],[121.0277771,14.648239],[121.027822,14.6481034],[121.0278331,14.6479349],[121.0278274,14.6478322],[121.0278056,14.6477312],[121.0277267,14.6474573],[121.0276744,14.6473304],[121.027481,14.6472636],[121.0274153,14.6472182],[121.0272515,14.6469783],[121.0272384,14.6469105],[121.0272515,14.6466999],[121.0272316,14.6466108],[121.0271662,14.646499],[121.0270433,14.6464521]],[[121.0263914,14.6458394],[121.026142,14.6458761],[121.0259143,14.6458036],[121.0257231,14.6456759],[121.0257078,14.6455285],[121.0258451,14.6449887],[121.0259041,14.644534],[121.0258175,14.6444546],[121.0256694,14.6444172],[121.0253975,14.6444325],[121.0252024,14.6443455],[121.0251033,14.6442887],[121.0250534,14.644218]],[[121.0195123,14.6378541],[121.019184,14.6373331],[121.0189743,14.6368161],[121.018897,14.6366075],[121.0188286,14.6361601],[121.0189471,14.6354253],[121.0189473,14.6353312]],[[121.0189473,14.6353312],[121.0188455,14.635173],[121.0184531,14.6349609],[121.0182533,14.6349571],[121.0181724,14.6349792]],[[121.0181724,14.6349792],[121.0179426,14.6349989],[121.0177965,14.6349871],[121.0173411,14.6348575],[121.0172451,14.6347373],[121.0172018,14.6345735],[121.0172471,14.6335421],[121.0172321,14.633398],[121.0171692,14.6332087],[121.0169371,14.6330497],[121.016723,14.6330653],[121.0164731,14.6332127],[121.0162401,14.6333012],[121.0160855,14.6333206],[121.016001,14.6332744],[121.0158544,14.6331943],[121.0156656,14.6330746],[121.0153983,14.6328607],[121.0151554,14.6326318],[121.0150843,14.632489]],[[121.0270433,14.6464521],[121.0268747,14.6463967],[121.0267648,14.6462851],[121.0266164,14.6461785],[121.0265138,14.6460646],[121.0264398,14.645946],[121.0263914,14.6458394]],[[121.0295626,14.6542946],[121.0294911,14.6542853],[121.029334,14.6542886],[121.0292671,14.6542533],[121.0292663,14.6541022],[121.0292412,14.6540178],[121.029024,14.6537598],[121.0288782,14.6535152],[121.0287789,14.6533354],[121.0289044,14.6530816],[121.0288416,14.652868],[121.0287382,14.6528218],[121.0286063,14.6528421],[121.0284472,14.6528344],[121.0282983,14.6527953],[121.0281107,14.6526406],[121.0280379,14.6524922],[121.0280044,14.6523757],[121.0279533,14.6523119],[121.0278019,14.6521243],[121.0277389,14.6519855],[121.0276814,14.6520301],[121.0276219,14.6519437],[121.0275966,14.6518812],[121.0274998,14.651692],[121.027482,14.651644],[121.0274177,14.6515775],[121.0273994,14.6515173],[121.0273815,14.651485],[121.0273986,14.6514545],[121.027358,14.6513426]],[[121.027358,14.6513426],[121.027324,14.6513089],[121.0275166,14.6509918]],[[121.027719,14.6507955],[121.0277637,14.6507614]],[[121.0275166,14.6509918],[121.027719,14.6507955]]]}},{"type":"Feature","properties":{"@id":"way/5451044","boat":"no","name":"Tanque Creek","waterway":"river"},"geometry":{"type":"MultiLineString","coordinates":[[[121.0258609,14.6378386],[121.0255272,14.6379322],[121.025353,14.6379793],[121.0251733,14.6380117],[121.0250929,14.6380299],[121.0249005,14.638079],[121.0247012,14.6381259],[121.0245026,14.6381658],[121.024429,14.6381752],[121.0243941,14.6382388],[121.0243674,14.6383197],[121.0243673,14.6383997],[121.024398,14.6384588],[121.0244384,14.6385282],[121.0244911,14.6386028],[121.0245162,14.6386644],[121.0245148,14.6387059],[121.0243901,14.6390414],[121.0241611,14.6392312],[121.0239041,14.639296],[121.0236431,14.6392808],[121.0233001,14.6391724],[121.0228828,14.6392545],[121.0220931,14.6392462],[121.0217412,14.6391797],[121.0215352,14.6392628],[121.0213764,14.6393748]]]}},{"type":"Feature","properties":{"@id":"way/5545095","alt_name":"Lagarian Creek","boat":"no","name":"Diliman Creek","waterway":"river"},"geometry":{"type":"MultiLineString","coordinates":[[[121.0239462,14.6262161],[121.0236581,14.626252],[121.0234727,14.6262171],[121.0229749,14.6259679],[121.0222196,14.6258018],[121.0216702,14.6257105],[121.0211151,14.6254564],[121.0208979,14.6254016],[121.0204974,14.6253636],[121.0202203,14.6253694],[121.0201001,14.6254099]],[[121.0333512,14.6261117],[121.0331387,14.6260747],[121.0325364,14.6259181],[121.0323017,14.6259857],[121.0321424,14.6261339],[121.0319973,14.6263669],[121.0319094,14.6264901],[121.0317604,14.6265386],[121.0313206,14.626447],[121.030734,14.6265327],[121.0300573,14.6266729],[121.0295815,14.6267354],[121.0295107,14.6267438],[121.0294521,14.6267457],[121.0294393,14.6267469],[121.029401,14.6267378]],[[121.029401,14.6267378],[121.0293026,14.6267291],[121.0291276,14.6267167],[121.0289227,14.6266568],[121.0284897,14.6265593],[121.0283525,14.6265661],[121.0282361,14.626562],[121.0280368,14.6265345],[121.0277423,14.6264653],[121.0276263,14.6263747],[121.0274094,14.6261165],[121.0267943,14.6253035],[121.0263309,14.624988],[121.0260905,14.6250398],[121.0258121,14.6252186],[121.0255226,14.6253993],[121.0252894,14.6254887],[121.0249858,14.6255256],[121.0247865,14.6255548],[121.024505,14.6256388],[121.024183,14.6260002],[121.0239462,14.6262161]],[[121.0374146,14.6246906],[121.0372232,14.6247631],[121.0370734,14.6248161],[121.0368108,14.6248634],[121.0364074,14.6247969],[121.0359713,14.6248197],[121.035522,14.6249537],[121.0345706,14.625478],[121.034306,14.6256597],[121.0339583,14.6259889],[121.0333512,14.6261117]]]}},{"type":"Feature","properties":{"@id":"way/8104187","boat":"no","description":"Former \"Matalahib Creek\"","name":"Talayan Creek","waterway":"stream"},"geometry":{"type":"MultiLineString","coordinates":[[[121.0087702,14.6358633],[121.0089071,14.6342256],[121.0090354,14.6331584],[121.0090717,14.6329449],[121.0091458,14.6327179],[121.0092495,14.6324963],[121.0094226,14.6322021],[121.0095993,14.6319582],[121.0098827,14.6315712],[121.0101686,14.631286],[121.011098,14.6305555]],[[121.0070074,14.638876],[121.0072164,14.6387034],[121.0076175,14.6383773],[121.0078203,14.6382208],[121.0081223,14.6379545],[121.0082714,14.6377948],[121.0083839,14.637632],[121.0084629,14.6374858],[121.0084986,14.6373351],[121.0085596,14.6371487],[121.0086145,14.6369341],[121.0087702,14.6358633]],[[121.0071312,14.6398819],[121.0071462,14.6397564],[121.0072026,14.6396363],[121.0072991,14.6395455],[121.0075264,14.639342],[121.0076409,14.6392763]],[[121.011114,14.6305429],[121.0113963,14.6302689],[121.0116858,14.630009],[121.0118206,14.6299695],[121.0120123,14.6300031],[121.0136819,14.6308335],[121.0139785,14.6308084],[121.014772,14.6306528],[121.0148638,14.6306361]],[[121.0076828,14.6385296],[121.0076175,14.6383773]],[[121.0076409,14.6392763],[121.0077659,14.6390643]],[[121.0077659,14.6390643],[121.0076828,14.6385296]],[[121.011098,14.6305555],[121.011114,14.6305429]]]}},{"type":"Feature","properties":{"@id":"way/13346385","boat":"no","name":"Tandang Sora Creek","waterway":"river"},"geometry":{"type":"MultiLineString","coordinates":[[[121.0533032,14.6710596],[121.0532215,14.6710458],[121.0531408,14.6710528],[121.0529164,14.6712599],[121.0526613,14.6713602],[121.0519097,14.671919],[121.0517192,14.6722287],[121.0515421,14.6724144],[121.0513504,14.6724065],[121.0510439,14.6723636],[121.0509697,14.672387],[121.0509367,14.6724314],[121.050978,14.6727635],[121.0509757,14.6728234],[121.0509232,14.672972],[121.050767,14.6730604],[121.0506493,14.673066]]]}},{"type":"Feature","properties":{"@id":"way/22747987","boat":"yes","name":"Tullahan River","waterway":"river"},"geometry":{"type":"MultiLineString","coordinates":[[[120.952802,14.6708483],[120.9527812,14.6706429],[120.9527812,14.6701026],[120.9527812,14.6700783],[120.9528499,14.6695894],[120.9528895,14.6691428],[120.9529417,14.6687648],[120.9530983,14.6681508],[120.9530816,14.6680274],[120.9530559,14.6669812],[120.9530566,14.6669555],[120.9530664,14.6665685],[120.9530816,14.6659681],[120.9534195,14.66498],[120.9534507,14.6648887],[120.9538534,14.664027],[120.953897,14.6639338],[120.9541973,14.6634376],[120.9546037,14.662766],[120.9548907,14.6618448],[120.9553238,14.6604543],[120.9555478,14.6597352],[120.9555451,14.6585037],[120.9555425,14.6572727],[120.9558215,14.6560112],[120.9559573,14.6557681],[120.9560842,14.6551058],[120.9561137,14.6546051]],[[121.0460252,14.7100798],[121.045984,14.7102054],[121.0460574,14.7104115],[121.046219,14.7105981],[121.046361,14.7107014],[121.0467486,14.7109051],[121.0469001,14.7110597],[121.0470558,14.7112651],[121.0470603,14.7113701],[121.0468657,14.7118121],[121.04668,14.7120473],[121.0463628,14.7122458],[121.0461321,14.7125295],[121.0459071,14.712751],[121.04565,14.7128774],[121.0452638,14.7129189],[121.0449875,14.7128681],[121.0446371,14.7126643],[121.0444294,14.7125356],[121.0441094,14.7122657],[121.0436705,14.7119655],[121.0434184,14.7119718],[121.0432508,14.7120946],[121.0431034,14.7122324],[121.0429966,14.7123962],[121.0429383,14.7125755],[121.0429079,14.7127791],[121.0429966,14.7130402],[121.0431543,14.7133731],[121.0432095,14.7135],[121.0432103,14.7136163],[121.0430658,14.7139198],[121.0428879,14.7146356],[121.0428612,14.7148887],[121.0429258,14.7150544],[121.0430697,14.7151967],[121.0434241,14.7154815],[121.0438905,14.7157166],[121.0442338,14.7158245],[121.0443492,14.7159932],[121.0443099,14.7161024],[121.0441341,14.7162898],[121.0440041,14.7165224],[121.0438154,14.7173538],[121.0437188,14.717601],[121.0436498,14.7178396],[121.0434931,14.7184845],[121.0434293,14.7185908],[121.0433855,14.7186606],[121.0433491,14.718696],[121.0432445,14.7187068],[121.0430669,14.7186606],[121.0427013,14.7184907],[121.042527,14.7184298],[121.0421883,14.7183594],[121.0420877,14.7183753],[121.0418588,14.7185368],[121.0416664,14.7186873],[121.0414534,14.7188422],[121.0411207,14.7190733]],[[121.0585033,14.7058744],[121.0583351,14.7058902],[121.0582152,14.705867],[121.0581222,14.7057565],[121.0578517,14.705382],[121.0576783,14.7053311],[121.0573628,14.7053254],[121.0571029,14.7054296]],[[121.0571029,14.7054296],[121.0566337,14.7058723],[121.0563795,14.7061468],[121.0559899,14.7066667],[121.0558208,14.7069037],[121.0557445,14.7070507],[121.0556805,14.7071274],[121.0555469,14.7072759],[121.055469,14.7073983],[121.0554247,14.7074988],[121.0554233,14.7075871],[121.0554575,14.7077537],[121.0554126,14.7078776],[121.0553388,14.707984],[121.055261,14.70808],[121.0551989,14.7081649],[121.0551175,14.7082791],[121.0549467,14.7084132],[121.0548694,14.7084652],[121.0547631,14.708526],[121.0546857,14.7085573],[121.0545717,14.7085807],[121.054073,14.7085961],[121.0537644,14.7086014],[121.0536182,14.7086144],[121.0534558,14.7086515],[121.0533687,14.7086689],[121.0532613,14.7087281]],[[121.0532613,14.7087281],[121.0531113,14.7088245],[121.0529276,14.7089032],[121.0525775,14.7089945],[121.0523764,14.7089998],[121.0522702,14.7091065],[121.0522217,14.7093546],[121.0521196,14.7095521],[121.0520531,14.7095925],[121.0519725,14.70958],[121.0518074,14.709502],[121.0517011,14.7094322],[121.0514618,14.7095386],[121.0511934,14.7097725],[121.0510239,14.710052],[121.0508377,14.710383],[121.0506484,14.7104971],[121.0501809,14.7104382],[121.0497111,14.7103452],[121.0493054,14.7104269],[121.0491101,14.7103735],[121.0490738,14.7103636],[121.048758,14.7101643],[121.0485135,14.7099462],[121.0483451,14.7098081],[121.0481756,14.7097397],[121.0480841,14.7097442],[121.0478966,14.7098479],[121.0476511,14.7099683],[121.0475299,14.7100075],[121.0473701,14.7099971],[121.0471017,14.7099751],[121.04674,14.7099718],[121.0463109,14.7099967],[121.0461331,14.7100018],[121.0460581,14.7100518],[121.0460252,14.7100798]],[[121.0411207,14.7190733],[121.0409713,14.7190759],[121.0404672,14.7188598],[121.0401682,14.7187086],[121.039773,14.7184233],[121.0391703,14.7176617],[121.0390905,14.7175646],[121.0389286,14.7174147],[121.0388499,14.7173238],[121.0387788,14.7172294],[121.0387494,14.7171469],[121.0387334,14.7170159],[121.0387279,14.7168797],[121.0387239,14.7167954],[121.0386924,14.7167398],[121.0386199,14.7166645],[121.0383958,14.7164802],[121.0374912,14.7159739],[121.0374116,14.7159302],[121.0373821,14.7159069],[121.0373667,14.7158693],[121.0373533,14.7158368],[121.0373462,14.7157973],[121.0373377,14.7157255],[121.0373544,14.715513],[121.0373727,14.7153563],[121.0373694,14.7152856],[121.0373586,14.7152214],[121.0373378,14.7151652],[121.0372433,14.71503],[121.0370918,14.7148582],[121.0369087,14.7146629],[121.0368524,14.7146156],[121.0368115,14.7145884],[121.0367752,14.7145735],[121.0367116,14.7145637],[121.0366505,14.7145624],[121.0365533,14.7145683],[121.0361651,14.714615],[121.0357641,14.7146798],[121.0351744,14.7147687]],[[121.0351744,14.7147687],[121.0351244,14.7147602],[121.0350697,14.7147391],[121.035004,14.7146952],[121.0348887,14.7145509],[121.0344099,14.7140667],[121.0342536,14.7138862],[121.0341839,14.7136913],[121.0341969,14.7135132],[121.0342312,14.7133827],[121.0342965,14.7132461],[121.0344816,14.7130565],[121.0345607,14.7129008],[121.0345812,14.7127621],[121.0345279,14.712633],[121.0341479,14.7122626],[121.0339345,14.712102],[121.0335527,14.7118143],[121.0334848,14.711682],[121.0334957,14.7115454],[121.0335308,14.7114846],[121.0335862,14.7114333],[121.0337882,14.7112641],[121.0339523,14.7111092],[121.0340751,14.7109148],[121.0341028,14.7108099],[121.0340604,14.7106753],[121.0339774,14.7105621],[121.0338543,14.7105114],[121.0336751,14.7104859],[121.0335323,14.710492]],[[121.0335323,14.710492],[121.0331848,14.7105806],[121.0328912,14.7106831],[121.0325778,14.7107582],[121.0323155,14.710777],[121.032077,14.7107634],[121.0316378,14.7106994],[121.0312412,14.7104529],[121.0311279,14.7104447],[121.030941,14.710524],[121.0309143,14.7105568],[121.0308952,14.7106455],[121.0308448,14.7108677],[121.03083,14.71103],[121.0308498,14.7113243],[121.0308177,14.7115253],[121.0304332,14.7119779],[121.0302602,14.7121841],[121.0302126,14.7123197],[121.0301489,14.7125032],[121.0301301,14.7127069],[121.0301154,14.7128937],[121.0300577,14.7130836],[121.0298619,14.7134619],[121.0294864,14.7141586],[121.0293449,14.7144433],[121.0293087,14.7147728]],[[121.0293087,14.7147728],[121.0291542,14.7153668],[121.0290138,14.7156003],[121.0287349,14.7157145],[121.0283289,14.7157662],[121.0281002,14.7157648],[121.0279029,14.7158203],[121.0270821,14.7161971],[121.0266213,14.7163382],[121.0262578,14.7165558]],[[121.0262578,14.7165558],[121.0262522,14.7165584],[121.0258231,14.7167559],[121.0253098,14.7168501],[121.0251415,14.7168735],[121.0250607,14.7168291],[121.0249346,14.716728],[121.0246889,14.7164617],[121.0245484,14.7163751],[121.0244626,14.7163544],[121.0243501,14.7163864],[121.0240012,14.7165438],[121.0238292,14.7165845],[121.0235981,14.7166319],[121.0234165,14.7165983],[121.0233199,14.7164524],[121.0232288,14.7163362],[121.0231121,14.7162296],[121.0226633,14.7159795],[121.0222306,14.7157714],[121.0221755,14.7157449],[121.0220137,14.7156073],[121.0219202,14.7154007],[121.0218662,14.7151714],[121.0217992,14.7147901],[121.0217817,14.7144236],[121.0217616,14.7140793],[121.0217375,14.7138769],[121.0216409,14.7134592],[121.0214748,14.7129387],[121.0213943,14.7127752],[121.0212844,14.7126611],[121.0210365,14.7125168],[121.0207591,14.7123378],[121.0203095,14.7120758],[121.0200982,14.7120057],[121.019994,14.712009],[121.0198659,14.7120799],[121.0197519,14.7121595],[121.0196051,14.7122711],[121.0193949,14.7123653],[121.0191632,14.7123912],[121.0189148,14.7123876],[121.0187083,14.7123581],[121.0186492,14.7123497],[121.0185027,14.7122529],[121.0182083,14.7120395],[121.0180436,14.7118786],[121.0178509,14.7115213],[121.0176605,14.7111685],[121.0175941,14.7108606],[121.0175281,14.7105281],[121.0175394,14.710322],[121.0176712,14.7096067],[121.017741,14.709215],[121.0178876,14.7089756],[121.0181616,14.7085435],[121.0184781,14.7081626],[121.0186037,14.7077371],[121.0187461,14.707226],[121.0187763,14.7067089],[121.0186818,14.7063528],[121.0185853,14.7061724],[121.0185235,14.7060567],[121.0183435,14.7058103],[121.0179572,14.7053257],[121.0177571,14.705007],[121.0176421,14.7046522],[121.0176811,14.7044495],[121.0177136,14.7043496],[121.0177575,14.7042541],[121.017801,14.704162],[121.0178362,14.7040907],[121.0178736,14.7039819],[121.0179092,14.7038465],[121.0179495,14.7037269],[121.0179703,14.703623],[121.017979,14.703501],[121.0179631,14.7033858]],[[121.0179631,14.7033858],[121.0178562,14.7032227],[121.0177166,14.7030583],[121.0176377,14.7029552],[121.0175811,14.7028717],[121.0175192,14.7027566],[121.0174702,14.7026572],[121.0173968,14.7024994],[121.0173523,14.7023908],[121.0173277,14.7022658],[121.0173175,14.7021902],[121.0173206,14.7020925],[121.0173586,14.7019482],[121.017406,14.7018209],[121.0175321,14.7015462],[121.0176311,14.7013391],[121.0177186,14.7011888],[121.0177798,14.7010692],[121.0178264,14.7009477],[121.0178489,14.700854],[121.0178713,14.7007532],[121.0179141,14.7006363],[121.0179549,14.7005441],[121.0180124,14.7004239],[121.018091,14.7003174],[121.0181807,14.700236],[121.0183224,14.7001],[121.0184405,14.7000049],[121.0185728,14.6999203],[121.0187004,14.6998547],[121.0188854,14.6997471],[121.0190209,14.6996618],[121.0191466,14.6995651],[121.0192927,14.6994575],[121.0194197,14.6993709],[121.0195085,14.6992806],[121.0195921,14.6991921],[121.0196704,14.6990902],[121.0197382,14.6989858],[121.0197961,14.6988904],[121.0198784,14.6987631],[121.0199679,14.6986358],[121.0200508,14.6985307],[121.0201442,14.6983862],[121.0201949,14.6982838],[121.0202416,14.6982042],[121.0202798,14.6981558],[121.0203443,14.6980973],[121.0204206,14.6980514],[121.020516,14.6980196],[121.020643,14.6979757],[121.0207727,14.6979171],[121.0208957,14.6978611],[121.0209951,14.6978134],[121.0210892,14.6977491],[121.0211655,14.6976861],[121.0212261,14.6976332],[121.021264,14.6976025],[121.0213077,14.6975702],[121.0213722,14.6975206],[121.021434,14.6974601],[121.0215334,14.6973621],[121.0215985,14.697292],[121.0216795,14.6972017],[121.0217683,14.6971036],[121.0218144,14.6970521],[121.0218605,14.6969891],[121.0219065,14.6969299],[121.0219631,14.6968344],[121.0220388,14.6967224],[121.0221,14.6966453],[121.0221395,14.6965823],[121.0222198,14.6964766],[121.022277,14.6964124],[121.0223573,14.6963283],[121.0224159,14.6962698],[121.0225119,14.6961978],[121.0225922,14.6961406],[121.0227317,14.6960578],[121.0228403,14.6960094],[121.0229732,14.695942],[121.0231009,14.6958681],[121.0231772,14.6958108],[121.0232193,14.6957688],[121.0232595,14.6957115],[121.0232819,14.6956536],[121.0233088,14.6955696],[121.0233417,14.695448],[121.0233832,14.6953194],[121.0234181,14.6952131],[121.0234641,14.6950737],[121.023503,14.6949763],[121.0235438,14.694828],[121.0235661,14.6947173],[121.0235964,14.6946339],[121.0236339,14.6945734],[121.0236885,14.694497],[121.0237557,14.6944219],[121.0238096,14.6943761],[121.0238965,14.6943252],[121.0239992,14.6942717],[121.0240985,14.6942189],[121.0241953,14.6941495],[121.0242933,14.6940845],[121.0243756,14.6940152],[121.0244374,14.6939579],[121.0244795,14.6938891],[121.0245063,14.6938267],[121.0245263,14.6937656],[121.0245493,14.6936733],[121.0245618,14.6935868],[121.0245644,14.6935199],[121.0245497,14.6934197]],[[121.0245497,14.6934197],[121.0245146,14.6932933],[121.0244686,14.693196],[121.0243684,14.6930177],[121.0242836,14.6928724],[121.0241839,14.692687],[121.0240682,14.6924433],[121.0239012,14.691906],[121.0238923,14.6911428],[121.0237582,14.6909064],[121.0235056,14.6907147],[121.0229565,14.6905977],[121.0221324,14.6903954],[121.0216672,14.6903804]],[[121.0216672,14.6903804],[121.0214365,14.690401],[121.0213074,14.6904568],[121.0212571,14.6905302],[121.0212697,14.6906482],[121.021314,14.6907334],[121.0213478,14.6908571],[121.0213377,14.6910484],[121.021314,14.6911504],[121.0212352,14.6912287],[121.0211024,14.6913087],[121.0209138,14.6913626],[121.0207056,14.691396],[121.0205064,14.691396],[121.0202329,14.6913134],[121.019788,14.6911871],[121.0194441,14.6911695],[121.0191693,14.6912245],[121.0189787,14.6913214],[121.0189001,14.6914066],[121.0187732,14.6915653],[121.0184661,14.6918789],[121.0182518,14.692058],[121.0181582,14.6920903],[121.0179654,14.6921161],[121.0176877,14.6920861],[121.0173005,14.6919932],[121.016823,14.6918733],[121.0162902,14.691769],[121.0160163,14.6917832],[121.0157537,14.6919259],[121.0154963,14.6920504],[121.0153003,14.6920974],[121.0151422,14.6920089],[121.0148096,14.6917391],[121.0144076,14.6914332],[121.0140131,14.6910884],[121.0135493,14.6906339],[121.0131138,14.6900539],[121.0130231,14.6898689]],[[121.0622754,14.704252],[121.0619825,14.7043094],[121.0614559,14.7043721],[121.0611043,14.7044604],[121.0609487,14.7045351],[121.0607352,14.7047138],[121.0603974,14.7048694],[121.0599745,14.7050373],[121.0595459,14.7052236],[121.0590624,14.7054828],[121.0587356,14.7057516],[121.0585033,14.7058744]],[[121.0665574,14.7072704],[121.0665827,14.7070078],[121.066617,14.7067505],[121.0667389,14.7062776],[121.0666175,14.7060544],[121.0665027,14.7059655],[121.0660478,14.705681],[121.0657363,14.7056076],[121.0651111,14.7053093],[121.0649526,14.7053228],[121.0648967,14.7053723],[121.0648194,14.7054903],[121.0646521,14.705605],[121.0644809,14.7056478],[121.0642816,14.7056465],[121.0637235,14.705495],[121.0634806,14.7053127],[121.0632237,14.7050597],[121.0630158,14.7049045],[121.0628457,14.7047829],[121.0626221,14.7045737],[121.062518,14.7044301],[121.0624411,14.7043468],[121.0622754,14.704252]],[[120.9527271,14.651901],[120.9517713,14.6513068],[120.950119,14.6507255],[120.9487642,14.6502356],[120.9480524,14.6499782]],[[120.9559653,14.6541845],[120.955751,14.6538991],[120.9553405,14.6535968],[120.9546069,14.6529737],[120.9539219,14.6524773],[120.9527271,14.651901]],[[120.9952289,14.674847],[120.9950461,14.6747585],[120.9946354,14.6745733],[120.9940658,14.6743129],[120.9936366,14.6740804],[120.9932488,14.6738285],[120.9931506,14.6735834],[120.99296,14.6733061],[120.9926047,14.6731159],[120.9923042,14.6730068],[120.9920839,14.6729057],[120.9918719,14.6728409],[120.9916068,14.6725633],[120.9913926,14.6722309],[120.9911963,14.671909],[120.9909782,14.6715919],[120.9900044,14.6706484],[120.9896267,14.6703562],[120.9892335,14.6700432],[120.9889738,14.6698859],[120.9886794,14.6697007],[120.9883868,14.6695784],[120.9880853,14.6694491],[120.987714,14.6692898],[120.987096,14.6690463],[120.9865698,14.6688141],[120.9861978,14.6687476],[120.9858548,14.6688113],[120.9856425,14.6689412],[120.9839377,14.6705765],[120.9833824,14.6708899],[120.9830592,14.6708791],[120.9824932,14.6707373],[120.9822722,14.6706932],[120.981895,14.6707126],[120.9805903,14.6708671],[120.98035,14.6709501],[120.9800252,14.6710897],[120.9798032,14.6714096],[120.9796464,14.6715856],[120.9794745,14.6717639],[120.9791741,14.6720462],[120.9788909,14.6724281],[120.9787817,14.6726983],[120.9788451,14.6731452],[120.9789719,14.6735826],[120.9789761,14.6739271],[120.978925,14.6742853],[120.9788231,14.6744897],[120.9787082,14.6746256],[120.9785673,14.6747976],[120.9783791,14.6749106],[120.9782659,14.6749751],[120.9781455,14.6750348],[120.9780038,14.6750794],[120.9778807,14.6750836],[120.977587,14.6750648],[120.9773772,14.6750322],[120.9766094,14.6748884],[120.9757495,14.6747764],[120.9755156,14.6746923],[120.9752032,14.6748053],[120.9748509,14.6749625],[120.9746954,14.6750965],[120.9745932,14.6751828],[120.9744964,14.6752678],[120.9741874,14.6756414],[120.9739285,14.6760226],[120.9737582,14.6764136],[120.9736724,14.6767208],[120.9737582,14.6770529],[120.9739556,14.6773269],[120.9741804,14.6775758],[120.9742079,14.6776429],[120.9742428,14.6777284],[120.9742732,14.6779912],[120.9740844,14.6781323],[120.9738097,14.6782153],[120.9733806,14.6782402],[120.9729686,14.6781904],[120.9721103,14.6780078],[120.9717498,14.6779912],[120.9714065,14.6780078],[120.9712275,14.6780997]],[[120.9648511,14.6749959],[120.9647117,14.6742963],[120.9644533,14.6740725],[120.9642763,14.6738617],[120.9639264,14.6737555],[120.9633641,14.6738147],[120.9623084,14.6740638],[120.9612184,14.6743793],[120.9600425,14.6746284],[120.958858,14.674753],[120.9569011,14.67467],[120.9558968,14.6745039],[120.9548669,14.6742133],[120.9541202,14.6739808],[120.9538295,14.6738164]],[[120.9538295,14.6738164],[120.9537589,14.6736687],[120.9535728,14.6732794],[120.9532203,14.6724906],[120.952962,14.6716515]],[[121.0130231,14.6898689],[121.013005,14.6896697],[121.0130069,14.6893646],[121.0130261,14.6892022],[121.0131226,14.6889552],[121.0133186,14.6886563],[121.0135273,14.6884577],[121.0137244,14.6881749],[121.0137893,14.6879183],[121.0138573,14.6876389],[121.0139581,14.6871756],[121.0140206,14.6868733],[121.0140248,14.6867146],[121.0140121,14.6866228],[121.0138954,14.6863908],[121.0137666,14.6861242],[121.013672,14.6858001],[121.0136662,14.6856948],[121.0136937,14.685586],[121.0138502,14.6852255]],[[120.9984154,14.6791974],[120.9984635,14.6789986],[120.9984466,14.6788132],[120.9983919,14.6787115],[120.9983144,14.6786471],[120.9982059,14.6786382],[120.9980998,14.6786886],[120.9979281,14.6787965],[120.9977608,14.6788185],[120.9976425,14.6788134],[120.9975297,14.6787256],[120.997448,14.6786298],[120.9973024,14.6785866],[120.9972195,14.6783375],[120.9970504,14.6771692],[120.9969446,14.6767894],[120.9967175,14.675974],[120.9965121,14.6756887],[120.9961121,14.6752933],[120.9959125,14.675136],[120.9956999,14.6750414],[120.9953602,14.6749106],[120.9952289,14.674847]],[[121.0138502,14.6852255],[121.013892,14.6849051],[121.0138837,14.6847643],[121.0138457,14.6846433],[121.0137649,14.6845496],[121.0135413,14.6843837],[121.0134446,14.6843734],[121.0133499,14.6843459],[121.0132604,14.6842713],[121.0130825,14.6840276],[121.0129749,14.6838478],[121.0129191,14.6837012],[121.0128978,14.6834404],[121.0128902,14.6833488],[121.0127896,14.683192],[121.0126435,14.6829775],[121.0122913,14.6826554],[121.0120616,14.6824098],[121.0119213,14.682328],[121.0116782,14.6822838],[121.0113972,14.6823235],[121.0109385,14.6825536],[121.0106947,14.6826931],[121.0106247,14.6828081]],[[121.0007877,14.684835],[121.0005391,14.6847679],[121.0004069,14.6847485],[121.0002807,14.6847384],[121.0002092,14.6847156],[121.0000762,14.6846688],[120.9997402,14.6845473],[120.9995155,14.6843199],[120.9994412,14.6841972],[120.9993284,14.6839571],[120.9991712,14.6836632],[120.9990915,14.6833114],[120.9989696,14.682926],[120.9989073,14.6826772],[120.9988709,14.6825294],[120.9988675,14.6822591],[120.9988189,14.6820427],[120.9987835,14.6817491],[120.9987782,14.6813926],[120.9986006,14.6809998],[120.9985074,14.680819],[120.9984176,14.6806454],[120.9981856,14.6802662],[120.9981721,14.6801371],[120.9981969,14.680003],[120.9983102,14.6796328],[120.9984037,14.6792458],[120.9984154,14.6791974]],[[121.0106247,14.6828081],[121.0104188,14.6830545],[121.0101637,14.6833135],[121.0092578,14.6841104],[121.0088887,14.6843428],[121.0086312,14.6845919],[121.0085322,14.684756],[121.0083172,14.6849689],[121.0082314,14.6850105],[121.0079703,14.6851233],[121.0077012,14.6852433],[121.0073791,14.6855806],[121.0068187,14.6860739],[121.0062421,14.686431],[121.0053954,14.6867838],[121.0051,14.6868981],[121.0045265,14.6872146],[121.0043295,14.6872651],[121.0039928,14.6873244],[121.0037291,14.6873444],[121.0033528,14.6871736],[121.0028764,14.6869794],[121.0026492,14.6868415],[121.0022493,14.686504],[121.0019269,14.6859859],[121.0016648,14.6854996],[121.0013694,14.6851601],[121.001059,14.6849129],[121.0007877,14.684835]],[[120.952802,14.6708483],[120.9528114,14.6709249]],[[121.0664654,14.7095653],[121.0664206,14.709176],[121.0663925,14.7088127],[121.0664354,14.7081586],[121.0665489,14.7074613],[121.0665574,14.7072704]],[[121.0672175,14.7099521],[121.0671102,14.7099429],[121.0667096,14.7097969],[121.0664654,14.7095653]],[[120.9712275,14.6780997],[120.9705653,14.6784395],[120.9700932,14.678755],[120.9693465,14.6791702],[120.9689774,14.6792117],[120.968574,14.6791702],[120.9677157,14.6787716],[120.9672866,14.6785475],[120.9668574,14.6781987],[120.9664884,14.6778251],[120.9662309,14.677136],[120.965939,14.6767042],[120.9656558,14.6761645],[120.9651837,14.6755252],[120.9648511,14.6749959]],[[120.9561137,14.6546051],[120.956102,14.6544668],[120.9560537,14.6542957],[120.9559653,14.6541845]],[[120.952962,14.6716515],[120.9528114,14.6709249]]]}},{"type":"Feature","properties":{"@id":"way/22751040","boat":"no","name":"Estero de Binondo","waterway":"river","wikidata":"Q31212067"},"geometry":{"type":"MultiLineString","coordinates":[[[120.9720748,14.6033578],[120.9718691,14.6032832],[120.9716264,14.6029547],[120.9714075,14.6026973],[120.9712032,14.6024795],[120.9713902,14.602257],[120.9717426,14.6018744],[120.9723411,14.6014016],[120.972995,14.6004004],[120.9742063,14.5978895],[120.9746914,14.5967931],[120.9747758,14.5963532],[120.9747948,14.5958856],[120.974771,14.5952797]]]}},{"type":"Feature","properties":{"@id":"way/22993702","boat":"no","name":"Valencia Creek","waterway":"river"},"geometry":{"type":"MultiLineString","coordinates":[[[121.0440616,14.612148],[121.043764,14.6118929],[121.0435873,14.6119334],[121.0433298,14.6121743],[121.0431443,14.6121737],[121.0429301,14.6120547],[121.0426997,14.6117109],[121.0425487,14.611467],[121.0423992,14.6111468],[121.042241,14.6108703],[121.0420976,14.6107484],[121.0419264,14.6106961],[121.0416917,14.6106409],[121.0414184,14.6104473]],[[121.0414184,14.6104473],[121.0411829,14.6102309],[121.0409684,14.6100999],[121.0407362,14.6100926],[121.040301,14.6102393],[121.0401257,14.6102144],[121.0396801,14.6102791]],[[121.0383673,14.609687],[121.0381653,14.6096774],[121.0378699,14.6094142],[121.0376625,14.6093948],[121.0373566,14.6094888],[121.0370534,14.6094546],[121.0369212,14.6094206],[121.0367914,14.6093335],[121.0366356,14.6092004],[121.0364091,14.6090856],[121.0362123,14.609042],[121.0358217,14.6089622],[121.0356082,14.6086928]],[[121.0396801,14.6102791],[121.0393902,14.6102391],[121.0392794,14.6101482],[121.0392327,14.6100582],[121.0390248,14.609702],[121.0389191,14.6096214],[121.0387934,14.6096184],[121.0385637,14.6097222],[121.0383673,14.609687]]]}},{"type":"Feature","properties":{"@id":"way/23172461","name":"Pasong Tamo Creek","waterway":"stream"},"geometry":{"type":"MultiLineString","coordinates":[[[121.0516608,14.6850853],[121.0513737,14.6849441],[121.0510976,14.6848083],[121.0509299,14.6847182],[121.0508213,14.6846488],[121.0507751,14.6846144],[121.0507596,14.6845898],[121.0507566,14.6845662],[121.0507831,14.6843977],[121.0507938,14.6843374],[121.0507925,14.6843043],[121.0507798,14.6842748],[121.0506599,14.6841349],[121.0499476,14.683345],[121.0498437,14.6831958],[121.0496633,14.6828514],[121.049463,14.6827751],[121.0490059,14.6823404],[121.0490464,14.6817136],[121.0489721,14.6815276],[121.0488264,14.6814036],[121.0487802,14.6813131],[121.048813,14.6810825],[121.0488854,14.6808516],[121.0482915,14.6806229],[121.048569,14.6803353],[121.0487016,14.6798906],[121.0486759,14.6796161],[121.0484851,14.6792933],[121.0483596,14.6790928],[121.0485481,14.6787139],[121.0487473,14.6783591],[121.0488649,14.6780035],[121.0492735,14.6776547],[121.0493655,14.6776154],[121.0495657,14.6777161],[121.0497603,14.6778167],[121.0500435,14.6779011],[121.0502198,14.6777237],[121.050427,14.6774234],[121.0505928,14.6771498]],[[121.0561605,14.6876215],[121.0559455,14.6875083],[121.0557683,14.6873527],[121.0555074,14.6869416],[121.0553078,14.6867474],[121.0550127,14.6865814],[121.0546824,14.6864269],[121.0544302,14.6863397],[121.0543491,14.6863035],[121.0542767,14.6862568],[121.0542231,14.6861936],[121.0541266,14.6859583],[121.0540742,14.6859117],[121.0540263,14.6859025],[121.0539512,14.6859238],[121.0538502,14.6859895],[121.0537751,14.6860648],[121.0536969,14.6861258],[121.0535247,14.6861861],[121.053295,14.686201],[121.0532199,14.6862088],[121.0531369,14.6862006],[121.0530066,14.6861724],[121.0528896,14.6860947],[121.0528098,14.6860157],[121.052774,14.6860006],[121.0527257,14.6859876],[121.052662,14.685985],[121.0524518,14.6859868],[121.0523488,14.6859863],[121.0519337,14.6859518],[121.0518603,14.6859384],[121.0518037,14.6859149],[121.0517708,14.6858883],[121.0517601,14.685843],[121.0517668,14.6858008],[121.051799,14.6857482],[121.051851,14.6856879],[121.0522029,14.6853641],[121.0522469,14.6853113],[121.0522643,14.6852767],[121.052267,14.6852397],[121.0522614,14.6852096],[121.0522328,14.6851865],[121.0521933,14.6851735],[121.0521462,14.6851685],[121.0519722,14.6851739],[121.0519107,14.6851734],[121.0518701,14.6851683],[121.0518195,14.6851566]],[[121.0696264,14.6825575],[121.0695121,14.6825607],[121.0694503,14.6825714],[121.0694011,14.6825958],[121.0693424,14.6826262],[121.06926,14.6826307],[121.0691957,14.6826288],[121.0691544,14.6826252],[121.0691007,14.6826081],[121.0690434,14.6826006],[121.0689956,14.6826047],[121.0689537,14.6826373],[121.0689242,14.6826905],[121.0689088,14.6827448],[121.0688896,14.6828263],[121.068858,14.6828971],[121.0688173,14.6829252],[121.0687487,14.6829335],[121.0687186,14.6829432],[121.0686681,14.6829954],[121.0686754,14.6830242],[121.068715,14.6830576],[121.0687713,14.6830966],[121.0688457,14.6831592],[121.0688815,14.6831898],[121.0688893,14.6832702],[121.0688987,14.6833486],[121.0688947,14.6833975],[121.0689078,14.6834503],[121.0689457,14.6835231],[121.0690219,14.6836056],[121.0691038,14.6836896],[121.0691893,14.6837985],[121.0692297,14.6838465],[121.0692393,14.6838797],[121.0692241,14.6839252],[121.0691898,14.6839502],[121.0691227,14.6839567],[121.0690288,14.6839528],[121.0687672,14.683943],[121.0685742,14.6839606],[121.0684857,14.6840021],[121.0684669,14.6840617],[121.0684682,14.6840994],[121.0684843,14.6841266],[121.0685058,14.6841435],[121.0685742,14.6841629],[121.0686591,14.6842071],[121.0686902,14.684273],[121.0686821,14.6843542],[121.0686158,14.6844737],[121.0686123,14.6846433],[121.0686768,14.6847914],[121.0687406,14.6848984],[121.0688705,14.6850774],[121.0689732,14.68524],[121.0689644,14.6853193],[121.0688918,14.685373],[121.0688143,14.6854014],[121.0687434,14.6854136],[121.0686712,14.6854668],[121.0685185,14.6856224],[121.0685339,14.6856627],[121.0686093,14.6857469],[121.0686475,14.6858002],[121.0686489,14.6858952],[121.0686345,14.6859839],[121.0685811,14.6860677],[121.068102,14.6860848],[121.0679355,14.6860753],[121.0678502,14.6860634],[121.0677111,14.6859564],[121.067522,14.6858014],[121.0673507,14.6858092],[121.0672459,14.6857986],[121.0671373,14.6857853],[121.0670749,14.6857446],[121.0669913,14.6857018],[121.0669471,14.6856684],[121.0668739,14.6856496],[121.066765,14.6856438],[121.0666492,14.6856737],[121.066596,14.6857963],[121.0664767,14.6858162],[121.0663069,14.6858117],[121.0660174,14.6858199],[121.0658052,14.6858081],[121.0656767,14.6857872],[121.0655708,14.6857385],[121.0654856,14.6857093],[121.0652898,14.6856879],[121.0651182,14.6856834],[121.0649432,14.6857281]],[[121.0401659,14.668301],[121.0392005,14.6694593],[121.0389746,14.6696217],[121.0388379,14.6697002],[121.0386957,14.6697681],[121.038561,14.6698281],[121.0383683,14.6698658],[121.0380259,14.6698987],[121.0377173,14.6698798],[121.0375162,14.6698224],[121.0373179,14.6697518],[121.0369497,14.6695382],[121.036038,14.6691407],[121.0356377,14.6688864],[121.0355096,14.6687779],[121.0354121,14.6686583],[121.0353419,14.6685928],[121.0352945,14.6685297],[121.0352803,14.6684405],[121.0351056,14.6676077],[121.03495,14.6672704],[121.0348826,14.6671965]],[[121.0505928,14.6771498],[121.0506034,14.676872],[121.0505807,14.6765864],[121.0505581,14.6762905],[121.0505881,14.6759238],[121.0506245,14.6755186],[121.0506442,14.6751447],[121.0505521,14.6749704],[121.0502789,14.6748307],[121.0501135,14.6746286],[121.0500857,14.6743044],[121.0501922,14.6741275],[121.0504453,14.6738081],[121.0505723,14.6734282],[121.0506493,14.673066]],[[121.060523,14.68678],[121.0601775,14.6866758],[121.0599539,14.6866535],[121.0598008,14.6867445],[121.0596969,14.686769],[121.0594858,14.6866839],[121.0592388,14.686777],[121.0590116,14.6866801],[121.0588203,14.6865659],[121.0587493,14.6866006],[121.0586702,14.6867016],[121.0586527,14.6868107],[121.0585696,14.6868652],[121.0585309,14.6868789],[121.0584656,14.6868814],[121.0584244,14.6868504],[121.0582893,14.6866654],[121.0583137,14.6864957],[121.0582732,14.686415],[121.0581736,14.6864007],[121.0579998,14.6865198],[121.0577425,14.6867798],[121.0574923,14.6870533],[121.0572957,14.6869822],[121.0570483,14.6867427],[121.0569599,14.6866226],[121.0567583,14.6866541],[121.0564665,14.686932],[121.0563297,14.6871293],[121.0562589,14.6874959],[121.0561605,14.6876215]],[[121.0345155,14.6670041],[121.034439,14.6669854],[121.0342902,14.6669405],[121.0341926,14.6669318],[121.0339617,14.6669375],[121.0338148,14.6669552],[121.0337267,14.6669549],[121.0336574,14.6669333],[121.0335914,14.6669003],[121.0335418,14.6668588],[121.0334694,14.6667888],[121.033253,14.6666193],[121.0328386,14.6662428],[121.0326078,14.665938]],[[121.0750755,14.6803921],[121.0750654,14.6804533],[121.0750438,14.6805298],[121.0749919,14.6806131],[121.074942,14.6806796],[121.0748922,14.6807224],[121.074764,14.680769],[121.0746937,14.6808059],[121.0746483,14.6808217],[121.074553,14.6808662],[121.0745059,14.6808892],[121.074406,14.6809346],[121.0743456,14.6809378],[121.0742813,14.680932],[121.0741901,14.6809015],[121.0740935,14.6808554],[121.0740378,14.6808036],[121.0739936,14.6807406],[121.0739507,14.6806433],[121.0739178,14.6805616],[121.0738716,14.6804967],[121.0738137,14.6804516],[121.0737713,14.6804306],[121.0737126,14.680428],[121.0736878,14.6804364],[121.0736713,14.6804858],[121.0736416,14.6805052],[121.0735704,14.6805184],[121.0734772,14.6805314],[121.0732674,14.6805269],[121.0731653,14.6805435],[121.0731176,14.6805789],[121.0730814,14.6806129],[121.073043,14.6806801],[121.0730409,14.6807674],[121.0728588,14.6807788],[121.0727948,14.6808965],[121.072785,14.6809434],[121.0727873,14.680993],[121.0727888,14.6810669],[121.0727752,14.681129],[121.0727356,14.6812119],[121.0727027,14.681263],[121.0726121,14.6812963],[121.0725562,14.681307],[121.0725306,14.6813244],[121.0724798,14.6813923],[121.0724617,14.6814263],[121.072447,14.6814561],[121.072441,14.681473],[121.0724319,14.6815057],[121.0724279,14.6815125],[121.0724185,14.6815193],[121.0723583,14.6815186],[121.0722508,14.6815444],[121.0722408,14.6815682],[121.0722158,14.6815844],[121.0722019,14.6815899],[121.0721372,14.6815909],[121.0720497,14.6816216],[121.0718715,14.6817522]],[[121.0717877,14.6818136],[121.0717834,14.6818811],[121.0717564,14.6819092],[121.0716936,14.6819392],[121.0716075,14.6819572],[121.0715188,14.6819703],[121.0715066,14.6820273],[121.0714947,14.6820627],[121.0714137,14.6820912],[121.0713047,14.6820924],[121.0712474,14.6821011],[121.0711772,14.6821185],[121.0711253,14.6821236],[121.0711099,14.6821367],[121.0709911,14.6821536],[121.0708763,14.6821542],[121.0707688,14.6821484],[121.0706856,14.6821422],[121.0706052,14.6821607],[121.0705771,14.6821988],[121.0705835,14.682229],[121.0706196,14.6822893],[121.0705766,14.6823904],[121.0705565,14.6824374],[121.0705096,14.6825339],[121.0704736,14.6825622],[121.0703956,14.6825715],[121.0702684,14.6825782],[121.0701998,14.6825852],[121.0701005,14.6825827],[121.0700331,14.6825822],[121.0699315,14.6825922],[121.0698226,14.6825919],[121.0696822,14.682565]],[[121.0647461,14.6864923],[121.0647414,14.6867006],[121.0636577,14.6867152],[121.0636648,14.6870598],[121.0630409,14.6870671],[121.0628134,14.6870626],[121.0623729,14.687593],[121.0623293,14.687595],[121.0622633,14.6875661],[121.0621029,14.6872904],[121.0618724,14.6871029],[121.0616231,14.6869489]],[[121.0718715,14.6817522],[121.0717877,14.6818136]],[[121.0649432,14.6857281],[121.0648706,14.685852],[121.0647567,14.6860172],[121.0647507,14.686284],[121.0647461,14.6864923]],[[121.0696822,14.682565],[121.0696264,14.6825575]],[[121.0518195,14.6851566],[121.0516608,14.6850853]]]}},{"type":"Feature","properties":{"@id":"way/23172463","waterway":"river","name":null},"geometry":{"type":"MultiLineString","coordinates":[[[121.0520138,14.6771067],[121.0513957,14.6773513],[121.0508708,14.6772688],[121.0505928,14.6771498]]]}},{"type":"Feature","properties":{"@id":"way/23172566","name":"Centerville Creek","waterway":"river"},"geometry":{"type":"MultiLineString","coordinates":[[[121.0561571,14.6752958],[121.0556239,14.675318],[121.0556189,14.6755166],[121.0551938,14.6756149],[121.0550291,14.6757531],[121.0548788,14.6756778],[121.0547519,14.6757107],[121.0546596,14.6756959],[121.0546207,14.6757303],[121.0545436,14.6757407],[121.0544958,14.6757695],[121.0543118,14.6757631],[121.0540485,14.6757552],[121.0538158,14.6756727],[121.0535827,14.6757284],[121.05355,14.6758698],[121.053421,14.6761474],[121.0531971,14.6762179],[121.0529799,14.676162],[121.052669,14.6761937],[121.052092,14.6763426],[121.0519448,14.6763356],[121.0517977,14.6763923],[121.0516937,14.676789]],[[121.051786,14.6768176],[121.0519918,14.6769038],[121.0519973,14.676911],[121.0520001,14.6769177],[121.0520138,14.6771067]],[[121.0516937,14.676789],[121.051786,14.6768176]]]}},{"type":"Feature","properties":{"@id":"way/23250480","name":"Paltok Creek","waterway":"river"},"geometry":{"type":"MultiLineString","coordinates":[[[121.0675125,14.6980646],[121.0671982,14.6980786],[121.0670695,14.6981038],[121.0669395,14.6981559],[121.066761,14.6982551],[121.066632,14.6983652],[121.0664848,14.6985884],[121.0663612,14.6988332],[121.0662326,14.6991112],[121.0661253,14.6992201],[121.0659865,14.6992636],[121.0657328,14.6992696],[121.0649182,14.6993046],[121.0648734,14.6993582],[121.0648472,14.6995963],[121.0648112,14.6999403],[121.0643338,14.700458],[121.064142,14.7007166],[121.0641325,14.7007878],[121.0641499,14.7008611],[121.0642817,14.7009718],[121.0643962,14.7014962],[121.0644343,14.701873],[121.0644302,14.7020389],[121.0643725,14.7022417],[121.0645121,14.7029101],[121.0645634,14.7032257],[121.0644919,14.7034794],[121.0643241,14.703499],[121.0642076,14.7034205],[121.0640213,14.7031042],[121.0636474,14.7030272],[121.0633957,14.7031258],[121.0631403,14.7032624],[121.0629275,14.7034652],[121.0629207,14.703591],[121.0629568,14.7037344],[121.0629268,14.7038032],[121.062597,14.7039809],[121.0623827,14.7041891],[121.0622754,14.704252]]]}},{"type":"Feature","properties":{"@id":"way/23271679","waterway":"river","name":null},"geometry":{"type":"MultiLineString","coordinates":[[[121.0535729,14.7123448],[121.0533667,14.7126689],[121.0532977,14.7127134],[121.0532223,14.7127242],[121.0530143,14.712727],[121.0528873,14.7126631],[121.0525343,14.7121985],[121.0522835,14.7119154],[121.0521242,14.711749],[121.0519646,14.7116653],[121.0519538,14.7116111],[121.0519645,14.711349],[121.0519535,14.7110283],[121.051897,14.7109956],[121.0517288,14.711006],[121.0514404,14.7110097],[121.0511622,14.7109865],[121.0510368,14.7109632],[121.0509447,14.7109083],[121.0508543,14.7108249],[121.0508085,14.7107198],[121.0507644,14.7106205],[121.0506484,14.7104971]]]}},{"type":"Feature","properties":{"@id":"way/23350371","waterway":"river","name":null},"geometry":{"type":"MultiLineString","coordinates":[[[121.0996215,14.675619],[121.1007887,14.6747863],[121.1011221,14.6745557],[121.1017507,14.673892],[121.103246,14.6723195]]]}},{"type":"Feature","properties":{"@id":"way/23395486","boat":"yes","name":"Pasig River (Napindan Channel)","name:tl":"Ilog Napindan","waterway":"river","@relations":[{"role":"","rel":12548411,"reltags":{"name":"Napindan Channel","type":"waterway","waterway":"river"}}]},"geometry":{"type":"MultiLineString","coordinates":[[[121.0701851,14.5562713],[121.0693645,14.5564573],[121.0683363,14.5566888],[121.0677588,14.5568036],[121.0674503,14.5568711],[121.0672516,14.5569807],[121.0670909,14.5571645],[121.0669675,14.5574449],[121.0669281,14.5577153]],[[121.0713678,14.5558332],[121.0709878,14.5560374],[121.0701851,14.5562713]],[[121.073663,14.5549872],[121.0722791,14.5554796],[121.0717162,14.5556798],[121.0713678,14.5558332]],[[121.0742452,14.5546659],[121.073663,14.5549872]]]}},{"type":"Feature","properties":{"@id":"way/23649517","waterway":"river","name":null},"geometry":{"type":"MultiLineString","coordinates":[[[121.0487528,14.720881],[121.048577,14.7209383],[121.0484643,14.7210849],[121.0483757,14.7211148],[121.0482404,14.7211018],[121.0480989,14.7210181],[121.0479856,14.7209772],[121.0478753,14.7210023],[121.047716,14.721094],[121.0476138,14.7210988],[121.0474526,14.7211207],[121.0472159,14.7211232],[121.0469745,14.7211278],[121.0467938,14.7211315],[121.0465662,14.7211333],[121.046124,14.7211265],[121.0457814,14.7211479],[121.0451841,14.7211985],[121.0446616,14.7211686],[121.0442023,14.720999],[121.0440267,14.7208864],[121.0436791,14.7206605],[121.0436208,14.7205766],[121.043576,14.7204411],[121.0435899,14.7200974],[121.0436141,14.7198876],[121.0436535,14.7196783],[121.043735,14.7194805],[121.0438516,14.7192709],[121.0438904,14.7191653],[121.0438841,14.7190967],[121.0437289,14.7189577],[121.0436001,14.7188967],[121.0434781,14.7188811],[121.0434493,14.7188662],[121.0433491,14.718696]]]}},{"type":"Feature","properties":{"@id":"way/23921387","waterway":"river","name":null},"geometry":{"type":"MultiLineString","coordinates":[[[121.0460252,14.7100798],[121.0459659,14.7100253],[121.0459745,14.7099749],[121.0459465,14.7098262],[121.0459681,14.7097706],[121.0464922,14.709637],[121.0466762,14.7095276],[121.0467645,14.709431],[121.0467944,14.7093433],[121.0467319,14.7091885],[121.0466418,14.7091216],[121.0465472,14.7090729],[121.0465237,14.708988],[121.0465728,14.7088616]]]}},{"type":"Feature","properties":{"@id":"way/24042517","boat":"no","layer":"-1","waterway":"stream","name":null},"geometry":{"type":"MultiLineString","coordinates":[[[121.0404291,14.7218028],[121.0404619,14.721727],[121.0405099,14.721606],[121.0405612,14.7215226],[121.0405827,14.7213999],[121.0405867,14.7212444],[121.0404834,14.7210849],[121.0404705,14.7210346],[121.0405143,14.7208644],[121.040659,14.7205963],[121.0407576,14.7203646],[121.0407818,14.7202548],[121.0406792,14.720116],[121.040668,14.7200769],[121.0407671,14.7198637],[121.0410552,14.7195603],[121.0411506,14.719245],[121.0411341,14.7191284],[121.0411207,14.7190733]]]}},{"type":"Feature","properties":{"@id":"way/24053431","waterway":"river","name":null},"geometry":{"type":"MultiLineString","coordinates":[[[121.0343462,14.7183254],[121.0343866,14.7182574],[121.0344001,14.71822],[121.0344028,14.7181587],[121.0344121,14.7181022],[121.0344625,14.7178169],[121.0344533,14.7177141],[121.0344327,14.7176112],[121.0344387,14.7174045],[121.0344315,14.7172683],[121.0343974,14.7171935],[121.034374,14.717047],[121.0344227,14.71694],[121.0343963,14.7167962],[121.0344166,14.716728],[121.0344652,14.7166749],[121.0345238,14.7166238],[121.0345557,14.7165898],[121.0345979,14.7165266],[121.0345891,14.7164116],[121.0345932,14.7163663],[121.034628,14.7163339],[121.0346708,14.716334],[121.0346996,14.7163032],[121.0347572,14.7162529],[121.0347885,14.7162257],[121.0348139,14.7161907],[121.0348377,14.7160991],[121.0348514,14.716034],[121.034895,14.7159335],[121.0348876,14.715914],[121.0348762,14.7158585],[121.0350286,14.7157411],[121.0350769,14.7156321],[121.0350626,14.715544],[121.0349975,14.7154433],[121.035,14.7152856]]]}},{"type":"Feature","properties":{"@id":"way/24158853","fixme":"improve shape","name":"Bona Creek","waterway":"river"},"geometry":{"type":"MultiLineString","coordinates":[[[121.1036893,14.6999312],[121.1032935,14.700545],[121.1032043,14.7008287],[121.1033219,14.7010806],[121.1033878,14.7012013],[121.1034588,14.7012772],[121.1036071,14.7014253],[121.1037685,14.7015408],[121.1039875,14.7016063],[121.1042243,14.7016285],[121.1044667,14.7015727],[121.1047035,14.7014776],[121.1049402,14.701396],[121.1051964,14.7013165],[121.105545,14.7014148],[121.1056195,14.7014397],[121.1059291,14.7013941],[121.1060462,14.701341],[121.1063036,14.7012151],[121.1065496,14.7010085],[121.1068711,14.7007792],[121.1071324,14.7005907],[121.1072697,14.7005187],[121.1074987,14.7004709],[121.1077365,14.7005277],[121.1078695,14.7005652],[121.1078852,14.700653],[121.1078819,14.7007158],[121.1079187,14.7007874],[121.1080226,14.7007757],[121.108126,14.7007134],[121.1082192,14.7006692],[121.1082942,14.7006423],[121.1083908,14.7006202],[121.1084988,14.700657],[121.1086761,14.7006645],[121.1087813,14.7006168],[121.1088466,14.7008775],[121.1089612,14.7010941],[121.1091882,14.7011914],[121.1094205,14.7011088],[121.1098196,14.701057],[121.110241,14.701041],[121.1104438,14.7013067],[121.1105557,14.7013349],[121.1107072,14.7013588],[121.1108441,14.7012246],[121.1109305,14.700988],[121.1109809,14.7007601],[121.1108879,14.7005412],[121.1109159,14.7004526],[121.1111498,14.7002385],[121.1113304,14.6999194],[121.1115322,14.699814],[121.111625,14.6997676],[121.111691,14.6997845],[121.1118114,14.699896],[121.111951,14.6999243],[121.1122024,14.6999115],[121.1124695,14.6999155],[121.1128523,14.6998078],[121.1129062,14.6997011],[121.1130036,14.6995844],[121.1129426,14.6993814],[121.1129735,14.6992372],[121.1131154,14.6989985],[121.1132998,14.6987155],[121.1135213,14.6984587],[121.1136835,14.6981078]]]}},{"type":"Feature","properties":{"@id":"way/24159040","waterway":"stream","name":null},"geometry":{"type":"MultiLineString","coordinates":[[[121.0687944,14.7260559],[121.0687078,14.725386],[121.0685202,14.7252359],[121.0684228,14.7249428],[121.0683781,14.7244886],[121.068382,14.7238665],[121.0683491,14.7234521],[121.0684724,14.7229543],[121.0686187,14.7225801],[121.0686439,14.7221848],[121.0684062,14.7218734],[121.0686429,14.7210278],[121.0687439,14.7205847],[121.0687943,14.7203469],[121.0687658,14.7201915],[121.0686876,14.7200702],[121.0686826,14.7200089],[121.0687888,14.7197735],[121.0688346,14.7196567],[121.0688317,14.719496],[121.0688376,14.7193889],[121.0688249,14.7192742],[121.0687713,14.7191263],[121.0687673,14.7189953],[121.0688799,14.7189175],[121.0689008,14.7187992],[121.0687673,14.7186801],[121.068778,14.7185232],[121.0688622,14.7184488],[121.0688498,14.7182318],[121.0689107,14.7176341],[121.0688895,14.7175681],[121.0687673,14.7173379],[121.068769,14.7172566],[121.0689402,14.7169034],[121.0689746,14.7168268],[121.0689658,14.7167656],[121.0689416,14.7167435],[121.0688853,14.7167241],[121.0688118,14.7165852],[121.0687118,14.7164973],[121.067641,14.7156905],[121.0675362,14.715558],[121.0675169,14.7153725],[121.0675402,14.7137407],[121.0673096,14.7133036],[121.0673184,14.7131225],[121.0675086,14.7129091],[121.0676071,14.7125171],[121.0678079,14.7122423],[121.0681334,14.7119515],[121.0683314,14.7118228],[121.0684233,14.7117961],[121.0685224,14.7117203],[121.0685232,14.7115862],[121.0685003,14.7114611],[121.068056,14.7106453],[121.0678161,14.710378],[121.0677447,14.7102319],[121.0676591,14.7100334]]]}},{"type":"Feature","properties":{"@id":"way/27258848","boat":"no","description":"It has grown weeds because it is too low and full of mud.","intermittent":"no","name":"Sucol Creek","tidal":"no","tunnel":"no","waterway":"river"},"geometry":{"type":"MultiLineString","coordinates":[[[121.0902407,14.5448804],[121.0905227,14.5449897],[121.0907292,14.5450235],[121.0909398,14.545017],[121.0918128,14.5447106],[121.0921133,14.5446535],[121.0923392,14.5446411],[121.0932854,14.5446743],[121.0942884,14.544712],[121.0947346,14.5449541]]]}},{"type":"Feature","properties":{"@id":"way/27276016","boat":"no","name":"Estero de Uli-Uli","source":"Bing","waterway":"stream"},"geometry":{"type":"MultiLineString","coordinates":[[[120.9962674,14.5990981],[120.9962981,14.5990217],[120.9962387,14.5988215],[120.9960604,14.5987369],[120.9955561,14.5983008],[120.9954059,14.5981451],[120.9953675,14.5980189],[120.9953952,14.597844],[120.995481,14.5977506],[120.9956212,14.597723],[120.9957171,14.5977713],[120.9957852,14.5978953],[120.9959209,14.5979582],[120.9961074,14.5980106],[120.9962428,14.597979],[120.996393,14.5978544],[120.996419,14.5977153],[120.9963214,14.597616],[120.9961608,14.597537],[120.9960006,14.597436],[120.9959586,14.5972715],[120.9959915,14.5972014],[120.9962001,14.5971437],[120.9963429,14.5971807],[120.9965804,14.5972871],[120.9967798,14.5973453],[120.9968707,14.597342],[120.9969057,14.5972318],[120.9968236,14.5970696],[120.9967738,14.5969744],[120.9967778,14.5968391],[120.996971,14.5965252],[120.9973291,14.5960958]]]}},{"type":"Feature","properties":{"@id":"way/27276489","boat":"yes","name":"Perlita Creek","waterway":"stream"},"geometry":{"type":"MultiLineString","coordinates":[[[121.0061055,14.594969],[121.0061107,14.5949799],[121.0061536,14.5952124],[121.0058903,14.5964066],[121.0059358,14.5965634],[121.0063408,14.5971942]]]}},{"type":"Feature","properties":{"@id":"way/27440809","admin_level":"10","boat":"no","boundary":"administrative","name":"San Francisco River","waterway":"river"},"geometry":{"type":"MultiLineString","coordinates":[[[121.0140511,14.6345266],[121.0141477,14.6342645],[121.0139975,14.6339323],[121.01368,14.6336615],[121.0136199,14.633512],[121.01368,14.6333376],[121.0138087,14.633213],[121.0141004,14.6330427],[121.0144373,14.6328361],[121.0147117,14.6326856],[121.0150843,14.632489]],[[121.0211621,14.6528932],[121.0210736,14.6529476],[121.0209663,14.6530456],[121.0208751,14.6531157],[121.0207564,14.6532389],[121.0206659,14.6533933],[121.0205754,14.6534342],[121.0204782,14.6534997],[121.0204151,14.6535867],[121.0205405,14.6536762],[121.0204647,14.6537936],[121.0203923,14.6538792],[121.0202911,14.6539519],[121.020222,14.6539097],[121.0201347,14.6538345],[121.0199651,14.6537657],[121.0199323,14.6537592],[121.0199122,14.6537696],[121.0198746,14.6538039],[121.0198237,14.6539084],[121.01977,14.653959],[121.0197383,14.6540008],[121.0197155,14.6540465],[121.0197163,14.6541111],[121.0197121,14.6541741],[121.0196292,14.6543282],[121.019581,14.6543801],[121.0194844,14.6545033],[121.019416,14.6545734],[121.0193503,14.6546551],[121.0191672,14.6547323],[121.0190519,14.6547822],[121.0189026,14.6548223],[121.0187493,14.654833],[121.0186331,14.6548137]],[[121.0150403,14.6544959],[121.0148343,14.6543547],[121.0147279,14.6542688],[121.0146292,14.6541473],[121.0145547,14.654032],[121.0144377,14.6537272],[121.0143788,14.6535004],[121.0143194,14.6531609],[121.0138188,14.6504193],[121.0136683,14.64992],[121.0134846,14.6497153],[121.0133663,14.6496131],[121.0132466,14.6495237],[121.0131571,14.6494807],[121.0130672,14.64946],[121.0129193,14.6494316],[121.0127869,14.6493886],[121.0126662,14.6493899],[121.0125415,14.6493847],[121.0124083,14.649333],[121.012217,14.649229],[121.0121807,14.6491823],[121.0121575,14.6491267],[121.0121123,14.6489695],[121.0121012,14.6488308],[121.0121069,14.6487204],[121.0121271,14.6486282],[121.01217,14.648467],[121.0122196,14.6480703],[121.0122881,14.6476753]],[[121.0186331,14.6548137],[121.0185496,14.6548153],[121.0184174,14.6548664],[121.0181714,14.6549723],[121.0180956,14.6549983],[121.018013,14.6550171],[121.0178683,14.6549937],[121.0178084,14.6549507],[121.0175761,14.6549844],[121.0173051,14.6550632],[121.0170581,14.6551125],[121.0168208,14.6550591],[121.0164841,14.6546964],[121.0164077,14.6546642],[121.0163821,14.65466],[121.0161645,14.6546862],[121.01599,14.6547369],[121.0158899,14.6548632]],[[121.0212078,14.6528482],[121.0211889,14.6528589],[121.0211621,14.6528932]],[[121.0107207,14.6444747],[121.0104132,14.6444204],[121.0102603,14.6443341],[121.0101368,14.644218],[121.0101034,14.6441453],[121.0100872,14.6440804],[121.0100779,14.6439796],[121.0100953,14.6438923],[121.0101087,14.6438222],[121.0101423,14.6437586],[121.0102107,14.643647],[121.0102737,14.6435738],[121.0104466,14.6434264],[121.010621,14.6432876],[121.0109096,14.6430052],[121.0109804,14.6429321],[121.0110367,14.6428659],[121.0110529,14.6427527],[121.0110556,14.6426207],[121.0110541,14.6425376],[121.0110502,14.6423157],[121.011121,14.6418039],[121.0111347,14.6416475],[121.0111843,14.6414723],[121.0112299,14.6413271],[121.0113158,14.6412255],[121.0119823,14.6406828],[121.0122518,14.6405057],[121.0124611,14.6403153],[121.0125187,14.6402137],[121.0125884,14.640058],[121.0126274,14.6398936]],[[121.0119336,14.6456506],[121.0117529,14.6454234],[121.0116291,14.6452056],[121.0115223,14.6450484],[121.0113949,14.6449122],[121.0112447,14.6446851],[121.0111607,14.6445921],[121.0110556,14.6445359],[121.0109255,14.6445397],[121.0107207,14.6444747]],[[121.0126274,14.6398936],[121.012643,14.6396029],[121.0125331,14.6393437],[121.0121821,14.6390875],[121.0120262,14.6385258],[121.0117876,14.6378655],[121.0115236,14.6375706],[121.0114424,14.6373876],[121.0113996,14.6371722],[121.0114601,14.6369522],[121.0118974,14.6363251],[121.0121463,14.6359431],[121.0122682,14.6358392],[121.0128673,14.6356359],[121.0136587,14.6353742],[121.0139805,14.6347386],[121.0140511,14.6345266]],[[121.0122881,14.6476753],[121.0123577,14.6472529],[121.0124234,14.6468234],[121.0123966,14.646658],[121.0123403,14.6465094],[121.012288,14.6463628],[121.0121419,14.6460358],[121.0119336,14.6456506]],[[121.0158899,14.6548632],[121.0158072,14.6548089],[121.0157353,14.6547156],[121.01557,14.6545912],[121.0153413,14.6545234],[121.0150403,14.6544959]]]}},{"type":"Feature","properties":{"@id":"way/27905417","alt_name":"Taytay River","name":"Napindan Creek","waterway":"river"},"geometry":{"type":"MultiLineString","coordinates":[[[121.1166396,14.5452636],[121.1165646,14.5451362],[121.1162856,14.5446364],[121.1160314,14.5443008],[121.1158464,14.5441078],[121.11545,14.5437807],[121.1150496,14.5435843],[121.114608,14.5433777]],[[121.1166508,14.5452826],[121.1166464,14.5452752],[121.1166396,14.5452636]],[[121.1167197,14.5454],[121.1166508,14.5452826]]]}},{"type":"Feature","properties":{"@id":"way/27905887","alt_name":"Tapayan River","boat":"no","name":"Antipolo River","waterway":"river"},"geometry":{"type":"MultiLineString","coordinates":[[[121.114608,14.5433777],[121.1149686,14.5425801],[121.1150736,14.5421444],[121.1151398,14.5416483],[121.1151723,14.5413592],[121.1151965,14.5411692]],[[121.1097446,14.5465986],[121.1099945,14.5464108],[121.110871,14.5458622],[121.111445,14.545609],[121.112342,14.5455178],[121.1127255,14.5453853],[121.1137611,14.5447954],[121.1140812,14.5444086],[121.114377,14.5439964],[121.114608,14.5433777]]]}},{"type":"Feature","properties":{"@id":"way/28185588","boat":"no","name":"Daang Paa Creek","waterway":"drain"},"geometry":{"type":"MultiLineString","coordinates":[[[121.0810743,14.547543],[121.0810998,14.5482806],[121.0810795,14.5487913],[121.0810399,14.5493291],[121.0809028,14.5500265],[121.0808182,14.5502264],[121.0803931,14.5506071],[121.0802893,14.5506727],[121.0801307,14.5508323],[121.0801302,14.5509635],[121.0802932,14.5514726],[121.0804379,14.55212],[121.0803876,14.5523449],[121.0803754,14.5524367],[121.0802861,14.5525096],[121.0798297,14.552619],[121.0794006,14.5527769],[121.0791688,14.5529679],[121.0791,14.5530802],[121.0790578,14.5534648],[121.0789893,14.5537377]]]}},{"type":"Feature","properties":{"@id":"way/28186792","boat":"no","name":"Ermitaño Creek","waterway":"river"},"geometry":{"type":"MultiLineString","coordinates":[[[121.0392688,14.5975715],[121.0395395,14.5979697],[121.039669,14.5982874],[121.0397205,14.5985615],[121.0396947,14.5988272],[121.0397462,14.5991097],[121.0397462,14.599201],[121.0400037,14.599201],[121.0404329,14.5989934],[121.0407762,14.5989352],[121.0412139,14.599093],[121.0413341,14.5993173],[121.041377,14.5995914],[121.0415229,14.5998074],[121.0418148,14.6000316],[121.0419521,14.6002393],[121.0418062,14.6004884],[121.0415916,14.6009453],[121.0415229,14.6010865],[121.0416173,14.6014021],[121.04148,14.6017842],[121.0413084,14.6020582],[121.040965,14.6020084],[121.0407934,14.6021994],[121.0405101,14.6025649],[121.040287,14.6027476],[121.0399351,14.6029137],[121.0398063,14.6030549],[121.0393428,14.602947],[121.0392255,14.6028561],[121.0390779,14.6029356],[121.0389756,14.6031017],[121.0389039,14.6033347],[121.0388193,14.6036197],[121.0386752,14.6037237]],[[121.0431929,14.5939659],[121.0429084,14.5938803],[121.0426555,14.5937507]],[[121.0426555,14.5937507],[121.0424548,14.5940079],[121.0422597,14.5943304],[121.0422872,14.595077],[121.0420731,14.5952547],[121.0420643,14.5955362],[121.0419882,14.5956878],[121.0418421,14.5958816],[121.0416878,14.5960302],[121.0417044,14.5962703],[121.0415511,14.5964113],[121.0413891,14.5963681],[121.041105,14.5962046],[121.040905,14.5960292],[121.0406644,14.5959051],[121.0403221,14.5960475],[121.0401521,14.5961537],[121.0400619,14.5962873],[121.0400129,14.5964317],[121.039749,14.5965763],[121.0394799,14.5968258],[121.0393143,14.5969626],[121.0392145,14.5972413],[121.039201,14.5973341]],[[121.0356082,14.6086928],[121.0353238,14.6088145],[121.0352143,14.6089671],[121.0348568,14.6094131],[121.0346766,14.609438],[121.0343474,14.6094571],[121.0339011,14.6095485],[121.0336672,14.6096889],[121.0334107,14.6099756],[121.0328741,14.6107088],[121.0327126,14.6108919]],[[121.0377321,14.6063141],[121.0376133,14.6064446],[121.0372834,14.6067543],[121.0370345,14.6076347],[121.0368916,14.6079957],[121.0368975,14.608417],[121.0368149,14.608499],[121.0363622,14.6086678],[121.0362119,14.6086815],[121.0359383,14.6086822],[121.0356082,14.6086928]],[[121.0312621,14.6122656],[121.0310722,14.6126096],[121.0308805,14.6129253],[121.0304507,14.6129786],[121.0301013,14.6131495],[121.0298162,14.6131828],[121.0294838,14.6130842],[121.0293482,14.6129809]],[[121.0293482,14.6129809],[121.0292359,14.6128516],[121.0292577,14.612472],[121.0289744,14.6121481],[121.0288587,14.6120778],[121.0286223,14.6120554],[121.0281632,14.6122481]],[[121.0281632,14.6122481],[121.0275067,14.6123474],[121.0269145,14.6123391],[121.0259875,14.6123059],[121.0255013,14.6123868],[121.0253272,14.6125184],[121.0252071,14.6127011],[121.0250526,14.6131828],[121.0249404,14.6134936],[121.0243076,14.6137399],[121.0237484,14.6138698],[121.0236239,14.6138471],[121.0235014,14.6138021],[121.0234014,14.6137345],[121.0232946,14.6135373],[121.0232654,14.6133529],[121.0232341,14.613178],[121.0230435,14.6120983],[121.0225558,14.6113174],[121.0219307,14.6104505],[121.0214352,14.6095448],[121.0212748,14.6094049]],[[121.0327126,14.6108919],[121.0325136,14.6110659],[121.0320248,14.6115037],[121.0316733,14.611683],[121.0314635,14.6118989],[121.0313434,14.6121154],[121.0312621,14.6122656]],[[121.043409,14.5936793],[121.0432956,14.5938297],[121.0431929,14.5939659]],[[121.0474263,14.5874992],[121.0473275,14.5877065],[121.0472095,14.5878934],[121.0472417,14.5881426],[121.0473275,14.5883917],[121.0474885,14.588506],[121.0475203,14.588725],[121.0472258,14.588842],[121.0470849,14.589053]],[[121.0470849,14.589053],[121.0471765,14.5893509],[121.0470808,14.5894404],[121.0469091,14.5895754],[121.0465229,14.5896065],[121.0462398,14.5897649],[121.0462868,14.5900426],[121.0465242,14.5900796],[121.0465895,14.5901235],[121.0465946,14.5902373],[121.0465558,14.5904684],[121.0463915,14.5906033],[121.0461798,14.5907866],[121.0458899,14.5909667],[121.0455532,14.5911355],[121.0453207,14.5911055],[121.0451165,14.5910495],[121.0452067,14.5913108],[121.0451067,14.591517],[121.0448671,14.5918575],[121.0445855,14.5922503],[121.0440269,14.592909],[121.043409,14.5936793]],[[121.03862,14.6037556],[121.0382309,14.6039377],[121.0380968,14.6039626],[121.0379175,14.6040414],[121.0378572,14.6041495],[121.0378614,14.6043178],[121.0378692,14.6044065],[121.0379266,14.6046164],[121.0377895,14.605116],[121.0376878,14.6053824],[121.0378569,14.6057527],[121.0378163,14.6059379],[121.0377151,14.6061407],[121.0377288,14.6062482],[121.0377321,14.6063141]],[[121.0386752,14.6037237],[121.03862,14.6037556]],[[121.0392127,14.5973943],[121.0392688,14.5975715]],[[121.039201,14.5973341],[121.0392127,14.5973943]]]}},{"type":"Feature","properties":{"@id":"way/28663927","boat":"no","name":"Buaya Creek","waterway":"stream"},"geometry":{"type":"MultiLineString","coordinates":[[[121.0754392,14.6147725],[121.0755122,14.6147816],[121.0755329,14.6148583],[121.0755474,14.6148714],[121.0756349,14.6149993],[121.0759709,14.6148832],[121.0761008,14.6148023],[121.0761719,14.6147421],[121.0762555,14.6147031],[121.0763244,14.6146568],[121.0764589,14.6145911],[121.0765239,14.6145589],[121.0767278,14.6145737],[121.0769106,14.6146635],[121.077034,14.6146778],[121.077125,14.6145599],[121.077256,14.614604],[121.0773005,14.6146737],[121.0773144,14.6148901],[121.0773504,14.6149391],[121.0773741,14.6149542],[121.0774677,14.6149525],[121.0775093,14.614926],[121.0775584,14.614862],[121.0776646,14.6147686],[121.0778114,14.6147953],[121.0781263,14.6150309],[121.0784392,14.6155269]]]}},{"type":"Feature","properties":{"@id":"way/28993822","name":"Buayang Bato Creek","waterway":"stream"},"geometry":{"type":"MultiLineString","coordinates":[[[121.0514627,14.5736148],[121.0508961,14.5732469]],[[121.0552834,14.5768586],[121.0548325,14.5766646],[121.0547604,14.5765932],[121.054741,14.5764775],[121.0547165,14.5763814],[121.0545395,14.576197],[121.0541727,14.5758794],[121.0540354,14.5757141]],[[121.0506423,14.5738756],[121.0505565,14.573965],[121.0501506,14.5743124],[121.0500953,14.5744333],[121.0500874,14.5745247],[121.0501569,14.5748415],[121.0503841,14.5752574]],[[121.0508961,14.5732469],[121.0508923,14.5730636],[121.0509076,14.5729963],[121.0509221,14.5729301],[121.0509582,14.5728427],[121.0509693,14.5726913],[121.0509404,14.5721295],[121.0509384,14.5719419],[121.0509355,14.5718621],[121.0509749,14.5717148],[121.0511551,14.5714051],[121.0511682,14.571307],[121.0511666,14.5712263],[121.0511407,14.5711393],[121.0510728,14.5710175],[121.05103,14.5709386],[121.0508523,14.5707241]],[[121.0515902,14.573726],[121.0515317,14.5736739]],[[121.0539139,14.5755617],[121.0536968,14.5752675],[121.0532602,14.5745673]],[[121.0540354,14.5757141],[121.0539139,14.5755617]],[[121.0508523,14.5707241],[121.0507231,14.5705275]],[[121.0506759,14.5738446],[121.0506423,14.5738756]],[[121.0508961,14.5732469],[121.0509039,14.5733815],[121.0508924,14.5735012],[121.0508578,14.573606],[121.050804,14.573707],[121.0506759,14.5738446]],[[121.0532037,14.5745359],[121.0529633,14.5744397],[121.0526047,14.5744195],[121.0524554,14.5743483],[121.0519586,14.5739929],[121.0515902,14.573726]],[[121.0532602,14.5745673],[121.0532037,14.5745359]],[[121.055367,14.5769104],[121.0552834,14.5768586]],[[121.0567133,14.5783591],[121.0563463,14.577911],[121.0563328,14.5778871],[121.0561358,14.5775371],[121.0558806,14.5772477],[121.0556111,14.577051],[121.055367,14.5769104]],[[121.0515317,14.5736739],[121.0515066,14.573655]],[[121.0515066,14.573655],[121.0514627,14.5736148]]]}},{"type":"Feature","properties":{"@id":"way/32527744","boat":"no","name":"Maytunas Creek","waterway":"stream"},"geometry":{"type":"MultiLineString","coordinates":[[[121.0358182,14.5897624],[121.0357035,14.5898153],[121.0355928,14.5897507],[121.0355204,14.5897156],[121.0354358,14.589739],[121.0353714,14.5897935],[121.0353634,14.5898676],[121.0353554,14.5900357],[121.035294,14.5900864],[121.0352652,14.5901196],[121.0351074,14.5902537]],[[121.0297799,14.5947262],[121.0299335,14.5945427],[121.0300751,14.5943944],[121.0301957,14.5943028],[121.0304572,14.5942054]],[[121.0414184,14.5862083],[121.0412698,14.5862004],[121.0411841,14.5862567],[121.0411225,14.5862501],[121.04103,14.5862368],[121.0409409,14.5862899],[121.0406909,14.5864258],[121.0403018,14.5866882],[121.0401523,14.5868168],[121.039976,14.5870001]],[[121.0371006,14.5883855],[121.0370355,14.5884376],[121.0369528,14.5884386],[121.0366176,14.5884645],[121.0364675,14.5885517],[121.0362509,14.5887195],[121.0361131,14.5888363],[121.0359971,14.5889015],[121.0358591,14.588969],[121.0357947,14.5890277],[121.0357537,14.5890832],[121.0358192,14.5891226],[121.0358868,14.5891749],[121.0359072,14.5893199]],[[121.0320646,14.5932335],[121.0319861,14.5931213],[121.0318475,14.5929199],[121.0317937,14.5927821],[121.0318621,14.5925842],[121.0319392,14.5924979],[121.0320888,14.5925128],[121.0323804,14.5926386],[121.0324629,14.5926418],[121.0326024,14.5924834],[121.0328738,14.5921871],[121.0331522,14.5919291],[121.0332901,14.5916923],[121.0333251,14.5916472]],[[121.0304572,14.5942054],[121.0305972,14.5941626],[121.0306698,14.5940753],[121.0307735,14.5939832],[121.0308891,14.5939657],[121.0311373,14.5939739],[121.0313997,14.5939382],[121.0315015,14.5938871],[121.0315709,14.593828],[121.0316757,14.5936842],[121.0317326,14.5935916],[121.031853,14.5935084],[121.0319999,14.5934564],[121.032044,14.5934249],[121.0320811,14.5933742],[121.0320819,14.5933186]],[[121.0280973,14.5953365],[121.0284018,14.5951134],[121.0285631,14.5950382],[121.0286945,14.595038],[121.0289992,14.5952546],[121.0290922,14.5952588],[121.0291555,14.5951895],[121.0293055,14.5950332],[121.0294191,14.5948203],[121.0294827,14.5947618],[121.0297799,14.5947262]],[[121.0333251,14.5916472],[121.033424,14.5916776],[121.0336439,14.5917234],[121.0337423,14.591763],[121.0338333,14.5917547],[121.033925,14.5917012],[121.034006,14.5916188],[121.0340704,14.5915216],[121.0342167,14.5912705],[121.0342879,14.5911842],[121.0345223,14.5910045],[121.0346907,14.5907468]],[[121.0351074,14.5902537],[121.0350334,14.5903615]],[[121.0350334,14.5903615],[121.0348832,14.5905806],[121.034779,14.5906555],[121.0346907,14.5907468]],[[121.0359072,14.5893199],[121.0359128,14.589504]],[[121.0359128,14.589504],[121.0358961,14.5897201],[121.0358182,14.5897624]],[[121.0320764,14.5932745],[121.0320646,14.5932335]],[[121.032078,14.593286],[121.0320773,14.5932803]],[[121.0320773,14.5932803],[121.0320764,14.5932745]],[[121.0320819,14.5933186],[121.032078,14.593286]],[[121.0279678,14.595418],[121.0280973,14.5953365]],[[121.0259967,14.5950248],[121.026263,14.5951587],[121.0264763,14.5954129],[121.0267566,14.5958618],[121.0268578,14.5959397],[121.0269136,14.5959451],[121.0270075,14.5959603],[121.0273172,14.5958319],[121.0279678,14.595418]],[[121.0372001,14.5879425],[121.0371988,14.5879483],[121.0371557,14.5881539],[121.0371372,14.5882801],[121.0371229,14.5883482],[121.0371128,14.5883652],[121.0371006,14.5883855]],[[121.0372176,14.5878666],[121.0372001,14.5879425]],[[121.0374732,14.5870748],[121.0373889,14.5871697]],[[121.0378146,14.5869807],[121.0376959,14.5870086],[121.0376316,14.5869949],[121.0374732,14.5870748]],[[121.0373889,14.5871697],[121.0373172,14.5872587],[121.0373194,14.5873985],[121.0373227,14.5874757],[121.0373006,14.5875783],[121.0372474,14.5877371],[121.0372176,14.5878666]],[[121.0379884,14.5869453],[121.0378146,14.5869807]],[[121.0415874,14.586197],[121.0414184,14.5862083]],[[121.0424422,14.5861523],[121.0423591,14.5860479],[121.0423009,14.585955],[121.042157,14.5859053],[121.0420645,14.5859418],[121.0419515,14.5860147],[121.0419035,14.5861009],[121.0418203,14.5861609],[121.0415874,14.586197]],[[121.0424692,14.586189],[121.0424422,14.5861523]],[[121.0442671,14.5856235],[121.0441232,14.5857628],[121.0439588,14.5858987],[121.0436676,14.5860147],[121.0434792,14.5860976],[121.0433765,14.5860876],[121.0432258,14.5861374],[121.0431778,14.5861904],[121.043075,14.5862965],[121.0429757,14.5863827],[121.0428832,14.5864059],[121.0427565,14.5863694],[121.0426468,14.586323],[121.0425647,14.5862658],[121.0424692,14.586189]],[[121.039962,14.5870122],[121.0398873,14.5870569],[121.0397599,14.5870848],[121.0396101,14.5871558],[121.0395481,14.5871395],[121.0394748,14.5871703],[121.039415,14.5872089],[121.0393685,14.5872025],[121.0392755,14.5871382],[121.0391726,14.5870996],[121.0390264,14.5870803],[121.0388405,14.5871028],[121.0386379,14.5871028],[121.0385283,14.58709],[121.0384154,14.5869935],[121.0382759,14.5869325],[121.0381408,14.586927],[121.0379884,14.5869453]],[[121.039976,14.5870001],[121.039962,14.5870122]]]}},{"type":"Feature","properties":{"@id":"way/35066854","boat":"no","name":"Estero de Balete","waterway":"river"},"geometry":{"type":"MultiLineString","coordinates":[[[120.9869594,14.5875753],[120.9870758,14.5876186],[120.9872797,14.587697],[120.9873159,14.5877751],[120.9872167,14.5879004],[120.9871671,14.5881166],[120.98722,14.58851],[120.9872972,14.5886595],[120.9881899,14.589816]]]}},{"type":"Feature","properties":{"@id":"way/35067375","admin_level":"8","boat":"yes","boundary":"administrative","name":"San Juan River","waterway":"river"},"geometry":{"type":"MultiLineString","coordinates":[[[121.0211941,14.5894835],[121.0203823,14.589102],[121.0195376,14.5887894],[121.018781,14.5886087],[121.0180816,14.5884694],[121.0171399,14.5884263],[121.0162988,14.5884543],[121.0157278,14.5885373],[121.0153648,14.5886826],[121.0150748,14.5888722],[121.0148195,14.5891336],[121.0145946,14.589423],[121.0145867,14.5895246],[121.0145744,14.5896955],[121.014488,14.5901854]],[[121.0219135,14.6088317],[121.0220838,14.6085433],[121.0222199,14.6082751],[121.022237,14.6077435]],[[121.022237,14.6077435],[121.0219474,14.6071501],[121.0213826,14.6064302],[121.0209541,14.6058371],[121.0205743,14.6052367]],[[121.0205743,14.6052367],[121.0201956,14.6045802],[121.0198942,14.603941],[121.0196633,14.6031741],[121.0195915,14.6028204]],[[121.0195915,14.6028204],[121.0195402,14.6025269],[121.019571,14.602336],[121.0196368,14.6021785],[121.0197807,14.6019775],[121.0199877,14.6018355],[121.0202572,14.60162]],[[121.0259967,14.5950248],[121.0261672,14.5943767],[121.0261243,14.5937869],[121.0259204,14.593219],[121.0257022,14.5928543],[121.0253792,14.5924867]],[[121.0212748,14.6094049],[121.0214532,14.6092493],[121.0217177,14.609016],[121.0219135,14.6088317]],[[121.0162538,14.6192791],[121.016276,14.6191437],[121.0163817,14.619011],[121.0167294,14.618757],[121.0170576,14.6186833],[121.0179654,14.6188235],[121.0186864,14.6188733],[121.0192357,14.6188816],[121.0195275,14.6186407],[121.0203234,14.6168905],[121.0203772,14.6167721],[121.0206691,14.6158585],[121.0207463,14.6153186],[121.0205615,14.6144657],[121.0203951,14.6135721],[121.0201335,14.6127294],[121.0198851,14.6120464],[121.0198681,14.6114478],[121.020042,14.6107892],[121.0212748,14.6094049]],[[121.0148638,14.6306361],[121.0147763,14.63042],[121.0147459,14.6302077],[121.0148561,14.6297799]],[[121.0148561,14.6297799],[121.0150786,14.6294279],[121.0155704,14.6291094],[121.0161103,14.6288237],[121.0162286,14.62874],[121.016383,14.6286306],[121.0165819,14.6284986],[121.0170042,14.6279084],[121.0172596,14.6275469],[121.0177125,14.6268244],[121.0180751,14.626563],[121.0186435,14.6265472],[121.0189319,14.6265842],[121.0193284,14.6264969],[121.0193645,14.626489],[121.019578,14.6263575],[121.019652,14.626252],[121.0199374,14.6258044],[121.0201001,14.6254099]],[[121.0150843,14.632489],[121.0152593,14.6321002],[121.0154224,14.631469],[121.0152662,14.6311521],[121.0150497,14.6308846],[121.0148638,14.6306361]],[[121.0201001,14.6254099],[121.0199161,14.6250034],[121.0196133,14.6246121],[121.0192357,14.6244792],[121.0191384,14.6244729],[121.0184031,14.6243962],[121.0178452,14.6241221],[121.0177079,14.623956],[121.0176907,14.6236321],[121.0178796,14.6230923],[121.0182658,14.6221621],[121.0181714,14.6217967],[121.0178184,14.6215241],[121.0173817,14.6212486],[121.0165959,14.6205032],[121.0164179,14.6201863],[121.0163002,14.6197545],[121.0162371,14.6194335],[121.0162538,14.6192791]],[[121.0202572,14.60162],[121.0212828,14.6009974],[121.0230254,14.5999563],[121.0235661,14.5995028],[121.0241308,14.5986948],[121.0248637,14.5974914],[121.0254805,14.5962206],[121.0257445,14.5956703]],[[121.0253792,14.5924867],[121.0247847,14.5921488],[121.0241887,14.5917977],[121.0235268,14.5911331],[121.022861,14.5904923],[121.0219122,14.5898245],[121.0211941,14.5894835]],[[121.0257445,14.5956703],[121.0259268,14.5952903],[121.0259967,14.5950248]]]}},{"type":"Feature","properties":{"@id":"way/35067461","boat":"no","name":"Buhangin Creek","waterway":"drain","width":"5"},"geometry":{"type":"MultiLineString","coordinates":[[[121.0239359,14.5875975],[121.0233579,14.5884293],[121.0230856,14.5886496],[121.0226822,14.5888785]],[[121.0269586,14.5814103],[121.0269196,14.5815497],[121.0268533,14.5816751],[121.0268595,14.5817891],[121.0268096,14.5819711],[121.0267596,14.582071]],[[121.0255599,14.5847658],[121.025508,14.5848415],[121.0254577,14.5849592],[121.0253772,14.5849878],[121.0252659,14.5849657],[121.0251392,14.5849522],[121.0250324,14.5850635],[121.0249363,14.5851595],[121.0248467,14.5851393],[121.0247979,14.5850786],[121.0247609,14.5849864],[121.0246846,14.5849498],[121.0246018,14.5849559],[121.0244911,14.5850439],[121.0244175,14.5851054],[121.024392,14.585248],[121.0243942,14.5853129],[121.0244264,14.5853898],[121.0244911,14.5854801],[121.0244397,14.5856102],[121.0243853,14.5856649],[121.0241676,14.5857107],[121.0241235,14.5857288],[121.0240388,14.5858017],[121.023993,14.5858971],[121.0240365,14.5860042]],[[121.0404219,14.5760279],[121.0402427,14.5760296],[121.0401739,14.5759819],[121.0398668,14.5761543],[121.0396251,14.5762802],[121.0395376,14.576315],[121.0394263,14.5763242],[121.0393027,14.5762982],[121.0391664,14.5762322],[121.0390052,14.5760403],[121.038937,14.5759143],[121.0387573,14.5759803],[121.0385837,14.5759083],[121.0385076,14.5758698],[121.0383094,14.5758289],[121.0381126,14.5758783],[121.0379593,14.5758888],[121.0378129,14.5758034],[121.0377323,14.5756863],[121.0376155,14.5756376],[121.0375176,14.575635],[121.0374451,14.5756642],[121.037344,14.5757163],[121.0371518,14.5757043],[121.0369291,14.5756847],[121.0368122,14.575677],[121.0366401,14.5755262],[121.0364903,14.575461]],[[121.0226822,14.5888785],[121.0225367,14.5889646],[121.0223304,14.589068],[121.0214665,14.5893637],[121.0211941,14.5894835]],[[121.0240365,14.5860042],[121.0242619,14.5860395],[121.0244607,14.5860798],[121.0245623,14.5861534],[121.0245846,14.5862558],[121.0245939,14.5863486],[121.0245471,14.586457],[121.0244841,14.586603],[121.0241293,14.5873612],[121.0240646,14.5874463],[121.0239359,14.5875975]],[[121.0222068,14.5843972],[121.0223128,14.5846205],[121.0222712,14.5846983],[121.0222055,14.5847697],[121.0221626,14.5848398],[121.022184,14.584954],[121.0222645,14.5850812],[121.0223718,14.5851487],[121.0224858,14.5851889],[121.022577,14.5851643],[121.0226803,14.5851305],[121.0227326,14.5851578],[121.0228117,14.5852525],[121.0228881,14.5853434],[121.0229833,14.5853771],[121.0231175,14.5853875],[121.0231908,14.5854234],[121.0232145,14.5854754],[121.023177,14.5855624],[121.0231213,14.5857153],[121.0230915,14.5858484],[121.023126,14.5859856],[121.0231426,14.5860112],[121.0231928,14.5860845],[121.0232526,14.5861278],[121.0233562,14.5861337],[121.0234464,14.5861088],[121.0235853,14.5860699],[121.0237113,14.5860439],[121.0238544,14.5860206],[121.0240365,14.5860042]],[[121.029106,14.5782495],[121.0290746,14.5784015],[121.0288673,14.5786042]],[[121.0317015,14.5763617],[121.0315994,14.576467],[121.0314991,14.5765509],[121.0314513,14.5765984],[121.0314431,14.5766378],[121.031378,14.5767077],[121.0313327,14.5767674],[121.0313032,14.5767843],[121.0312278,14.5768587],[121.031152,14.5769313],[121.0310502,14.5769937],[121.0309713,14.5770945],[121.0309669,14.5771432],[121.0309179,14.5772388],[121.0307774,14.5774329],[121.0306088,14.577556],[121.0303729,14.5776132],[121.0300281,14.5778075]],[[121.028259,14.5795545],[121.0281608,14.5797687],[121.0280584,14.5799376],[121.0278616,14.580046]],[[121.0288673,14.5786042],[121.0286635,14.5788383],[121.0285818,14.5789025],[121.0283464,14.5793998],[121.0283146,14.5794574]],[[121.0295105,14.5779947],[121.0292356,14.5780433],[121.029133,14.5781536],[121.029106,14.5782495]],[[121.0299507,14.5778494],[121.0298832,14.5778947],[121.0295105,14.5779947]],[[121.0266043,14.5832535],[121.0265171,14.5834184],[121.0264429,14.5835608],[121.0263292,14.5836769],[121.0262618,14.5837736],[121.0261541,14.5839467],[121.0260225,14.5841549],[121.0258784,14.5844244],[121.0256944,14.5845646]],[[121.0317436,14.5763321],[121.0317015,14.5763617]],[[121.0323722,14.5761292],[121.0321764,14.5761867],[121.031984,14.5762441],[121.0318074,14.5763025],[121.0317436,14.5763321]],[[121.0330222,14.5759833],[121.0329505,14.5759668],[121.0327535,14.576019],[121.0325871,14.5760659]],[[121.0336683,14.5763848],[121.0333882,14.5762153],[121.0332467,14.5761387],[121.0330222,14.5759833]],[[121.0345378,14.5764682],[121.0343917,14.5765708],[121.0340219,14.5764795],[121.0337455,14.5765238],[121.0336683,14.5763848]],[[121.036418,14.575434],[121.0361871,14.5753053],[121.0360861,14.5752786],[121.0359981,14.5753137],[121.0358959,14.575384],[121.0358005,14.5754764],[121.0356716,14.5755875],[121.035607,14.5756457],[121.0354187,14.5757164],[121.0351633,14.5757726],[121.0350349,14.5758034],[121.0349946,14.575861],[121.0348299,14.5760342]],[[121.0267596,14.582071],[121.0269405,14.5822173],[121.0269634,14.5822891],[121.026722,14.5829576],[121.0266043,14.5832535]],[[121.0272439,14.5810872],[121.0271724,14.5812009],[121.0270522,14.5812714],[121.0269624,14.5813506],[121.0269586,14.5814103]],[[121.0273484,14.5808968],[121.0272439,14.5810872]],[[121.0278168,14.580077],[121.02771,14.5801596],[121.0276638,14.5802096],[121.0276103,14.580273],[121.027448,14.5803771]],[[121.0273163,14.5805221],[121.0273191,14.5806846],[121.0273567,14.5808076],[121.0273484,14.5808968]],[[121.0348299,14.5760342],[121.0346939,14.5761762],[121.0345644,14.5763268],[121.0345378,14.5764682]],[[121.0412549,14.5765971],[121.0410473,14.5763281],[121.0409186,14.5762142],[121.0408539,14.5761766],[121.0407764,14.5761295]],[[121.0407764,14.5761295],[121.0405471,14.5760536],[121.0404219,14.5760279]]]}},{"type":"Feature","properties":{"@id":"way/35068267","name":"Nangka River","waterway":"river"},"geometry":{"type":"MultiLineString","coordinates":[[[121.1202293,14.6687475],[121.1201048,14.6689639],[121.1200846,14.669058],[121.1200721,14.6692314],[121.1200928,14.6693875],[121.1201872,14.6696304],[121.1203288,14.6699327],[121.1204167,14.6702428],[121.1204503,14.6704323],[121.1204257,14.6705457],[121.1203015,14.6706913],[121.120186,14.6708406],[121.1200315,14.6710058],[121.1198666,14.6712521],[121.1198496,14.671327],[121.1198399,14.6713687],[121.1195591,14.6717952],[121.1193191,14.6722589],[121.1192572,14.6723396],[121.1191815,14.6723837],[121.1189966,14.672437],[121.1187939,14.6724369],[121.118281,14.6723003],[121.1176504,14.672091],[121.1173273,14.67191],[121.117268,14.6719103],[121.1171706,14.6719723],[121.1170493,14.6720943],[121.1168904,14.6722805],[121.1168165,14.6726367],[121.1167958,14.6730031],[121.1166517,14.6733867],[121.1165524,14.6735254],[121.1162659,14.6738664],[121.1161071,14.6739709],[121.1159295,14.6740089],[121.1155589,14.6740025],[121.1150917,14.6738639],[121.1146919,14.6736559],[121.1146302,14.6735872],[121.1145929,14.6734931],[121.1146175,14.6733767],[121.1147439,14.67316],[121.1152189,14.6727183],[121.1152801,14.6725824],[121.11523,14.6724071],[121.1150413,14.6721701],[121.1147981,14.6720271],[121.1142788,14.6718327],[121.1137561,14.671716],[121.1133069,14.671734],[121.1131835,14.6717619],[121.1130459,14.6718241],[121.1126198,14.6723063],[121.112438,14.6725634],[121.1123439,14.6727075],[121.1122635,14.6728003],[121.1121579,14.6728696],[121.1120614,14.6729001],[121.1119521,14.6728982],[121.1117879,14.6728558],[121.1115227,14.6726747],[121.1113861,14.672539],[121.1113639,14.672358],[121.1115946,14.6716803],[121.1118185,14.6712818],[121.111806,14.670875],[121.1117253,14.6706773],[121.1115793,14.6704511],[121.1111426,14.6700626],[121.1107881,14.6699901],[121.1103497,14.6700263],[121.109958,14.670343],[121.1098272,14.6705056],[121.109754,14.6706505],[121.1097384,14.6709124],[121.1098395,14.6713371],[121.1105403,14.6727291],[121.1105497,14.6727924],[121.1104521,14.6729642],[121.1102165,14.673209],[121.1098669,14.6734556],[121.1087853,14.6742424],[121.108541,14.6744485],[121.1082893,14.6746547],[121.1075156,14.6751222],[121.1071204,14.6753545],[121.1066178,14.6757895]],[[121.1214125,14.6668014],[121.1211774,14.6672068],[121.1210397,14.6676189],[121.1208589,14.6679466],[121.1206458,14.6682422],[121.120424,14.6685259],[121.1202293,14.6687475]],[[121.1718619,14.6371501],[121.171718,14.6370515],[121.17164,14.6369529],[121.1715783,14.6367762],[121.1715824,14.6366324],[121.1715989,14.6364146],[121.1715866,14.636164],[121.1715414,14.6360242],[121.1714797,14.6359051],[121.1713852,14.6356914],[121.1713441,14.6355229],[121.1712455,14.6353298],[121.1712373,14.635223],[121.1711797,14.6349887],[121.1710811,14.6348038],[121.1709948,14.6346929]],[[121.1709948,14.6346929],[121.1708675,14.6346066],[121.1707483,14.6345819],[121.1705387,14.6345984],[121.1702757,14.6346354],[121.170021,14.634697],[121.1698854,14.6347586],[121.1696676,14.6348367],[121.1694046,14.634886],[121.169117,14.6348983],[121.168817,14.6349394],[121.1687348,14.634923],[121.1685705,14.6348531],[121.1684307,14.6347586],[121.1682705,14.6346436],[121.1681842,14.634508],[121.1680691,14.6343683],[121.1679623,14.634319],[121.1678103,14.6342943],[121.1676993,14.6342861],[121.1675678,14.6343477],[121.1675185,14.6344258],[121.1674487,14.6345203],[121.1672597,14.6346025],[121.1670172,14.6347504],[121.1669063,14.6347627],[121.1667953,14.6347422],[121.1666926,14.6346929],[121.1664625,14.6344874],[121.1663228,14.6344094],[121.166179,14.6343888],[121.1660516,14.6344011],[121.1659242,14.6344833],[121.1657064,14.6344669],[121.1655503,14.6343888],[121.1652955,14.6343765],[121.1651024,14.6344463],[121.1649668,14.6344833],[121.164675,14.6343888],[121.1644983,14.6343477],[121.1643257,14.6342491],[121.1641038,14.6340724],[121.1638491,14.6337807],[121.1635656,14.63353],[121.1634423,14.6333944],[121.1632533,14.6332835],[121.1631341,14.6331848],[121.1630026,14.6330451],[121.1629286,14.6329506],[121.1628465,14.6329136],[121.1627191,14.632926],[121.1626533,14.6330287],[121.1626246,14.6331479],[121.162567,14.633267],[121.1624807,14.6333451],[121.1623821,14.6334396],[121.1623287,14.633493],[121.1622219,14.6335547],[121.1620863,14.6336451],[121.1619671,14.6338053],[121.1618931,14.6339491],[121.1618438,14.6340436],[121.1617822,14.6341505],[121.1616754,14.6342779],[121.1616384,14.6344422],[121.1616507,14.6345162],[121.1617617,14.6345861],[121.1619383,14.6346559],[121.162115,14.6347627],[121.1621643,14.6350052],[121.1621395,14.6352608],[121.1620977,14.6354754],[121.1620995,14.6358427],[121.1620631,14.6359463],[121.1620359,14.6360772],[121.1619977,14.6364645],[121.1619631,14.63659],[121.1619559,14.6366864],[121.1619304,14.6367355],[121.1618849,14.6368027],[121.1617831,14.63685],[121.1617177,14.6369591],[121.1615922,14.6371319],[121.1615504,14.6371628],[121.1615049,14.6371773],[121.1614322,14.6371555],[121.1612813,14.6371064],[121.1611376,14.6370518],[121.1610158,14.6369464],[121.1609285,14.6369318],[121.1608249,14.6369064],[121.1606903,14.6368009],[121.1605321,14.6366882],[121.1602557,14.6366227],[121.1601212,14.6366245],[121.1599884,14.63663],[121.1598921,14.6366536],[121.159763,14.6367936],[121.159703,14.6368227],[121.1596066,14.6368355],[121.159512,14.6369137],[121.1594211,14.6370573],[121.1593066,14.6371991],[121.1591684,14.6372791],[121.1589811,14.6372973],[121.1589156,14.6372846],[121.1588338,14.637261],[121.1587756,14.6372009],[121.1587647,14.6369846],[121.1587593,14.6367955],[121.1586502,14.6366009],[121.1585429,14.6364936],[121.1583647,14.6364445],[121.1581374,14.6364209],[121.1580592,14.6364573],[121.1579538,14.63649],[121.1578283,14.6364845],[121.1576483,14.63643],[121.1575337,14.6363936],[121.1573137,14.6362463],[121.157181,14.6361263],[121.1570901,14.6359445],[121.1569882,14.6357627],[121.1569737,14.6356554],[121.1569773,14.6354717],[121.1569846,14.6352972],[121.1570137,14.6351608],[121.157181,14.6348226],[121.1573155,14.6344517],[121.1573883,14.6341989],[121.1574119,14.6341371],[121.157421,14.6340244],[121.1573992,14.6339607],[121.1573828,14.6338025],[121.1573755,14.6336934],[121.1573573,14.6335698],[121.1573137,14.6334352],[121.1572537,14.6333861],[121.1571028,14.633337],[121.1570119,14.6333225],[121.1567518,14.633237],[121.1566427,14.6332152],[121.1565246,14.6331279],[121.15641,14.6330588],[121.1562445,14.633017],[121.1560336,14.632997],[121.1557918,14.6329479],[121.1556609,14.6329443],[121.1555336,14.6329661],[121.1553517,14.633057],[121.1551608,14.6330861],[121.1549135,14.6330807],[121.1548026,14.6330516],[121.1546026,14.632997],[121.1543735,14.6329225],[121.1542571,14.632797],[121.1541917,14.6325988],[121.1540626,14.6323551],[121.1540098,14.6322715],[121.1539589,14.632246],[121.1538735,14.6322497],[121.1537862,14.632197],[121.1537589,14.6320788],[121.1536534,14.6320806],[121.1535134,14.6321115],[121.1534062,14.6321315],[121.1532389,14.6321679],[121.1528879,14.6322897],[121.152677,14.6323151],[121.152617,14.6323133],[121.1525097,14.6322897],[121.1524043,14.6321933],[121.1522588,14.6321606],[121.1520333,14.6320442],[121.1519024,14.6319897],[121.1517988,14.6319151],[121.1516115,14.6317551],[121.1515042,14.6316987],[121.1513351,14.6316624],[121.1512787,14.6316606],[121.1511969,14.6316606],[121.1510642,14.6317133],[121.1509696,14.6317878],[121.1508405,14.6318206],[121.1506005,14.6318678]],[[121.1506005,14.6318678],[121.1505153,14.6318941],[121.1503241,14.6319533],[121.1501368,14.6320133],[121.1499641,14.6320733],[121.1498186,14.6322315],[121.1495586,14.6325643],[121.1492877,14.6328825],[121.1491386,14.6329516],[121.1490749,14.6329825],[121.1490477,14.6331007],[121.1490295,14.6332334],[121.1490768,14.6333389],[121.1491022,14.6334025],[121.1491822,14.6335043],[121.1493259,14.633808],[121.1494477,14.6340025],[121.1495095,14.6342007],[121.1495604,14.6344553],[121.1495732,14.6347535],[121.1496004,14.6349953],[121.149575,14.6350717],[121.1495277,14.635119],[121.1493895,14.6352499],[121.1492513,14.6353463],[121.1491568,14.6355136],[121.1491004,14.6356263],[121.1489367,14.6358536],[121.1488204,14.63599],[121.1486676,14.63617],[121.1484913,14.6363591],[121.1483167,14.6365827],[121.1481694,14.6367573],[121.147973,14.63699],[121.1477548,14.6372373],[121.1476676,14.6372937],[121.1475221,14.6373682],[121.1474475,14.6373682],[121.1473621,14.6373119],[121.1472421,14.6372191],[121.1471639,14.6371973],[121.1470112,14.6371973],[121.1468584,14.6371646],[121.1467402,14.6370809],[121.1466784,14.6371046],[121.1465948,14.6371391],[121.1465148,14.6371228],[121.1464366,14.6370646],[121.1463184,14.6370009],[121.1461493,14.6369864],[121.1457474,14.6369591],[121.1453819,14.6369446],[121.1450892,14.6369591],[121.1449728,14.6369591],[121.1447946,14.6370009],[121.1445728,14.6370791],[121.1443201,14.637241],[121.1441782,14.637401],[121.144,14.6374682],[121.1437709,14.6375755],[121.1436764,14.6375992],[121.1435473,14.637601],[121.1434327,14.6375719],[121.1433254,14.6375082],[121.1431927,14.637401],[121.1430581,14.6373519],[121.142909,14.6373591],[121.1427072,14.6373901],[121.1425381,14.6374446],[121.1424108,14.6375555],[121.1423472,14.6376392],[121.1422963,14.6377901],[121.1423126,14.6379319],[121.1424236,14.6380137],[121.1426272,14.6380828],[121.1428309,14.6382574],[121.1429054,14.6382865],[121.14304,14.6383174],[121.1431327,14.6383792],[121.1432345,14.6384574],[121.1433545,14.6385247],[121.1434764,14.6385556],[121.1436636,14.6385647],[121.1439,14.6387374],[121.1439818,14.6388302],[121.14412,14.638912],[121.1443819,14.6390647],[121.1445564,14.6391575],[121.1446128,14.6391811],[121.144771,14.6391865],[121.1449001,14.639212],[121.144971,14.639252],[121.1450401,14.6393738],[121.1451183,14.639552],[121.1451383,14.6397466],[121.1450892,14.6399539],[121.1450856,14.6400848],[121.1451128,14.6402339],[121.1451565,14.6403757],[121.1452401,14.6405539],[121.1452801,14.6408321],[121.1453838,14.6410685],[121.1454965,14.641234],[121.1456238,14.6414067],[121.145702,14.6415303],[121.1457911,14.6416431],[121.1458329,14.6417413],[121.1458238,14.6418486],[121.1458231,14.6419954],[121.1457985,14.642086],[121.1457269,14.6421779],[121.1456272,14.6422449],[121.1455182,14.6423356],[121.1453828,14.6424786],[121.1452646,14.6426843],[121.1450931,14.6429412],[121.1449487,14.6431125],[121.1447904,14.6432587],[121.1447019,14.6432977],[121.1446473,14.6433687],[121.1446119,14.6433871],[121.1445675,14.6434352],[121.1445237,14.6435474],[121.1444484,14.6436561],[121.1443445,14.64381],[121.144213,14.6438922],[121.1441112,14.6439224],[121.1440689,14.6439358],[121.1440242,14.6439842]],[[121.1440242,14.6439842],[121.1439629,14.6439466],[121.1439145,14.6439112],[121.143881,14.6438777],[121.1438187,14.6438683],[121.1437632,14.6438548],[121.1437034,14.6438227],[121.1436579,14.6437427],[121.143574,14.643563],[121.1435404,14.6435001],[121.1434955,14.6434481],[121.1434439,14.6433974],[121.1433731,14.6433575],[121.1433068,14.6433178],[121.1432708,14.6432038],[121.1432007,14.6429932],[121.1431817,14.642863],[121.1431559,14.6427571],[121.143132,14.642658],[121.1429375,14.6422872],[121.1428446,14.6422051],[121.1427645,14.6421381],[121.1426432,14.6421499],[121.1424419,14.642231],[121.1423026,14.6422457],[121.1421203,14.6422676],[121.1418891,14.6422867],[121.1417874,14.6423153],[121.1415162,14.6423167],[121.1409717,14.642217],[121.1407577,14.6421598],[121.1405052,14.6421279],[121.1402487,14.6420795],[121.1400613,14.6420984],[121.1398695,14.6421895],[121.1396278,14.6423402],[121.1392953,14.6426885],[121.1391909,14.642831],[121.1390935,14.6431547],[121.1389829,14.6435263],[121.1389751,14.6438011],[121.1388388,14.6442456],[121.1389037,14.6447767],[121.1390542,14.6454734],[121.139066,14.6459014],[121.1390168,14.6460952],[121.1389092,14.6463998],[121.1387786,14.6466446],[121.1386439,14.646799],[121.1383729,14.6469866],[121.1381971,14.6470708],[121.1380206,14.6471825],[121.1378603,14.6473335],[121.1377594,14.6474861],[121.1376713,14.6477283],[121.137452,14.6482728],[121.1373998,14.6483214],[121.1373205,14.6483639],[121.1371323,14.6483919],[121.1369337,14.6484043],[121.136714,14.6483961],[121.1365481,14.6483755],[121.13646,14.6483344],[121.1363313,14.6482023],[121.1358403,14.6477234],[121.1350231,14.6470762],[121.1346121,14.6468869],[121.134463,14.6468551],[121.134317,14.6468635],[121.1340545,14.6469288],[121.1336329,14.6470986],[121.1330073,14.6474383],[121.1327822,14.6475987],[121.1326491,14.6477109],[121.1326014,14.6477622],[121.1325863,14.6478415],[121.1325985,14.6479114],[121.1326319,14.6479675],[121.1327287,14.6480167],[121.1328431,14.6480693],[121.1331029,14.6481433],[121.1333237,14.6481831],[121.1334577,14.648202],[121.1335776,14.6482347],[121.1337818,14.6483034],[121.1340204,14.6483655],[121.1341933,14.6484829],[121.1343551,14.6486287],[121.1346166,14.6488201],[121.1347571,14.6489672],[121.1348575,14.649091],[121.1348967,14.6492065],[121.1349113,14.6493051],[121.1349471,14.64939],[121.1350191,14.6494841],[121.1350975,14.6495962],[121.135176,14.6497494],[121.1352429,14.6498237],[121.1354089,14.6499323],[121.1356308,14.6500716],[121.1357849,14.6501821],[121.135992,14.6502645],[121.1362948,14.6504042],[121.136409,14.6504701],[121.1364712,14.65054],[121.1364995,14.6506128],[121.136522,14.6507977],[121.1365677,14.6510264],[121.1365389,14.6512261],[121.1364967,14.6513138],[121.1364194,14.6513861],[121.1363164,14.6514652],[121.1362099,14.6514895],[121.1361353,14.6514905],[121.1360395,14.651471],[121.1359612,14.6514526],[121.1358951,14.6514474],[121.1357859,14.6514857],[121.1356342,14.6515754],[121.1354017,14.6517753],[121.1351785,14.6519673],[121.134828,14.6522117],[121.1345883,14.6523474],[121.1343202,14.6524488],[121.1340073,14.6525868],[121.1337685,14.6527569],[121.133434,14.653224],[121.1333336,14.6534098],[121.1332746,14.6536181]],[[121.1332746,14.6536181],[121.133272,14.653672],[121.1332777,14.6537209],[121.1332971,14.6537655],[121.1333196,14.6538017],[121.1333517,14.6538334],[121.1335098,14.6539464],[121.1341822,14.6543798],[121.1344192,14.6545495],[121.1345651,14.6546916],[121.1346392,14.6548501],[121.134655,14.6550556],[121.1345911,14.6553488],[121.1346116,14.6556863],[121.1346161,14.6557603],[121.134625,14.6558873],[121.1347653,14.6565549],[121.1349506,14.6569701],[121.1350232,14.6575236],[121.1349772,14.6577801],[121.1348048,14.6583397],[121.1346892,14.6587575],[121.1343869,14.6593915],[121.1341725,14.6598098],[121.1337232,14.6605066],[121.1335078,14.6607744],[121.1332554,14.6610125],[121.1329859,14.6614291],[121.1328047,14.6617446],[121.132442,14.6624383],[121.1322699,14.6627807],[121.1320669,14.6631201],[121.1319309,14.6633978],[121.131763,14.663683],[121.1309249,14.6646237],[121.1308148,14.6648496],[121.1307135,14.6649537],[121.1306321,14.6651398],[121.1305907,14.6653528],[121.1305584,14.6657585],[121.1305787,14.6662771],[121.1305851,14.6663314],[121.1306489,14.6664113],[121.1308484,14.6666076],[121.130974,14.6667049],[121.1310173,14.6667922],[121.1310492,14.6668712],[121.1310883,14.6670193],[121.1311762,14.6677107],[121.1311662,14.6677865],[121.1311483,14.6678309],[121.1310755,14.6678996],[121.1309521,14.667954],[121.1307078,14.6680233],[121.1303445,14.6681525],[121.1299812,14.6683518],[121.1299071,14.668408],[121.1298874,14.6684944],[121.1298171,14.6685921],[121.1297335,14.6686235],[121.129586,14.6686389],[121.1293517,14.6686486],[121.1289662,14.6687289],[121.1283873,14.6689511],[121.1280243,14.669069],[121.127672,14.6691528],[121.1274345,14.6691768],[121.1271224,14.6692851],[121.1268696,14.6694047],[121.1265707,14.669617],[121.1263608,14.6697347],[121.1262917,14.6697665],[121.1260542,14.6698126],[121.1257429,14.6699443],[121.1256143,14.6700216],[121.1255662,14.6700438],[121.1255368,14.6700509],[121.1255095,14.6700462],[121.1254754,14.6700251],[121.1254494,14.6700011],[121.1253426,14.6698577],[121.125251,14.669748],[121.1252425,14.6697054],[121.1252533,14.6695044],[121.1252481,14.6694335],[121.1252449,14.6694047],[121.1251755,14.6692653],[121.1249485,14.6688399],[121.1245501,14.6679925],[121.1245321,14.6679066],[121.1245303,14.6678246],[121.1245356,14.6677787],[121.1245471,14.6677319],[121.1245629,14.6676881],[121.1245909,14.6676501],[121.1246688,14.6676013],[121.1247467,14.667578],[121.1247965,14.6675567],[121.1248641,14.6674828],[121.1249252,14.6673763],[121.1249829,14.6673264],[121.1250926,14.6672707],[121.1251215,14.6672227],[121.1251445,14.6671639],[121.1251588,14.6671092],[121.1251519,14.6670553],[121.125124,14.6669653],[121.1250882,14.666919],[121.1249558,14.6668206],[121.1247805,14.666727],[121.1242624,14.6665744],[121.1240299,14.6665447],[121.1237193,14.6665405],[121.1231002,14.6665123],[121.122739,14.6664983],[121.1225567,14.6664168],[121.1224275,14.6664023],[121.1221297,14.6664537],[121.1219146,14.6665423],[121.1215634,14.666684],[121.1214649,14.6667607],[121.1214125,14.6668014]]]}},{"type":"Feature","properties":{"@id":"way/35129970","boat":"no","name":"Pateros River","waterway":"river"},"geometry":{"type":"MultiLineString","coordinates":[[[121.0644329,14.5526178],[121.0646177,14.5534831],[121.0648794,14.5539929],[121.0653722,14.5552207],[121.0656714,14.5559996],[121.0660171,14.5564299],[121.0661898,14.5567195],[121.0664687,14.5572337]],[[121.0664687,14.5572337],[121.0666671,14.5575046],[121.0669281,14.5577153]]]}},{"type":"Feature","properties":{"@id":"way/40134005","boat":"no","waterway":"drain","name":null},"geometry":{"type":"MultiLineString","coordinates":[[[121.0276617,14.6459067],[121.0275571,14.645906],[121.0274521,14.64588],[121.0273799,14.6458159],[121.0273261,14.6456281],[121.0271498,14.6455285],[121.0270479,14.6454671],[121.0268963,14.6454672]]]}},{"type":"Feature","properties":{"@id":"way/41301918","boat":"no","name":"Dario Creek","waterway":"river"},"geometry":{"type":"MultiLineString","coordinates":[[[121.015563,14.6575925],[121.0157199,14.6573876],[121.0157563,14.6573244],[121.0157615,14.6572521],[121.0157221,14.6571272],[121.0156079,14.6570052],[121.0154554,14.6569143],[121.0153564,14.6568228],[121.0152961,14.6566331],[121.0152049,14.6564891],[121.0150819,14.6562383],[121.0150423,14.6560502],[121.015045,14.6558216],[121.0150403,14.6544959]],[[121.016117,14.6646784],[121.016048,14.664427],[121.0159948,14.6642485],[121.0159646,14.6640714],[121.0159533,14.663963],[121.0159159,14.6638395],[121.0158951,14.6637968],[121.0158573,14.6637347],[121.0158212,14.6636919],[121.0157776,14.6636646],[121.0157233,14.6636458],[121.0156421,14.6636387],[121.0155813,14.6636188],[121.0155476,14.6635952],[121.0154466,14.6634956],[121.0153592,14.6634434],[121.0153245,14.6634093],[121.0152465,14.6631937],[121.0152343,14.6630852],[121.0151995,14.6628693],[121.0151891,14.6627557],[121.0151875,14.6625748],[121.0151446,14.6624723],[121.0150922,14.6623498],[121.0150654,14.6623023],[121.0150578,14.6622826],[121.0150323,14.6622081],[121.014993,14.662083],[121.0150015,14.661974],[121.0150399,14.661878],[121.0150818,14.6617896],[121.0151781,14.6616938],[121.0152626,14.661577],[121.015429,14.6613726],[121.015453,14.6613331],[121.0154562,14.6612919],[121.0154477,14.6612105],[121.0153245,14.6610142],[121.0152067,14.6608025]],[[121.0152067,14.6608025],[121.0151838,14.6607921],[121.0151298,14.6606688],[121.0150562,14.6605595],[121.0149392,14.6602538],[121.0149018,14.6601499],[121.0148866,14.6600978],[121.0147811,14.6597666],[121.0146984,14.6592631],[121.0146564,14.6591223],[121.0146564,14.6590029],[121.0146644,14.658938],[121.0147034,14.6588407],[121.0148052,14.6586124],[121.0149287,14.6583649],[121.0150655,14.6581116],[121.0151191,14.6580454],[121.0152465,14.6579208],[121.0153524,14.6578079],[121.015563,14.6575925]]]}},{"type":"Feature","properties":{"@id":"way/41312843","waterway":"river","name":null},"geometry":{"type":"MultiLineString","coordinates":[[[121.0198579,14.7036248],[121.0194321,14.7034971],[121.0189913,14.7033725],[121.0187187,14.703518],[121.0185081,14.7036019],[121.0183128,14.7035215],[121.0179631,14.7033858]]]}},{"type":"Feature","properties":{"@id":"way/41522840","name":"Santo Cristo Creek","waterway":"river"},"geometry":{"type":"MultiLineString","coordinates":[[[121.0188575,14.6576402],[121.0189025,14.6573978]],[[121.0188294,14.6578816],[121.0188575,14.6576402]]]}},{"type":"Feature","properties":{"@id":"way/41523213","boat":"no","waterway":"river","name":null},"geometry":{"type":"MultiLineString","coordinates":[[[121.0498644,14.6725869],[121.0496837,14.6725042],[121.0495654,14.6724649],[121.0493161,14.6724099],[121.0491121,14.672374],[121.0489056,14.6723377],[121.0488314,14.6723442],[121.04875,14.6723663],[121.0486373,14.6724065],[121.0484469,14.6725362],[121.0483921,14.6725663],[121.0483329,14.6725712],[121.0482538,14.6725674],[121.047999,14.6725284],[121.0479285,14.6724988],[121.047885,14.6724701],[121.0478058,14.6723935],[121.0475796,14.6721706],[121.0475175,14.6721366],[121.0473566,14.6720821],[121.0472437,14.6720676],[121.0470843,14.6720238],[121.0468728,14.6719392],[121.0467496,14.6719106],[121.0466431,14.6719122],[121.0462931,14.6719135],[121.0461974,14.671895],[121.0460249,14.6718071],[121.0458892,14.6716626],[121.0458264,14.6715671],[121.0457803,14.6715263],[121.0456279,14.6714581],[121.0454951,14.6713725],[121.045199,14.6712352],[121.0449694,14.671087],[121.0447573,14.6709324],[121.044665,14.6708263],[121.0445939,14.6707083],[121.0445563,14.6705992],[121.0445425,14.6704954],[121.0445537,14.6704085],[121.0445926,14.6703203],[121.044705,14.6701382],[121.0449442,14.6698454],[121.0449748,14.6697819],[121.0449855,14.669717],[121.0449835,14.6696516],[121.0449667,14.669586],[121.0449165,14.6694982]]]}},{"type":"Feature","properties":{"@id":"way/41664868","alt_name":"Lagarian Creek","boat":"no","name":"Kamias Creek","waterway":"river"},"geometry":{"type":"MultiLineString","coordinates":[[[121.0393987,14.6261179],[121.0392398,14.626051],[121.0384632,14.6253798],[121.0379215,14.6247384],[121.0378461,14.6247145],[121.0375639,14.6246575],[121.0374146,14.6246906]]]}},{"type":"Feature","properties":{"@id":"way/42006100","waterway":"stream","name":null},"geometry":{"type":"MultiLineString","coordinates":[[[121.0731777,14.711328],[121.0729216,14.71149],[121.0726014,14.7115186],[121.0716829,14.7116002],[121.0711145,14.7113862],[121.070921,14.7111892],[121.0706081,14.7112494],[121.0703278,14.7111706],[121.0700908,14.7110956],[121.0698944,14.7110334],[121.0695373,14.7109068],[121.0690799,14.7108114],[121.0688227,14.7107159],[121.0686627,14.7106016],[121.0685242,14.7104396],[121.0682976,14.7102285],[121.0681122,14.7101414],[121.0678827,14.7100603],[121.0677984,14.7100337],[121.0677377,14.7100274],[121.0676591,14.7100334],[121.0674785,14.7100114],[121.0672175,14.7099521]]]}},{"type":"Feature","properties":{"@id":"way/47925520","admin_level":"6","boundary":"administrative","name":"Navotas-Malabon River","waterway":"river"},"geometry":{"type":"MultiLineString","coordinates":[[[120.9527271,14.651901],[120.9523378,14.6523619],[120.9516528,14.6531462],[120.9512689,14.6536275],[120.9502818,14.6550807],[120.9498637,14.6562326],[120.9482132,14.663721],[120.9462907,14.667287],[120.9443336,14.6699221],[120.9434083,14.6709286],[120.9427324,14.6716638],[120.9418604,14.6721944]]]}},{"type":"Feature","properties":{"@id":"way/49251468","boat":"no","waterway":"stream","name":null},"geometry":{"type":"MultiLineString","coordinates":[[[121.0469909,14.591966],[121.0469856,14.5919232],[121.046995,14.5918596],[121.0469306,14.5917662],[121.046716,14.5916416],[121.0465336,14.5916312],[121.0463405,14.5916727],[121.0461903,14.5917454],[121.045965,14.591652],[121.0457289,14.5916312],[121.0455036,14.5915274],[121.0453964,14.5914132],[121.0452067,14.5913108]]]}},{"type":"Feature","properties":{"@id":"way/49478627","boat":"no","waterway":"river","name":null},"geometry":{"type":"MultiLineString","coordinates":[[[121.0447564,14.6616008],[121.0447548,14.6618294],[121.044785,14.6619721],[121.0448274,14.6620385],[121.0450043,14.6623168],[121.0453603,14.6627843],[121.0453254,14.6629999],[121.0450902,14.6632418],[121.0450533,14.6636249],[121.0450291,14.6637801],[121.045019,14.6638612],[121.0449996,14.6639235],[121.0449808,14.6639682],[121.0449178,14.6640448],[121.0448712,14.6640937],[121.0448494,14.6641349],[121.0448393,14.664181],[121.044834,14.6642965],[121.0447977,14.6644729],[121.0448326,14.6645715],[121.0448179,14.664652],[121.0448105,14.6646681],[121.0447615,14.6647155],[121.0447173,14.6647415],[121.0446328,14.6647778],[121.0445697,14.6647937],[121.0444638,14.6648012],[121.0443874,14.664796],[121.0443364,14.664796],[121.0443042,14.6648083],[121.0442713,14.6648186],[121.0442432,14.6648491],[121.0442036,14.6648978],[121.0441712,14.6649388]]]}},{"type":"Feature","properties":{"@id":"way/49478699","boat":"no","waterway":"drain","name":null},"geometry":{"type":"MultiLineString","coordinates":[[[121.0553819,14.6524374],[121.0553049,14.6525619],[121.0549996,14.652558],[121.0548479,14.6524781],[121.0546606,14.6523442],[121.0545515,14.6523826],[121.0542953,14.6524751],[121.0540807,14.652444],[121.0539599,14.6522392],[121.0538387,14.6521443],[121.0536515,14.6522468],[121.0535764,14.6525685],[121.0534799,14.6528384],[121.0534378,14.6529197],[121.0534155,14.6530149],[121.0532331,14.653129],[121.0530219,14.6532426]]]}},{"type":"Feature","properties":{"@id":"way/50512719","boat":"no","layer":"-1","waterway":"stream","name":null},"geometry":{"type":"MultiLineString","coordinates":[[[121.0144813,14.6616686],[121.0146295,14.6613643],[121.0148218,14.661154],[121.014977,14.6609864],[121.015096,14.6609014],[121.0152067,14.6608025]]]}},{"type":"Feature","properties":{"@id":"way/53056351","waterway":"drain","name":null},"geometry":{"type":"MultiLineString","coordinates":[[[121.0933268,14.6303526],[121.0936614,14.6304633]]]}},{"type":"Feature","properties":{"@id":"way/53056361","waterway":"drain","name":null},"geometry":{"type":"MultiLineString","coordinates":[[[121.0936734,14.6356463],[121.0931524,14.6355453]]]}},{"type":"Feature","properties":{"@id":"way/54032309","name":"Tañong Creek","waterway":"stream"},"geometry":{"type":"MultiLineString","coordinates":[[[121.0864891,14.6323765],[121.0864824,14.6321495],[121.0863661,14.6320761],[121.0862262,14.6319561],[121.0861646,14.6313849],[121.0861207,14.6306438],[121.0860639,14.6302245],[121.0859934,14.6300659],[121.0857742,14.6297401],[121.0856008,14.6295102]]]}},{"type":"Feature","properties":{"@id":"way/75394185","boat":"no","waterway":"stream","name":null},"geometry":{"type":"MultiLineString","coordinates":[[[121.088558,14.6055143],[121.0883546,14.6054058]]]}},{"type":"Feature","properties":{"@id":"way/75394186","boat":"no","layer":"-1","name":"Pansipit Creek","tunnel":"yes","waterway":"stream"},"geometry":{"type":"MultiLineString","coordinates":[[[121.0900361,14.6068963],[121.088558,14.6055143]]]}},{"type":"Feature","properties":{"@id":"way/81606462","boat":"no","name":"Ilugin River","waterway":"river"},"geometry":{"type":"MultiLineString","coordinates":[[[121.0980692,14.5547713],[121.0978692,14.5549854],[121.0975044,14.5552035],[121.0972071,14.5552939],[121.0968731,14.5553042],[121.0966831,14.5551885],[121.0958522,14.5541754],[121.095702,14.5540819],[121.0955089,14.5540404],[121.0952085,14.5540819],[121.0949402,14.5541962],[121.0948008,14.5543623],[121.094554,14.5545908],[121.094157,14.5546635],[121.0936742,14.5546738],[121.0932236,14.5545077],[121.0929486,14.5543775],[121.092553,14.5539106],[121.0922661,14.5534286],[121.0922688,14.5532615],[121.0923072,14.552805]]]}},{"type":"Feature","properties":{"@id":"way/91905502","name":"Sapa de San Agustin","waterway":"river"},"geometry":{"type":"MultiLineString","coordinates":[[[121.0847969,14.5574069],[121.0850078,14.5570073],[121.085451,14.5565032],[121.0857427,14.5561632],[121.0861157,14.5557459],[121.0863966,14.5553535],[121.0865611,14.555128],[121.0868144,14.5548584],[121.0869387,14.5547438],[121.0873811,14.55441],[121.0875451,14.5543074],[121.0876742,14.5542867],[121.0877791,14.5542421],[121.0879064,14.5541533],[121.0880571,14.5539686],[121.0881218,14.5537662],[121.0881748,14.553643],[121.0882113,14.5535685],[121.0882187,14.5535234],[121.0882185,14.5534276]],[[121.0882185,14.5534276],[121.0881005,14.552926]]]}},{"type":"Feature","properties":{"@id":"way/92604083","boat":"no","source":"Yahoo","waterway":"drain","name":null},"geometry":{"type":"MultiLineString","coordinates":[[[121.0797263,14.5974266],[121.080986,14.5971833],[121.0810328,14.5971281],[121.081273,14.5970942],[121.0815006,14.5972435],[121.0817043,14.5972204],[121.0820931,14.5972498],[121.0824407,14.5972293]]]}},{"type":"Feature","properties":{"@id":"way/98681202","waterway":"drain","name":null},"geometry":{"type":"MultiLineString","coordinates":[[[121.1212705,14.6634165],[121.1212569,14.6634587],[121.121229,14.6638204],[121.1211032,14.6652303],[121.1210668,14.6657478],[121.1211364,14.6658755],[121.1212363,14.6659917],[121.121378,14.6661287],[121.1214616,14.6662216],[121.1214675,14.666691],[121.1214649,14.6667607]]]}},{"type":"Feature","properties":{"@id":"way/98681333","waterway":"river","name":null},"geometry":{"type":"MultiLineString","coordinates":[[[121.1777195,14.6453361],[121.1776064,14.6448537],[121.1776281,14.6446774],[121.1777299,14.6446132],[121.1779238,14.6445412],[121.178027,14.6443911],[121.1779614,14.6439906],[121.1777918,14.643866],[121.1776279,14.6436434],[121.1773845,14.6434975],[121.1770229,14.6433015],[121.1768216,14.6432399],[121.1767394,14.6431947],[121.1766777,14.6431207],[121.1766408,14.6429687],[121.1766572,14.6428659],[121.1767394,14.6427879],[121.1767681,14.6427262],[121.1767271,14.6426029],[121.1766613,14.6425331],[121.1765061,14.6423924],[121.1764242,14.6420919],[121.1763667,14.6420056],[121.1761764,14.6418099],[121.1758724,14.641777],[121.1754902,14.641851],[121.1752765,14.6418838],[121.1750012,14.6418797],[121.1747629,14.6418469],[121.1745492,14.6417524],[121.1744054,14.641514],[121.1742123,14.6408031],[121.1740808,14.6404662],[121.1735918,14.6399238],[121.173148,14.6395458],[121.1725933,14.6391924],[121.172507,14.6390609],[121.1724577,14.6389376],[121.1724125,14.6387897],[121.1724371,14.6386952],[121.1724495,14.6385842],[121.1724043,14.6384733],[121.1723262,14.63835],[121.1721865,14.6381117],[121.1721824,14.6379062],[121.1721207,14.6377254],[121.1720509,14.63752],[121.1720016,14.6373844],[121.171944,14.6372529],[121.1718619,14.6371501]]]}},{"type":"Feature","properties":{"@id":"way/98682172","waterway":"river","name":null},"geometry":{"type":"MultiLineString","coordinates":[[[121.1571533,14.6538761],[121.1565735,14.6535539],[121.1562751,14.6533912],[121.155953,14.6532149],[121.1557631,14.6531098],[121.1556648,14.6530182],[121.1555631,14.6527707],[121.1554512,14.6525232],[121.1553088,14.6524384],[121.1551833,14.6524248],[121.1549256,14.652435],[121.1547358,14.6523875],[121.154556,14.6523028],[121.1544509,14.6522282],[121.1544272,14.6521231],[121.1543594,14.6518044],[121.1543594,14.6516653],[121.1543119,14.6514992],[121.1542373,14.6513636],[121.1541763,14.6511839],[121.1541288,14.6510787],[121.153922,14.6510143],[121.1538169,14.6509804],[121.1536338,14.6507668],[121.1534778,14.6504108],[121.1532405,14.650187],[121.153054,14.6499869],[121.1529455,14.649753],[121.1526369,14.6493902],[121.1524708,14.6491257],[121.1523758,14.6488816],[121.152186,14.6486748],[121.1520063,14.6485459],[121.151891,14.6484984],[121.1516231,14.6484069],[121.1514773,14.6482543],[121.1512739,14.648061],[121.1510704,14.6477661],[121.1508297,14.6474033],[121.1506669,14.6473287],[121.1502295,14.6472676],[121.14986,14.6472676],[121.1494768,14.6473083],[121.149192,14.6473185],[121.1489682,14.6473287],[121.1488597,14.6474304],[121.1487949,14.6475177],[121.1487037,14.6476406],[121.1485681,14.6477457],[121.1484189,14.6477796],[121.148246,14.6477864],[121.1481273,14.6477559],[121.1480595,14.6476813],[121.1481104,14.6475592],[121.1480866,14.6473185],[121.1479883,14.6471049],[121.1478466,14.6469139],[121.1477495,14.6467281],[121.147595,14.646559],[121.1475102,14.6464166],[121.1474625,14.6462659],[121.1473441,14.6462911],[121.1471101,14.6462877],[121.1469541,14.6463521],[121.1467575,14.6465488],[121.1464693,14.6467149],[121.1462353,14.646759],[121.1460929,14.6467556],[121.1458624,14.6467251],[121.1456453,14.6466098],[121.1455606,14.646542],[121.1453029,14.6463013],[121.1450384,14.6460809],[121.1448668,14.6460375],[121.1448329,14.6459665],[121.1448057,14.6458789],[121.1448359,14.6457703],[121.1448661,14.6456872],[121.1448845,14.645584],[121.144893,14.6454228],[121.1449203,14.6453976],[121.1449206,14.6453625],[121.1449128,14.6453279],[121.1448967,14.6453055],[121.1448731,14.6452764],[121.144843,14.6452269],[121.1448115,14.6451407],[121.144776,14.6450604],[121.1446775,14.6447889],[121.1446432,14.6447312],[121.1446474,14.6446522],[121.1445672,14.6446182],[121.1444986,14.6445773],[121.1444752,14.6445494],[121.1444276,14.6445001],[121.1444185,14.6443791],[121.1443197,14.644322],[121.1443197,14.6442849],[121.1443133,14.6442505],[121.1443818,14.6442242],[121.1443516,14.6441395],[121.1443063,14.6440985],[121.1442996,14.6440636],[121.1442504,14.6440644],[121.1441955,14.6440696],[121.1441552,14.6440426],[121.1440761,14.6440401],[121.1440242,14.6439842]]]}},{"type":"Feature","properties":{"@id":"way/99174610","source":"Bing","waterway":"stream","name":null},"geometry":{"type":"MultiLineString","coordinates":[[[121.1970601,14.7284721],[121.1970956,14.7282604],[121.1969831,14.7281305],[121.1966694,14.7281728],[121.1964869,14.7280368],[121.1961289,14.727986],[121.195885,14.7278642],[121.1958106,14.7276626],[121.1959195,14.7274216],[121.1960397,14.7272509],[121.1960676,14.7271409],[121.1960474,14.72697],[121.1958801,14.7267925],[121.1956419,14.7266044],[121.1954894,14.7263505],[121.1953756,14.7261824],[121.195318,14.7260488],[121.1953112,14.7259943],[121.1952656,14.7259515],[121.1952143,14.7259348],[121.1950877,14.7259487],[121.1949982,14.7259803],[121.1949082,14.72603],[121.1948494,14.7260812]]]}},{"type":"Feature","properties":{"@id":"way/99684262","source":"Bing","waterway":"stream","name":null},"geometry":{"type":"MultiLineString","coordinates":[[[121.1687113,14.7024499],[121.1686391,14.7026665],[121.1685729,14.702847],[121.1684947,14.7030154],[121.1684225,14.70322],[121.1683925,14.7035328],[121.1684225,14.7036712],[121.1684647,14.7037915],[121.168597,14.703966],[121.1687173,14.7041043],[121.1687775,14.7043029]]]}},{"type":"Feature","properties":{"@id":"way/99684263","source":"Bing","waterway":"stream","name":null},"geometry":{"type":"MultiLineString","coordinates":[[[121.1756008,14.6831752],[121.1753771,14.6837286],[121.1752241,14.6844115],[121.175177,14.6849413],[121.1751417,14.6853298],[121.1750946,14.6858126],[121.1750337,14.6863532],[121.175153,14.6864959],[121.1752697,14.6866592],[121.1753319,14.6867811],[121.1753345,14.6869316],[121.1753267,14.6870431],[121.1753475,14.6871131],[121.1754305,14.6872013],[121.175472,14.6873284],[121.1754875,14.6874632],[121.1755083,14.6875955],[121.1755731,14.6877615],[121.1755991,14.6878574],[121.1755835,14.6881816],[121.1755187,14.6884643],[121.1754305,14.6886459],[121.1753319,14.6888456],[121.1752334,14.6889726],[121.1751945,14.6891049],[121.1752023,14.6893124],[121.175127,14.6895614],[121.1751245,14.6896859],[121.1751296,14.689787],[121.1751841,14.6899789],[121.1752412,14.6901968],[121.175293,14.6904717],[121.1752827,14.6906714],[121.1753086,14.6911486],[121.1753423,14.6912783],[121.175402,14.6914572],[121.1755187,14.6916439],[121.1755939,14.6918125],[121.1757469,14.6921471],[121.1757754,14.6923416],[121.1758169,14.6925257],[121.1758432,14.6927343],[121.1758377,14.6929381],[121.1758299,14.6932545],[121.1757936,14.6934257],[121.1757858,14.6935242],[121.1758091,14.6937006],[121.1758714,14.6939132],[121.176027,14.6941726],[121.176084,14.6944008],[121.1761255,14.6946342],[121.1761048,14.6948236],[121.1759829,14.6949895],[121.1758689,14.6950582],[121.1757625,14.6951426],[121.1757287,14.6952074],[121.1757287,14.6952696],[121.1757443,14.6953293],[121.1758065,14.695376],[121.1759155,14.6954201],[121.1759933,14.695542],[121.176014,14.6956457],[121.1760322,14.6958013],[121.1760296,14.6959543],[121.1760322,14.6960581],[121.1760477,14.6962137],[121.1760529,14.6963511],[121.1760322,14.6964704],[121.1759803,14.6965067],[121.1758377,14.6965197],[121.175778,14.6965016],[121.175695,14.6964134],[121.1756146,14.6963615],[121.1755083,14.696333],[121.1753242,14.6963641],[121.1752438,14.6964134],[121.1752152,14.696473],[121.17521,14.6965482],[121.1752697,14.6966727],[121.1753319,14.6967194],[121.1754123,14.6967946],[121.1754149,14.6968776],[121.175389,14.6969502],[121.1753553,14.6969969],[121.1752827,14.697054],[121.1752619,14.6970903],[121.1751789,14.6972355],[121.17514,14.6973133],[121.1750907,14.6974145],[121.1751245,14.697596],[121.1751634,14.6977464],[121.1751997,14.6978839],[121.1752152,14.698011],[121.1752152,14.698138],[121.1750729,14.6982976],[121.1750338,14.6984034],[121.1750013,14.6984514],[121.1749711,14.6985158],[121.1749557,14.6985748],[121.1748857,14.6988286],[121.1749117,14.6988868],[121.1749083,14.6989841],[121.1749983,14.6991227],[121.1750144,14.6992791],[121.17506,14.6993267],[121.1751219,14.6993233],[121.1751395,14.6993673],[121.1751092,14.6994759],[121.1751348,14.6995437],[121.1750986,14.6996891]]]}},{"type":"Feature","properties":{"@id":"way/99684266","source":"Bing","waterway":"stream","name":null},"geometry":{"type":"MultiLineString","coordinates":[[[121.1696053,14.7076118],[121.1695336,14.7075908],[121.1694113,14.7075612],[121.1693564,14.7075359],[121.1691856,14.7074874],[121.1691329,14.7074495],[121.1691076,14.7073883],[121.1690992,14.7072681],[121.1690781,14.7071627],[121.1689938,14.7071163],[121.1688609,14.707072],[121.1687133,14.7070025],[121.1685868,14.7068823],[121.1685172,14.70676],[121.1684329,14.7065744],[121.1683148,14.7063382],[121.1682642,14.7062202],[121.1682684,14.7061653],[121.168281,14.7060915],[121.1682895,14.7060156],[121.1682789,14.7059207],[121.1682473,14.7058005],[121.1682115,14.7057267],[121.1681229,14.7056023],[121.1680301,14.7055243],[121.1680259,14.7054653],[121.1680238,14.7054062],[121.1680048,14.7053345],[121.1679669,14.7052565],[121.1678909,14.7051996],[121.167853,14.7051532],[121.1677792,14.7050688]]]}},{"type":"Feature","properties":{"@id":"way/99684267","waterway":"stream","name":null},"geometry":{"type":"MultiLineString","coordinates":[[[121.1919279,14.6804849],[121.1918043,14.6806944],[121.191794,14.6808249],[121.1918214,14.6810515],[121.1919004,14.681206],[121.1920172,14.6813125],[121.1921373,14.6814052],[121.1922369,14.6815941],[121.1922541,14.681752],[121.1922507,14.6818791],[121.192261,14.6820885],[121.1922884,14.6822568],[121.192364,14.6824251],[121.1924773,14.6825796],[121.192649,14.6828131],[121.1927252,14.6829662],[121.192752,14.6831908],[121.1926971,14.683438],[121.1926652,14.683526],[121.1926074,14.6836112],[121.1925191,14.6836842],[121.1924193,14.6837528]]]}},{"type":"Feature","properties":{"@id":"way/99684268","name":"Maly Creek","waterway":"stream"},"geometry":{"type":"MultiLineString","coordinates":[[[121.1343701,14.7208748],[121.134236,14.7209305],[121.1341113,14.7209772],[121.1339664,14.7209967],[121.1338149,14.7210084],[121.1336701,14.7210512],[121.1335494,14.7210499],[121.1334894,14.7210107],[121.1334245,14.7209385],[121.1333647,14.7208523],[121.1333486,14.7207302],[121.1333453,14.7206155],[121.1333429,14.7203098],[121.133364,14.7200229],[121.1333733,14.719868],[121.1333425,14.7197399],[121.1331885,14.7194808],[121.1330947,14.7192466]]]}},{"type":"Feature","properties":{"@id":"way/99684270","source":"Bing","waterway":"stream","name":null},"geometry":{"type":"MultiLineString","coordinates":[[[121.1640691,14.7095536],[121.1639533,14.7093542],[121.1639667,14.7092141],[121.1639317,14.7090767],[121.1638536,14.7088558],[121.1637808,14.7086753],[121.1636192,14.708457],[121.1635168,14.7084112],[121.1634495,14.7083681],[121.1633929,14.7082873],[121.1633282,14.7081876]]]}},{"type":"Feature","properties":{"@id":"way/99684273","waterway":"stream","name":null},"geometry":{"type":"MultiLineString","coordinates":[[[121.1867277,14.6893124],[121.1866136,14.6893694],[121.1864736,14.6893772],[121.1863647,14.6893513],[121.1862168,14.6893124],[121.1861235,14.6892631],[121.1860483,14.6892086],[121.185916,14.6892035],[121.18575,14.6892216],[121.1855685,14.689232],[121.1853428,14.6892553]]]}},{"type":"Feature","properties":{"@id":"way/99684275","waterway":"stream","name":null},"geometry":{"type":"MultiLineString","coordinates":[[[121.1827032,14.6827003],[121.1825079,14.6826984],[121.1823432,14.6827099],[121.1822341,14.6827367],[121.1821652,14.682775],[121.1821077,14.6828382],[121.1820522,14.6829684],[121.182035,14.6830794],[121.182056,14.6831598],[121.1819948,14.6833187],[121.181945,14.6834547],[121.1818722,14.6835542],[121.1818875,14.6836213],[121.1819565,14.6836998],[121.1819924,14.6838546],[121.1819754,14.6839496],[121.1818973,14.6840379],[121.181792,14.6840855],[121.1816052,14.6841772],[121.1815373,14.6842077],[121.181449,14.6842926],[121.1813709,14.6844387],[121.1812996,14.6845677],[121.1812249,14.6846153],[121.1811298,14.6845983],[121.1810415,14.6845202],[121.1809668,14.6844726],[121.1808445,14.6844658],[121.1807155,14.6845405],[121.1806238,14.6846492],[121.1805423,14.6847817],[121.18042,14.6850228],[121.1803963,14.6851314],[121.1803861,14.6852469],[121.1803929,14.6852944],[121.180488,14.6854031],[121.1805763,14.6854846],[121.1806476,14.6855763],[121.1806849,14.6856612],[121.1806985,14.6857563],[121.1806476,14.6858718],[121.1805355,14.6859465],[121.1804846,14.6859567],[121.1803929,14.6859567],[121.1802774,14.6859329],[121.1801857,14.6858786],[121.1801042,14.6858446],[121.1799854,14.6858208],[121.1798835,14.6858344],[121.1798292,14.6858752],[121.1797884,14.6859397],[121.1797714,14.6860212],[121.1798156,14.6861706],[121.1798971,14.6862419],[121.1799548,14.6862793],[121.1800601,14.6862827],[121.1801552,14.6862827],[121.1802265,14.6862963],[121.180257,14.6863506],[121.1802469,14.6864049],[121.1801857,14.6864728],[121.1800363,14.6865713],[121.1799344,14.686517],[121.1798869,14.6864491],[121.179819,14.6864015],[121.1797341,14.6864015],[121.1796526,14.6864525],[121.1796016,14.6865272],[121.1795201,14.6866732],[121.1794963,14.6868124],[121.179493,14.6869041],[121.1795371,14.6869958],[121.1795745,14.6870094],[121.1798325,14.6871249],[121.1799752,14.6871826],[121.1801484,14.6872675],[121.1803351,14.6873354],[121.1805117,14.6874067],[121.1806204,14.6874577],[121.1807291,14.6875188],[121.1809023,14.6876377],[121.1810755,14.6878176],[121.1813132,14.6879535],[121.1814253,14.6880486],[121.1815068,14.6881844],[121.1815339,14.6882727],[121.1815135,14.6884425],[121.1814524,14.6885919],[121.1813641,14.688704],[121.1812639,14.6888771],[121.1812918,14.6891127],[121.1812269,14.6892579],[121.1812295,14.6894109],[121.1812373,14.6895588],[121.1812503,14.689691],[121.1812425,14.6898181],[121.1811595,14.6900386],[121.1810739,14.6901708],[121.1809832,14.6901916],[121.1807738,14.6901963],[121.1806961,14.6901994],[121.1806175,14.6902123],[121.180493,14.6902538],[121.1804307,14.6902798],[121.18041,14.6903783],[121.1804385,14.6904587],[121.1804419,14.6904621],[121.1804722,14.6904924],[121.1804567,14.6905417],[121.1804567,14.6906014],[121.1804748,14.6906506],[121.1805163,14.6906921],[121.1805397,14.6907388],[121.1805604,14.6907881],[121.1805694,14.6908289],[121.1805654,14.6908819],[121.1805274,14.6909295],[121.1804722,14.690967],[121.1804152,14.6910241],[121.1803918,14.6910863]]]}},{"type":"Feature","properties":{"@id":"way/99687229","source":"Bing","waterway":"stream","name":null},"geometry":{"type":"MultiLineString","coordinates":[[[121.1659276,14.7159198],[121.1656278,14.7156766],[121.1654499,14.7156255],[121.165462,14.7154941],[121.1653364,14.7152711],[121.1652428,14.7150179],[121.1650353,14.7149273],[121.1648303,14.7146182],[121.1645423,14.7142222],[121.1644016,14.7140419],[121.1641448,14.7141164],[121.1639613,14.714003],[121.1637307,14.7140374],[121.1636626,14.7140611],[121.1634272,14.7140214],[121.1633472,14.7138795],[121.1633923,14.7136576],[121.163418,14.713519],[121.1634006,14.7132605],[121.1632437,14.713195],[121.1630732,14.713072],[121.1628613,14.7128121],[121.1628367,14.7127271],[121.1627068,14.7126847],[121.1625799,14.7125318],[121.1625819,14.7124275],[121.1625273,14.7123472],[121.1625951,14.7121501],[121.1627384,14.7120601],[121.1628544,14.7118823],[121.1627525,14.7116852],[121.1627634,14.7114798],[121.1627954,14.7112718],[121.1628777,14.7110793],[121.1626445,14.7108991],[121.1621396,14.710828]]]}},{"type":"Feature","properties":{"@id":"way/99687234","source":"Bing","waterway":"stream","name":null},"geometry":{"type":"MultiLineString","coordinates":[[[121.167417,14.7120842],[121.1671847,14.7119561],[121.1669525,14.7117879],[121.1666803,14.7115557],[121.1663199,14.7112194],[121.1661358,14.7111313],[121.1657594,14.7110112],[121.1654151,14.7110192],[121.1650147,14.7110192],[121.1646464,14.7111393],[121.1644542,14.7112274],[121.164246,14.7112914],[121.1640858,14.7112834],[121.1639097,14.7111393],[121.1636694,14.7111313],[121.1635253,14.7110672],[121.1633572,14.7109231],[121.1632611,14.710795],[121.1630609,14.7107469],[121.1628287,14.710771],[121.1626445,14.7108991]]]}},{"type":"Feature","properties":{"@id":"way/99727528","admin_level":"10","boundary":"administrative","name":"Navotas River","waterway":"river"},"geometry":{"type":"MultiLineString","coordinates":[[[120.9527271,14.651901],[120.9532069,14.6514784],[120.9533873,14.6513194],[120.9561726,14.6482559],[120.960643,14.6433387]]]}},{"type":"Feature","properties":{"@id":"way/102243534","source":"Bing","waterway":"stream","name":null},"geometry":{"type":"MultiLineString","coordinates":[[[121.2006586,14.7274885],[121.2003677,14.7271976],[121.2000283,14.7269309],[121.1997373,14.7264703],[121.1996525,14.7261672],[121.1997858,14.7258884],[121.1998222,14.7255369],[121.1998101,14.7253551],[121.1997252,14.7250278],[121.199798,14.7248096]]]}},{"type":"Feature","properties":{"@id":"way/102243536","source":"Bing","waterway":"stream","name":null},"geometry":{"type":"MultiLineString","coordinates":[[[121.2011313,14.726446],[121.200901,14.7260097],[121.2007313,14.7256096],[121.200598,14.7253308],[121.2005495,14.7250278],[121.2004525,14.7248339],[121.2002101,14.7247854],[121.2000161,14.7247854],[121.199798,14.7248096],[121.1995919,14.7245672],[121.1990585,14.7241672],[121.1985373,14.723949],[121.1981615,14.7237672],[121.1977858,14.7235611],[121.1974342,14.7233187],[121.1973644,14.7232747],[121.1971653,14.7231493],[121.1970178,14.7230612]]]}},{"type":"Feature","properties":{"@id":"way/102252615","waterway":"stream","name":null},"geometry":{"type":"MultiLineString","coordinates":[[[121.1700118,14.7440854],[121.1696902,14.743945],[121.1695615,14.7438047],[121.1694855,14.7436877],[121.1694446,14.7435707],[121.1692867,14.7433895],[121.1690869,14.7432283],[121.1687953,14.7430125],[121.1686561,14.7429027],[121.1685089,14.7428339],[121.1682165,14.7428105],[121.1680662,14.7427946],[121.1678517,14.7425165],[121.1676329,14.7424702],[121.1675449,14.7425542],[121.1674471,14.742545],[121.167395,14.7425064],[121.1673178,14.7424678],[121.1672225,14.7424729],[121.1671375,14.7425476],[121.167037,14.7425579],[121.1669701,14.7425322],[121.166952,14.7424858],[121.1669572,14.7424214],[121.1669581,14.7422334],[121.1669452,14.7420351],[121.1669118,14.7419089],[121.1668216,14.7416874],[121.166546,14.7411697],[121.1664636,14.741095],[121.1663529,14.7410332],[121.1663039,14.7409972],[121.1661185,14.7404254],[121.1660464,14.7403301],[121.1659382,14.7402889],[121.16583,14.7402683],[121.165691,14.7402142],[121.1655725,14.740191],[121.1654592,14.740155],[121.1652995,14.740191],[121.1651295,14.7402142],[121.1650188,14.7402348],[121.164926,14.7402889],[121.1647947,14.7403224],[121.1646917,14.7403018],[121.1646808,14.7402936],[121.1645526,14.7401962],[121.1645011,14.740106],[121.1644831,14.7399721],[121.1645603,14.7398536],[121.1646633,14.7396888],[121.1649595,14.7393102],[121.1649672,14.7390887],[121.1648797,14.7389419],[121.1648642,14.7389057],[121.1648333,14.7388337],[121.1648204,14.7386818],[121.1648179,14.7384989],[121.1648642,14.7383882],[121.164908,14.738262],[121.1648591,14.7381435],[121.1647174,14.7380147],[121.1645577,14.7379323],[121.1643981,14.7378782],[121.1642332,14.7378628],[121.1641379,14.7378293],[121.1640607,14.7377726],[121.164022,14.7377005],[121.1639396,14.7374893],[121.1638649,14.7373039],[121.1637207,14.7370927],[121.1636537,14.7370025],[121.1635404,14.737018],[121.1634194,14.7371493],[121.1634245,14.7372549],[121.1634168,14.7373296],[121.1633653,14.737376],[121.1632417,14.7373631],[121.1632159,14.7373064],[121.1631953,14.7371133],[121.1631361,14.7369356],[121.1630742,14.7368635],[121.1629171,14.7368197],[121.1627394,14.7368223],[121.1625463,14.7368841],[121.162402,14.736935],[121.1622836,14.736951],[121.1621548,14.7369278],[121.1620724,14.7368686],[121.1620028,14.7367836],[121.1619925,14.7365802],[121.1620106,14.7365003],[121.1621239,14.7362685],[121.1621574,14.7361166],[121.1621968,14.7359252],[121.1621484,14.7358387],[121.1620185,14.7357853],[121.161779,14.7357853],[121.161679,14.7358476],[121.1615766,14.7358996],[121.1615006,14.7359002],[121.1613773,14.735836],[121.161349,14.7357716],[121.161239,14.7357278],[121.1610911,14.7356633],[121.1609288,14.7356452],[121.160746,14.7355996],[121.1602146,14.7351524]]]}},{"type":"Feature","properties":{"@id":"way/102252620","waterway":"stream","name":null},"geometry":{"type":"MultiLineString","coordinates":[[[121.1663755,14.6409713],[121.1656694,14.6396161],[121.1652557,14.639074],[121.1651202,14.6388672],[121.1650418,14.6385534],[121.1650132,14.6383537],[121.1651273,14.6381611],[121.1652557,14.637997],[121.1652486,14.6377403],[121.1651202,14.6374692],[121.1649062,14.6370912],[121.1646709,14.6365777],[121.1645068,14.6359928],[121.1643998,14.6355934],[121.1642714,14.6353437],[121.1638792,14.6349372],[121.163765,14.6347517],[121.163601,14.6343309],[121.1634441,14.6342097],[121.1632515,14.6341241],[121.1629234,14.6340741],[121.1625382,14.6341526],[121.1623885,14.6342667],[121.1622244,14.6344593],[121.162115,14.6347627]]]}},{"type":"Feature","properties":{"@id":"way/102259862","name":"Brookside Creek","waterway":"river"},"geometry":{"type":"MultiLineString","coordinates":[[[121.1145697,14.7025425],[121.11471,14.7023623],[121.1148753,14.7022998],[121.1152241,14.7021488],[121.1155397,14.7019254],[121.1157476,14.70191],[121.115945,14.7019221],[121.1160189,14.7020681],[121.1160401,14.7022875],[121.1162035,14.7024475],[121.1162628,14.7025264],[121.1163938,14.7025491],[121.1165548,14.7025757],[121.1166748,14.7025797],[121.1167695,14.7025972],[121.1168403,14.7026045],[121.1169505,14.7026025],[121.117053,14.7026212],[121.1171316,14.7026401],[121.1172287,14.7026628],[121.1173269,14.7026892],[121.1174282,14.7027002],[121.117529,14.7027074],[121.1176393,14.7027036],[121.1177787,14.7026514],[121.1179553,14.7025403],[121.1180154,14.7024572],[121.1180218,14.7024302],[121.1180401,14.7023531],[121.1180449,14.7022707],[121.118043,14.702226],[121.1180296,14.7021829],[121.1180235,14.7021399],[121.11802,14.7021056],[121.1180126,14.7020726],[121.1179966,14.7020196],[121.1179794,14.7019585],[121.1179169,14.7018412],[121.1177981,14.7017323],[121.1176331,14.7017001],[121.1174682,14.7016452],[121.1171137,14.7014567],[121.1169594,14.7013437],[121.1168777,14.7012241],[121.1168186,14.7010817],[121.1168157,14.7009897],[121.1168111,14.7008352],[121.1167989,14.7006817],[121.1168075,14.7005715],[121.1167709,14.7004779],[121.1167579,14.7004114],[121.1167914,14.7003124],[121.1169326,14.7002747],[121.1170285,14.7002935],[121.1170895,14.7002875],[121.1170755,14.7001862],[121.1169926,14.7000385],[121.1168356,14.6998066],[121.1167733,14.6997063],[121.1166924,14.6995342],[121.1166003,14.699403],[121.1165269,14.6992808],[121.1164757,14.699173],[121.1164267,14.6990363],[121.1163332,14.6988828],[121.1162023,14.6986475],[121.1162223,14.6985655],[121.1162993,14.6984913],[121.1163982,14.6984809],[121.116494,14.6985418],[121.116581,14.6986849],[121.116748,14.698761],[121.1168978,14.6986609],[121.1169992,14.6985362],[121.1171053,14.6985193],[121.1172156,14.698533],[121.1172891,14.698591],[121.1173855,14.6986122],[121.1175154,14.6985767],[121.1176232,14.6984841],[121.1176574,14.6984259],[121.1177103,14.6983149],[121.1176819,14.6981644],[121.1176455,14.6980815],[121.1174961,14.6979684],[121.1172011,14.6979048],[121.1168532,14.6978147]]]}},{"type":"Feature","properties":{"@id":"way/102259871","waterway":"river","name":null},"geometry":{"type":"MultiLineString","coordinates":[[[121.1087943,14.6931316],[121.1091366,14.6925764],[121.1094985,14.6920511],[121.1094182,14.6919823],[121.1092499,14.6918921],[121.1092204,14.6918493],[121.1091909,14.6917287],[121.1091989,14.6916547],[121.1092692,14.6911212],[121.1091439,14.6909283],[121.109014,14.6908318],[121.1090574,14.6907486],[121.1091283,14.6906825],[121.1092732,14.6905645],[121.1094951,14.690447],[121.109648,14.6903461],[121.1097058,14.6902436],[121.1097418,14.6899897],[121.1097421,14.6898671],[121.1099622,14.6897642],[121.1103522,14.6897163],[121.1106799,14.6897069],[121.110988,14.6896282],[121.1113484,14.6894359]]]}},{"type":"Feature","properties":{"@id":"way/102259891","waterway":"stream","name":null},"geometry":{"type":"MultiLineString","coordinates":[[[121.1243916,14.727207],[121.1248927,14.7270286],[121.1251305,14.7269012],[121.1254108,14.72657],[121.1256061,14.7263916],[121.1258015,14.7262982],[121.1259629,14.7262982],[121.1264215,14.7263916],[121.1265489,14.7265105],[121.1267018,14.7266804],[121.1269226,14.7267993],[121.1272368,14.7269012],[121.1279248,14.7273004],[121.1290459,14.7279204],[121.1292497,14.7281157],[121.1297426,14.7286351]]]}},{"type":"Feature","properties":{"@id":"way/102517213","waterway":"stream","name":null},"geometry":{"type":"MultiLineString","coordinates":[[[121.1589815,14.7128746],[121.1589695,14.7128066],[121.1589855,14.7127426],[121.1590055,14.7126506],[121.1590095,14.7125586],[121.1589175,14.7123866],[121.1588775,14.7122826],[121.1588695,14.7121466],[121.1588815,14.7120067],[121.1588695,14.7118947],[121.1588295,14.7117627],[121.1588335,14.7116467],[121.1588535,14.7115267],[121.1588775,14.7113987],[121.1588255,14.7112707],[121.1587895,14.7111987],[121.1587586,14.7110264]]]}},{"type":"Feature","properties":{"@id":"way/102517218","waterway":"stream","name":null},"geometry":{"type":"MultiLineString","coordinates":[[[121.1612893,14.7137065],[121.1611053,14.7134505],[121.1609773,14.7132345],[121.1608893,14.7130345],[121.1608693,14.7128466],[121.1607733,14.7127106],[121.1606893,14.7126386],[121.1605653,14.7124826],[121.1604933,14.7123146],[121.1604693,14.7121386],[121.1604453,14.7119307],[121.1603774,14.7116587],[121.1603774,14.7115547],[121.1603293,14.7114444],[121.1602494,14.7113286]]]}},{"type":"Feature","properties":{"@id":"way/106859678","waterway":"weir","name":null},"geometry":{"type":"MultiLineString","coordinates":[[[121.0672981,14.557736],[121.0666598,14.5577165]]]}},{"type":"Feature","properties":{"@id":"way/107509678","name":"Katipunan Creek","waterway":"river"},"geometry":{"type":"MultiLineString","coordinates":[[[121.0868205,14.6493446],[121.0867602,14.6490492],[121.0868527,14.648993],[121.0868125,14.648963],[121.0870467,14.6488744],[121.0872283,14.6488815],[121.0875314,14.6486531],[121.0875522,14.6483426],[121.0875325,14.6480589],[121.0876006,14.6479355],[121.0876355,14.6474675],[121.087754,14.6472876],[121.0878944,14.6473139],[121.0880349,14.6474675],[121.0881226,14.6478405],[121.0882938,14.64806],[121.0883728,14.648354],[121.0885351,14.6486129],[121.0886386,14.6486952],[121.0887963,14.6487953],[121.0888752,14.6488525],[121.0890857,14.648874],[121.0891834,14.6488802]]]}},{"type":"Feature","properties":{"@id":"way/109070297","FIXME":"verify connection to main river","waterway":"stream","name":null},"geometry":{"type":"MultiLineString","coordinates":[[[121.1669502,14.6481179],[121.1668936,14.6480397],[121.1667722,14.6478988],[121.1665861,14.6477187],[121.1664243,14.6475152],[121.1662302,14.6474526],[121.1661574,14.6472256],[121.1662383,14.6470065],[121.1661007,14.6469047],[121.1659713,14.6468421],[121.1659713,14.6467012],[121.1657529,14.6466073],[121.1655992,14.6464429],[121.1656234,14.6462316],[121.1656801,14.6460594],[121.1657448,14.6459733],[121.1656962,14.6456367],[121.1655911,14.645441],[121.1655749,14.6452923],[121.1653969,14.6452454],[121.1651623,14.645034],[121.1648872,14.6447366],[121.1648549,14.6445644],[121.1649804,14.6443248],[121.164985,14.6441178],[121.164939,14.6440028],[121.164939,14.6439062],[121.16487,14.6437635],[121.1647412,14.6436163],[121.1647504,14.6435381],[121.1647734,14.6434599],[121.1648194,14.6433126],[121.1649114,14.6430688],[121.164916,14.6429676],[121.1648976,14.6428572],[121.164847,14.6427697],[121.1646952,14.6427053],[121.1645618,14.6426317],[121.1645111,14.6425489],[121.1645157,14.6424431],[121.1645526,14.6423557],[121.164548,14.6422314],[121.1645111,14.642121],[121.1644145,14.6418312],[121.1643133,14.6416655],[121.1642029,14.6415965],[121.1639867,14.6415781],[121.1638302,14.6415689],[121.1637382,14.6415275],[121.1635956,14.6413987],[121.1634806,14.6413757],[121.1632275,14.6413021],[121.1629239,14.6412515],[121.1627214,14.6412423],[121.1625834,14.6412239],[121.1625006,14.6411134],[121.1624776,14.6409754],[121.16245,14.6408512],[121.1623948,14.6407132],[121.1623165,14.6405935],[121.1622475,14.6405061],[121.1621663,14.6404334],[121.1621503,14.6403925],[121.1621485,14.6403569],[121.1621592,14.6403285],[121.1621663,14.6402805],[121.1621539,14.6402218],[121.1621041,14.6401862],[121.1619956,14.6401417],[121.1619013,14.6400955],[121.1618782,14.6400279],[121.1618319,14.6398927],[121.1617999,14.6398269],[121.1617483,14.6397611],[121.1616932,14.6397149],[121.1616505,14.6397131],[121.1616025,14.6397593],[121.1615527,14.6397914],[121.1614887,14.639802],[121.1614406,14.6398003],[121.1613713,14.6397931],[121.1613499,14.6397629],[121.1613126,14.639754],[121.1612699,14.639786],[121.161213,14.6397967],[121.1611045,14.6397949],[121.1610369,14.6397949],[121.1609675,14.6397878],[121.1608573,14.6397469],[121.1608039,14.6397095],[121.1607346,14.639658],[121.1607025,14.6396117],[121.1607008,14.6395922],[121.1607132,14.6395441],[121.1607399,14.6394979],[121.1607595,14.6394677],[121.1607737,14.6394196],[121.1607434,14.639336],[121.1607559,14.6391973],[121.1607452,14.6391084],[121.160715,14.6390533],[121.1606901,14.6390355],[121.1606652,14.6390337],[121.1605923,14.6390621],[121.160546,14.6390728],[121.1604909,14.6390728],[121.1604464,14.6390497],[121.160402,14.6390177],[121.1603273,14.6389092],[121.160233,14.6388558],[121.1601939,14.6388096],[121.1601476,14.6387545],[121.1601032,14.6386104],[121.1600302,14.6385802],[121.1599235,14.6386211],[121.1598808,14.6386513],[121.1598346,14.6386869],[121.1597208,14.6387064],[121.1596603,14.6386744],[121.1596603,14.6386033],[121.1596834,14.6385321],[121.1596585,14.6384361],[121.1596069,14.6383881],[121.1595287,14.6383578],[121.1594309,14.6383312],[121.1593366,14.6383276],[121.159189,14.6382262],[121.1590218,14.6381373],[121.1586536,14.6380555],[121.1585007,14.6379879],[121.1583744,14.637931],[121.1581823,14.6379167],[121.1579618,14.637883],[121.1578373,14.6378332],[121.1577679,14.6378136],[121.1576505,14.6378065],[121.1575314,14.6377673],[121.1574709,14.6377353],[121.1574086,14.6377122],[121.1572877,14.6376304],[121.157213,14.6375468],[121.1570885,14.6373601],[121.1570494,14.6372107],[121.1570476,14.6371039],[121.1571543,14.6368016],[121.1571721,14.6365241],[121.1571667,14.6363641],[121.1573137,14.6362463]]]}},{"type":"Feature","properties":{"@id":"way/109071236","layer":"-1","source":"Bing","tunnel":"culvert","waterway":"stream","name":null},"geometry":{"type":"MultiLineString","coordinates":[[[121.1752523,14.732783],[121.1752255,14.7330035]]]}},{"type":"Feature","properties":{"@id":"way/112946585","boat":"no","layer":"-1","tunnel":"yes","waterway":"river","name":null},"geometry":{"type":"MultiLineString","coordinates":[[[121.0466289,14.6140369],[121.0463581,14.6142337],[121.0461935,14.6142692],[121.0460181,14.6141582],[121.0458334,14.6141505],[121.0457185,14.6142364],[121.0456261,14.6142933],[121.0455357,14.6142717],[121.045393,14.6140497],[121.0452384,14.6136676],[121.0450979,14.6133231],[121.0449811,14.6131122],[121.0449793,14.6130961],[121.0449338,14.61268],[121.0448951,14.6125751],[121.0447779,14.6124592],[121.0445276,14.6123638],[121.0442527,14.6123048],[121.0440616,14.612148]]]}},{"type":"Feature","properties":{"@id":"way/113937562","waterway":"river","name":null},"geometry":{"type":"MultiLineString","coordinates":[[[121.1301228,14.744695],[121.1301182,14.7445805],[121.1301507,14.7445082],[121.1301652,14.7443926],[121.1301615,14.7442444],[121.1300965,14.7440096],[121.130082,14.7438723],[121.1303061,14.7436194],[121.1305626,14.7433881],[121.1306602,14.7434279],[121.1307144,14.7434459],[121.1308047,14.7434387],[121.130877,14.7433809],[121.1309637,14.7432508],[121.1310287,14.7430918],[121.131119,14.7429401],[121.1313214,14.7426691],[121.1315056,14.7424342],[121.1318453,14.7418886],[121.1321307,14.7414659],[121.1321536,14.7413571],[121.1321802,14.7411849],[121.1323142,14.7409],[121.132314,14.7408842],[121.1323247,14.7405833],[121.1322765,14.7403343],[121.1322282,14.7400749],[121.1320685,14.7398411],[121.1321876,14.7397386],[121.1322821,14.7396684],[121.132373,14.7394938],[121.132514,14.7394842],[121.132652,14.7395262],[121.1328078,14.7394134],[121.1330027,14.7392498],[121.1332255,14.7391896],[121.1334833,14.7392098],[121.1336515,14.7391086],[121.1338911,14.738994],[121.1342288,14.7388466],[121.1344625,14.7387141],[121.1348087,14.7386324],[121.1350141,14.7385136],[121.1352162,14.7383482],[121.1353556,14.7381657],[121.1353771,14.7379452],[121.1357525,14.7374203],[121.135767,14.7372791],[121.1357479,14.7372211],[121.1356508,14.737198],[121.135498,14.7371383],[121.1354171,14.7371439],[121.1351996,14.7372285],[121.1350241,14.7372451],[121.134987,14.7371232],[121.135071,14.7370288],[121.1351278,14.7369865],[121.1351674,14.736801],[121.1351518,14.7366573]]]}},{"type":"Feature","properties":{"@id":"way/124010186","boat":"no","culvert":"box","layer":"-1","tunnel":"culvert","waterway":"stream","name":null},"geometry":{"type":"MultiLineString","coordinates":[[[121.0144421,14.6617937],[121.0144483,14.6617401]]]}},{"type":"Feature","properties":{"@id":"way/124023525","waterway":"stream","name":null},"geometry":{"type":"MultiLineString","coordinates":[[[121.1957895,14.7048802],[121.1958571,14.7049308],[121.1959866,14.704959],[121.1962569,14.7050237],[121.1964906,14.7051195],[121.1966318,14.7051615],[121.1967271,14.7051899],[121.1969608,14.7052743],[121.1970987,14.7053447],[121.1971776,14.7054067],[121.1972001,14.7054883],[121.1971888,14.7056009],[121.1971325,14.7056432],[121.1971156,14.7056967],[121.19711,14.7057952],[121.1971691,14.7058853],[121.1972536,14.7059501],[121.1973096,14.7059624],[121.197369,14.7059641],[121.1974788,14.7059754],[121.1975515,14.7060042],[121.1976196,14.7060373],[121.197721,14.7061049],[121.1978505,14.7062851],[121.1979969,14.7063921],[121.1981574,14.7065329],[121.1982756,14.7066906],[121.1983517,14.706837],[121.1983742,14.7069186],[121.1984192,14.7071551],[121.1983826,14.7072424],[121.1983207,14.7073072],[121.1982587,14.7074085],[121.1982785,14.7074958],[121.1982785,14.7075549],[121.1982559,14.7076028],[121.1981996,14.7076197],[121.1980921,14.707626],[121.1980335,14.7076181],[121.1979153,14.7076253],[121.1978392,14.7076591],[121.1978111,14.7076985],[121.1978252,14.7079041],[121.1978899,14.708011],[121.1980053,14.7081237],[121.1981067,14.7081828],[121.1981574,14.7082231],[121.1982024,14.7082588],[121.1982925,14.7084953],[121.1983939,14.7087009],[121.1985093,14.7088754],[121.198636,14.7090577],[121.198661,14.7091823],[121.1986397,14.7092975],[121.1986007,14.709382],[121.1984987,14.7094929],[121.1984107,14.7095639],[121.1983732,14.7096341],[121.1983768,14.7096913],[121.1984158,14.7097612],[121.1985006,14.709824],[121.1986079,14.7098524],[121.1987712,14.7098749],[121.1989035,14.7099059],[121.1990839,14.7099808],[121.1992028,14.7100423],[121.1992461,14.7100958],[121.1992628,14.7101593],[121.1992648,14.7102436]]]}},{"type":"Feature","properties":{"@id":"way/124046491","waterway":"stream","name":null},"geometry":{"type":"MultiLineString","coordinates":[[[121.1615301,14.6996902],[121.1618376,14.7003859],[121.1618562,14.7006285],[121.1621928,14.7010167],[121.1623829,14.7014819],[121.1626152,14.7015611],[121.1627924,14.7016891],[121.1629992,14.7018368],[121.1630484,14.7019647],[121.163009,14.7022108],[121.1629992,14.7023979],[121.163137,14.7025357],[121.1633634,14.7028704],[121.1635701,14.7030771],[121.1638851,14.7033626],[121.1640033,14.7035693],[121.1639344,14.7038548],[121.164023,14.70416],[121.1641509,14.7044258],[121.1642395,14.7046424],[121.1643675,14.7048097],[121.1645644,14.7050263],[121.1646458,14.7052734]]]}},{"type":"Feature","properties":{"@id":"way/124055808","waterway":"stream","name":null},"geometry":{"type":"MultiLineString","coordinates":[[[121.2008664,14.6798024],[121.2007824,14.6797418],[121.2006945,14.6797455],[121.2005883,14.6798041],[121.200515,14.6798737],[121.2004784,14.6799506],[121.2004857,14.6800788],[121.2005516,14.6801961],[121.20057,14.680284],[121.2005443,14.6804379],[121.2004967,14.6805294],[121.2004088,14.6805807],[121.2002696,14.680621],[121.2000937,14.680632],[121.1999362,14.6806833],[121.1997567,14.6807566],[121.1996834,14.6808152],[121.1995149,14.6808592],[121.1993977,14.6808701],[121.1991339,14.6808482],[121.198958,14.6807932],[121.1986576,14.6808005],[121.1984891,14.6808482],[121.1983609,14.6809251],[121.1982913,14.6809581],[121.1981814,14.6809214],[121.1980202,14.6808848],[121.197881,14.6808885],[121.1977198,14.6809727],[121.1976465,14.681002],[121.1974597,14.6809764],[121.1973241,14.6808995],[121.1971996,14.6808262],[121.197086,14.6807786],[121.1969688,14.6808518],[121.1968552,14.681002],[121.1966464,14.6813501],[121.196524,14.6814798],[121.1964412,14.6816028],[121.1963789,14.6816768],[121.1962688,14.681737],[121.1961445,14.6817201],[121.1960489,14.6816591],[121.195987,14.6815662],[121.1959796,14.6813757],[121.1960529,14.6811449],[121.1961445,14.6809874],[121.1961482,14.6808518],[121.1960456,14.6807529],[121.1958697,14.6808042],[121.1957928,14.6809104],[121.1957342,14.6811449],[121.1956646,14.6812951],[121.1955547,14.6813391],[121.1953422,14.6813024],[121.1950601,14.6812841],[121.194855,14.6812108],[121.1946645,14.6811815],[121.1944666,14.6812658],[121.1943421,14.6814307],[121.1942725,14.6816065],[121.1942175,14.6820424],[121.1941809,14.6822989],[121.1941186,14.6825846],[121.1939281,14.682951],[121.1938512,14.6831598],[121.1937706,14.6832844],[121.1935618,14.6835774],[121.1934262,14.6837716],[121.1933713,14.6839438],[121.1932357,14.6842442],[121.1931588,14.6844164],[121.1931038,14.6845776],[121.1930379,14.6847278],[121.1929903,14.6847754],[121.192895,14.684801],[121.1927631,14.6847681],[121.1927228,14.6846985],[121.1927338,14.6845116],[121.1927412,14.6842845],[121.1926972,14.684072],[121.1926255,14.6839215],[121.1925177,14.6838243],[121.1924193,14.6837528]]]}},{"type":"Feature","properties":{"@id":"way/124055835","waterway":"river","name":null},"geometry":{"type":"MultiLineString","coordinates":[[[121.1259782,14.707673],[121.1258071,14.7072922],[121.1253683,14.7066203],[121.1248475,14.7058845],[121.1245852,14.7053882],[121.1243105,14.7052942],[121.1235899,14.7052798],[121.1230355,14.7053183],[121.1228524,14.7053039],[121.1226909,14.7052364],[121.1225367,14.7050653],[121.122327,14.7048942],[121.1221752,14.7048604],[121.1217582,14.7050026],[121.1216498,14.7050147],[121.1215582,14.7050725],[121.121428,14.7051496],[121.1212955,14.7052099],[121.1211846,14.7052581],[121.1210256,14.7052653],[121.1207966,14.7052364],[121.1207098,14.7052171],[121.1205484,14.70514],[121.1201063,14.7050994]]]}},{"type":"Feature","properties":{"@id":"way/124145107","waterway":"stream","name":null},"geometry":{"type":"MultiLineString","coordinates":[[[121.1290245,14.7400274],[121.1291447,14.7399212],[121.1293332,14.739826],[121.1294752,14.7397751],[121.1298725,14.7395209],[121.1301147,14.7393558],[121.1302485,14.7392035],[121.1303805,14.7390014],[121.1304544,14.7388418],[121.1304392,14.7386496],[121.1300053,14.7380796],[121.1298507,14.7376734],[121.1298369,14.7374773],[121.129801,14.7372187],[121.1298385,14.7370955],[121.1299483,14.7369207],[121.1300169,14.7368192],[121.130086,14.7367401],[121.1301551,14.7366016],[121.1301484,14.7365035],[121.1301922,14.7363488],[121.1302961,14.736215],[121.1304438,14.7361919],[121.1306469,14.7361412],[121.1308107,14.7360858],[121.1308615,14.7360304],[121.1309584,14.7358896],[121.1309838,14.7355989],[121.1310299,14.7355066],[121.1310691,14.7354396],[121.1311338,14.735435],[121.1312238,14.7354235],[121.131263,14.7353704],[121.1313869,14.7351734]]]}},{"type":"Feature","properties":{"@id":"way/124147006","waterway":"stream","name":null},"geometry":{"type":"MultiLineString","coordinates":[[[121.1283659,14.7139435],[121.1283726,14.7137628],[121.1283927,14.7136601],[121.1283704,14.7136088],[121.1282745,14.7135285],[121.1281294,14.7134816],[121.128,14.7134459],[121.1279175,14.7134482],[121.1278528,14.7134839],[121.1277457,14.7135396],[121.1276452,14.7135731],[121.1275738,14.7135798],[121.1273597,14.7134638],[121.1271477,14.7132697],[121.127054,14.7132674],[121.126958,14.71335],[121.1268933,14.713408],[121.1268264,14.7134214],[121.1267483,14.7133835],[121.1267059,14.713321],[121.1266947,14.7132295],[121.1266903,14.7131559],[121.126639,14.71308],[121.1265453,14.7130421],[121.1264672,14.7129796],[121.126311,14.7127119],[121.1262284,14.7124463],[121.1262976,14.7121273],[121.1263043,14.7118952],[121.1262753,14.7116877],[121.1262306,14.7115717],[121.1262061,14.7114267],[121.1262039,14.7113419],[121.126224,14.7111879],[121.1262324,14.7110437],[121.1262351,14.7109983],[121.1262597,14.7106078],[121.1261994,14.7101749],[121.1261481,14.7100076],[121.1261012,14.7099518],[121.1261035,14.709867],[121.1260834,14.7097912],[121.1260901,14.7097131],[121.1261191,14.7096305],[121.1261124,14.709548],[121.1260611,14.7094721],[121.1260075,14.7093762],[121.1259651,14.7092891],[121.1259473,14.7091731],[121.1259027,14.7090928],[121.1258246,14.7090214],[121.1257264,14.7089589],[121.1256215,14.7089723],[121.1255613,14.7090125],[121.1254586,14.7091352],[121.1253805,14.7091508],[121.1252177,14.709162],[121.1250659,14.7091508],[121.1247993,14.7091458]]]}},{"type":"Feature","properties":{"@id":"way/133340465","waterway":"stream","name":null},"geometry":{"type":"MultiLineString","coordinates":[[[121.0364541,14.5895365],[121.0364421,14.5896689],[121.0363173,14.5897897],[121.0361643,14.5898403],[121.0360396,14.589852],[121.0359115,14.5898221],[121.0359076,14.5897912],[121.0358182,14.5897624]]]}},{"type":"Feature","properties":{"@id":"way/152287876","waterway":"drain","name":null},"geometry":{"type":"MultiLineString","coordinates":[[[121.055641,14.6898903],[121.0556519,14.6885871],[121.0556577,14.6883957],[121.0556239,14.6882099],[121.0555891,14.68811],[121.0554776,14.6879588],[121.0556511,14.6878525],[121.0559585,14.687789],[121.0560499,14.6877507],[121.0561605,14.6876215]]]}},{"type":"Feature","properties":{"@id":"way/159638428","waterway":"river","name":null},"geometry":{"type":"MultiLineString","coordinates":[[[121.0733318,14.7141707],[121.072922,14.7140222],[121.0726289,14.7138771],[121.0716267,14.71329],[121.0704509,14.7123601],[121.0701744,14.712087],[121.0699133,14.711886],[121.0697744,14.711751],[121.0692213,14.7112402],[121.068971,14.7110409],[121.0686882,14.7107769],[121.0683414,14.7104858],[121.0680371,14.7101406],[121.0678827,14.7100603]]]}},{"type":"Feature","properties":{"@id":"way/160192403","intermittent":"no","name":"Estero de Valencia","tunnel":"no","waterway":"river","width":"5"},"geometry":{"type":"MultiLineString","coordinates":[[[121.004179,14.6057014],[121.0040492,14.6055805],[121.0036716,14.6054642],[121.0033969,14.6052981],[121.0032081,14.6052565],[121.0025643,14.6048413],[121.0024411,14.6046618],[121.0022489,14.6043159],[121.0022082,14.6039858],[121.0019893,14.6032798],[121.0019951,14.6031282],[121.0020467,14.602897],[121.0022129,14.6024265],[121.0023671,14.6022964],[121.0025721,14.6021804],[121.0026561,14.6020687],[121.0026712,14.601903],[121.0026334,14.601798],[121.0025909,14.6017033],[121.002283,14.6010736],[121.0021009,14.6007963],[121.0019807,14.600381],[121.0021009,14.6000903],[121.0022551,14.5997082],[121.0023585,14.5993217],[121.0024584,14.5989395],[121.0025913,14.5983854],[121.0026682,14.5980766],[121.0027405,14.5978037],[121.0028212,14.5976327],[121.0029296,14.5975868],[121.0030784,14.5972866],[121.0033667,14.5967518]],[[121.0044583,14.6059618],[121.0042593,14.6057764]],[[121.0042593,14.6057764],[121.004179,14.6057014]]]}},{"type":"Feature","properties":{"@id":"way/175024295","name":"Marulas Creek","waterway":"river"},"geometry":{"type":"MultiLineString","coordinates":[[[120.9782811,14.6764957],[120.9782019,14.6764815],[120.9778943,14.6763718],[120.9775993,14.6761901],[120.9773847,14.6761279],[120.9772477,14.6762264],[120.9771296,14.676224],[120.9770332,14.6762978],[120.9769898,14.6764525],[120.9768452,14.676471],[120.9767839,14.6765638],[120.976817,14.676695],[120.9766176,14.6769219],[120.9764674,14.677062],[120.9763533,14.6773084],[120.9762224,14.6773163],[120.9760024,14.6771795],[120.9757955,14.6770159],[120.9753918,14.6769599],[120.9750251,14.6769987],[120.9749466,14.6770655],[120.9748984,14.6771537],[120.9746462,14.6773509],[120.9746052,14.677429],[120.97446,14.6775591],[120.9742079,14.6776429]]]}},{"type":"Feature","properties":{"@id":"way/181975231","source:outline":"Bing","waterway":"ditch","name":null},"geometry":{"type":"MultiLineString","coordinates":[[[121.0360833,14.6701534],[121.0361798,14.6702787],[121.0361986,14.6704106],[121.0363199,14.6704571],[121.0364473,14.6705272],[121.0364889,14.6706239],[121.0365358,14.6707081],[121.036596,14.6707813],[121.036649,14.670908],[121.0368604,14.6710222],[121.0370511,14.6711025]]]}},{"type":"Feature","properties":{"@id":"way/187486765","boat":"no","name":"Estero de San Miguel","waterway":"river"},"geometry":{"type":"MultiLineString","coordinates":[[[120.9858066,14.595329],[120.9854439,14.5952199],[120.9848824,14.5953847],[120.984541,14.595438],[120.9843629,14.5954658],[120.9834747,14.5949777],[120.9827719,14.5947242]]]}},{"type":"Feature","properties":{"@id":"way/217824966","waterway":"drain","name":null},"geometry":{"type":"MultiLineString","coordinates":[[[121.0277295,14.6152335],[121.0275556,14.6151397],[121.0272147,14.6150487],[121.026842,14.6152169],[121.0267134,14.6152137],[121.0263058,14.615098],[121.024909,14.6145237],[121.024753,14.6144284]]]}},{"type":"Feature","properties":{"@id":"way/223096991","waterway":"stream","name":null},"geometry":{"type":"MultiLineString","coordinates":[[[121.0300114,14.5951342],[121.029957,14.5950546],[121.0297799,14.5947262]]]}},{"type":"Feature","properties":{"@id":"way/225443005","admin_level":"10","boundary":"administrative","waterway":"river","name":null},"geometry":{"type":"MultiLineString","coordinates":[[[121.1490426,14.6246404],[121.1487551,14.6246904],[121.1485325,14.6248036],[121.1483729,14.6249163],[121.1481468,14.6251423],[121.148023,14.6253246],[121.1479278,14.6255328],[121.1480074,14.625927],[121.1479842,14.6261007],[121.148124,14.6263994],[121.1482118,14.6267595],[121.1483201,14.6269761],[121.1485631,14.6272045],[121.1488471,14.627506],[121.1490023,14.6276436],[121.1492014,14.6277344],[121.1493888,14.6277754],[121.1495527,14.6278603],[121.1496347,14.6280857],[121.1496083,14.6282526],[121.149661,14.6284634],[121.1497196,14.628803],[121.1497459,14.6291748],[121.1497986,14.6293534],[121.1500006,14.6295671],[121.1501909,14.629816],[121.1503959,14.6301175],[121.1507121,14.6302873],[121.1508292,14.6305128],[121.1508058,14.6308758],[121.1507238,14.6311861],[121.1506945,14.6315931],[121.1506697,14.631769],[121.1506005,14.6318678]]]}},{"type":"Feature","properties":{"@id":"way/226831893","boat":"no","name":"Balisampan Creek","waterway":"river","width":"4"},"geometry":{"type":"MultiLineString","coordinates":[[[121.04213,14.5618191],[121.0420698,14.5621313],[121.0419853,14.5624097],[121.0417588,14.5626682],[121.0418864,14.5629288],[121.0418992,14.5630341],[121.0418778,14.5631051],[121.0417959,14.5631997],[121.0417311,14.563276],[121.0416452,14.5633507],[121.0415594,14.5634006],[121.0414221,14.5634504],[121.0410702,14.5634172],[121.0408127,14.5634172],[121.0407011,14.5636166],[121.0406594,14.5637337],[121.0406839,14.563791],[121.0407526,14.5638242],[121.0409074,14.5638171],[121.0410244,14.5638252],[121.0411407,14.5639035],[121.0412193,14.5640387],[121.0411889,14.5641344],[121.0411265,14.5641951],[121.040903,14.564341],[121.040903,14.5644641],[121.0409991,14.5646152],[121.0410616,14.564738],[121.0411311,14.5650215],[121.0411714,14.5651968],[121.04127,14.5654262],[121.041362,14.5655688],[121.0414564,14.5657681],[121.0413644,14.5658981],[121.0411199,14.5661156],[121.0408852,14.5663634],[121.0406261,14.5664927],[121.0402992,14.5666369],[121.0399742,14.5666959],[121.0398441,14.5667486],[121.0397584,14.5668296],[121.0397203,14.5669],[121.0397105,14.5669786],[121.03992,14.5671471],[121.0401271,14.5672407],[121.0401912,14.5673909],[121.0402308,14.5676751],[121.0401944,14.5680722]]]}},{"type":"Feature","properties":{"@id":"way/236953688","source":"bing","waterway":"stream","name":null},"geometry":{"type":"MultiLineString","coordinates":[[[121.1142862,14.5429962],[121.1144976,14.5426977],[121.1145958,14.5424738],[121.1146589,14.5422182],[121.1146764,14.541879],[121.114618,14.5415861],[121.1145444,14.5413487],[121.1145082,14.5412672],[121.1136776,14.5400832]]]}},{"type":"Feature","properties":{"@id":"way/237174652","waterway":"drain","name":null},"geometry":{"type":"MultiLineString","coordinates":[[[121.1043046,14.5348992],[121.1041788,14.5349774],[121.1039368,14.5351796],[121.1037797,14.5353674],[121.1036451,14.5357364],[121.1035252,14.5358539],[121.1033542,14.5359263],[121.1031656,14.5359359],[121.1030203,14.535892],[121.1027933,14.5357735]]]}},{"type":"Feature","properties":{"@id":"way/237320310","waterway":"stream","name":null},"geometry":{"type":"MultiLineString","coordinates":[[[121.120209,14.7136293],[121.1203696,14.7135192],[121.1204044,14.7134706],[121.1204238,14.7133883],[121.1204315,14.7132536],[121.1203967,14.7131338],[121.1203541,14.713059],[121.1202884,14.7129654],[121.1203077,14.7128719],[121.1204006,14.7127858],[121.1205863,14.7126811],[121.1206559,14.7126287],[121.1206598,14.7125538],[121.1206017,14.7124154],[121.1204934,14.7123256],[121.1204934,14.7122545],[121.1205011,14.7121422],[121.1205089,14.7120599],[121.1205514,14.7119626],[121.1206172,14.7118504],[121.1206636,14.711783],[121.1206868,14.7117045],[121.120741,14.7115997],[121.1207797,14.7115174],[121.1207913,14.711435],[121.120799,14.7113452],[121.1207603,14.7111619],[121.1206946,14.7110459],[121.1206559,14.7109299],[121.1206559,14.7108476],[121.120672,14.7108036],[121.1206984,14.7107316],[121.1208029,14.7106231],[121.1209654,14.7104884],[121.1210814,14.7104547],[121.1211975,14.710436],[121.1213136,14.7104098],[121.1214451,14.7102489],[121.1214606,14.7102002],[121.1206827,14.7080263]]]}},{"type":"Feature","properties":{"@id":"way/237320494","waterway":"stream","name":null},"geometry":{"type":"MultiLineString","coordinates":[[[121.1371232,14.7386701],[121.1371417,14.7385743],[121.1371808,14.7384695],[121.1372223,14.7383515],[121.1372522,14.7382802],[121.1372707,14.7381977],[121.137273,14.7380952],[121.1372638,14.7380039],[121.1372108,14.737917],[121.1371578,14.7378769],[121.137114,14.7377766],[121.1370864,14.7376942],[121.136985,14.737634],[121.1369914,14.7375288],[121.1369343,14.7374224],[121.13696,14.737362],[121.1370008,14.7372821],[121.1369692,14.7372524],[121.1369437,14.7372005],[121.1369372,14.7371609],[121.1369609,14.7370948],[121.1369617,14.7370484],[121.1368583,14.7369099],[121.1368891,14.7368028],[121.1368936,14.7367181],[121.1368257,14.7366143],[121.1367626,14.7365676],[121.1367193,14.7364916]]]}},{"type":"Feature","properties":{"@id":"way/237473847","name":"Dampalit River","waterway":"river"},"geometry":{"type":"MultiLineString","coordinates":[[[120.9521394,14.6719539],[120.9517034,14.6721219],[120.9513059,14.6723363],[120.9508468,14.6726147],[120.9505247,14.6727606],[120.9503171,14.6728714],[120.9501523,14.6729595],[120.9499056,14.6730191],[120.9496109,14.67307],[120.9493002,14.6731075],[120.9488935,14.6730545],[120.9488001,14.6730664],[120.9484497,14.6731109],[120.9483095,14.6732231],[120.9478406,14.6737465],[120.9473663,14.6746643],[120.9470954,14.6752117],[120.9468584,14.675717],[120.9467327,14.6761615],[120.9464667,14.6769429],[120.9462587,14.6775465],[120.9460507,14.6779114],[120.945775,14.6782577],[120.9452865,14.6787022],[120.9448657,14.6790624],[120.9445465,14.6794367],[120.9442429,14.6798807],[120.9441305,14.680045],[120.9438127,14.6806141],[120.9437726,14.680686],[120.9435066,14.6812381],[120.9431051,14.6818978],[120.9426166,14.6824265],[120.942191,14.6826464],[120.9416928,14.6829037],[120.9411124,14.6832266],[120.9404401,14.6835401],[120.9399081,14.6838021],[120.9393277,14.6841202],[120.9385538,14.6844898],[120.9380604,14.6847799],[120.9375777,14.6850821],[120.9373719,14.685211]]]}},{"type":"Feature","properties":{"@id":"way/237473848","name":"Pinagkabalian River","waterway":"river"},"geometry":{"type":"MultiLineString","coordinates":[[[120.9537589,14.6736687],[120.9535594,14.6739448],[120.9533342,14.6743741],[120.9530731,14.6747656],[120.9528283,14.6751729],[120.9525966,14.6755044],[120.952342,14.6757885],[120.9521136,14.6759716],[120.9515523,14.6762242],[120.9513271,14.6763442],[120.9510921,14.6765052],[120.9508604,14.6768809],[120.9508114,14.6772723],[120.9507984,14.6777427],[120.9507494,14.6780774],[120.9505895,14.6786299],[120.9504296,14.6789487],[120.9500934,14.6791918],[120.9495093,14.6795391],[120.9490752,14.6799022],[120.9486281,14.6802589],[120.9482463,14.6806662],[120.9479068,14.6811303],[120.9475674,14.6814586],[120.9471889,14.6820458],[120.9470028,14.6824089],[120.9469147,14.6827561],[120.9469702,14.6831918],[120.9471954,14.6835043],[120.9473977,14.6837095],[120.9476849,14.6838548],[120.9478546,14.6840536],[120.9479852,14.684363],[120.9480113,14.6845682],[120.9477632,14.6849408],[120.947352,14.6852091],[120.9467189,14.685468],[120.9460564,14.6857016],[120.945792,14.6858089],[120.9453613,14.6860678],[120.9452046,14.6862982],[120.9450349,14.6867276],[120.9450218,14.6871632],[120.9451197,14.6875705],[120.9452405,14.6879935],[120.9454556,14.6883685]]]}},{"type":"Feature","properties":{"@id":"way/237780737","waterway":"stream","name":null},"geometry":{"type":"MultiLineString","coordinates":[[[121.0294082,14.7108512],[121.0298011,14.7109443],[121.0300635,14.7110239],[121.0304764,14.7111088],[121.0305604,14.7112221],[121.0306398,14.7112285]]]}},{"type":"Feature","properties":{"@id":"way/237789659","name":"Cabatuhan Creek","waterway":"river"},"geometry":{"type":"MultiLineString","coordinates":[[[121.0100333,14.6882284],[121.0101768,14.6881234],[121.0101144,14.6879146],[121.009955,14.6877682],[121.009759,14.6877186],[121.0095779,14.6877291],[121.0093201,14.6878494],[121.0091001,14.6878693],[121.0088952,14.6877716],[121.0086241,14.6877143],[121.0084372,14.6876507],[121.0083231,14.6875904],[121.0080998,14.6874957],[121.007981,14.6874056],[121.0079194,14.687368],[121.0077616,14.6872375],[121.0076472,14.687174],[121.0074991,14.6871221],[121.0073921,14.6870879],[121.0072573,14.6870339],[121.0071496,14.6870248],[121.0070229,14.6870593],[121.0068874,14.687053],[121.0068095,14.6870283],[121.0067323,14.6869734],[121.0066892,14.6868615],[121.0066674,14.6868019],[121.0065331,14.6866895],[121.0064315,14.6867036],[121.0063408,14.6866018],[121.0062421,14.686431]],[[121.0122849,14.6892269],[121.0121105,14.6891403],[121.0119985,14.6890554],[121.0118384,14.6890487],[121.0116541,14.6891228],[121.0113959,14.6890514],[121.011189,14.6889637],[121.0109132,14.6888373],[121.0105848,14.6887968]]]}},{"type":"Feature","properties":{"@id":"way/237789725","name":"Libis Creek","waterway":"stream"},"geometry":{"type":"MultiLineString","coordinates":[[[120.9998089,14.6799392],[120.9996311,14.6799146],[120.9994896,14.679876],[120.9994206,14.6797461],[120.9994351,14.6796303],[120.999261,14.6796057],[120.9991376,14.6795215],[120.9990577,14.679546],[120.9989416,14.6794653],[120.9988582,14.6794653],[120.9987638,14.6793951],[120.9986985,14.6793951],[120.9986368,14.6793389],[120.9985424,14.6794056],[120.9984637,14.6792603],[120.9984037,14.6792458]],[[121.0811435,14.6053836],[121.0814293,14.6036292],[121.0814469,14.6035443],[121.0814799,14.6034707],[121.0815206,14.6034146],[121.0822153,14.602761],[121.0822956,14.6027182],[121.0824594,14.6026332]]]}},{"type":"Feature","properties":{"@id":"way/238270877","boat":"no","name":"Buli Creek","tidal":"no","waterway":"river"},"geometry":{"type":"MultiLineString","coordinates":[[[121.101526,14.5753659],[121.1009214,14.575239]],[[121.1018774,14.5756064],[121.101526,14.5753659]]]}},{"type":"Feature","properties":{"@id":"way/238270879","boat":"no","layer":"-1","tunnel":"culvert","waterway":"drain","name":null},"geometry":{"type":"MultiLineString","coordinates":[[[121.0732137,14.5775832],[121.0750908,14.576015],[121.0755774,14.5756104],[121.0761757,14.5749691]]]}},{"type":"Feature","properties":{"@id":"way/238279009","waterway":"drain","name":null},"geometry":{"type":"MultiLineString","coordinates":[[[121.0222,14.6987687],[121.0222373,14.6985614],[121.0221619,14.6985353],[121.0221406,14.6984874],[121.0220078,14.6983656],[121.0218887,14.6983195],[121.0217935,14.698286],[121.0216504,14.6981779],[121.0216027,14.6980462],[121.0215935,14.6979844]]]}},{"type":"Feature","properties":{"@id":"way/238538752","waterway":"stream","name":null},"geometry":{"type":"MultiLineString","coordinates":[[[121.1553577,14.7087727],[121.1550071,14.7089643],[121.1549461,14.7090675],[121.154527,14.7091781],[121.1541306,14.7093919],[121.1537877,14.7097236],[121.1535895,14.7100701],[121.1533922,14.7104237],[121.1533304,14.7105345],[121.1529351,14.7109997],[121.1527442,14.7110125]]]}},{"type":"Feature","properties":{"@id":"way/238538754","waterway":"stream","name":null},"geometry":{"type":"MultiLineString","coordinates":[[[121.1577742,14.7050801],[121.1582695,14.705259],[121.1586155,14.7057323],[121.1589019,14.7058765],[121.1593733,14.7059285],[121.1600176,14.7060785],[121.1603995,14.7066672],[121.1606203,14.7070654],[121.1610797,14.7073539],[121.1612109,14.7076078],[121.1615451,14.707804],[121.1618839,14.7079497]]]}},{"type":"Feature","properties":{"@id":"way/238538756","waterway":"stream","name":null},"geometry":{"type":"MultiLineString","coordinates":[[[121.1560708,14.7063173],[121.1562694,14.706755],[121.1564125,14.7072775],[121.1565002,14.7079028],[121.1566803,14.708211],[121.156745,14.7087023],[121.1565326,14.7093544],[121.1562647,14.709667],[121.15608,14.7099306],[121.1563349,14.7103743],[121.1563682,14.7106223],[121.1563564,14.710747],[121.1564418,14.7109126],[121.1564107,14.7110425],[121.1564177,14.7111079],[121.1565266,14.7113279]]]}},{"type":"Feature","properties":{"@id":"way/238538758","waterway":"stream","name":null},"geometry":{"type":"MultiLineString","coordinates":[[[121.1789556,14.7092583],[121.1785977,14.7089792],[121.1782226,14.7083651],[121.1780956,14.708019],[121.178009,14.7073937],[121.1781129,14.7068578],[121.1780436,14.7062438],[121.1778532,14.7059088],[121.1775531,14.7052947],[121.1775011,14.7050547],[121.1773799,14.7046193],[121.1772068,14.7042396],[121.1771721,14.7038768],[121.1768893,14.7032906],[121.1767393,14.702844],[121.1766585,14.7022523],[121.1763814,14.7019843],[121.1762718,14.7015209],[121.1761852,14.7009348],[121.1758793,14.7001811],[121.1756311,14.6997177],[121.1753708,14.6993492]]]}},{"type":"Feature","properties":{"@id":"way/238538761","waterway":"stream","name":null},"geometry":{"type":"MultiLineString","coordinates":[[[121.1526826,14.7072983],[121.1529036,14.707807],[121.1530637,14.7084631],[121.1532923,14.7088537],[121.1535438,14.7095319],[121.1534752,14.7100701],[121.1533922,14.7104237]]]}},{"type":"Feature","properties":{"@id":"way/238538763","waterway":"stream","name":null},"geometry":{"type":"MultiLineString","coordinates":[[[121.1579353,14.7032565],[121.1586513,14.7035046],[121.159057,14.7036085],[121.1598983,14.704428],[121.1604651,14.7054322],[121.1611214,14.7066441],[121.1617241,14.7071635],[121.1621417,14.7075213],[121.1623665,14.7079335]]]}},{"type":"Feature","properties":{"@id":"way/238684157","waterway":"drain","name":null},"geometry":{"type":"MultiLineString","coordinates":[[[121.0506242,14.5704433],[121.0505325,14.570432],[121.0505068,14.5703744],[121.0503013,14.5702991],[121.0502057,14.5702423],[121.0501405,14.570119],[121.0500816,14.5699186],[121.0500718,14.5696458],[121.0500068,14.5695435],[121.0498116,14.5692838],[121.049649,14.5691028],[121.0495515,14.5688824],[121.0494247,14.5685464]]]}},{"type":"Feature","properties":{"@id":"way/238700393","waterway":"stream","name":null},"geometry":{"type":"MultiLineString","coordinates":[[[121.1868654,14.7368744],[121.1868749,14.736691],[121.186851,14.7364852],[121.1866025,14.7360647],[121.1863841,14.7357314],[121.1863167,14.7355165],[121.1860791,14.7349088],[121.1860086,14.734726],[121.1860107,14.7345586],[121.1859221,14.7344504],[121.1858991,14.7341011],[121.1858842,14.7336479],[121.1856849,14.7335437],[121.1854746,14.7334755],[121.1853851,14.7334558],[121.1853458,14.733372],[121.1851242,14.7332227],[121.1849262,14.7330465],[121.1847869,14.73298],[121.1846496,14.7328604],[121.1844792,14.7327296],[121.1843679,14.7326118],[121.1841318,14.7326442],[121.1840259,14.7326585],[121.1838904,14.732711],[121.1837905,14.7327479],[121.1836544,14.7327149],[121.1834264,14.7328102],[121.1828067,14.7327],[121.1824977,14.7326329]]]}},{"type":"Feature","properties":{"@id":"way/238702315","waterway":"stream","name":null},"geometry":{"type":"MultiLineString","coordinates":[[[121.1742528,14.7035903],[121.173915,14.7037153],[121.1736369,14.7038114],[121.1732991,14.7036864],[121.17315,14.7036],[121.1730109,14.7035135],[121.1729414,14.7032924],[121.1728619,14.7031291],[121.1726632,14.7030522],[121.1723571,14.7030616],[121.172296,14.7030377],[121.1722548,14.7030668]]]}},{"type":"Feature","properties":{"@id":"way/238702316","waterway":"stream","name":null},"geometry":{"type":"MultiLineString","coordinates":[[[121.1745807,14.7060024],[121.1741634,14.7060793],[121.1738256,14.7060024],[121.1735276,14.705743],[121.1732593,14.70557],[121.1731004,14.7053297],[121.1729215,14.7050222],[121.1727129,14.7047051],[121.172534,14.7044841],[121.1722757,14.7044072],[121.1718883,14.7044456],[121.171605,14.7044689]]]}},{"type":"Feature","properties":{"@id":"way/238702317","waterway":"stream","name":null},"geometry":{"type":"MultiLineString","coordinates":[[[121.1685804,14.7002289],[121.1691027,14.7004016],[121.1693143,14.7003888],[121.1696316,14.7003824],[121.1698697,14.7007981],[121.1700944,14.7010411],[121.1703523,14.7010859],[121.1708746,14.7010859],[121.1712118,14.701201],[121.1716283,14.7014952],[121.1719324,14.7018277],[121.1720581,14.7020963],[121.172054,14.7023056],[121.172113,14.70252],[121.1722695,14.7026269]]]}},{"type":"Feature","properties":{"@id":"way/238702320","waterway":"stream","name":null},"geometry":{"type":"MultiLineString","coordinates":[[[121.1667617,14.7030041],[121.1669107,14.7034366],[121.1672882,14.7037441],[121.167636,14.7040997],[121.1679539,14.7044552],[121.1681883,14.7047905]]]}},{"type":"Feature","properties":{"@id":"way/244435045","admin_level":"10","boat":"no","waterway":"stream","waterway:class":"riverbank","waterway:type":"river","name":null},"geometry":{"type":"MultiLineString","coordinates":[[[121.0058429,14.6436881],[121.0058572,14.6434297],[121.0058894,14.6429622],[121.0059462,14.6423477],[121.0063787,14.6404214],[121.0065664,14.6396687],[121.0066911,14.6393973]]]}},{"type":"Feature","properties":{"@id":"way/250157907","source":"Bing","waterway":"river","name":null},"geometry":{"type":"MultiLineString","coordinates":[[[120.9905871,14.5875738],[120.9906452,14.5882215],[120.9907269,14.5886556],[120.9906728,14.5891185],[120.9905321,14.5897209]]]}},{"type":"Feature","properties":{"@id":"way/250479516","name":"Estero Santibañes","waterway":"drain"},"geometry":{"type":"MultiLineString","coordinates":[[[120.9950228,14.5906198],[120.9948298,14.5905039],[120.9946881,14.5903751],[120.9945745,14.5902466],[120.9944592,14.5901817],[120.994199,14.5901596],[120.9939237,14.5901922],[120.9934342,14.5903044],[120.9930105,14.5905376],[120.9928282,14.5912614]]]}},{"type":"Feature","properties":{"@id":"way/250479518","boat":"no","name":"Estero de Pandacan","old_name":"Estero de Pandacan","waterway":"river"},"geometry":{"type":"MultiLineString","coordinates":[[[120.9983514,14.5880341],[120.9983898,14.5882163],[120.9985231,14.5883863],[120.9986731,14.5885297],[120.9987737,14.5885946],[120.9988994,14.5886543],[120.999247,14.588811],[121.0003457,14.5892014],[121.0008263,14.5894174],[121.001204,14.5896167],[121.0016331,14.5899739],[121.0020451,14.5903809],[121.0024914,14.5908461],[121.002706,14.5911866],[121.0029206,14.5915604],[121.003015,14.5919591],[121.0032096,14.5928784],[121.0033813,14.5940413],[121.0033727,14.5947639],[121.0032868,14.5951626],[121.0031654,14.5954558],[121.0030722,14.5955665],[121.0026015,14.5962912]]]}},{"type":"Feature","properties":{"@id":"way/299049812","waterway":"stream","name":null},"geometry":{"type":"MultiLineString","coordinates":[[[121.1379924,14.6537728],[121.1375191,14.6539655],[121.1370185,14.6541111],[121.1359448,14.6547035],[121.1356793,14.6552458],[121.1355157,14.6554404],[121.1354032,14.655496],[121.1353238,14.6554983],[121.1352023,14.6554508],[121.1351113,14.6554305],[121.1349665,14.6554463],[121.1348544,14.6554983],[121.1348101,14.6555435],[121.1347564,14.6556157],[121.134684,14.6556542],[121.1346116,14.6556863]]]}},{"type":"Feature","properties":{"@id":"way/319768669","name":"New Land Quadra Creek","waterway":"stream"},"geometry":{"type":"MultiLineString","coordinates":[[[121.0184533,14.6858772],[121.0183449,14.6858736],[121.0182366,14.6858573],[121.0180404,14.6858682],[121.0179059,14.6859441],[121.0178536,14.6859603],[121.017833,14.6859513],[121.0177172,14.6858555],[121.0175995,14.6857977],[121.0174575,14.6857941],[121.0173361,14.6857814],[121.0170782,14.6857145],[121.0169512,14.6856621],[121.0168092,14.6856332],[121.0167251,14.6856712],[121.0166336,14.6857706],[121.016529,14.6858248],[121.0164212,14.6858349],[121.0163422,14.6858037],[121.0162728,14.6857716],[121.0162263,14.6857576],[121.0160082,14.6857561],[121.0158289,14.6856894],[121.0156976,14.6857545],[121.0154622,14.685832],[121.0150376,14.6852765],[121.0147762,14.6853033],[121.0143367,14.6854005],[121.0141343,14.6854371],[121.0140817,14.6854492],[121.0139805,14.685411],[121.0139246,14.6853242],[121.0138502,14.6852255]]]}},{"type":"Feature","properties":{"@id":"way/328717766","source":"Bing","waterway":"stream","name":null},"geometry":{"type":"MultiLineString","coordinates":[[[121.1677864,14.7080709],[121.1677542,14.70784],[121.1677086,14.7075754],[121.167667,14.7072626],[121.1675101,14.7070643],[121.1673881,14.7069591],[121.1672754,14.7067567],[121.1671346,14.7065143],[121.1670944,14.7063171],[121.1670836,14.7061874],[121.1669871,14.7060032],[121.1669308,14.7058942],[121.1668852,14.7055881],[121.1668878,14.7054688],[121.1668878,14.7054013],[121.1668705,14.7052268]]]}},{"type":"Feature","properties":{"@id":"way/369160862","alt_name":"Napindan Hydraulic Control Structure","name":"Napindan Floodgate","operator":"MMDA","seamark:type":"gate","waterway":"sluice_gate"},"geometry":{"type":"MultiLineString","coordinates":[[[121.066663,14.55787],[121.0672706,14.5578784]]]}},{"type":"Feature","properties":{"@id":"way/419819442","boat":"no","intermittent":"no","name":"Mendez Creek","waterway":"stream"},"geometry":{"type":"MultiLineString","coordinates":[[[121.0127253,14.6664944],[121.0126126,14.6663037],[121.0124999,14.6660175],[121.0124537,14.6659176],[121.0124751,14.6658709],[121.0124993,14.6657334],[121.0124912,14.665627],[121.0124188,14.6655881],[121.0122981,14.6655336],[121.0122713,14.6653598],[121.0122713,14.66523],[121.0123008,14.6650432],[121.0122874,14.6648408],[121.0123115,14.664737],[121.0123752,14.6646163],[121.0126836,14.6638482],[121.0127581,14.6637127],[121.0128043,14.6637068],[121.0128872,14.6637182],[121.012982,14.6637373],[121.0131832,14.6638255],[121.0132194,14.6638255],[121.013257,14.6637788],[121.0133708,14.663539],[121.013544,14.6631742],[121.0135949,14.663073],[121.0135895,14.6630075],[121.0135342,14.6629255],[121.013543,14.6627565],[121.0135393,14.6626851],[121.0135983,14.6625009],[121.0136271,14.6624367],[121.0136833,14.6623644],[121.0137096,14.6623069],[121.0137532,14.6620954],[121.0137773,14.6619585],[121.0138223,14.6619377],[121.0138862,14.6619546],[121.013953,14.6620287],[121.0139637,14.6621311],[121.0139993,14.6621681],[121.0141951,14.6621214],[121.0143081,14.6619982],[121.0143909,14.6619527],[121.0144421,14.6617937]]]}},{"type":"Feature","properties":{"@id":"way/422118636","name":"Banaba Creek","waterway":"river"},"geometry":{"type":"MultiLineString","coordinates":[[[121.1107517,14.6748547],[121.1107086,14.6747054],[121.1107759,14.6745383],[121.1108006,14.6743902],[121.1106719,14.6743404],[121.1104659,14.6743072],[121.1103543,14.6742076],[121.1103028,14.6740581],[121.1103714,14.6739086],[121.1103524,14.6738068],[121.1102684,14.6737426],[121.110114,14.6736513],[121.1098669,14.6734556]]]}},{"type":"Feature","properties":{"@id":"way/425725336","layer":"-1","waterway":"drain","name":null},"geometry":{"type":"MultiLineString","coordinates":[[[120.9880853,14.6694491],[120.9884094,14.6692307]]]}},{"type":"Feature","properties":{"@id":"way/425725337","layer":"-1","tunnel":"culvert","waterway":"drain","name":null},"geometry":{"type":"MultiLineString","coordinates":[[[120.9884094,14.6692307],[120.9885089,14.6691636]]]}},{"type":"Feature","properties":{"@id":"way/425725338","layer":"-1","waterway":"drain","name":null},"geometry":{"type":"MultiLineString","coordinates":[[[120.9885089,14.6691636],[120.9893753,14.6684851]]]}},{"type":"Feature","properties":{"@id":"way/449476304","waterway":"drain","name":null},"geometry":{"type":"MultiLineString","coordinates":[[[121.044628,14.5923584],[121.0446642,14.5924785],[121.0447755,14.5925829],[121.0448714,14.5926757],[121.0449653,14.592788],[121.0449848,14.5928276],[121.0450257,14.5929398],[121.0451303,14.5930618],[121.0452362,14.5932954],[121.0452255,14.5934655],[121.0450002,14.5934849],[121.0448567,14.5935122],[121.0446542,14.5934771],[121.0445388,14.5934239],[121.0444155,14.5934499],[121.044331,14.5934771],[121.0441848,14.5935187],[121.0441151,14.5935901],[121.0440024,14.5936913],[121.0438535,14.5937847],[121.0436939,14.5939145],[121.0435618,14.5939794]]]}},{"type":"Feature","properties":{"@id":"way/485258450","waterway":"drain","name":null},"geometry":{"type":"MultiLineString","coordinates":[[[121.024362,14.6139052],[121.0243076,14.6137399]]]}},{"type":"Feature","properties":{"@id":"way/485258451","layer":"-1","tunnel":"culvert","waterway":"drain","name":null},"geometry":{"type":"MultiLineString","coordinates":[[[121.0243778,14.6139429],[121.024362,14.6139052]]]}},{"type":"Feature","properties":{"@id":"way/485258452","name":"Salapan Creek","waterway":"drain"},"geometry":{"type":"MultiLineString","coordinates":[[[121.0247011,14.6143845],[121.0243778,14.6139429]]]}},{"type":"Feature","properties":{"@id":"way/485258453","layer":"-1","tunnel":"culvert","waterway":"drain","name":null},"geometry":{"type":"MultiLineString","coordinates":[[[121.024753,14.6144284],[121.0247011,14.6143845]]]}},{"type":"Feature","properties":{"@id":"way/548417797","boat":"no","waterway":"river","name":null},"geometry":{"type":"MultiLineString","coordinates":[[[121.017527,14.6677817],[121.0173319,14.6675627],[121.0172454,14.6674939],[121.0171688,14.6674343],[121.0170717,14.6673746],[121.0169457,14.6673227],[121.0168451,14.6672876],[121.0166768,14.6671901],[121.0165427,14.6670567],[121.0164745,14.6669841],[121.0164237,14.66693],[121.016359,14.6668336],[121.01631,14.6667408],[121.0162514,14.6666309],[121.0162264,14.6665399],[121.0162241,14.6664239],[121.0162653,14.6662736],[121.016313,14.6661436],[121.0163771,14.6660727],[121.0164109,14.6660509],[121.0164971,14.6659921],[121.0166003,14.665891],[121.0167341,14.6658064],[121.0167821,14.6657067],[121.0168458,14.6655861],[121.016825,14.6654985],[121.0167989,14.6654602],[121.016756,14.6654103],[121.0166694,14.6653028],[121.0164998,14.6651787],[121.0163332,14.6650631],[121.0162758,14.6650146],[121.0162443,14.6649672],[121.0162342,14.6649134],[121.0161966,14.6648621],[121.0161842,14.6648348],[121.0161752,14.6647966],[121.0161323,14.6647233],[121.016117,14.6646784]]]}},{"type":"Feature","properties":{"@id":"way/550807146","boat":"no","layer":"-1","waterway":"river","name":null},"geometry":{"type":"MultiLineString","coordinates":[[[121.0408119,14.6678306],[121.0407658,14.6678534]]]}},{"type":"Feature","properties":{"@id":"way/550807147","boat":"no","waterway":"river","name":null},"geometry":{"type":"MultiLineString","coordinates":[[[121.0421583,14.6678657],[121.0419847,14.667426],[121.0418347,14.6673337],[121.0415601,14.6673503],[121.0412854,14.6674748],[121.040985,14.6677405],[121.0408119,14.6678306]]]}},{"type":"Feature","properties":{"@id":"way/550808641","boat":"no","layer":"-1","waterway":"river","name":null},"geometry":{"type":"MultiLineString","coordinates":[[[121.0402517,14.6682434],[121.0401659,14.668301]]]}},{"type":"Feature","properties":{"@id":"way/550808644","boat":"no","waterway":"river","name":null},"geometry":{"type":"MultiLineString","coordinates":[[[121.0407658,14.6678534],[121.0405062,14.6680096],[121.0402517,14.6682434]]]}},{"type":"Feature","properties":{"@id":"way/554895407","name":"Pinagsabugan Creek","waterway":"river"},"geometry":{"type":"MultiLineString","coordinates":[[[120.9599246,14.6597152],[120.9598756,14.6596446],[120.9598126,14.6596127],[120.9597026,14.6595816],[120.9588245,14.6594354],[120.9583432,14.6593495],[120.9582445,14.6592818],[120.9581989,14.6591417],[120.9582279,14.6588455],[120.9582716,14.6585715],[120.9582296,14.6584564],[120.957204,14.6576353],[120.9569747,14.6575052],[120.9564961,14.6574587],[120.9555425,14.6572727]]]}},{"type":"Feature","properties":{"@id":"way/558930318","fixme":"verify","layer":"-1","note":"not likely to be crossing through townhouses","tunnel":"yes","waterway":"river","name":null},"geometry":{"type":"MultiLineString","coordinates":[[[121.044661,14.6111698],[121.0443696,14.6114539],[121.044205,14.6116826]]]}},{"type":"Feature","properties":{"@id":"way/563744027","boat":"no","waterway":"drain","name":null},"geometry":{"type":"MultiLineString","coordinates":[[[121.026693,14.6455237],[121.0266056,14.6455827],[121.0263914,14.6458394]]]}},{"type":"Feature","properties":{"@id":"way/563744028","boat":"no","layer":"-1","waterway":"drain","name":null},"geometry":{"type":"MultiLineString","coordinates":[[[121.0268963,14.6454672],[121.026693,14.6455237]]]}},{"type":"Feature","properties":{"@id":"way/568914897","boat":"no","name":"Estero de Santa Clara","waterway":"river"},"geometry":{"type":"MultiLineString","coordinates":[[[121.015789,14.5795567],[121.0163628,14.5796258],[121.016894,14.579602],[121.0171493,14.5796623],[121.0172846,14.5797867]]]}},{"type":"Feature","properties":{"@id":"way/572446207","boat":"no","layer":"-1","waterway":"river","name":null},"geometry":{"type":"MultiLineString","coordinates":[[[121.0761757,14.5749691],[121.0763003,14.574877],[121.0765274,14.574735]]]}},{"type":"Feature","properties":{"@id":"way/573804531","name":"Santulan River","waterway":"river"},"geometry":{"type":"MultiLineString","coordinates":[[[120.9577906,14.6931017],[120.9580036,14.6928455],[120.958092,14.6925239],[120.9581338,14.6918813],[120.9582123,14.6916699],[120.9583013,14.6915575],[120.958561,14.6912603],[120.9592833,14.6904974],[120.9599149,14.6890965],[120.9599644,14.6889401],[120.9602991,14.6881548],[120.9604096,14.6880296],[120.9604672,14.6879122],[120.9607105,14.6872181],[120.961018,14.6864835],[120.961556,14.6859693],[120.9622173,14.6856167],[120.9635116,14.6840632],[120.9635839,14.6839428],[120.9644397,14.6825185],[120.96466,14.6817967],[120.964649,14.6812108],[120.9645581,14.6802502],[120.9645363,14.6793893],[120.9650083,14.6774485],[120.9645103,14.6756924],[120.9644995,14.6753785],[120.9646186,14.6751725],[120.9648511,14.6749959]]]}},{"type":"Feature","properties":{"@id":"way/574920910","layer":"-1","waterway":"river","name":null},"geometry":{"type":"MultiLineString","coordinates":[[[120.9522324,14.6719068],[120.9521394,14.6719539]]]}},{"type":"Feature","properties":{"@id":"way/574920912","waterway":"river","name":null},"geometry":{"type":"MultiLineString","coordinates":[[[120.952962,14.6716515],[120.9527726,14.6716909],[120.9525624,14.6717639],[120.9524948,14.671791],[120.9522324,14.6719068]]]}},{"type":"Feature","properties":{"@id":"way/585791960","name":"Ampid River","waterway":"river"},"geometry":{"type":"MultiLineString","coordinates":[[[121.118761,14.6856042],[121.118615,14.6855211],[121.1185035,14.68538],[121.1181859,14.6852139],[121.1178512,14.685189],[121.1171623,14.6848547],[121.1171222,14.6847934],[121.1170538,14.6847714],[121.1169158,14.6847575],[121.1167611,14.6847822],[121.1165363,14.6848742],[121.1164288,14.6849037],[121.1163121,14.6849008],[121.1162129,14.6848725],[121.1161313,14.6847929],[121.1157741,14.684832],[121.1153196,14.684973],[121.114897,14.6852478],[121.114487,14.6855903],[121.1143786,14.6856433],[121.1142044,14.6856696],[121.1140864,14.6855743],[121.1137179,14.6853529],[121.1134292,14.6852393],[121.1131133,14.6850645],[121.1128939,14.6849234],[121.1126756,14.6847822],[121.1125554,14.6847158],[121.1123165,14.6845918],[121.1119916,14.6844409]]]}},{"type":"Feature","properties":{"@id":"way/586348019","layer":"-1","waterway":"stream","name":null},"geometry":{"type":"MultiLineString","coordinates":[[[121.0585153,14.5659168],[121.0584716,14.5657457],[121.0584333,14.5656284],[121.0583637,14.5654621],[121.058241,14.5650336]]]}},{"type":"Feature","properties":{"@id":"way/589047045","boat":"no","layer":"-1","tunnel":"culvert","waterway":"stream","name":null},"geometry":{"type":"MultiLineString","coordinates":[[[121.0981954,14.5812019],[121.0978734,14.5809907]]]}},{"type":"Feature","properties":{"@id":"way/590381218","layer":"-1","waterway":"river","name":null},"geometry":{"type":"MultiLineString","coordinates":[[[120.9537008,14.6705441],[120.9537689,14.6705409]]]}},{"type":"Feature","properties":{"@id":"way/590381219","name":"Catmon River","waterway":"river"},"geometry":{"type":"MultiLineString","coordinates":[[[120.9527812,14.6706429],[120.9532494,14.6705882],[120.9537008,14.6705441]]]}},{"type":"Feature","properties":{"@id":"way/591633337","layer":"-1","tunnel":"culvert","waterway":"stream","name":null},"geometry":{"type":"MultiLineString","coordinates":[[[121.0349044,14.7102651],[121.0347844,14.710267]]]}},{"type":"Feature","properties":{"@id":"way/591633338","waterway":"river","name":null},"geometry":{"type":"MultiLineString","coordinates":[[[121.0347844,14.710267],[121.034545,14.7103104],[121.0344384,14.710444],[121.0343445,14.7104791],[121.0341749,14.7104447],[121.0341272,14.710457],[121.0339774,14.7105621]]]}},{"type":"Feature","properties":{"@id":"way/606905334","name":"Mahabang Sapa Creek","waterway":"river"},"geometry":{"type":"MultiLineString","coordinates":[[[121.1166792,14.5686991],[121.1164775,14.5684818],[121.11641,14.568309],[121.1164396,14.5681088],[121.1168265,14.56733],[121.1168696,14.5671573],[121.1166989,14.5667396],[121.1165236,14.5664361],[121.116044,14.5659458],[121.115386,14.5654014],[121.1151251,14.5652148],[121.1148746,14.5651363],[121.1146464,14.5651097],[121.1145094,14.5651097],[121.1143564,14.5651727],[121.1132964,14.5656997],[121.1130535,14.5658392],[121.1128744,14.5659276],[121.112638,14.5659535],[121.1124947,14.5659416],[121.1123274,14.5659047],[121.1120202,14.5658475],[121.1117978,14.5657896],[121.1116823,14.5657276],[121.1115644,14.5656076],[121.1112242,14.5652153],[121.1106794,14.5644647],[121.1094226,14.563315]],[[121.1077412,14.5634115],[121.1079357,14.563531],[121.108134,14.5636668],[121.1089036,14.564051]]]}},{"type":"Feature","properties":{"@id":"way/670821725","boat":"no","layer":"-1","tunnel":"culvert","waterway":"drain","name":null},"geometry":{"type":"MultiLineString","coordinates":[[[121.0530219,14.6532426],[121.0528791,14.6534093],[121.0527342,14.6536001]]]}},{"type":"Feature","properties":{"@id":"way/670821726","boat":"no","layer":"-1","tunnel":"culvert","waterway":"drain","name":null},"geometry":{"type":"MultiLineString","coordinates":[[[121.0527342,14.6536001],[121.0524821,14.6538972]]]}},{"type":"Feature","properties":{"@id":"way/674894836","waterway":"stream","name":null},"geometry":{"type":"MultiLineString","coordinates":[[[121.0300578,14.5951654],[121.0300327,14.5951489]]]}},{"type":"Feature","properties":{"@id":"way/674894838","waterway":"stream","name":null},"geometry":{"type":"MultiLineString","coordinates":[[[121.0300327,14.5951489],[121.0300114,14.5951342]]]}},{"type":"Feature","properties":{"@id":"way/674894840","waterway":"stream","name":null},"geometry":{"type":"MultiLineString","coordinates":[[[121.0306484,14.5957957],[121.0306571,14.5956503],[121.0306672,14.5954615],[121.0306182,14.5954109],[121.0304982,14.595331],[121.0304707,14.5953057],[121.0304043,14.5952532],[121.0303178,14.5951909],[121.0300578,14.5951654]]]}},{"type":"Feature","properties":{"@id":"way/678968546","fixme":"verify","layer":"-1","note":"not likely to be crossing through townhouses","tunnel":"yes","waterway":"river","name":null},"geometry":{"type":"MultiLineString","coordinates":[[[121.044205,14.6116826],[121.0440466,14.6118207],[121.0440616,14.612148]]]}},{"type":"Feature","properties":{"@id":"way/686508153","boat":"no","layer":"-1","tunnel":"culvert","waterway":"stream","name":null},"geometry":{"type":"MultiLineString","coordinates":[[[121.0066911,14.6393973],[121.0068139,14.639138],[121.0070074,14.638876]]]}},{"type":"Feature","properties":{"@id":"way/693351880","boat":"no","name":"Estero de Aviles","waterway":"river"},"geometry":{"type":"MultiLineString","coordinates":[[[120.999462,14.5984741],[120.999291,14.5983361],[120.9992397,14.598158],[120.9992255,14.5978258],[120.999197,14.5974995]],[[120.9991919,14.597441],[120.9991724,14.5972144],[120.9990909,14.5966627]],[[120.999197,14.5974995],[120.9991919,14.597441]]]}},{"type":"Feature","properties":{"@id":"way/693435890","waterway":"drain","name":null},"geometry":{"type":"MultiLineString","coordinates":[[[121.0814543,14.5934332],[121.0820884,14.593386]]]}},{"type":"Feature","properties":{"@id":"way/693657073","layer":"-1","tunnel":"culvert","waterway":"stream","name":null},"geometry":{"type":"MultiLineString","coordinates":[[[121.0606496,14.6868341],[121.060523,14.68678]]]}},{"type":"Feature","properties":{"@id":"way/693657074","waterway":"stream","name":null},"geometry":{"type":"MultiLineString","coordinates":[[[121.0610581,14.6864811],[121.0609683,14.6867372],[121.0609465,14.6867669],[121.0609185,14.6867996],[121.0606496,14.6868341]]]}},{"type":"Feature","properties":{"@id":"way/693657076","waterway":"stream","name":null},"geometry":{"type":"MultiLineString","coordinates":[[[121.0615549,14.6869158],[121.0614482,14.6867893],[121.0614201,14.6867063],[121.0613797,14.6864719],[121.061345,14.6864371],[121.061298,14.6864345],[121.0612058,14.6864294],[121.0610942,14.6864419],[121.0610581,14.6864811]]]}},{"type":"Feature","properties":{"@id":"way/693657077","layer":"-1","tunnel":"culvert","waterway":"stream","name":null},"geometry":{"type":"MultiLineString","coordinates":[[[121.0616231,14.6869489],[121.0615549,14.6869158]]]}},{"type":"Feature","properties":{"@id":"way/695915150","boat":"no","layer":"-1","tunnel":"culvert","waterway":"stream","name":null},"geometry":{"type":"MultiLineString","coordinates":[[[121.0283146,14.5794574],[121.028259,14.5795545]]]}},{"type":"Feature","properties":{"@id":"way/695915152","boat":"no","layer":"-1","waterway":"stream","name":null},"geometry":{"type":"MultiLineString","coordinates":[[[121.0278616,14.580046],[121.0278168,14.580077]]]}},{"type":"Feature","properties":{"@id":"way/696269999","boat":"no","layer":"-1","waterway":"stream","name":null},"geometry":{"type":"MultiLineString","coordinates":[[[121.0300281,14.5778075],[121.0299507,14.5778494]]]}},{"type":"Feature","properties":{"@id":"way/696277545","boat":"no","layer":"-1","tunnel":"culvert","waterway":"drain","name":null},"geometry":{"type":"MultiLineString","coordinates":[[[121.0256168,14.5846787],[121.0255599,14.5847658]]]}},{"type":"Feature","properties":{"@id":"way/696329388","layer":"-1","tunnel":"culvert","waterway":"stream","name":null},"geometry":{"type":"MultiLineString","coordinates":[[[121.0507231,14.5705275],[121.0506242,14.5704433]]]}},{"type":"Feature","properties":{"@id":"way/696543596","boat":"no","layer":"-1","tunnel":"culvert","waterway":"drain","name":null},"geometry":{"type":"MultiLineString","coordinates":[[[121.0325871,14.5760659],[121.0323722,14.5761292]]]}},{"type":"Feature","properties":{"@id":"way/696543881","boat":"no","waterway":"river","name":null},"geometry":{"type":"MultiLineString","coordinates":[[[121.0399522,14.6064454],[121.0399041,14.6064538],[121.0392613,14.6062536],[121.0385342,14.6059838],[121.038486,14.6059913],[121.0379574,14.6062035],[121.0378374,14.6062547],[121.0377321,14.6063141]]]}},{"type":"Feature","properties":{"@id":"way/696602834","layer":"-1","tunnel":"culvert","waterway":"drain","name":null},"geometry":{"type":"MultiLineString","coordinates":[[[121.0364903,14.575461],[121.036418,14.575434]]]}},{"type":"Feature","properties":{"@id":"way/766829564","waterway":"stream","name":null},"geometry":{"type":"MultiLineString","coordinates":[[[121.1798882,14.7340146],[121.1798881,14.7341315],[121.1798436,14.7344061]]]}},{"type":"Feature","properties":{"@id":"way/766829565","layer":"-1","tunnel":"culvert","waterway":"stream","name":null},"geometry":{"type":"MultiLineString","coordinates":[[[121.1798841,14.7338986],[121.1798882,14.7340146]]]}},{"type":"Feature","properties":{"@id":"way/771333122","boat":"no","waterway":"drain","name":null},"geometry":{"type":"MultiLineString","coordinates":[[[121.0256944,14.5845646],[121.0256168,14.5846787]]]}},{"type":"Feature","properties":{"@id":"way/771333124","boat":"no","layer":"-1","waterway":"stream","name":null},"geometry":{"type":"MultiLineString","coordinates":[[[121.027448,14.5803771],[121.027366,14.5804406],[121.0273163,14.5805221]]]}},{"type":"Feature","properties":{"@id":"way/794897945","boat":"no","source":"Yahoo","waterway":"stream","name":null},"geometry":{"type":"MultiLineString","coordinates":[[[121.037595,14.6245255],[121.0375639,14.6246575]]]}},{"type":"Feature","properties":{"@id":"way/794897946","boat":"no","layer":"-1","source":"Yahoo","tunnel":"culvert","waterway":"stream","name":null},"geometry":{"type":"MultiLineString","coordinates":[[[121.0376786,14.624154],[121.037595,14.6245255]]]}},{"type":"Feature","properties":{"@id":"way/795038373","layer":"-1","source:outline":"Bing","tunnel":"yes","waterway":"ditch","name":null},"geometry":{"type":"MultiLineString","coordinates":[[[121.036102,14.6695834],[121.0360845,14.6696097],[121.0360565,14.6698277],[121.0361086,14.6699023],[121.0360833,14.6701534]]]}},{"type":"Feature","properties":{"@id":"way/795038374","source:outline":"Bing","waterway":"ditch","name":null},"geometry":{"type":"MultiLineString","coordinates":[[[121.036038,14.6691407],[121.0360858,14.669244],[121.0360591,14.6694121],[121.0360215,14.6694952],[121.036102,14.6695834]]]}},{"type":"Feature","properties":{"@id":"way/795845758","waterway":"stream","name":null},"geometry":{"type":"MultiLineString","coordinates":[[[121.0225799,14.6172432],[121.0225124,14.6171872],[121.0224424,14.6171576],[121.0222631,14.6171957],[121.0221536,14.6171845],[121.0219773,14.6171169],[121.0218549,14.6170999],[121.021674,14.6170558],[121.0215258,14.6169964],[121.0212799,14.6169191],[121.0211435,14.616881],[121.0209735,14.6168836],[121.0208632,14.6169039]]]}},{"type":"Feature","properties":{"@id":"way/800561242","boat":"no","layer":"-1","waterway":"river","name":null},"geometry":{"type":"MultiLineString","coordinates":[[[121.0348826,14.6671965],[121.0347011,14.6670875]]]}},{"type":"Feature","properties":{"@id":"way/800561243","boat":"no","layer":"-1","waterway":"river","name":null},"geometry":{"type":"MultiLineString","coordinates":[[[121.0347011,14.6670875],[121.0346917,14.6670822],[121.0345155,14.6670041]]]}},{"type":"Feature","properties":{"@id":"way/801449570","admin_level":"8","boat":"no","boundary":"administrative","name":"Pandacan Creek","old_name":"Estero de Pandacan","waterway":"canal"},"geometry":{"type":"MultiLineString","coordinates":[[[121.0095395,14.5907907],[121.0105474,14.5902499],[121.011019,14.590066],[121.0119123,14.5897117],[121.0122604,14.5895889],[121.012375,14.5895572],[121.0128549,14.5894544]]]}},{"type":"Feature","properties":{"@id":"way/802888834","source:outline":"Bing","waterway":"ditch","name":null},"geometry":{"type":"MultiLineString","coordinates":[[[121.0371283,14.6711331],[121.0371938,14.6709912],[121.0372888,14.6709844],[121.0373475,14.6710405],[121.0374779,14.6711287],[121.0375271,14.6711993],[121.0375992,14.6713248],[121.037645,14.6714482],[121.0378129,14.6717636],[121.038042,14.6720803]]]}},{"type":"Feature","properties":{"@id":"way/814124900","boat":"no","layer":"-1","tunnel":"culvert","waterway":"drain","name":null},"geometry":{"type":"MultiLineString","coordinates":[[[121.0278742,14.6458731],[121.0277996,14.6458797]]]}},{"type":"Feature","properties":{"@id":"way/818379312","waterway":"river","name":null},"geometry":{"type":"MultiLineString","coordinates":[[[121.0709878,14.5560374],[121.0705644,14.5563883],[121.0700494,14.5567543],[121.0696256,14.5569828],[121.0693565,14.5571414],[121.068328,14.5577618],[121.0679653,14.5579615],[121.0674852,14.5582211],[121.0672411,14.5584392],[121.0670856,14.558665],[121.0670158,14.5588286],[121.0669318,14.5590928]]]}},{"type":"Feature","properties":{"@id":"way/824137875","name":"Ilog Pugad","waterway":"river"},"geometry":{"type":"MultiLineString","coordinates":[[[121.1284135,14.5430004],[121.1284074,14.5429718],[121.1283317,14.5425878],[121.1282432,14.5416925],[121.1282647,14.5414305],[121.1283316,14.5408079],[121.1283949,14.5406726],[121.1286253,14.5403555],[121.1286291,14.5402071],[121.1285734,14.5401033],[121.1296327,14.5386108],[121.1306714,14.5370866],[121.1307203,14.5367881],[121.1302274,14.5354001],[121.1301228,14.5352471],[121.129651,14.5348215]]]}},{"type":"Feature","properties":{"@id":"way/827866849","boat":"no","layer":"-1","waterway":"stream","name":null},"geometry":{"type":"MultiLineString","coordinates":[[[121.0144483,14.6617401],[121.0144813,14.6616686]]]}},{"type":"Feature","properties":{"@id":"way/850840082","boat":"no","waterway":"river","name":null},"geometry":{"type":"MultiLineString","coordinates":[[[121.0978734,14.5809907],[121.0972204,14.5804243]]]}},{"type":"Feature","properties":{"@id":"way/870633196","waterway":"stream","name":null},"geometry":{"type":"MultiLineString","coordinates":[[[121.0957892,14.6600259],[121.0959768,14.6599881]]]}},{"type":"Feature","properties":{"@id":"way/878942169","name":"Elysian Creek","waterway":"stream"},"geometry":{"type":"MultiLineString","coordinates":[[[120.9789761,14.6739271],[120.9793261,14.6738741],[120.9798641,14.6736892],[120.9806144,14.6738741],[120.980855,14.673696],[120.9810391,14.6736275],[120.9812373,14.6736139],[120.9813959,14.6738062],[120.9815854,14.6738722]]]}},{"type":"Feature","properties":{"@id":"way/878942170","alt_name":"Bahay Pari Creek","name":"General T. De Leon Creek","waterway":"drain"},"geometry":{"type":"MultiLineString","coordinates":[[[120.9952043,14.6792252],[120.9952076,14.6791432],[120.9952323,14.6790836],[120.9953309,14.6789703],[120.9955712,14.678717],[120.9955958,14.6786306],[120.995716,14.6785709],[120.995984,14.6782759],[120.9961443,14.6779987],[120.9961966,14.6779123],[120.9962706,14.6777692],[120.9963291,14.6777453],[120.9963938,14.6778079],[120.996437,14.6778228],[120.9965047,14.677805],[120.9965386,14.6777245],[120.9966372,14.6773519],[120.9967666,14.6769704],[120.9968098,14.6769019],[120.9969446,14.6767894]]]}},{"type":"Feature","properties":{"@id":"way/886153555","layer":"-1","name":"Kalawaan Creek","tunnel":"culvert","waterway":"river"},"geometry":{"type":"MultiLineString","coordinates":[[[121.0889495,14.5482849],[121.0889457,14.5482882],[121.0886966,14.5487019],[121.0886105,14.5488734],[121.0885804,14.5491145],[121.0885821,14.5492001],[121.0886263,14.5493689],[121.0888756,14.5496374],[121.0892292,14.5500168],[121.0895048,14.5502607],[121.0895451,14.550319],[121.0895948,14.5504904],[121.0894955,14.5510745],[121.0893699,14.5516176]]]}},{"type":"Feature","properties":{"@id":"way/886890868","name":"Campupot Creek","waterway":"river"},"geometry":{"type":"MultiLineString","coordinates":[[[121.0193284,14.6264969],[121.0193486,14.6265992],[121.0194264,14.6267134],[121.0194404,14.6267766],[121.0194591,14.6268535],[121.0194404,14.62705],[121.0193891,14.6272714],[121.0193844,14.6274206],[121.0192443,14.6275742],[121.0191836,14.6276872],[121.0192116,14.627782],[121.019319,14.6278114],[121.0194825,14.6277956],[121.0196553,14.6277419],[121.0198654,14.6277459]]]}},{"type":"Feature","properties":{"@id":"way/889122992","name":"Acacia Creek","waterway":"stream"},"geometry":{"type":"MultiLineString","coordinates":[[[120.9647117,14.6742963],[120.9660863,14.6743525]]]}},{"type":"Feature","properties":{"@id":"way/891890904","waterway":"stream","name":null},"geometry":{"type":"MultiLineString","coordinates":[[[121.1842536,14.72866],[121.1841452,14.7288726],[121.184117,14.7289529],[121.1841138,14.7290249],[121.1841425,14.7291046],[121.1842136,14.729128],[121.1843197,14.7291184],[121.1844805,14.7290929],[121.1846082,14.7290935],[121.1847202,14.7291194],[121.1848661,14.7291861],[121.1849405,14.7292745],[121.1849733,14.7293804],[121.1849751,14.7297879],[121.1849599,14.7299599],[121.184949,14.7301009],[121.1849153,14.7301485],[121.184865,14.7301834],[121.1848021,14.7301952],[121.1847357,14.7301979],[121.1846189,14.7301873],[121.1845063,14.7301594],[121.1843369,14.7301136],[121.1842809,14.7301048],[121.1842172,14.7301057],[121.1841597,14.7301182],[121.1841141,14.7301434],[121.1839705,14.7302742],[121.1837825,14.7304668],[121.183564,14.7306498],[121.1835337,14.7306889],[121.1835169,14.730733],[121.1835122,14.7307836],[121.1835273,14.7308317],[121.1835836,14.7309126],[121.1837576,14.7311079],[121.1838099,14.7311831],[121.1838413,14.7312672],[121.1838476,14.7313181],[121.1838434,14.731368],[121.1838301,14.7314194]]]}},{"type":"Feature","properties":{"@id":"way/895227964","boat":"no","waterway":"river","name":null},"geometry":{"type":"MultiLineString","coordinates":[[[121.0506493,14.673066],[121.0505021,14.6730175],[121.0499697,14.6726471],[121.0498644,14.6725869]]]}},{"type":"Feature","properties":{"@id":"way/898046650","boat":"no","name":"San Jose Creek (Guadalupe Nuevo Creek)","waterway":"stream"},"geometry":{"type":"MultiLineString","coordinates":[[[121.0483099,14.5643888],[121.0482569,14.564529],[121.0482541,14.5645757],[121.0482397,14.5648114],[121.0479736,14.5650108],[121.0478191,14.5655507],[121.047596,14.566315],[121.0474081,14.5666423],[121.0471943,14.5668923],[121.0471369,14.5671549],[121.0471208,14.5675562],[121.0471091,14.5676947],[121.0470862,14.5678523],[121.0471328,14.5684046]]]}},{"type":"Feature","properties":{"@id":"way/900661053","layer":"-1","name":"Waling-Waling Creek","tunnel":"yes","waterway":"stream"},"geometry":{"type":"MultiLineString","coordinates":[[[121.0169227,14.6294018],[121.0167499,14.6294372]],[[121.0167499,14.6294372],[121.0166157,14.6294175],[121.0165202,14.6293487],[121.0163962,14.6292051]],[[121.0163962,14.6292051],[121.0163637,14.6290222]],[[121.0163637,14.6290222],[121.0162702,14.6288373],[121.0162286,14.62874]]]}},{"type":"Feature","properties":{"@id":"way/907237184","name":"San Antonio Creek","waterway":"river"},"geometry":{"type":"MultiLineString","coordinates":[[[121.0957601,14.6679246],[121.0959571,14.6679745],[121.0960783,14.6679882],[121.0963002,14.6680489],[121.096468,14.668059],[121.0966809,14.6681036],[121.096824,14.668034],[121.0968045,14.6678826],[121.096619,14.6677166],[121.0967183,14.6676296],[121.096843,14.667627],[121.0970574,14.6675848],[121.0970829,14.6674332],[121.0971858,14.6673095],[121.0973353,14.6672767],[121.0975536,14.6671886],[121.0975124,14.6670234],[121.0974675,14.6668207],[121.0972243,14.6668087],[121.0969126,14.6667711],[121.0968046,14.6665693],[121.0969227,14.6664759],[121.0971999,14.6662619],[121.097334,14.6661495],[121.0974147,14.6661496],[121.0976149,14.6661913],[121.0977311,14.66616],[121.0977966,14.6660933],[121.0977921,14.6657929],[121.0977941,14.6656243],[121.0978398,14.6654536],[121.0979637,14.665222],[121.0980463,14.6651735],[121.0983993,14.6651508]]]}},{"type":"Feature","properties":{"@id":"way/910724736","source":"Bing","waterway":"stream","name":null},"geometry":{"type":"MultiLineString","coordinates":[[[121.1752255,14.7330035],[121.175184,14.7333303],[121.1749479,14.7336826]]]}},{"type":"Feature","properties":{"@id":"way/915555640","name":"Bangiad River","waterway":"river"},"geometry":{"type":"MultiLineString","coordinates":[[[121.1340864,14.5380865],[121.1342467,14.5370762],[121.1342816,14.5363674],[121.1343996,14.535656],[121.1345217,14.5350173],[121.1346263,14.5345928],[121.134696,14.5343566],[121.1347349,14.5341995],[121.134751,14.5341047],[121.1347631,14.5338749],[121.1347724,14.5337153],[121.1347885,14.5335919],[121.1348127,14.5334972],[121.1348315,14.5334258],[121.1348636,14.5333712],[121.1349025,14.5333102],[121.1349213,14.5331843],[121.134979,14.5328546],[121.1349978,14.5326079],[121.1350085,14.5322846],[121.135034,14.5319263],[121.1350232,14.5316174],[121.1349817,14.5313564],[121.1349414,14.5310721],[121.1348737,14.5308034],[121.1346933,14.5301984],[121.1346169,14.5299479],[121.1345042,14.5296934],[121.1343715,14.5294468],[121.1337036,14.528664]]]}},{"type":"Feature","properties":{"@id":"way/927205066","waterway":"river","name":null},"geometry":{"type":"MultiLineString","coordinates":[[[120.9603964,14.5957121],[120.9577989,14.595285],[120.9539366,14.5943402],[120.9415126,14.5900209]]]}},{"type":"Feature","properties":{"@id":"way/1058677386","layer":"-1","tunnel":"culvert","waterway":"river","name":null},"geometry":{"type":"MultiLineString","coordinates":[[[121.035,14.7152856],[121.0350002,14.7152746],[121.0350012,14.7152259]]]}},{"type":"Feature","properties":{"@id":"way/1058677387","waterway":"river","name":null},"geometry":{"type":"MultiLineString","coordinates":[[[121.0350012,14.7152259],[121.0351376,14.7151222],[121.0352467,14.7149863],[121.03524,14.7148466],[121.0351744,14.7147687]]]}},{"type":"Feature","properties":{"@id":"way/1064477677","name":"Wack-wack Creek","waterway":"stream"},"geometry":{"type":"MultiLineString","coordinates":[[[121.0540553,14.5857013],[121.0534388,14.5860809],[121.0530746,14.5861985],[121.0527103,14.5862708],[121.0524301,14.5861985],[121.0517382,14.5859911],[121.0516094,14.5859201],[121.0514711,14.5858424],[121.0513551,14.5858113],[121.0512733,14.5858619],[121.0512418,14.5860488],[121.0512149,14.5861409],[121.0511767,14.5862279],[121.0510524,14.5862704],[121.0509416,14.5862851],[121.0508817,14.58625],[121.0508104,14.5862578],[121.0506619,14.5862756],[121.0504827,14.5862915],[121.0502999,14.5862745],[121.0502212,14.5862247],[121.0501698,14.5861261],[121.0501246,14.5860287],[121.0500587,14.5859406],[121.0499053,14.5858502],[121.049796,14.585967],[121.0496655,14.5860538],[121.0494483,14.5859835],[121.0493386,14.585855],[121.0491798,14.585873],[121.048937,14.5859906],[121.0488062,14.5861713],[121.04847,14.5862798],[121.0481711,14.5865239],[121.0479843,14.5865962],[121.0475785,14.5871851],[121.0475134,14.5873583]],[[121.0475134,14.5873583],[121.0474263,14.5874992]]]}},{"type":"Feature","properties":{"@id":"way/1068091431","waterway":"sluice_gate","name":null},"geometry":{"type":"MultiLineString","coordinates":[[[120.9992612,14.5974948],[120.9992566,14.5974362],[120.9991919,14.597441],[120.9991498,14.5974441],[120.9991544,14.5975026],[120.999197,14.5974995],[120.9992612,14.5974948]]]}},{"type":"Feature","properties":{"@id":"way/1069105694","waterway":"sluice_gate","name":null},"geometry":{"type":"MultiLineString","coordinates":[[[120.9913655,14.5892727],[120.991331,14.5893241],[120.9914302,14.5893864],[120.9914647,14.589335],[120.9913655,14.5892727]]]}},{"type":"Feature","properties":{"@id":"way/1075648714","waterway":"drain","name":null},"geometry":{"type":"MultiLineString","coordinates":[[[121.1020835,14.5361126],[121.1017269,14.5357651]]]}},{"type":"Feature","properties":{"@id":"way/1075648715","layer":"-1","tunnel":"culvert","waterway":"drain","name":null},"geometry":{"type":"MultiLineString","coordinates":[[[121.1021717,14.536164],[121.1020835,14.5361126]]]}},{"type":"Feature","properties":{"@id":"way/1075648718","waterway":"drain","name":null},"geometry":{"type":"MultiLineString","coordinates":[[[121.1027933,14.5357735],[121.1026999,14.5358144],[121.1025661,14.5359096],[121.1023398,14.5360615],[121.1021818,14.5361698],[121.1021717,14.536164]]]}},{"type":"Feature","properties":{"@id":"way/1078236526","name":"Sapang Buli","waterway":"river"},"geometry":{"type":"MultiLineString","coordinates":[[[121.1010846,14.5735391],[121.1009549,14.5733819],[121.1009791,14.5733309],[121.1009202,14.5732884],[121.1009015,14.5732742],[121.100887,14.5732919],[121.1007932,14.5732218],[121.100789,14.5732125],[121.1007734,14.5732013],[121.100746,14.5731825],[121.1007761,14.573139],[121.1007567,14.5730871]]]}},{"type":"Feature","properties":{"@id":"way/1090665254","waterway":"drain","name":null},"geometry":{"type":"MultiLineString","coordinates":[[[121.0240133,14.6273766],[121.0240318,14.6273701]]]}},{"type":"Feature","properties":{"@id":"way/1090665255","layer":"-1","tunnel":"culvert","waterway":"drain","name":null},"geometry":{"type":"MultiLineString","coordinates":[[[121.0239637,14.6273918],[121.0240133,14.6273766]]]}},{"type":"Feature","properties":{"@id":"way/1090665256","waterway":"drain","name":null},"geometry":{"type":"MultiLineString","coordinates":[[[121.0236891,14.6274836],[121.0239637,14.6273918]]]}},{"type":"Feature","properties":{"@id":"way/1097856618","waterway":"drain","name":null},"geometry":{"type":"MultiLineString","coordinates":[[[121.0246402,14.6938584],[121.0245063,14.6938267]]]}},{"type":"Feature","properties":{"@id":"way/1097856619","layer":"-1","tunnel":"culvert","waterway":"drain","name":null},"geometry":{"type":"MultiLineString","coordinates":[[[121.0247001,14.6938682],[121.0246402,14.6938584]]]}},{"type":"Feature","properties":{"@id":"way/1097856620","waterway":"drain","name":null},"geometry":{"type":"MultiLineString","coordinates":[[[121.0252471,14.6944094],[121.0252525,14.6943303],[121.025233,14.6942661],[121.0250996,14.6938607],[121.0250594,14.6937751],[121.024989,14.6937621],[121.0247476,14.6938633],[121.0247001,14.6938682]]]}},{"type":"Feature","properties":{"@id":"way/1098436770","layer":"-1","tunnel":"culvert","waterway":"drain","name":null},"geometry":{"type":"MultiLineString","coordinates":[[[121.0215935,14.6979844],[121.0215824,14.6979113],[121.0215747,14.697865],[121.0215585,14.6978124],[121.0215256,14.6977618],[121.0214489,14.697688],[121.0213262,14.6976313]]]}},{"type":"Feature","properties":{"@id":"way/1098468728","waterway":"drain","name":null},"geometry":{"type":"MultiLineString","coordinates":[[[121.0189536,14.7060462],[121.0185853,14.7061724]]]}},{"type":"Feature","properties":{"@id":"way/1098468729","waterway":"drain","name":null},"geometry":{"type":"MultiLineString","coordinates":[[[121.0192919,14.7059623],[121.019018,14.7060281]]]}},{"type":"Feature","properties":{"@id":"way/1098468730","layer":"-1","tunnel":"culvert","waterway":"drain","name":null},"geometry":{"type":"MultiLineString","coordinates":[[[121.019018,14.7060281],[121.0189536,14.7060462]]]}},{"type":"Feature","properties":{"@id":"way/1098468731","layer":"-1","tunnel":"culvert","waterway":"drain","name":null},"geometry":{"type":"MultiLineString","coordinates":[[[121.0193718,14.7059757],[121.0192919,14.7059623]]]}},{"type":"Feature","properties":{"@id":"way/1100838693","FIXME":"incomplete","waterway":"stream","name":null},"geometry":{"type":"MultiLineString","coordinates":[[[121.1488644,14.7214909],[121.1488313,14.7214532],[121.1487963,14.7214338],[121.1487303,14.72136],[121.1486545,14.721088],[121.1486254,14.7210414],[121.1485982,14.7210356],[121.1485224,14.7210861],[121.1484544,14.721123],[121.1483903,14.7211191],[121.1483457,14.7210744],[121.1483029,14.7209288],[121.1482913,14.72082],[121.1482196,14.7207416],[121.1481375,14.7207092],[121.1479086,14.7207073]]]}},{"type":"Feature","properties":{"@id":"way/1103364845","waterway":"drain","name":null},"geometry":{"type":"MultiLineString","coordinates":[[[121.019587,14.7060161],[121.0193718,14.7059757]]]}},{"type":"Feature","properties":{"@id":"way/1104547516","waterway":"drain","name":null},"geometry":{"type":"MultiLineString","coordinates":[[[121.0212999,14.7166913],[121.0219266,14.7160574],[121.0222306,14.7157714]]]}},{"type":"Feature","properties":{"@id":"way/1104864386","waterway":"drain","name":null},"geometry":{"type":"MultiLineString","coordinates":[[[121.0267927,14.717527],[121.0269647,14.7173596],[121.0269875,14.7173191],[121.0270301,14.7172303],[121.0270533,14.7171628],[121.0270512,14.7170886],[121.02695,14.717001],[121.0268729,14.7169864],[121.0265547,14.7169339],[121.0264172,14.716871],[121.0262522,14.7165584]]]}},{"type":"Feature","properties":{"@id":"way/1121987487","waterway":"drain","name":null},"geometry":{"type":"MultiLineString","coordinates":[[[121.0435203,14.5939794],[121.0431929,14.5939659]]]}},{"type":"Feature","properties":{"@id":"way/1121987488","layer":"-1","tunnel":"culvert","waterway":"drain","name":null},"geometry":{"type":"MultiLineString","coordinates":[[[121.0435618,14.5939794],[121.0435203,14.5939794]]]}},{"type":"Feature","properties":{"@id":"way/1158350020","waterway":"drain","name":null},"geometry":{"type":"MultiLineString","coordinates":[[[121.1304755,14.6641732],[121.1304648,14.664325],[121.1304849,14.6644768],[121.1305185,14.6645832]]]}},{"type":"Feature","properties":{"@id":"way/1243983985","boat":"no","description":"Origial Name: Immaculate Conception Present name: Ilang-ilang Creek","name":"Immaculate Conception Creek","source":"Yahoo;local knowledge","waterway":"stream","width":"5"},"geometry":{"type":"MultiLineString","coordinates":[[[121.0384357,14.6236739],[121.0383991,14.6237525],[121.0383819,14.6238009],[121.038285,14.6238005],[121.038161,14.6237285],[121.0380942,14.6237607],[121.0379571,14.6237285],[121.0378284,14.6238115],[121.0377211,14.6239776],[121.0376889,14.6241126],[121.0376786,14.624154]]]}},{"type":"Feature","properties":{"@id":"way/1311605834","layer":"-1","tunnel":"culvert","waterway":"stream","name":null},"geometry":{"type":"MultiLineString","coordinates":[[[121.0306398,14.7112285],[121.0306788,14.7112317]]]}},{"type":"Feature","properties":{"@id":"way/1311605835","waterway":"stream","name":null},"geometry":{"type":"MultiLineString","coordinates":[[[121.0306788,14.7112317],[121.0307129,14.7111195],[121.03083,14.71103]]]}},{"type":"Feature","properties":{"@id":"way/1311620145","layer":"-1","tunnel":"culvert","waterway":"stream","name":null},"geometry":{"type":"MultiLineString","coordinates":[[[121.0208632,14.6169039],[121.0207935,14.6169056]]]}},{"type":"Feature","properties":{"@id":"way/1311620146","waterway":"stream","name":null},"geometry":{"type":"MultiLineString","coordinates":[[[121.0207935,14.6169056],[121.0207075,14.6168993],[121.0206014,14.6168826],[121.0203234,14.6168905]]]}},{"type":"Feature","properties":{"@id":"way/1320735581","waterway":"stream","name":null},"geometry":{"type":"MultiLineString","coordinates":[[[121.1805725,14.7047138],[121.1805671,14.7046308],[121.1805819,14.7045504],[121.1806114,14.7044764],[121.1806449,14.7043882],[121.1806516,14.7043091],[121.1806463,14.7042313],[121.1806248,14.7041469],[121.1805765,14.7040678],[121.1805162,14.7040185],[121.1804424,14.7039705],[121.1803566,14.7038862],[121.1802775,14.7037902],[121.1801782,14.7036359],[121.1801219,14.7035152],[121.1801018,14.7034543],[121.1800441,14.7033025],[121.1800039,14.7032247],[121.1799127,14.7031468],[121.1798215,14.7030846],[121.1797383,14.7030041],[121.1797115,14.7029341],[121.1796901,14.7028225],[121.1796525,14.7027654],[121.1795948,14.7027252],[121.1795238,14.702698],[121.1794607,14.702672],[121.1793146,14.7025501],[121.179226,14.7024593],[121.1791456,14.7023867],[121.1790678,14.7023205],[121.1789417,14.7022245],[121.1788438,14.7021233],[121.1787902,14.7020105],[121.1787674,14.7018678],[121.1787727,14.7017056],[121.178817,14.7016019],[121.1788519,14.7015188],[121.1788867,14.7014203],[121.1789229,14.7012737],[121.1789162,14.7012075],[121.1788867,14.7011764],[121.1788398,14.7011271],[121.1787996,14.7010454],[121.1787406,14.7009961],[121.1786628,14.700961],[121.1785783,14.7009156],[121.1785179,14.7008676],[121.1784697,14.7008002],[121.1784603,14.7007288],[121.1784509,14.7006575],[121.1784254,14.7005823],[121.1783664,14.7005408],[121.178294,14.7005343],[121.1782216,14.7005511],[121.1781505,14.7005706],[121.1780915,14.7005602],[121.1780512,14.7005278],[121.178015,14.700472],[121.1779506,14.700424],[121.1778588,14.7004151]]]}},{"type":"Feature","properties":{"@id":"way/1320735582","waterway":"stream","name":null},"geometry":{"type":"MultiLineString","coordinates":[[[121.1917037,14.6899852],[121.1914113,14.6900344],[121.1912557,14.6900837],[121.1911458,14.6901434],[121.1910573,14.6902161],[121.1909607,14.6903173],[121.1908776,14.6903899],[121.1907461,14.6905015],[121.1906147,14.6906001],[121.190494,14.6906779],[121.1903143,14.690735],[121.1901936,14.6907505],[121.1899951,14.6908154],[121.18992,14.6908725],[121.1898556,14.6909373],[121.1897805,14.690997],[121.1896759,14.6910437],[121.1895096,14.6910852],[121.1893541,14.6911112],[121.1891341,14.6911034],[121.1888605,14.6910515],[121.1886567,14.6910489],[121.1885092,14.6910671],[121.1883482,14.6911034],[121.1881685,14.6911319],[121.1880478,14.6911267],[121.1878976,14.6911138],[121.1877313,14.6911319],[121.1875194,14.6911605],[121.1874041,14.6911605],[121.1872458,14.6911319],[121.1871493,14.6911034],[121.1870554,14.6910593],[121.1869696,14.69101],[121.1868596,14.6909477],[121.186696,14.6909218],[121.1865726,14.6909322],[121.1864144,14.6909711],[121.186299,14.6910204],[121.1861998,14.6910333],[121.1861059,14.6910204],[121.1859906,14.6910074],[121.1858135,14.6909789],[121.1855909,14.6909737],[121.1854273,14.6909918],[121.1852396,14.6910385],[121.1849823,14.6911201]]]}},{"type":"Feature","properties":{"@id":"way/1320735588","waterway":"stream","name":null},"geometry":{"type":"MultiLineString","coordinates":[[[121.1868542,14.6986793],[121.1867416,14.698617],[121.1866477,14.6985288],[121.1865994,14.6984561],[121.1865243,14.6982927],[121.1864546,14.6981811],[121.1863339,14.6980384],[121.1862266,14.697945],[121.1861461,14.6978594],[121.1860791,14.697753],[121.1860442,14.6976155],[121.1860415,14.6975325],[121.1860201,14.6973691],[121.1859718,14.6972342],[121.185894,14.6971434],[121.1857304,14.6970629],[121.1856043,14.6969345],[121.1855238,14.6968489],[121.1854514,14.6967905],[121.185261,14.6967334],[121.1850625,14.696723],[121.1848748,14.6967594],[121.184738,14.6968268],[121.1846495,14.6968735],[121.1844966,14.6968969],[121.1843115,14.6968761],[121.1841157,14.6968502],[121.1839601,14.696845],[121.1838502,14.6968735],[121.1837348,14.6969099],[121.1835927,14.6969021],[121.1834693,14.6968631],[121.1833084,14.6968502],[121.1831206,14.6968787],[121.1829919,14.6969306],[121.1828309,14.696954],[121.1826539,14.696954],[121.1824581,14.6969695],[121.1823052,14.6970344],[121.1821818,14.6970967],[121.1819914,14.6971382],[121.1818533,14.6971382],[121.1817326,14.6970979],[121.1816347,14.6970772],[121.1815327,14.6970733],[121.1814456,14.697085],[121.1813624,14.697085],[121.1812954,14.6970422],[121.1812364,14.696989],[121.1811586,14.6969371],[121.1810513,14.6968917],[121.18094,14.6968255],[121.1808313,14.6967308],[121.1807415,14.6966737],[121.1806207,14.6966105]]]}},{"type":"Feature","properties":{"@id":"way/1343430601","boat":"no","layer":"-1","tunnel":"culvert","waterway":"drain","name":null},"geometry":{"type":"MultiLineString","coordinates":[[[121.0277996,14.6458797],[121.0276617,14.6459067]]]}},{"type":"Feature","properties":{"@id":"way/1444540455","waterway":"drain","name":null},"geometry":{"type":"MultiLineString","coordinates":[[[121.0971478,14.6585047],[121.0966381,14.6584645],[121.0964424,14.6584234]]]}},{"type":"Feature","properties":{"@id":"way/1462035211","boat":"no","name":"Estero de la Reina","waterway":"canal","wikidata":"Q31212084"},"geometry":{"type":"MultiLineString","coordinates":[[[120.9799185,14.5978253],[120.9798928,14.5977797],[120.979771,14.5975658],[120.979747,14.5970416]],[[120.9800243,14.5980105],[120.9799185,14.5978253]]]}},{"type":"Feature","properties":{"@id":"way/1469963341","layer":"-1","waterway":"canal","name":null},"geometry":{"type":"MultiLineString","coordinates":[[[121.0183815,14.7140242],[121.0186805,14.7131374],[121.0186853,14.7130257],[121.0187083,14.7123581]]]}},{"type":"Feature","properties":{"@id":"way/1476710817","waterway":"drain","name":null},"geometry":{"type":"MultiLineString","coordinates":[[[121.0213262,14.6976313],[121.021264,14.6976025]]]}},{"type":"Feature","properties":{"@id":"way/1478500825","waterway":"stream","name":null},"geometry":{"type":"MultiLineString","coordinates":[[[121.1200929,14.705355],[121.1198001,14.7052823],[121.1192937,14.7051952],[121.118974,14.705108],[121.1185813,14.7047655],[121.1183195,14.7042695],[121.1182895,14.7036718],[121.1182981,14.7032338],[121.1181779,14.7027295],[121.1181371,14.7025032],[121.1180218,14.7024302]]]}},{"type":"Feature","properties":{"@id":"way/1482631080","FIXME":"incomplete","waterway":"stream","name":null},"geometry":{"type":"MultiLineString","coordinates":[[[121.1777507,14.6369016],[121.1776305,14.636868],[121.1774448,14.6368688],[121.1773418,14.6369034],[121.1772653,14.6368872],[121.1771503,14.6368543],[121.1770065,14.6367721],[121.1767065,14.636579],[121.1765709,14.6365461],[121.1764435,14.6365091],[121.176349,14.6365091],[121.1762257,14.6365625],[121.1761312,14.6365872],[121.1760326,14.636542],[121.1758929,14.6364228],[121.1755724,14.6363242],[121.1753628,14.6362297],[121.1751697,14.6361763],[121.1749766,14.6361311],[121.1748821,14.6360325],[121.1746889,14.6358804],[121.1744465,14.6358024],[121.1741424,14.6357695],[121.1739945,14.6357407],[121.173826,14.6357284],[121.173711,14.635753],[121.1735548,14.6358517],[121.1734357,14.6359873],[121.1733453,14.6363448],[121.1733042,14.6365214],[121.1732343,14.6366242],[121.1731398,14.6367064],[121.1730576,14.6367762],[121.1728932,14.6367885],[121.1726837,14.6368173],[121.1724207,14.6368625],[121.1721988,14.636957],[121.1719892,14.6370269],[121.1718619,14.6371501]]]}},{"type":"Feature","properties":{"@id":"way/1484673439","layer":"-1","tunnel":"culvert","waterway":"canal","name":null},"geometry":{"type":"MultiLineString","coordinates":[[[121.0986582,14.6695501],[121.0988488,14.6690602],[121.0989234,14.6689966],[121.0989522,14.6689721],[121.0991505,14.6688157]]]}}]}