{"type": "FeatureCollection", "features": [{"type": "Feature", "geometry": {"type": "Point", "coordinates": [121.0185, 14.5897]}, "properties": {"elevation": 11.0, "slope": 2.52, "aspect": 90.0, "twi": 10.27, "ruggedness": 0.831}}, {"type": "Feature", "geometry": {"type": "Point", "coordinates": [121.019342, 14.5897]}, "properties": {"elevation": 7.0, "slope": 3.75, "aspect": 57.2, "twi": 9.88, "ruggedness": 1.988}}, {"type": "Feature", "geometry": {"type": "Point", "coordinates": [121.020185, 14.5897]}, "properties": {"elevation": 4.0, "slope": 4.06, "aspect": -0.0, "twi": 9.8, "ruggedness": 1.054}}, {"type": "Feature", "geometry": {"type": "Point", "coordinates": [121.021027, 14.5897]}, "properties": {"elevation": 1.0, "slope": 4.78, "aspect": 31.8, "twi": 9.63, "ruggedness": 1.75}}, {"type": "Feature", "geometry": {"type": "Point", "coordinates": [121.02187, 14.5897]}, "properties": {"elevation": 4.0, "slope": 4.85, "aspect": 294.7, "twi": 9.62, "ruggedness": 2.667}}, {"type": "Feature", "geometry": {"type": "Point", "coordinates": [121.022712, 14.5897]}, "properties": {"elevation": 10.0, "slope": 3.24, "aspect": 231.1, "twi": 10.02, "ruggedness": 1.563}}, {"type": "Feature", "geometry": {"type": "Point", "coordinates": [121.023555, 14.5897]}, "properties": {"elevation": 11.0, "slope": 2.39, "aspect": 148.2, "twi": 10.33, "ruggedness": 0.916}}, {"type": "Feature", "geometry": {"type": "Point", "coordinates": [121.024397, 14.5897]}, "properties": {"elevation": 8.0, "slope": 2.39, "aspect": 31.8, "twi": 10.33, "ruggedness": 1.397}}, {"type": "Feature", "geometry": {"type": "Point", "coordinates": [121.025239, 14.5897]}, "properties": {"elevation": 9.0, "slope": 2.78, "aspect": 222.9, "twi": 10.18, "ruggedness": 1.571}}, {"type": "Feature", "geometry": {"type": "Point", "coordinates": [121.026082, 14.5897]}, "properties": {"elevation": 9.0, "slope": 4.11, "aspect": 8.8, "twi": 9.78, "ruggedness": 0.816}}, {"type": "Feature", "geometry": {"type": "Point", "coordinates": [121.026924, 14.5897]}, "properties": {"elevation": 11.0, "slope": 4.41, "aspect": 270.0, "twi": 9.71, "ruggedness": 2.807}}, {"type": "Feature", "geometry": {"type": "Point", "coordinates": [121.027767, 14.5897]}, "properties": {"elevation": 19.0, "slope": 4.48, "aspect": 204.9, "twi": 9.7, "ruggedness": 1.499}}, {"type": "Feature", "geometry": {"type": "Point", "coordinates": [121.028609, 14.5897]}, "properties": {"elevation": 20.0, "slope": 2.39, "aspect": 148.2, "twi": 10.33, "ruggedness": 1.165}}, {"type": "Feature", "geometry": {"type": "Point", "coordinates": [121.029452, 14.5897]}, "properties": {"elevation": 14.0, "slope": 2.03, "aspect": 180.0, "twi": 10.49, "ruggedness": 1.685}}, {"type": "Feature", "geometry": {"type": "Point", "coordinates": [121.030294, 14.5897]}, "properties": {"elevation": 17.0, "slope": 6.21, "aspect": 168.3, "twi": 9.37, "ruggedness": 1.247}}, {"type": "Feature", "geometry": {"type": "Point", "coordinates": [121.031136, 14.5897]}, "properties": {"elevation": 10.0, "slope": 3.24, "aspect": 51.1, "twi": 10.02, "ruggedness": 1.944}}, {"type": "Feature", "geometry": {"type": "Point", "coordinates": [121.031979, 14.5897]}, "properties": {"elevation": 13.0, "slope": 4.11, "aspect": 171.2, "twi": 9.78, "ruggedness": 1.247}}, {"type": "Feature", "geometry": {"type": "Point", "coordinates": [121.032821, 14.5897]}, "properties": {"elevation": 8.0, "slope": 2.03, "aspect": -0.0, "twi": 10.49, "ruggedness": 0.816}}, {"type": "Feature", "geometry": {"type": "Point", "coordinates": [121.033664, 14.5897]}, "properties": {"elevation": 13.0, "slope": 6.12, "aspect": 185.9, "twi": 9.39, "ruggedness": 1.155}}, {"type": "Feature", "geometry": {"type": "Point", "coordinates": [121.034506, 14.5897]}, "properties": {"elevation": 11.0, "slope": 1.26, "aspect": 90.0, "twi": 10.97, "ruggedness": 0.943}}, {"type": "Feature", "geometry": {"type": "Point", "coordinates": [121.035348, 14.5897]}, "properties": {"elevation": 9.0, "slope": 4.11, "aspect": 351.2, "twi": 9.78, "ruggedness": 1.286}}, {"type": "Feature", "geometry": {"type": "Point", "coordinates": [121.036191, 14.5897]}, "properties": {"elevation": 9.0, "slope": 6.12, "aspect": 354.1, "twi": 9.39, "ruggedness": 1.315}}, {"type": "Feature", "geometry": {"type": "Point", "coordinates": [121.037033, 14.5897]}, "properties": {"elevation": 13.0, "slope": 1.89, "aspect": 270.0, "twi": 10.56, "ruggedness": 1.133}}, {"type": "Feature", "geometry": {"type": "Point", "coordinates": [121.037876, 14.5897]}, "properties": {"elevation": 15.0, "slope": 2.39, "aspect": 31.8, "twi": 10.33, "ruggedness": 1.286}}, {"type": "Feature", "geometry": {"type": "Point", "coordinates": [121.038718, 14.5897]}, "properties": {"elevation": 12.0, "slope": 2.78, "aspect": 317.1, "twi": 10.18, "ruggedness": 1.571}}, {"type": "Feature", "geometry": {"type": "Point", "coordinates": [121.039561, 14.5897]}, "properties": {"elevation": 15.0, "slope": 8.11, "aspect": 355.6, "twi": 9.1, "ruggedness": 1.247}}, {"type": "Feature", "geometry": {"type": "Point", "coordinates": [121.040403, 14.5897]}, "properties": {"elevation": 20.0, "slope": 4.85, "aspect": 294.7, "twi": 9.62, "ruggedness": 2.906}}, {"type": "Feature", "geometry": {"type": "Point", "coordinates": [121.041245, 14.5897]}, "properties": {"elevation": 28.0, "slope": 4.41, "aspect": 270.0, "twi": 9.71, "ruggedness": 2.807}}, {"type": "Feature", "geometry": {"type": "Point", "coordinates": [121.042088, 14.5897]}, "properties": {"elevation": 26.0, "slope": 2.52, "aspect": 90.0, "twi": 10.27, "ruggedness": 1.988}}, {"type": "Feature", "geometry": {"type": "Point", "coordinates": [121.04293, 14.5897]}, "properties": {"elevation": 31.0, "slope": 3.75, "aspect": 302.8, "twi": 9.88, "ruggedness": 2.833}}, {"type": "Feature", "geometry": {"type": "Point", "coordinates": [121.043773, 14.5897]}, "properties": {"elevation": 29.0, "slope": 2.78, "aspect": 42.9, "twi": 10.18, "ruggedness": 1.633}}, {"type": "Feature", "geometry": {"type": "Point", "coordinates": [121.044615, 14.5897]}, "properties": {"elevation": 30.0, "slope": 3.78, "aspect": 270.0, "twi": 9.87, "ruggedness": 2.362}}, {"type": "Feature", "geometry": {"type": "Point", "coordinates": [121.045458, 14.5897]}, "properties": {"elevation": 36.0, "slope": 2.13, "aspect": 342.8, "twi": 10.44, "ruggedness": 1.315}}, {"type": "Feature", "geometry": {"type": "Point", "coordinates": [121.0463, 14.5897]}, "properties": {"elevation": 34.0, "slope": 6.84, "aspect": 152.7, "twi": 9.27, "ruggedness": 2.828}}, {"type": "Feature", "geometry": {"type": "Point", "coordinates": [121.047142, 14.5897]}, "properties": {"elevation": 27.0, "slope": 3.24, "aspect": 128.9, "twi": 10.02, "ruggedness": 1.641}}, {"type": "Feature", "geometry": {"type": "Point", "coordinates": [121.047985, 14.5897]}, "properties": {"elevation": 36.0, "slope": 9.0, "aspect": 283.0, "twi": 9.0, "ruggedness": 5.35}}, {"type": "Feature", "geometry": {"type": "Point", "coordinates": [121.048827, 14.5897]}, "properties": {"elevation": 36.0, "slope": 5.54, "aspect": 137.1, "twi": 9.48, "ruggedness": 2.393}}, {"type": "Feature", "geometry": {"type": "Point", "coordinates": [121.04967, 14.5897]}, "properties": {"elevation": 38.0, "slope": 3.75, "aspect": 237.2, "twi": 9.88, "ruggedness": 2.043}}, {"type": "Feature", "geometry": {"type": "Point", "coordinates": [121.050512, 14.5897]}, "properties": {"elevation": 40.0, "slope": 2.13, "aspect": 162.8, "twi": 10.44, "ruggedness": 1.423}}, {"type": "Feature", "geometry": {"type": "Point", "coordinates": [121.051355, 14.5897]}, "properties": {"elevation": 32.0, "slope": 5.99, "aspect": 132.7, "twi": 9.41, "ruggedness": 2.833}}, {"type": "Feature", "geometry": {"type": "Point", "coordinates": [121.052197, 14.5897]}, "properties": {"elevation": 33.0, "slope": 8.11, "aspect": 355.6, "twi": 9.1, "ruggedness": 1.853}}, {"type": "Feature", "geometry": {"type": "Point", "coordinates": [121.053039, 14.5897]}, "properties": {"elevation": 29.0, "slope": 4.11, "aspect": 351.2, "twi": 9.78, "ruggedness": 1.826}}, {"type": "Feature", "geometry": {"type": "Point", "coordinates": [121.053882, 14.5897]}, "properties": {"elevation": 35.0, "slope": 2.13, "aspect": 17.2, "twi": 10.44, "ruggedness": 1.571}}, {"type": "Feature", "geometry": {"type": "Point", "coordinates": [121.054724, 14.5897]}, "properties": {"elevation": 36.0, "slope": 6.21, "aspect": 348.3, "twi": 9.37, "ruggedness": 2.183}}, {"type": "Feature", "geometry": {"type": "Point", "coordinates": [121.055567, 14.5897]}, "properties": {"elevation": 33.0, "slope": 3.78, "aspect": 270.0, "twi": 9.87, "ruggedness": 2.82}}, {"type": "Feature", "geometry": {"type": "Point", "coordinates": [121.056409, 14.5897]}, "properties": {"elevation": 44.0, "slope": 4.78, "aspect": 211.8, "twi": 9.63, "ruggedness": 2.2}}, {"type": "Feature", "geometry": {"type": "Point", "coordinates": [121.057252, 14.5897]}, "properties": {"elevation": 43.0, "slope": 6.08, "aspect": -0.0, "twi": 9.39, "ruggedness": 1.03}}, {"type": "Feature", "geometry": {"type": "Point", "coordinates": [121.058094, 14.5897]}, "properties": {"elevation": 46.0, "slope": 4.11, "aspect": 351.2, "twi": 9.78, "ruggedness": 1.397}}, {"type": "Feature", "geometry": {"type": "Point", "coordinates": [121.058936, 14.5897]}, "properties": {"elevation": 38.0, "slope": 11.5, "aspect": 29.2, "twi": 8.74, "ruggedness": 4.32}}, {"type": "Feature", "geometry": {"type": "Point", "coordinates": [121.059779, 14.5897]}, "properties": {"elevation": 40.0, "slope": 20.54, "aspect": 270.0, "twi": 8.13, "ruggedness": 14.929}}, {"type": "Feature", "geometry": {"type": "Point", "coordinates": [121.0185, 14.590209]}, "properties": {"elevation": 8.0, "slope": 4.06, "aspect": 180.0, "twi": 9.8, "ruggedness": 1.571}}, {"type": "Feature", "geometry": {"type": "Point", "coordinates": [121.019342, 14.590209]}, "properties": {"elevation": 7.0, "slope": 1.2, "aspect": 148.2, "twi": 11.02, "ruggedness": 0.956}}, {"type": "Feature", "geometry": {"type": "Point", "coordinates": [121.020185, 14.590209]}, "properties": {"elevation": 8.0, "slope": 2.13, "aspect": 17.2, "twi": 10.44, "ruggedness": 0.994}}, {"type": "Feature", "geometry": {"type": "Point", "coordinates": [121.021027, 14.590209]}, "properties": {"elevation": 6.0, "slope": 4.25, "aspect": 17.2, "twi": 9.75, "ruggedness": 2.006}}, {"type": "Feature", "geometry": {"type": "Point", "coordinates": [121.02187, 14.590209]}, "properties": {"elevation": 7.0, "slope": 5.66, "aspect": 333.6, "twi": 9.46, "ruggedness": 2.404}}, {"type": "Feature", "geometry": {"type": "Point", "coordinates": [121.022712, 14.590209]}, "properties": {"elevation": 9.0, "slope": 3.05, "aspect": 180.0, "twi": 10.08, "ruggedness": 0.994}}, {"type": "Feature", "geometry": {"type": "Point", "coordinates": [121.023555, 14.590209]}, "properties": {"elevation": 9.0, "slope": 1.89, "aspect": 270.0, "twi": 10.56, "ruggedness": 1.155}}, {"type": "Feature", "geometry": {"type": "Point", "coordinates": [121.024397, 14.590209]}, "properties": {"elevation": 10.0, "slope": 2.78, "aspect": 42.9, "twi": 10.18, "ruggedness": 1.685}}, {"type": "Feature", "geometry": {"type": "Point", "coordinates": [121.025239, 14.590209]}, "properties": {"elevation": 9.0, "slope": 3.96, "aspect": 320.4, "twi": 9.82, "ruggedness": 2.131}}, {"type": "Feature", "geometry": {"type": "Point", "coordinates": [121.026082, 14.590209]}, "properties": {"elevation": 13.0, "slope": 1.2, "aspect": 31.8, "twi": 11.02, "ruggedness": 1.165}}, {"type": "Feature", "geometry": {"type": "Point", "coordinates": [121.026924, 14.590209]}, "properties": {"elevation": 12.0, "slope": 3.59, "aspect": 328.2, "twi": 9.92, "ruggedness": 1.764}}, {"type": "Feature", "geometry": {"type": "Point", "coordinates": [121.027767, 14.590209]}, "properties": {"elevation": 16.0, "slope": 2.39, "aspect": 211.8, "twi": 10.33, "ruggedness": 1.315}}, {"type": "Feature", "geometry": {"type": "Point", "coordinates": [121.028609, 14.590209]}, "properties": {"elevation": 17.0, "slope": 5.41, "aspect": 200.4, "twi": 9.51, "ruggedness": 1.75}}, {"type": "Feature", "geometry": {"type": "Point", "coordinates": [121.029452, 14.590209]}, "properties": {"elevation": 15.0, "slope": 4.85, "aspect": 51.1, "twi": 9.62, "ruggedness": 2.114}}, {"type": "Feature", "geometry": {"type": "Point", "coordinates": [121.030294, 14.590209]}, "properties": {"elevation": 14.0, "slope": 0.63, "aspect": 270.0, "twi": 11.66, "ruggedness": 0.629}}, {"type": "Feature", "geometry": {"type": "Point", "coordinates": [121.031136, 14.590209]}, "properties": {"elevation": 12.0, "slope": 2.15, "aspect": 61.7, "twi": 10.44, "ruggedness": 1.197}}, {"type": "Feature", "geometry": {"type": "Point", "coordinates": [121.031979, 14.590209]}, "properties": {"elevation": 9.0, "slope": 3.3, "aspect": 157.5, "twi": 10.01, "ruggedness": 1.247}}, {"type": "Feature", "geometry": {"type": "Point", "coordinates": [121.032821, 14.590209]}, "properties": {"elevation": 10.0, "slope": 1.02, "aspect": -0.0, "twi": 11.18, "ruggedness": 0.629}}, {"type": "Feature", "geometry": {"type": "Point", "coordinates": [121.033664, 14.590209]}, "properties": {"elevation": 9.0, "slope": 1.26, "aspect": 270.0, "twi": 10.97, "ruggedness": 0.816}}, {"type": "Feature", "geometry": {"type": "Point", "coordinates": [121.034506, 14.590209]}, "properties": {"elevation": 11.0, "slope": 1.26, "aspect": 90.0, "twi": 10.97, "ruggedness": 0.943}}, {"type": "Feature", "geometry": {"type": "Point", "coordinates": [121.035348, 14.590209]}, "properties": {"elevation": 10.0, "slope": 3.75, "aspect": 237.2, "twi": 9.88, "ruggedness": 1.931}}, {"type": "Feature", "geometry": {"type": "Point", "coordinates": [121.036191, 14.590209]}, "properties": {"elevation": 13.0, "slope": 1.2, "aspect": 31.8, "twi": 11.02, "ruggedness": 0.567}}, {"type": "Feature", "geometry": {"type": "Point", "coordinates": [121.037033, 14.590209]}, "properties": {"elevation": 14.0, "slope": 2.39, "aspect": 328.2, "twi": 10.33, "ruggedness": 1.197}}, {"type": "Feature", "geometry": {"type": "Point", "coordinates": [121.037876, 14.590209]}, "properties": {"elevation": 18.0, "slope": 2.78, "aspect": 317.1, "twi": 10.18, "ruggedness": 1.499}}, {"type": "Feature", "geometry": {"type": "Point", "coordinates": [121.038718, 14.590209]}, "properties": {"elevation": 17.0, "slope": 7.33, "aspect": 345.1, "twi": 9.2, "ruggedness": 3.127}}, {"type": "Feature", "geometry": {"type": "Point", "coordinates": [121.039561, 14.590209]}, "properties": {"elevation": 22.0, "slope": 5.23, "aspect": 13.9, "twi": 9.54, "ruggedness": 2.667}}, {"type": "Feature", "geometry": {"type": "Point", "coordinates": [121.040403, 14.590209]}, "properties": {"elevation": 22.0, "slope": 3.31, "aspect": 287.9, "twi": 10.0, "ruggedness": 2.166}}, {"type": "Feature", "geometry": {"type": "Point", "coordinates": [121.041245, 14.590209]}, "properties": {"elevation": 27.0, "slope": 2.72, "aspect": 248.0, "twi": 10.2, "ruggedness": 2.217}}, {"type": "Feature", "geometry": {"type": "Point", "coordinates": [121.042088, 14.590209]}, "properties": {"elevation": 25.0, "slope": 1.62, "aspect": 128.9, "twi": 10.72, "ruggedness": 1.633}}, {"type": "Feature", "geometry": {"type": "Point", "coordinates": [121.04293, 14.590209]}, "properties": {"elevation": 32.0, "slope": 5.04, "aspect": 270.0, "twi": 9.58, "ruggedness": 3.236}}, {"type": "Feature", "geometry": {"type": "Point", "coordinates": [121.043773, 14.590209]}, "properties": {"elevation": 31.0, "slope": 3.92, "aspect": 75.0, "twi": 9.83, "ruggedness": 2.362}}, {"type": "Feature", "geometry": {"type": "Point", "coordinates": [121.044615, 14.590209]}, "properties": {"elevation": 30.0, "slope": 2.52, "aspect": 270.0, "twi": 10.27, "ruggedness": 2.079}}, {"type": "Feature", "geometry": {"type": "Point", "coordinates": [121.045458, 14.590209]}, "properties": {"elevation": 36.0, "slope": 3.05, "aspect": 180.0, "twi": 10.08, "ruggedness": 1.832}}, {"type": "Feature", "geometry": {"type": "Point", "coordinates": [121.0463, 14.590209]}, "properties": {"elevation": 30.0, "slope": 3.31, "aspect": 107.9, "twi": 10.0, "ruggedness": 2.131}}, {"type": "Feature", "geometry": {"type": "Point", "coordinates": [121.047142, 14.590209]}, "properties": {"elevation": 28.0, "slope": 8.91, "aspect": 335.1, "twi": 9.01, "ruggedness": 3.119}}, {"type": "Feature", "geometry": {"type": "Point", "coordinates": [121.047985, 14.590209]}, "properties": {"elevation": 39.0, "slope": 2.72, "aspect": 292.0, "twi": 10.2, "ruggedness": 3.071}}, {"type": "Feature", "geometry": {"type": "Point", "coordinates": [121.048827, 14.590209]}, "properties": {"elevation": 36.0, "slope": 5.41, "aspect": 20.4, "twi": 9.51, "ruggedness": 1.826}}, {"type": "Feature", "geometry": {"type": "Point", "coordinates": [121.04967, 14.590209]}, "properties": {"elevation": 38.0, "slope": 3.96, "aspect": 320.4, "twi": 9.82, "ruggedness": 1.931}}, {"type": "Feature", "geometry": {"type": "Point", "coordinates": [121.050512, 14.590209]}, "properties": {"elevation": 35.0, "slope": 7.15, "aspect": 148.2, "twi": 9.23, "ruggedness": 3.095}}, {"type": "Feature", "geometry": {"type": "Point", "coordinates": [121.051355, 14.590209]}, "properties": {"elevation": 29.0, "slope": 1.89, "aspect": 270.0, "twi": 10.56, "ruggedness": 2.713}}, {"type": "Feature", "geometry": {"type": "Point", "coordinates": [121.052197, 14.590209]}, "properties": {"elevation": 41.0, "slope": 5.41, "aspect": 339.6, "twi": 9.51, "ruggedness": 2.587}}, {"type": "Feature", "geometry": {"type": "Point", "coordinates": [121.053039, 14.590209]}, "properties": {"elevation": 33.0, "slope": 5.36, "aspect": 55.4, "twi": 9.52, "ruggedness": 2.944}}, {"type": "Feature", "geometry": {"type": "Point", "coordinates": [121.053882, 14.590209]}, "properties": {"elevation": 35.0, "slope": 3.31, "aspect": 252.1, "twi": 10.0, "ruggedness": 2.131}}, {"type": "Feature", "geometry": {"type": "Point", "coordinates": [121.054724, 14.590209]}, "properties": {"elevation": 39.0, "slope": 3.3, "aspect": 202.5, "twi": 10.01, "ruggedness": 1.548}}, {"type": "Feature", "geometry": {"type": "Point", "coordinates": [121.055567, 14.590209]}, "properties": {"elevation": 30.0, "slope": 7.2, "aspect": 169.9, "twi": 9.22, "ruggedness": 3.928}}, {"type": "Feature", "geometry": {"type": "Point", "coordinates": [121.056409, 14.590209]}, "properties": {"elevation": 43.0, "slope": 6.98, "aspect": 261.7, "twi": 9.25, "ruggedness": 4.944}}, {"type": "Feature", "geometry": {"type": "Point", "coordinates": [121.057252, 14.590209]}, "properties": {"elevation": 50.0, "slope": 5.11, "aspect": 352.9, "twi": 9.57, "ruggedness": 2.0}}, {"type": "Feature", "geometry": {"type": "Point", "coordinates": [121.058094, 14.590209]}, "properties": {"elevation": 48.0, "slope": 2.13, "aspect": 197.2, "twi": 10.44, "ruggedness": 0.956}}, {"type": "Feature", "geometry": {"type": "Point", "coordinates": [121.058936, 14.590209]}, "properties": {"elevation": 44.0, "slope": 6.21, "aspect": 11.7, "twi": 9.37, "ruggedness": 4.894}}, {"type": "Feature", "geometry": {"type": "Point", "coordinates": [121.059779, 14.590209]}, "properties": {"elevation": 52.0, "slope": 23.58, "aspect": 324.5, "twi": 7.98, "ruggedness": 10.924}}, {"type": "Feature", "geometry": {"type": "Point", "coordinates": [121.0185, 14.590718]}, "properties": {"elevation": 7.0, "slope": 2.52, "aspect": 90.0, "twi": 10.27, "ruggedness": 0.831}}, {"type": "Feature", "geometry": {"type": "Point", "coordinates": [121.019342, 14.590718]}, "properties": {"elevation": 6.0, "slope": 1.62, "aspect": 231.1, "twi": 10.72, "ruggedness": 0.956}}, {"type": "Feature", "geometry": {"type": "Point", "coordinates": [121.020185, 14.590718]}, "properties": {"elevation": 8.0, "slope": 2.13, "aspect": 342.8, "twi": 10.44, "ruggedness": 0.875}}, {"type": "Feature", "geometry": {"type": "Point", "coordinates": [121.021027, 14.590718]}, "properties": {"elevation": 8.0, "slope": 2.39, "aspect": 328.2, "twi": 10.33, "ruggedness": 1.155}}, {"type": "Feature", "geometry": {"type": "Point", "coordinates": [121.02187, 14.590718]}, "properties": {"elevation": 10.0, "slope": 1.62, "aspect": 128.9, "twi": 10.72, "ruggedness": 1.414}}, {"type": "Feature", "geometry": {"type": "Point", "coordinates": [121.022712, 14.590718]}, "properties": {"elevation": 2.0, "slope": 5.41, "aspect": 159.6, "twi": 9.51, "ruggedness": 2.78}}, {"type": "Feature", "geometry": {"type": "Point", "coordinates": [121.023555, 14.590718]}, "properties": {"elevation": 9.0, "slope": 4.85, "aspect": 231.1, "twi": 9.62, "ruggedness": 2.936}}, {"type": "Feature", "geometry": {"type": "Point", "coordinates": [121.024397, 14.590718]}, "properties": {"elevation": 12.0, "slope": 1.26, "aspect": 270.0, "twi": 10.97, "ruggedness": 0.831}}, {"type": "Feature", "geometry": {"type": "Point", "coordinates": [121.025239, 14.590718]}, "properties": {"elevation": 12.0, "slope": 1.62, "aspect": 51.1, "twi": 10.72, "ruggedness": 1.499}}, {"type": "Feature", "geometry": {"type": "Point", "coordinates": [121.026082, 14.590718]}, "properties": {"elevation": 11.0, "slope": 3.11, "aspect": 191.7, "twi": 10.06, "ruggedness": 1.618}}, {"type": "Feature", "geometry": {"type": "Point", "coordinates": [121.026924, 14.590718]}, "properties": {"elevation": 12.0, "slope": 5.08, "aspect": 180.0, "twi": 9.57, "ruggedness": 1.641}}, {"type": "Feature", "geometry": {"type": "Point", "coordinates": [121.027767, 14.590718]}, "properties": {"elevation": 12.0, "slope": 5.11, "aspect": 172.9, "twi": 9.57, "ruggedness": 1.872}}, {"type": "Feature", "geometry": {"type": "Point", "coordinates": [121.028609, 14.590718]}, "properties": {"elevation": 11.0, "slope": 6.37, "aspect": 197.2, "twi": 9.35, "ruggedness": 2.657}}, {"type": "Feature", "geometry": {"type": "Point", "coordinates": [121.029452, 14.590718]}, "properties": {"elevation": 14.0, "slope": 4.48, "aspect": 155.1, "twi": 9.7, "ruggedness": 2.149}}, {"type": "Feature", "geometry": {"type": "Point", "coordinates": [121.030294, 14.590718]}, "properties": {"elevation": 13.0, "slope": 3.11, "aspect": 191.7, "twi": 10.06, "ruggedness": 1.247}}, {"type": "Feature", "geometry": {"type": "Point", "coordinates": [121.031136, 14.590718]}, "properties": {"elevation": 12.0, "slope": 0.0, "aspect": -0.0, "twi": 14.06, "ruggedness": 0.567}}, {"type": "Feature", "geometry": {"type": "Point", "coordinates": [121.031979, 14.590718]}, "properties": {"elevation": 7.0, "slope": 3.15, "aspect": 90.0, "twi": 10.05, "ruggedness": 1.944}}, {"type": "Feature", "geometry": {"type": "Point", "coordinates": [121.032821, 14.590718]}, "properties": {"elevation": 9.0, "slope": 1.62, "aspect": 231.1, "twi": 10.72, "ruggedness": 0.916}}, {"type": "Feature", "geometry": {"type": "Point", "coordinates": [121.033664, 14.590718]}, "properties": {"elevation": 10.0, "slope": 1.62, "aspect": 308.9, "twi": 10.72, "ruggedness": 0.737}}, {"type": "Feature", "geometry": {"type": "Point", "coordinates": [121.034506, 14.590718]}, "properties": {"elevation": 11.0, "slope": 0.63, "aspect": 90.0, "twi": 11.66, "ruggedness": 0.816}}, {"type": "Feature", "geometry": {"type": "Point", "coordinates": [121.035348, 14.590718]}, "properties": {"elevation": 9.0, "slope": 1.02, "aspect": -0.0, "twi": 11.18, "ruggedness": 1.491}}, {"type": "Feature", "geometry": {"type": "Point", "coordinates": [121.036191, 14.590718]}, "properties": {"elevation": 12.0, "slope": 3.96, "aspect": 219.6, "twi": 9.82, "ruggedness": 1.872}}, {"type": "Feature", "geometry": {"type": "Point", "coordinates": [121.037033, 14.590718]}, "properties": {"elevation": 15.0, "slope": 2.39, "aspect": 211.8, "twi": 10.33, "ruggedness": 1.165}}, {"type": "Feature", "geometry": {"type": "Point", "coordinates": [121.037876, 14.590718]}, "properties": {"elevation": 19.0, "slope": 2.39, "aspect": 328.2, "twi": 10.33, "ruggedness": 1.563}}, {"type": "Feature", "geometry": {"type": "Point", "coordinates": [121.038718, 14.590718]}, "properties": {"elevation": 22.0, "slope": 5.36, "aspect": 304.6, "twi": 9.52, "ruggedness": 2.867}}, {"type": "Feature", "geometry": {"type": "Point", "coordinates": [121.039561, 14.590718]}, "properties": {"elevation": 25.0, "slope": 1.2, "aspect": 31.8, "twi": 11.02, "ruggedness": 1.423}}, {"type": "Feature", "geometry": {"type": "Point", "coordinates": [121.040403, 14.590718]}, "properties": {"elevation": 23.0, "slope": 2.03, "aspect": -0.0, "twi": 10.49, "ruggedness": 1.423}}, {"type": "Feature", "geometry": {"type": "Point", "coordinates": [121.041245, 14.590718]}, "properties": {"elevation": 27.0, "slope": 1.89, "aspect": 270.0, "twi": 10.56, "ruggedness": 1.563}}, {"type": "Feature", "geometry": {"type": "Point", "coordinates": [121.042088, 14.590718]}, "properties": {"elevation": 27.0, "slope": 4.48, "aspect": 335.1, "twi": 9.7, "ruggedness": 2.261}}, {"type": "Feature", "geometry": {"type": "Point", "coordinates": [121.04293, 14.590718]}, "properties": {"elevation": 32.0, "slope": 0.63, "aspect": 270.0, "twi": 11.66, "ruggedness": 2.025}}, {"type": "Feature", "geometry": {"type": "Point", "coordinates": [121.043773, 14.590718]}, "properties": {"elevation": 29.0, "slope": 4.78, "aspect": 148.2, "twi": 9.63, "ruggedness": 2.055}}, {"type": "Feature", "geometry": {"type": "Point", "coordinates": [121.044615, 14.590718]}, "properties": {"elevation": 29.0, "slope": 4.38, "aspect": 226.0, "twi": 9.72, "ruggedness": 2.079}}, {"type": "Feature", "geometry": {"type": "Point", "coordinates": [121.045458, 14.590718]}, "properties": {"elevation": 31.0, "slope": 5.41, "aspect": 159.6, "twi": 9.51, "ruggedness": 2.114}}, {"type": "Feature", "geometry": {"type": "Point", "coordinates": [121.0463, 14.590718]}, "properties": {"elevation": 29.0, "slope": 3.96, "aspect": 219.6, "twi": 9.82, "ruggedness": 1.872}}, {"type": "Feature", "geometry": {"type": "Point", "coordinates": [121.047142, 14.590718]}, "properties": {"elevation": 36.0, "slope": 1.26, "aspect": 270.0, "twi": 10.97, "ruggedness": 1.633}}, {"type": "Feature", "geometry": {"type": "Point", "coordinates": [121.047985, 14.590718]}, "properties": {"elevation": 34.0, "slope": 7.12, "aspect": 185.1, "twi": 9.23, "ruggedness": 2.131}}, {"type": "Feature", "geometry": {"type": "Point", "coordinates": [121.048827, 14.590718]}, "properties": {"elevation": 38.0, "slope": 5.41, "aspect": 200.4, "twi": 9.51, "ruggedness": 2.0}}, {"type": "Feature", "geometry": {"type": "Point", "coordinates": [121.04967, 14.590718]}, "properties": {"elevation": 37.0, "slope": 7.2, "aspect": 169.9, "twi": 9.22, "ruggedness": 2.539}}, {"type": "Feature", "geometry": {"type": "Point", "coordinates": [121.050512, 14.590718]}, "properties": {"elevation": 29.0, "slope": 8.67, "aspect": 144.7, "twi": 9.03, "ruggedness": 4.031}}, {"type": "Feature", "geometry": {"type": "Point", "coordinates": [121.051355, 14.590718]}, "properties": {"elevation": 33.0, "slope": 6.96, "aspect": 305.6, "twi": 9.26, "ruggedness": 3.742}}, {"type": "Feature", "geometry": {"type": "Point", "coordinates": [121.052197, 14.590718]}, "properties": {"elevation": 41.0, "slope": 4.11, "aspect": 188.8, "twi": 9.78, "ruggedness": 1.764}}, {"type": "Feature", "geometry": {"type": "Point", "coordinates": [121.053039, 14.590718]}, "properties": {"elevation": 34.0, "slope": 5.04, "aspect": 90.0, "twi": 9.58, "ruggedness": 2.749}}, {"type": "Feature", "geometry": {"type": "Point", "coordinates": [121.053882, 14.590718]}, "properties": {"elevation": 34.0, "slope": 2.72, "aspect": 248.0, "twi": 10.2, "ruggedness": 1.618}}, {"type": "Feature", "geometry": {"type": "Point", "coordinates": [121.054724, 14.590718]}, "properties": {"elevation": 34.0, "slope": 1.2, "aspect": 148.2, "twi": 11.02, "ruggedness": 0.875}}, {"type": "Feature", "geometry": {"type": "Point", "coordinates": [121.055567, 14.590718]}, "properties": {"elevation": 27.0, "slope": 7.75, "aspect": 23.9, "twi": 9.15, "ruggedness": 3.464}}, {"type": "Feature", "geometry": {"type": "Point", "coordinates": [121.056409, 14.590718]}, "properties": {"elevation": 41.0, "slope": 10.0, "aspect": 270.0, "twi": 8.89, "ruggedness": 6.037}}, {"type": "Feature", "geometry": {"type": "Point", "coordinates": [121.057252, 14.590718]}, "properties": {"elevation": 49.0, "slope": 5.08, "aspect": 180.0, "twi": 9.57, "ruggedness": 2.266}}, {"type": "Feature", "geometry": {"type": "Point", "coordinates": [121.058094, 14.590718]}, "properties": {"elevation": 43.0, "slope": 2.13, "aspect": 197.2, "twi": 10.44, "ruggedness": 2.233}}, {"type": "Feature", "geometry": {"type": "Point", "coordinates": [121.058936, 14.590718]}, "properties": {"elevation": 56.0, "slope": 15.1, "aspect": 322.2, "twi": 8.46, "ruggedness": 5.795}}, {"type": "Feature", "geometry": {"type": "Point", "coordinates": [121.059779, 14.590718]}, "properties": {"elevation": 62.0, "slope": 5.75, "aspect": 79.8, "twi": 9.45, "ruggedness": 3.794}}, {"type": "Feature", "geometry": {"type": "Point", "coordinates": [121.0185, 14.591227]}, "properties": {"elevation": 7.0, "slope": 0.0, "aspect": -0.0, "twi": 14.06, "ruggedness": 0.943}}, {"type": "Feature", "geometry": {"type": "Point", "coordinates": [121.019342, 14.591227]}, "properties": {"elevation": 7.0, "slope": 3.59, "aspect": 328.2, "twi": 9.92, "ruggedness": 1.826}}, {"type": "Feature", "geometry": {"type": "Point", "coordinates": [121.020185, 14.591227]}, "properties": {"elevation": 11.0, "slope": 2.03, "aspect": -0.0, "twi": 10.49, "ruggedness": 1.133}}, {"type": "Feature", "geometry": {"type": "Point", "coordinates": [121.021027, 14.591227]}, "properties": {"elevation": 10.0, "slope": 0.63, "aspect": 270.0, "twi": 11.66, "ruggedness": 0.816}}, {"type": "Feature", "geometry": {"type": "Point", "coordinates": [121.02187, 14.591227]}, "properties": {"elevation": 8.0, "slope": 4.41, "aspect": 90.0, "twi": 9.71, "ruggedness": 2.582}}, {"type": "Feature", "geometry": {"type": "Point", "coordinates": [121.022712, 14.591227]}, "properties": {"elevation": 1.0, "slope": 2.72, "aspect": 68.0, "twi": 10.2, "ruggedness": 1.826}}, {"type": "Feature", "geometry": {"type": "Point", "coordinates": [121.023555, 14.591227]}, "properties": {"elevation": 3.0, "slope": 9.17, "aspect": 228.7, "twi": 8.98, "ruggedness": 4.148}}, {"type": "Feature", "geometry": {"type": "Point", "coordinates": [121.024397, 14.591227]}, "properties": {"elevation": 12.0, "slope": 1.2, "aspect": 328.2, "twi": 11.02, "ruggedness": 1.333}}, {"type": "Feature", "geometry": {"type": "Point", "coordinates": [121.025239, 14.591227]}, "properties": {"elevation": 11.0, "slope": 4.38, "aspect": 134.0, "twi": 9.72, "ruggedness": 2.233}}, {"type": "Feature", "geometry": {"type": "Point", "coordinates": [121.026082, 14.591227]}, "properties": {"elevation": 8.0, "slope": 1.2, "aspect": 148.2, "twi": 11.02, "ruggedness": 1.257}}, {"type": "Feature", "geometry": {"type": "Point", "coordinates": [121.026924, 14.591227]}, "properties": {"elevation": 6.0, "slope": 5.41, "aspect": 200.4, "twi": 9.51, "ruggedness": 2.0}}, {"type": "Feature", "geometry": {"type": "Point", "coordinates": [121.027767, 14.591227]}, "properties": {"elevation": 9.0, "slope": 1.2, "aspect": 148.2, "twi": 11.02, "ruggedness": 0.667}}, {"type": "Feature", "geometry": {"type": "Point", "coordinates": [121.028609, 14.591227]}, "properties": {"elevation": 7.0, "slope": 1.26, "aspect": 270.0, "twi": 10.97, "ruggedness": 1.37}}, {"type": "Feature", "geometry": {"type": "Point", "coordinates": [121.029452, 14.591227]}, "properties": {"elevation": 10.0, "slope": 4.25, "aspect": 162.8, "twi": 9.75, "ruggedness": 1.641}}, {"type": "Feature", "geometry": {"type": "Point", "coordinates": [121.030294, 14.591227]}, "properties": {"elevation": 10.0, "slope": 2.39, "aspect": 211.8, "twi": 10.33, "ruggedness": 1.257}}, {"type": "Feature", "geometry": {"type": "Point", "coordinates": [121.031136, 14.591227]}, "properties": {"elevation": 10.0, "slope": 5.11, "aspect": 187.1, "twi": 9.57, "ruggedness": 1.474}}, {"type": "Feature", "geometry": {"type": "Point", "coordinates": [121.031979, 14.591227]}, "properties": {"elevation": 10.0, "slope": 4.11, "aspect": 8.8, "twi": 9.78, "ruggedness": 1.641}}, {"type": "Feature", "geometry": {"type": "Point", "coordinates": [121.032821, 14.591227]}, "properties": {"elevation": 10.0, "slope": 3.11, "aspect": 348.3, "twi": 10.06, "ruggedness": 1.499}}, {"type": "Feature", "geometry": {"type": "Point", "coordinates": [121.033664, 14.591227]}, "properties": {"elevation": 12.0, "slope": 1.62, "aspect": 51.1, "twi": 10.72, "ruggedness": 1.03}}, {"type": "Feature", "geometry": {"type": "Point", "coordinates": [121.034506, 14.591227]}, "properties": {"elevation": 11.0, "slope": 2.52, "aspect": 270.0, "twi": 10.27, "ruggedness": 1.155}}, {"type": "Feature", "geometry": {"type": "Point", "coordinates": [121.035348, 14.591227]}, "properties": {"elevation": 12.0, "slope": 3.24, "aspect": 51.1, "twi": 10.02, "ruggedness": 1.563}}, {"type": "Feature", "geometry": {"type": "Point", "coordinates": [121.036191, 14.591227]}, "properties": {"elevation": 9.0, "slope": 1.89, "aspect": 270.0, "twi": 10.56, "ruggedness": 1.523}}, {"type": "Feature", "geometry": {"type": "Point", "coordinates": [121.037033, 14.591227]}, "properties": {"elevation": 11.0, "slope": 3.3, "aspect": 202.5, "twi": 10.01, "ruggedness": 1.886}}, {"type": "Feature", "geometry": {"type": "Point", "coordinates": [121.037876, 14.591227]}, "properties": {"elevation": 21.0, "slope": 4.53, "aspect": 283.0, "twi": 9.69, "ruggedness": 3.232}}, {"type": "Feature", "geometry": {"type": "Point", "coordinates": [121.038718, 14.591227]}, "properties": {"elevation": 23.0, "slope": 3.31, "aspect": 252.1, "twi": 10.0, "ruggedness": 2.183}}, {"type": "Feature", "geometry": {"type": "Point", "coordinates": [121.039561, 14.591227]}, "properties": {"elevation": 25.0, "slope": 1.02, "aspect": 180.0, "twi": 11.18, "ruggedness": 0.786}}, {"type": "Feature", "geometry": {"type": "Point", "coordinates": [121.040403, 14.591227]}, "properties": {"elevation": 25.0, "slope": 1.02, "aspect": -0.0, "twi": 11.18, "ruggedness": 0.786}}, {"type": "Feature", "geometry": {"type": "Point", "coordinates": [121.041245, 14.591227]}, "properties": {"elevation": 28.0, "slope": 2.03, "aspect": -0.0, "twi": 10.49, "ruggedness": 1.155}}, {"type": "Feature", "geometry": {"type": "Point", "coordinates": [121.042088, 14.591227]}, "properties": {"elevation": 30.0, "slope": 5.66, "aspect": 270.0, "twi": 9.46, "ruggedness": 3.083}}, {"type": "Feature", "geometry": {"type": "Point", "coordinates": [121.04293, 14.591227]}, "properties": {"elevation": 33.0, "slope": 4.41, "aspect": 90.0, "twi": 9.71, "ruggedness": 2.362}}, {"type": "Feature", "geometry": {"type": "Point", "coordinates": [121.043773, 14.591227]}, "properties": {"elevation": 28.0, "slope": 1.2, "aspect": 31.8, "twi": 11.02, "ruggedness": 0.629}}, {"type": "Feature", "geometry": {"type": "Point", "coordinates": [121.044615, 14.591227]}, "properties": {"elevation": 26.0, "slope": 2.39, "aspect": 148.2, "twi": 10.33, "ruggedness": 1.343}}, {"type": "Feature", "geometry": {"type": "Point", "coordinates": [121.045458, 14.591227]}, "properties": {"elevation": 27.0, "slope": 2.13, "aspect": 197.2, "twi": 10.44, "ruggedness": 1.491}}, {"type": "Feature", "geometry": {"type": "Point", "coordinates": [121.0463, 14.591227]}, "properties": {"elevation": 24.0, "slope": 5.41, "aspect": 200.4, "twi": 9.51, "ruggedness": 2.543}}, {"type": "Feature", "geometry": {"type": "Point", "coordinates": [121.047142, 14.591227]}, "properties": {"elevation": 30.0, "slope": 8.3, "aspect": 193.1, "twi": 9.08, "ruggedness": 3.035}}, {"type": "Feature", "geometry": {"type": "Point", "coordinates": [121.047985, 14.591227]}, "properties": {"elevation": 32.0, "slope": 1.26, "aspect": 270.0, "twi": 10.97, "ruggedness": 2.74}}, {"type": "Feature", "geometry": {"type": "Point", "coordinates": [121.048827, 14.591227]}, "properties": {"elevation": 32.0, "slope": 3.24, "aspect": 128.9, "twi": 10.02, "ruggedness": 3.201}}, {"type": "Feature", "geometry": {"type": "Point", "coordinates": [121.04967, 14.591227]}, "properties": {"elevation": 29.0, "slope": 6.08, "aspect": 180.0, "twi": 9.39, "ruggedness": 3.055}}, {"type": "Feature", "geometry": {"type": "Point", "coordinates": [121.050512, 14.591227]}, "properties": {"elevation": 28.0, "slope": 5.11, "aspect": 7.1, "twi": 9.57, "ruggedness": 1.771}}, {"type": "Feature", "geometry": {"type": "Point", "coordinates": [121.051355, 14.591227]}, "properties": {"elevation": 33.0, "slope": 5.14, "aspect": 258.6, "twi": 9.56, "ruggedness": 3.457}}, {"type": "Feature", "geometry": {"type": "Point", "coordinates": [121.052197, 14.591227]}, "properties": {"elevation": 35.0, "slope": 4.38, "aspect": 134.0, "twi": 9.72, "ruggedness": 2.166}}, {"type": "Feature", "geometry": {"type": "Point", "coordinates": [121.053039, 14.591227]}, "properties": {"elevation": 36.0, "slope": 8.02, "aspect": 332.0, "twi": 9.11, "ruggedness": 3.414}}, {"type": "Feature", "geometry": {"type": "Point", "coordinates": [121.053882, 14.591227]}, "properties": {"elevation": 36.0, "slope": 6.37, "aspect": 17.2, "twi": 9.35, "ruggedness": 2.708}}, {"type": "Feature", "geometry": {"type": "Point", "coordinates": [121.054724, 14.591227]}, "properties": {"elevation": 35.0, "slope": 2.15, "aspect": 298.3, "twi": 10.44, "ruggedness": 1.333}}, {"type": "Feature", "geometry": {"type": "Point", "coordinates": [121.055567, 14.591227]}, "properties": {"elevation": 40.0, "slope": 7.12, "aspect": 354.9, "twi": 9.23, "ruggedness": 2.793}}, {"type": "Feature", "geometry": {"type": "Point", "coordinates": [121.056409, 14.591227]}, "properties": {"elevation": 39.0, "slope": 3.11, "aspect": 191.7, "twi": 10.06, "ruggedness": 2.807}}, {"type": "Feature", "geometry": {"type": "Point", "coordinates": [121.057252, 14.591227]}, "properties": {"elevation": 44.0, "slope": 5.36, "aspect": 235.4, "twi": 9.52, "ruggedness": 3.266}}, {"type": "Feature", "geometry": {"type": "Point", "coordinates": [121.058094, 14.591227]}, "properties": {"elevation": 46.0, "slope": 7.6, "aspect": 262.3, "twi": 9.17, "ruggedness": 5.613}}, {"type": "Feature", "geometry": {"type": "Point", "coordinates": [121.058936, 14.591227]}, "properties": {"elevation": 68.0, "slope": 10.15, "aspect": 352.9, "twi": 8.87, "ruggedness": 5.411}}, {"type": "Feature", "geometry": {"type": "Point", "coordinates": [121.059779, 14.591227]}, "properties": {"elevation": 59.0, "slope": 7.13, "aspect": 135.2, "twi": 9.23, "ruggedness": 3.624}}, {"type": "Feature", "geometry": {"type": "Point", "coordinates": [121.0185, 14.591736]}, "properties": {"elevation": 8.0, "slope": 3.24, "aspect": 308.9, "twi": 10.02, "ruggedness": 1.066}}, {"type": "Feature", "geometry": {"type": "Point", "coordinates": [121.019342, 14.591736]}, "properties": {"elevation": 10.0, "slope": 1.26, "aspect": 270.0, "twi": 10.97, "ruggedness": 0.943}}, {"type": "Feature", "geometry": {"type": "Point", "coordinates": [121.020185, 14.591736]}, "properties": {"elevation": 12.0, "slope": 1.2, "aspect": 148.2, "twi": 11.02, "ruggedness": 0.737}}, {"type": "Feature", "geometry": {"type": "Point", "coordinates": [121.021027, 14.591736]}, "properties": {"elevation": 9.0, "slope": 1.62, "aspect": 128.9, "twi": 10.72, "ruggedness": 0.956}}, {"type": "Feature", "geometry": {"type": "Point", "coordinates": [121.02187, 14.591736]}, "properties": {"elevation": 10.0, "slope": 2.78, "aspect": 42.9, "twi": 10.18, "ruggedness": 2.108}}, {"type": "Feature", "geometry": {"type": "Point", "coordinates": [121.022712, 14.591736]}, "properties": {"elevation": 2.0, "slope": 2.78, "aspect": 42.9, "twi": 10.18, "ruggedness": 2.108}}, {"type": "Feature", "geometry": {"type": "Point", "coordinates": [121.023555, 14.591736]}, "properties": {"elevation": 2.0, "slope": 5.08, "aspect": -0.0, "twi": 9.57, "ruggedness": 2.494}}, {"type": "Feature", "geometry": {"type": "Point", "coordinates": [121.024397, 14.591736]}, "properties": {"elevation": 9.0, "slope": 8.67, "aspect": 215.3, "twi": 9.03, "ruggedness": 3.59}}, {"type": "Feature", "geometry": {"type": "Point", "coordinates": [121.025239, 14.591736]}, "properties": {"elevation": 10.0, "slope": 1.62, "aspect": 51.1, "twi": 10.72, "ruggedness": 1.315}}, {"type": "Feature", "geometry": {"type": "Point", "coordinates": [121.026082, 14.591736]}, "properties": {"elevation": 8.0, "slope": 1.89, "aspect": 90.0, "twi": 10.56, "ruggedness": 1.499}}, {"type": "Feature", "geometry": {"type": "Point", "coordinates": [121.026924, 14.591736]}, "properties": {"elevation": 4.0, "slope": 2.15, "aspect": 298.3, "twi": 10.44, "ruggedness": 1.872}}, {"type": "Feature", "geometry": {"type": "Point", "coordinates": [121.027767, 14.591736]}, "properties": {"elevation": 10.0, "slope": 1.2, "aspect": 328.2, "twi": 11.02, "ruggedness": 0.629}}, {"type": "Feature", "geometry": {"type": "Point", "coordinates": [121.028609, 14.591736]}, "properties": {"elevation": 11.0, "slope": 4.11, "aspect": 351.2, "twi": 9.78, "ruggedness": 2.006}}, {"type": "Feature", "geometry": {"type": "Point", "coordinates": [121.029452, 14.591736]}, "properties": {"elevation": 8.0, "slope": 3.96, "aspect": 39.6, "twi": 9.82, "ruggedness": 2.529}}, {"type": "Feature", "geometry": {"type": "Point", "coordinates": [121.030294, 14.591736]}, "properties": {"elevation": 9.0, "slope": 1.62, "aspect": 231.1, "twi": 10.72, "ruggedness": 0.916}}, {"type": "Feature", "geometry": {"type": "Point", "coordinates": [121.031136, 14.591736]}, "properties": {"elevation": 6.0, "slope": 0.63, "aspect": 90.0, "twi": 11.66, "ruggedness": 1.247}}, {"type": "Feature", "geometry": {"type": "Point", "coordinates": [121.031979, 14.591736]}, "properties": {"elevation": 10.0, "slope": 6.32, "aspect": 216.7, "twi": 9.35, "ruggedness": 2.449}}, {"type": "Feature", "geometry": {"type": "Point", "coordinates": [121.032821, 14.591736]}, "properties": {"elevation": 13.0, "slope": 2.15, "aspect": 118.3, "twi": 10.44, "ruggedness": 1.155}}, {"type": "Feature", "geometry": {"type": "Point", "coordinates": [121.033664, 14.591736]}, "properties": {"elevation": 11.0, "slope": 2.03, "aspect": 180.0, "twi": 10.49, "ruggedness": 0.816}}, {"type": "Feature", "geometry": {"type": "Point", "coordinates": [121.034506, 14.591736]}, "properties": {"elevation": 11.0, "slope": 0.0, "aspect": -0.0, "twi": 14.06, "ruggedness": 0.667}}, {"type": "Feature", "geometry": {"type": "Point", "coordinates": [121.035348, 14.591736]}, "properties": {"elevation": 12.0, "slope": 1.62, "aspect": 308.9, "twi": 10.72, "ruggedness": 1.618}}, {"type": "Feature", "geometry": {"type": "Point", "coordinates": [121.036191, 14.591736]}, "properties": {"elevation": 11.0, "slope": 5.97, "aspect": 31.8, "twi": 9.41, "ruggedness": 2.625}}, {"type": "Feature", "geometry": {"type": "Point", "coordinates": [121.037033, 14.591736]}, "properties": {"elevation": 10.0, "slope": 3.92, "aspect": 285.0, "twi": 9.83, "ruggedness": 2.261}}, {"type": "Feature", "geometry": {"type": "Point", "coordinates": [121.037876, 14.591736]}, "properties": {"elevation": 20.0, "slope": 7.13, "aspect": 224.8, "twi": 9.23, "ruggedness": 3.489}}, {"type": "Feature", "geometry": {"type": "Point", "coordinates": [121.038718, 14.591736]}, "properties": {"elevation": 20.0, "slope": 3.3, "aspect": 202.5, "twi": 10.01, "ruggedness": 1.872}}, {"type": "Feature", "geometry": {"type": "Point", "coordinates": [121.039561, 14.591736]}, "properties": {"elevation": 22.0, "slope": 4.11, "aspect": 171.2, "twi": 9.78, "ruggedness": 1.548}}, {"type": "Feature", "geometry": {"type": "Point", "coordinates": [121.040403, 14.591736]}, "properties": {"elevation": 26.0, "slope": 2.72, "aspect": 292.0, "twi": 10.2, "ruggedness": 1.663}}, {"type": "Feature", "geometry": {"type": "Point", "coordinates": [121.041245, 14.591736]}, "properties": {"elevation": 30.0, "slope": 1.2, "aspect": 328.2, "twi": 11.02, "ruggedness": 1.37}}, {"type": "Feature", "geometry": {"type": "Point", "coordinates": [121.042088, 14.591736]}, "properties": {"elevation": 28.0, "slope": 1.2, "aspect": 211.8, "twi": 11.02, "ruggedness": 1.832}}, {"type": "Feature", "geometry": {"type": "Point", "coordinates": [121.04293, 14.591736]}, "properties": {"elevation": 30.0, "slope": 5.23, "aspect": 166.1, "twi": 9.54, "ruggedness": 2.539}}, {"type": "Feature", "geometry": {"type": "Point", "coordinates": [121.043773, 14.591736]}, "properties": {"elevation": 26.0, "slope": 3.05, "aspect": 180.0, "twi": 10.08, "ruggedness": 1.414}}, {"type": "Feature", "geometry": {"type": "Point", "coordinates": [121.044615, 14.591736]}, "properties": {"elevation": 26.0, "slope": 2.39, "aspect": 328.2, "twi": 10.33, "ruggedness": 2.897}}, {"type": "Feature", "geometry": {"type": "Point", "coordinates": [121.045458, 14.591736]}, "properties": {"elevation": 31.0, "slope": 5.66, "aspect": 26.4, "twi": 9.46, "ruggedness": 3.521}}, {"type": "Feature", "geometry": {"type": "Point", "coordinates": [121.0463, 14.591736]}, "properties": {"elevation": 22.0, "slope": 1.26, "aspect": 270.0, "twi": 10.97, "ruggedness": 2.331}}, {"type": "Feature", "geometry": {"type": "Point", "coordinates": [121.047142, 14.591736]}, "properties": {"elevation": 24.0, "slope": 3.78, "aspect": 90.0, "twi": 9.87, "ruggedness": 2.726}}, {"type": "Feature", "geometry": {"type": "Point", "coordinates": [121.047985, 14.591736]}, "properties": {"elevation": 27.0, "slope": 10.76, "aspect": 248.0, "twi": 8.81, "ruggedness": 5.915}}, {"type": "Feature", "geometry": {"type": "Point", "coordinates": [121.048827, 14.591736]}, "properties": {"elevation": 31.0, "slope": 9.85, "aspect": 107.9, "twi": 8.9, "ruggedness": 5.312}}, {"type": "Feature", "geometry": {"type": "Point", "coordinates": [121.04967, 14.591736]}, "properties": {"elevation": 27.0, "slope": 5.66, "aspect": 270.0, "twi": 9.46, "ruggedness": 3.091}}, {"type": "Feature", "geometry": {"type": "Point", "coordinates": [121.050512, 14.591736]}, "properties": {"elevation": 27.0, "slope": 7.12, "aspect": 174.9, "twi": 9.23, "ruggedness": 2.233}}, {"type": "Feature", "geometry": {"type": "Point", "coordinates": [121.051355, 14.591736]}, "properties": {"elevation": 33.0, "slope": 4.53, "aspect": 257.0, "twi": 9.69, "ruggedness": 3.071}}, {"type": "Feature", "geometry": {"type": "Point", "coordinates": [121.052197, 14.591736]}, "properties": {"elevation": 36.0, "slope": 3.05, "aspect": -0.0, "twi": 10.08, "ruggedness": 2.74}}, {"type": "Feature", "geometry": {"type": "Point", "coordinates": [121.053039, 14.591736]}, "properties": {"elevation": 45.0, "slope": 9.19, "aspect": 331.5, "twi": 8.97, "ruggedness": 4.57}}, {"type": "Feature", "geometry": {"type": "Point", "coordinates": [121.053882, 14.591736]}, "properties": {"elevation": 41.0, "slope": 3.92, "aspect": 105.0, "twi": 9.83, "ruggedness": 2.096}}, {"type": "Feature", "geometry": {"type": "Point", "coordinates": [121.054724, 14.591736]}, "properties": {"elevation": 36.0, "slope": 1.62, "aspect": 51.1, "twi": 10.72, "ruggedness": 1.197}}, {"type": "Feature", "geometry": {"type": "Point", "coordinates": [121.055567, 14.591736]}, "properties": {"elevation": 37.0, "slope": 5.66, "aspect": 206.4, "twi": 9.46, "ruggedness": 2.108}}, {"type": "Feature", "geometry": {"type": "Point", "coordinates": [121.056409, 14.591736]}, "properties": {"elevation": 40.0, "slope": 4.25, "aspect": 17.2, "twi": 9.75, "ruggedness": 1.931}}, {"type": "Feature", "geometry": {"type": "Point", "coordinates": [121.057252, 14.591736]}, "properties": {"elevation": 42.0, "slope": 1.89, "aspect": 270.0, "twi": 10.56, "ruggedness": 3.37}}, {"type": "Feature", "geometry": {"type": "Point", "coordinates": [121.058094, 14.591736]}, "properties": {"elevation": 34.0, "slope": 13.23, "aspect": 190.8, "twi": 8.6, "ruggedness": 7.809}}, {"type": "Feature", "geometry": {"type": "Point", "coordinates": [121.058936, 14.591736]}, "properties": {"elevation": 61.0, "slope": 21.59, "aspect": 199.5, "twi": 8.08, "ruggedness": 9.141}}, {"type": "Feature", "geometry": {"type": "Point", "coordinates": [121.059779, 14.591736]}, "properties": {"elevation": 53.0, "slope": 9.82, "aspect": 157.5, "twi": 8.91, "ruggedness": 4.879}}, {"type": "Feature", "geometry": {"type": "Point", "coordinates": [121.0185, 14.592245]}, "properties": {"elevation": 9.0, "slope": 0.0, "aspect": -0.0, "twi": 14.06, "ruggedness": 0.471}}, {"type": "Feature", "geometry": {"type": "Point", "coordinates": [121.019342, 14.592245]}, "properties": {"elevation": 10.0, "slope": 2.03, "aspect": -0.0, "twi": 10.49, "ruggedness": 0.831}}, {"type": "Feature", "geometry": {"type": "Point", "coordinates": [121.020185, 14.592245]}, "properties": {"elevation": 10.0, "slope": 3.05, "aspect": 180.0, "twi": 10.08, "ruggedness": 1.397}}, {"type": "Feature", "geometry": {"type": "Point", "coordinates": [121.021027, 14.592245]}, "properties": {"elevation": 8.0, "slope": 0.63, "aspect": 90.0, "twi": 11.66, "ruggedness": 1.03}}, {"type": "Feature", "geometry": {"type": "Point", "coordinates": [121.02187, 14.592245]}, "properties": {"elevation": 10.0, "slope": 2.13, "aspect": 197.2, "twi": 10.44, "ruggedness": 1.133}}, {"type": "Feature", "geometry": {"type": "Point", "coordinates": [121.022712, 14.592245]}, "properties": {"elevation": 8.0, "slope": 6.12, "aspect": 354.1, "twi": 9.39, "ruggedness": 1.853}}, {"type": "Feature", "geometry": {"type": "Point", "coordinates": [121.023555, 14.592245]}, "properties": {"elevation": 8.0, "slope": 3.78, "aspect": 90.0, "twi": 9.87, "ruggedness": 2.499}}, {"type": "Feature", "geometry": {"type": "Point", "coordinates": [121.024397, 14.592245]}, "properties": {"elevation": 5.0, "slope": 3.75, "aspect": 302.8, "twi": 9.88, "ruggedness": 2.424}}, {"type": "Feature", "geometry": {"type": "Point", "coordinates": [121.025239, 14.592245]}, "properties": {"elevation": 7.0, "slope": 4.11, "aspect": 171.2, "twi": 9.78, "ruggedness": 1.728}}, {"type": "Feature", "geometry": {"type": "Point", "coordinates": [121.026082, 14.592245]}, "properties": {"elevation": 8.0, "slope": 1.02, "aspect": 180.0, "twi": 11.18, "ruggedness": 1.343}}, {"type": "Feature", "geometry": {"type": "Point", "coordinates": [121.026924, 14.592245]}, "properties": {"elevation": 7.0, "slope": 4.06, "aspect": -0.0, "twi": 9.8, "ruggedness": 1.257}}, {"type": "Feature", "geometry": {"type": "Point", "coordinates": [121.027767, 14.592245]}, "properties": {"elevation": 7.0, "slope": 5.11, "aspect": 172.9, "twi": 9.57, "ruggedness": 1.414}}, {"type": "Feature", "geometry": {"type": "Point", "coordinates": [121.028609, 14.592245]}, "properties": {"elevation": 11.0, "slope": 7.2, "aspect": 286.3, "twi": 9.22, "ruggedness": 3.852}}, {"type": "Feature", "geometry": {"type": "Point", "coordinates": [121.029452, 14.592245]}, "properties": {"elevation": 16.0, "slope": 8.54, "aspect": 61.7, "twi": 9.05, "ruggedness": 4.475}}, {"type": "Feature", "geometry": {"type": "Point", "coordinates": [121.030294, 14.592245]}, "properties": {"elevation": 7.0, "slope": 3.3, "aspect": 202.5, "twi": 10.01, "ruggedness": 1.133}}, {"type": "Feature", "geometry": {"type": "Point", "coordinates": [121.031136, 14.592245]}, "properties": {"elevation": 9.0, "slope": 2.13, "aspect": 17.2, "twi": 10.44, "ruggedness": 0.875}}, {"type": "Feature", "geometry": {"type": "Point", "coordinates": [121.031979, 14.592245]}, "properties": {"elevation": 5.0, "slope": 4.48, "aspect": 204.9, "twi": 9.7, "ruggedness": 2.449}}, {"type": "Feature", "geometry": {"type": "Point", "coordinates": [121.032821, 14.592245]}, "properties": {"elevation": 9.0, "slope": 3.11, "aspect": 168.3, "twi": 10.06, "ruggedness": 1.343}}, {"type": "Feature", "geometry": {"type": "Point", "coordinates": [121.033664, 14.592245]}, "properties": {"elevation": 9.0, "slope": 2.78, "aspect": 222.9, "twi": 10.18, "ruggedness": 1.449}}, {"type": "Feature", "geometry": {"type": "Point", "coordinates": [121.034506, 14.592245]}, "properties": {"elevation": 12.0, "slope": 3.59, "aspect": 31.8, "twi": 9.92, "ruggedness": 1.333}}, {"type": "Feature", "geometry": {"type": "Point", "coordinates": [121.035348, 14.592245]}, "properties": {"elevation": 13.0, "slope": 5.75, "aspect": 280.2, "twi": 9.45, "ruggedness": 3.266}}, {"type": "Feature", "geometry": {"type": "Point", "coordinates": [121.036191, 14.592245]}, "properties": {"elevation": 18.0, "slope": 6.58, "aspect": 22.5, "twi": 9.31, "ruggedness": 3.304}}, {"type": "Feature", "geometry": {"type": "Point", "coordinates": [121.037033, 14.592245]}, "properties": {"elevation": 14.0, "slope": 4.11, "aspect": 8.8, "twi": 9.78, "ruggedness": 2.362}}, {"type": "Feature", "geometry": {"type": "Point", "coordinates": [121.037876, 14.592245]}, "properties": {"elevation": 13.0, "slope": 3.31, "aspect": 252.1, "twi": 10.0, "ruggedness": 2.74}}, {"type": "Feature", "geometry": {"type": "Point", "coordinates": [121.038718, 14.592245]}, "properties": {"elevation": 16.0, "slope": 0.63, "aspect": 90.0, "twi": 11.66, "ruggedness": 1.571}}, {"type": "Feature", "geometry": {"type": "Point", "coordinates": [121.039561, 14.592245]}, "properties": {"elevation": 21.0, "slope": 3.92, "aspect": 285.0, "twi": 9.83, "ruggedness": 2.439}}, {"type": "Feature", "geometry": {"type": "Point", "coordinates": [121.040403, 14.592245]}, "properties": {"elevation": 26.0, "slope": 3.31, "aspect": 287.9, "twi": 10.0, "ruggedness": 2.309}}, {"type": "Feature", "geometry": {"type": "Point", "coordinates": [121.041245, 14.592245]}, "properties": {"elevation": 31.0, "slope": 1.62, "aspect": 308.9, "twi": 10.72, "ruggedness": 1.333}}, {"type": "Feature", "geometry": {"type": "Point", "coordinates": [121.042088, 14.592245]}, "properties": {"elevation": 28.0, "slope": 3.31, "aspect": 107.9, "twi": 10.0, "ruggedness": 2.025}}, {"type": "Feature", "geometry": {"type": "Point", "coordinates": [121.04293, 14.592245]}, "properties": {"elevation": 26.0, "slope": 2.03, "aspect": 180.0, "twi": 10.49, "ruggedness": 1.165}}, {"type": "Feature", "geometry": {"type": "Point", "coordinates": [121.043773, 14.592245]}, "properties": {"elevation": 27.0, "slope": 5.14, "aspect": 322.2, "twi": 9.56, "ruggedness": 2.006}}, {"type": "Feature", "geometry": {"type": "Point", "coordinates": [121.044615, 14.592245]}, "properties": {"elevation": 28.0, "slope": 5.36, "aspect": 304.6, "twi": 9.52, "ruggedness": 3.624}}, {"type": "Feature", "geometry": {"type": "Point", "coordinates": [121.045458, 14.592245]}, "properties": {"elevation": 30.0, "slope": 8.11, "aspect": 68.0, "twi": 9.1, "ruggedness": 4.524}}, {"type": "Feature", "geometry": {"type": "Point", "coordinates": [121.0463, 14.592245]}, "properties": {"elevation": 25.0, "slope": 6.58, "aspect": 337.5, "twi": 9.31, "ruggedness": 2.166}}, {"type": "Feature", "geometry": {"type": "Point", "coordinates": [121.047142, 14.592245]}, "properties": {"elevation": 27.0, "slope": 5.36, "aspect": 124.6, "twi": 9.52, "ruggedness": 2.906}}, {"type": "Feature", "geometry": {"type": "Point", "coordinates": [121.047985, 14.592245]}, "properties": {"elevation": 29.0, "slope": 9.57, "aspect": 301.8, "twi": 8.93, "ruggedness": 5.329}}, {"type": "Feature", "geometry": {"type": "Point", "coordinates": [121.048827, 14.592245]}, "properties": {"elevation": 29.0, "slope": 7.2, "aspect": 73.7, "twi": 9.22, "ruggedness": 4.323}}, {"type": "Feature", "geometry": {"type": "Point", "coordinates": [121.04967, 14.592245]}, "properties": {"elevation": 27.0, "slope": 4.29, "aspect": 298.3, "twi": 9.74, "ruggedness": 3.414}}, {"type": "Feature", "geometry": {"type": "Point", "coordinates": [121.050512, 14.592245]}, "properties": {"elevation": 27.0, "slope": 7.12, "aspect": 5.1, "twi": 9.23, "ruggedness": 3.055}}, {"type": "Feature", "geometry": {"type": "Point", "coordinates": [121.051355, 14.592245]}, "properties": {"elevation": 31.0, "slope": 5.88, "aspect": 301.2, "twi": 9.43, "ruggedness": 3.685}}, {"type": "Feature", "geometry": {"type": "Point", "coordinates": [121.052197, 14.592245]}, "properties": {"elevation": 40.0, "slope": 5.36, "aspect": 304.6, "twi": 9.52, "ruggedness": 2.494}}, {"type": "Feature", "geometry": {"type": "Point", "coordinates": [121.053039, 14.592245]}, "properties": {"elevation": 47.0, "slope": 7.52, "aspect": 160.5, "twi": 9.18, "ruggedness": 3.055}}, {"type": "Feature", "geometry": {"type": "Point", "coordinates": [121.053882, 14.592245]}, "properties": {"elevation": 39.0, "slope": 0.63, "aspect": 90.0, "twi": 11.66, "ruggedness": 0.956}}, {"type": "Feature", "geometry": {"type": "Point", "coordinates": [121.054724, 14.592245]}, "properties": {"elevation": 38.0, "slope": 3.15, "aspect": 90.0, "twi": 10.05, "ruggedness": 1.826}}, {"type": "Feature", "geometry": {"type": "Point", "coordinates": [121.055567, 14.592245]}, "properties": {"elevation": 35.0, "slope": 1.26, "aspect": 270.0, "twi": 10.97, "ruggedness": 0.816}}, {"type": "Feature", "geometry": {"type": "Point", "coordinates": [121.056409, 14.592245]}, "properties": {"elevation": 40.0, "slope": 5.14, "aspect": 217.8, "twi": 9.56, "ruggedness": 2.16}}, {"type": "Feature", "geometry": {"type": "Point", "coordinates": [121.057252, 14.592245]}, "properties": {"elevation": 43.0, "slope": 5.97, "aspect": 148.2, "twi": 9.41, "ruggedness": 2.713}}, {"type": "Feature", "geometry": {"type": "Point", "coordinates": [121.058094, 14.592245]}, "properties": {"elevation": 31.0, "slope": 4.11, "aspect": 351.2, "twi": 9.78, "ruggedness": 2.981}}, {"type": "Feature", "geometry": {"type": "Point", "coordinates": [121.058936, 14.592245]}, "properties": {"elevation": 44.0, "slope": 8.33, "aspect": 211.8, "twi": 9.07, "ruggedness": 4.825}}, {"type": "Feature", "geometry": {"type": "Point", "coordinates": [121.059779, 14.592245]}, "properties": {"elevation": 39.0, "slope": 8.33, "aspect": 148.2, "twi": 9.07, "ruggedness": 4.4}}, {"type": "Feature", "geometry": {"type": "Point", "coordinates": [121.0185, 14.592755]}, "properties": {"elevation": 9.0, "slope": 0.0, "aspect": -0.0, "twi": 14.06, "ruggedness": 0.471}}, {"type": "Feature", "geometry": {"type": "Point", "coordinates": [121.019342, 14.592755]}, "properties": {"elevation": 12.0, "slope": 1.2, "aspect": 328.2, "twi": 11.02, "ruggedness": 1.247}}, {"type": "Feature", "geometry": {"type": "Point", "coordinates": [121.020185, 14.592755]}, "properties": {"elevation": 6.0, "slope": 3.31, "aspect": 107.9, "twi": 10.0, "ruggedness": 2.315}}, {"type": "Feature", "geometry": {"type": "Point", "coordinates": [121.021027, 14.592755]}, "properties": {"elevation": 8.0, "slope": 1.62, "aspect": 231.1, "twi": 10.72, "ruggedness": 1.343}}, {"type": "Feature", "geometry": {"type": "Point", "coordinates": [121.02187, 14.592755]}, "properties": {"elevation": 9.0, "slope": 0.63, "aspect": 270.0, "twi": 11.66, "ruggedness": 1.133}}, {"type": "Feature", "geometry": {"type": "Point", "coordinates": [121.022712, 14.592755]}, "properties": {"elevation": 10.0, "slope": 1.62, "aspect": 231.1, "twi": 10.72, "ruggedness": 0.831}}, {"type": "Feature", "geometry": {"type": "Point", "coordinates": [121.023555, 14.592755]}, "properties": {"elevation": 6.0, "slope": 3.15, "aspect": 90.0, "twi": 10.05, "ruggedness": 2.079}}, {"type": "Feature", "geometry": {"type": "Point", "coordinates": [121.024397, 14.592755]}, "properties": {"elevation": 7.0, "slope": 2.15, "aspect": 298.3, "twi": 10.44, "ruggedness": 1.133}}, {"type": "Feature", "geometry": {"type": "Point", "coordinates": [121.025239, 14.592755]}, "properties": {"elevation": 9.0, "slope": 2.39, "aspect": 31.8, "twi": 10.33, "ruggedness": 1.247}}, {"type": "Feature", "geometry": {"type": "Point", "coordinates": [121.026082, 14.592755]}, "properties": {"elevation": 6.0, "slope": 0.63, "aspect": 270.0, "twi": 11.66, "ruggedness": 0.831}}, {"type": "Feature", "geometry": {"type": "Point", "coordinates": [121.026924, 14.592755]}, "properties": {"elevation": 8.0, "slope": 1.2, "aspect": 211.8, "twi": 11.02, "ruggedness": 0.943}}, {"type": "Feature", "geometry": {"type": "Point", "coordinates": [121.027767, 14.592755]}, "properties": {"elevation": 9.0, "slope": 6.21, "aspect": 348.3, "twi": 9.37, "ruggedness": 1.944}}, {"type": "Feature", "geometry": {"type": "Point", "coordinates": [121.028609, 14.592755]}, "properties": {"elevation": 13.0, "slope": 3.59, "aspect": 211.8, "twi": 9.92, "ruggedness": 2.699}}, {"type": "Feature", "geometry": {"type": "Point", "coordinates": [121.029452, 14.592755]}, "properties": {"elevation": 14.0, "slope": 5.54, "aspect": 137.1, "twi": 9.48, "ruggedness": 3.552}}, {"type": "Feature", "geometry": {"type": "Point", "coordinates": [121.030294, 14.592755]}, "properties": {"elevation": 7.0, "slope": 1.2, "aspect": 328.2, "twi": 11.02, "ruggedness": 0.943}}, {"type": "Feature", "geometry": {"type": "Point", "coordinates": [121.031136, 14.592755]}, "properties": {"elevation": 8.0, "slope": 2.39, "aspect": 148.2, "twi": 10.33, "ruggedness": 1.155}}, {"type": "Feature", "geometry": {"type": "Point", "coordinates": [121.031979, 14.592755]}, "properties": {"elevation": 4.0, "slope": 2.39, "aspect": 328.2, "twi": 10.33, "ruggedness": 1.912}}, {"type": "Feature", "geometry": {"type": "Point", "coordinates": [121.032821, 14.592755]}, "properties": {"elevation": 8.0, "slope": 1.62, "aspect": 308.9, "twi": 10.72, "ruggedness": 1.03}}, {"type": "Feature", "geometry": {"type": "Point", "coordinates": [121.033664, 14.592755]}, "properties": {"elevation": 9.0, "slope": 5.97, "aspect": 328.2, "twi": 9.41, "ruggedness": 2.944}}, {"type": "Feature", "geometry": {"type": "Point", "coordinates": [121.034506, 14.592755]}, "properties": {"elevation": 17.0, "slope": 6.08, "aspect": -0.0, "twi": 9.39, "ruggedness": 2.986}}, {"type": "Feature", "geometry": {"type": "Point", "coordinates": [121.035348, 14.592755]}, "properties": {"elevation": 16.0, "slope": 5.97, "aspect": 328.2, "twi": 9.41, "ruggedness": 3.107}}, {"type": "Feature", "geometry": {"type": "Point", "coordinates": [121.036191, 14.592755]}, "properties": {"elevation": 24.0, "slope": 4.25, "aspect": 342.8, "twi": 9.75, "ruggedness": 2.266}}, {"type": "Feature", "geometry": {"type": "Point", "coordinates": [121.037033, 14.592755]}, "properties": {"elevation": 16.0, "slope": 6.46, "aspect": 51.1, "twi": 9.33, "ruggedness": 3.468}}, {"type": "Feature", "geometry": {"type": "Point", "coordinates": [121.037876, 14.592755]}, "properties": {"elevation": 16.0, "slope": 5.43, "aspect": 292.0, "twi": 9.51, "ruggedness": 2.867}}, {"type": "Feature", "geometry": {"type": "Point", "coordinates": [121.038718, 14.592755]}, "properties": {"elevation": 22.0, "slope": 2.78, "aspect": 42.9, "twi": 10.18, "ruggedness": 1.491}}, {"type": "Feature", "geometry": {"type": "Point", "coordinates": [121.039561, 14.592755]}, "properties": {"elevation": 22.0, "slope": 6.01, "aspect": 289.7, "twi": 9.4, "ruggedness": 3.801}}, {"type": "Feature", "geometry": {"type": "Point", "coordinates": [121.040403, 14.592755]}, "properties": {"elevation": 30.0, "slope": 3.3, "aspect": 337.5, "twi": 10.01, "ruggedness": 1.633}}, {"type": "Feature", "geometry": {"type": "Point", "coordinates": [121.041245, 14.592755]}, "properties": {"elevation": 29.0, "slope": 2.78, "aspect": 137.1, "twi": 10.18, "ruggedness": 1.286}}, {"type": "Feature", "geometry": {"type": "Point", "coordinates": [121.042088, 14.592755]}, "properties": {"elevation": 26.0, "slope": 4.29, "aspect": 118.3, "twi": 9.74, "ruggedness": 2.378}}, {"type": "Feature", "geometry": {"type": "Point", "coordinates": [121.04293, 14.592755]}, "properties": {"elevation": 23.0, "slope": 3.75, "aspect": 237.2, "twi": 9.88, "ruggedness": 1.812}}, {"type": "Feature", "geometry": {"type": "Point", "coordinates": [121.043773, 14.592755]}, "properties": {"elevation": 29.0, "slope": 3.3, "aspect": 202.5, "twi": 10.01, "ruggedness": 2.667}}, {"type": "Feature", "geometry": {"type": "Point", "coordinates": [121.044615, 14.592755]}, "properties": {"elevation": 26.0, "slope": 9.1, "aspect": 176.1, "twi": 8.98, "ruggedness": 5.028}}, {"type": "Feature", "geometry": {"type": "Point", "coordinates": [121.045458, 14.592755]}, "properties": {"elevation": 33.0, "slope": 7.88, "aspect": 219.6, "twi": 9.13, "ruggedness": 5.006}}, {"type": "Feature", "geometry": {"type": "Point", "coordinates": [121.0463, 14.592755]}, "properties": {"elevation": 30.0, "slope": 7.5, "aspect": 35.9, "twi": 9.18, "ruggedness": 3.119}}, {"type": "Feature", "geometry": {"type": "Point", "coordinates": [121.047142, 14.592755]}, "properties": {"elevation": 25.0, "slope": 8.67, "aspect": 35.3, "twi": 9.03, "ruggedness": 3.367}}, {"type": "Feature", "geometry": {"type": "Point", "coordinates": [121.047985, 14.592755]}, "properties": {"elevation": 28.0, "slope": 14.08, "aspect": 211.8, "twi": 8.54, "ruggedness": 5.014}}, {"type": "Feature", "geometry": {"type": "Point", "coordinates": [121.048827, 14.592755]}, "properties": {"elevation": 30.0, "slope": 1.2, "aspect": 148.2, "twi": 11.02, "ruggedness": 2.625}}, {"type": "Feature", "geometry": {"type": "Point", "coordinates": [121.04967, 14.592755]}, "properties": {"elevation": 33.0, "slope": 6.58, "aspect": 337.5, "twi": 9.31, "ruggedness": 2.944}}, {"type": "Feature", "geometry": {"type": "Point", "coordinates": [121.050512, 14.592755]}, "properties": {"elevation": 33.0, "slope": 1.02, "aspect": -0.0, "twi": 11.18, "ruggedness": 1.414}}, {"type": "Feature", "geometry": {"type": "Point", "coordinates": [121.051355, 14.592755]}, "properties": {"elevation": 36.0, "slope": 5.04, "aspect": 270.0, "twi": 9.58, "ruggedness": 3.559}}, {"type": "Feature", "geometry": {"type": "Point", "coordinates": [121.052197, 14.592755]}, "properties": {"elevation": 40.0, "slope": 6.58, "aspect": 157.5, "twi": 9.31, "ruggedness": 2.409}}, {"type": "Feature", "geometry": {"type": "Point", "coordinates": [121.053039, 14.592755]}, "properties": {"elevation": 41.0, "slope": 3.05, "aspect": 180.0, "twi": 10.08, "ruggedness": 1.7}}, {"type": "Feature", "geometry": {"type": "Point", "coordinates": [121.053882, 14.592755]}, "properties": {"elevation": 38.0, "slope": 1.62, "aspect": 51.1, "twi": 10.72, "ruggedness": 1.227}}, {"type": "Feature", "geometry": {"type": "Point", "coordinates": [121.054724, 14.592755]}, "properties": {"elevation": 36.0, "slope": 1.26, "aspect": 90.0, "twi": 10.97, "ruggedness": 1.165}}, {"type": "Feature", "geometry": {"type": "Point", "coordinates": [121.055567, 14.592755]}, "properties": {"elevation": 37.0, "slope": 3.11, "aspect": 348.3, "twi": 10.06, "ruggedness": 1.133}}, {"type": "Feature", "geometry": {"type": "Point", "coordinates": [121.056409, 14.592755]}, "properties": {"elevation": 36.0, "slope": 2.15, "aspect": 298.3, "twi": 10.44, "ruggedness": 1.931}}, {"type": "Feature", "geometry": {"type": "Point", "coordinates": [121.057252, 14.592755]}, "properties": {"elevation": 41.0, "slope": 8.18, "aspect": 351.2, "twi": 9.09, "ruggedness": 2.685}}, {"type": "Feature", "geometry": {"type": "Point", "coordinates": [121.058094, 14.592755]}, "properties": {"elevation": 38.0, "slope": 8.11, "aspect": 355.6, "twi": 9.1, "ruggedness": 3.035}}, {"type": "Feature", "geometry": {"type": "Point", "coordinates": [121.058936, 14.592755]}, "properties": {"elevation": 44.0, "slope": 0.0, "aspect": -0.0, "twi": 14.06, "ruggedness": 1.286}}, {"type": "Feature", "geometry": {"type": "Point", "coordinates": [121.059779, 14.592755]}, "properties": {"elevation": 43.0, "slope": 2.13, "aspect": 17.2, "twi": 10.44, "ruggedness": 1.257}}, {"type": "Feature", "geometry": {"type": "Point", "coordinates": [121.0185, 14.593264]}, "properties": {"elevation": 10.0, "slope": 3.24, "aspect": 51.1, "twi": 10.02, "ruggedness": 1.491}}, {"type": "Feature", "geometry": {"type": "Point", "coordinates": [121.019342, 14.593264]}, "properties": {"elevation": 9.0, "slope": 6.37, "aspect": 197.2, "twi": 9.35, "ruggedness": 2.043}}, {"type": "Feature", "geometry": {"type": "Point", "coordinates": [121.020185, 14.593264]}, "properties": {"elevation": 8.0, "slope": 3.31, "aspect": 72.1, "twi": 10.0, "ruggedness": 2.183}}, {"type": "Feature", "geometry": {"type": "Point", "coordinates": [121.021027, 14.593264]}, "properties": {"elevation": 7.0, "slope": 1.02, "aspect": -0.0, "twi": 11.18, "ruggedness": 1.247}}, {"type": "Feature", "geometry": {"type": "Point", "coordinates": [121.02187, 14.593264]}, "properties": {"elevation": 9.0, "slope": 2.72, "aspect": 248.0, "twi": 10.2, "ruggedness": 1.414}}, {"type": "Feature", "geometry": {"type": "Point", "coordinates": [121.022712, 14.593264]}, "properties": {"elevation": 8.0, "slope": 2.13, "aspect": 162.8, "twi": 10.44, "ruggedness": 0.994}}, {"type": "Feature", "geometry": {"type": "Point", "coordinates": [121.023555, 14.593264]}, "properties": {"elevation": 7.0, "slope": 2.78, "aspect": 42.9, "twi": 10.18, "ruggedness": 1.343}}, {"type": "Feature", "geometry": {"type": "Point", "coordinates": [121.024397, 14.593264]}, "properties": {"elevation": 7.0, "slope": 2.13, "aspect": 162.8, "twi": 10.44, "ruggedness": 1.133}}, {"type": "Feature", "geometry": {"type": "Point", "coordinates": [121.025239, 14.593264]}, "properties": {"elevation": 6.0, "slope": 5.08, "aspect": 180.0, "twi": 9.57, "ruggedness": 1.618}}, {"type": "Feature", "geometry": {"type": "Point", "coordinates": [121.026082, 14.593264]}, "properties": {"elevation": 6.0, "slope": 4.25, "aspect": 197.2, "twi": 9.75, "ruggedness": 1.499}}, {"type": "Feature", "geometry": {"type": "Point", "coordinates": [121.026924, 14.593264]}, "properties": {"elevation": 6.0, "slope": 3.3, "aspect": 202.5, "twi": 10.01, "ruggedness": 1.595}}, {"type": "Feature", "geometry": {"type": "Point", "coordinates": [121.027767, 14.593264]}, "properties": {"elevation": 11.0, "slope": 1.62, "aspect": 231.1, "twi": 10.72, "ruggedness": 1.247}}, {"type": "Feature", "geometry": {"type": "Point", "coordinates": [121.028609, 14.593264]}, "properties": {"elevation": 12.0, "slope": 1.2, "aspect": 31.8, "twi": 11.02, "ruggedness": 0.943}}, {"type": "Feature", "geometry": {"type": "Point", "coordinates": [121.029452, 14.593264]}, "properties": {"elevation": 11.0, "slope": 2.15, "aspect": 61.7, "twi": 10.44, "ruggedness": 1.826}}, {"type": "Feature", "geometry": {"type": "Point", "coordinates": [121.030294, 14.593264]}, "properties": {"elevation": 5.0, "slope": 1.02, "aspect": 180.0, "twi": 11.18, "ruggedness": 0.956}}, {"type": "Feature", "geometry": {"type": "Point", "coordinates": [121.031136, 14.593264]}, "properties": {"elevation": 7.0, "slope": 1.62, "aspect": 128.9, "twi": 10.72, "ruggedness": 0.943}}, {"type": "Feature", "geometry": {"type": "Point", "coordinates": [121.031979, 14.593264]}, "properties": {"elevation": 7.0, "slope": 5.14, "aspect": 322.2, "twi": 9.56, "ruggedness": 2.409}}, {"type": "Feature", "geometry": {"type": "Point", "coordinates": [121.032821, 14.593264]}, "properties": {"elevation": 10.0, "slope": 3.11, "aspect": 348.3, "twi": 10.06, "ruggedness": 1.066}}, {"type": "Feature", "geometry": {"type": "Point", "coordinates": [121.033664, 14.593264]}, "properties": {"elevation": 16.0, "slope": 5.88, "aspect": 301.2, "twi": 9.43, "ruggedness": 3.018}}, {"type": "Feature", "geometry": {"type": "Point", "coordinates": [121.034506, 14.593264]}, "properties": {"elevation": 21.0, "slope": 1.62, "aspect": 308.9, "twi": 10.72, "ruggedness": 1.414}}, {"type": "Feature", "geometry": {"type": "Point", "coordinates": [121.035348, 14.593264]}, "properties": {"elevation": 21.0, "slope": 2.03, "aspect": -0.0, "twi": 10.49, "ruggedness": 0.831}}, {"type": "Feature", "geometry": {"type": "Point", "coordinates": [121.036191, 14.593264]}, "properties": {"elevation": 23.0, "slope": 6.21, "aspect": 191.7, "twi": 9.37, "ruggedness": 1.988}}, {"type": "Feature", "geometry": {"type": "Point", "coordinates": [121.037033, 14.593264]}, "properties": {"elevation": 19.0, "slope": 3.92, "aspect": 105.0, "twi": 9.83, "ruggedness": 2.455}}, {"type": "Feature", "geometry": {"type": "Point", "coordinates": [121.037876, 14.593264]}, "properties": {"elevation": 20.0, "slope": 6.21, "aspect": 348.3, "twi": 9.37, "ruggedness": 2.025}}, {"type": "Feature", "geometry": {"type": "Point", "coordinates": [121.038718, 14.593264]}, "properties": {"elevation": 20.0, "slope": 2.78, "aspect": 222.9, "twi": 10.18, "ruggedness": 1.257}}, {"type": "Feature", "geometry": {"type": "Point", "coordinates": [121.039561, 14.593264]}, "properties": {"elevation": 25.0, "slope": 5.88, "aspect": 301.2, "twi": 9.43, "ruggedness": 3.326}}, {"type": "Feature", "geometry": {"type": "Point", "coordinates": [121.040403, 14.593264]}, "properties": {"elevation": 30.0, "slope": 1.26, "aspect": 90.0, "twi": 10.97, "ruggedness": 0.667}}, {"type": "Feature", "geometry": {"type": "Point", "coordinates": [121.041245, 14.593264]}, "properties": {"elevation": 28.0, "slope": 1.2, "aspect": 148.2, "twi": 11.02, "ruggedness": 0.816}}, {"type": "Feature", "geometry": {"type": "Point", "coordinates": [121.042088, 14.593264]}, "properties": {"elevation": 24.0, "slope": 3.75, "aspect": 122.8, "twi": 9.88, "ruggedness": 2.108}}, {"type": "Feature", "geometry": {"type": "Point", "coordinates": [121.04293, 14.593264]}, "properties": {"elevation": 23.0, "slope": 1.02, "aspect": -0.0, "twi": 11.18, "ruggedness": 0.956}}, {"type": "Feature", "geometry": {"type": "Point", "coordinates": [121.043773, 14.593264]}, "properties": {"elevation": 23.0, "slope": 6.12, "aspect": 185.9, "twi": 9.39, "ruggedness": 1.764}}, {"type": "Feature", "geometry": {"type": "Point", "coordinates": [121.044615, 14.593264]}, "properties": {"elevation": 20.0, "slope": 2.72, "aspect": 68.0, "twi": 10.2, "ruggedness": 1.499}}, {"type": "Feature", "geometry": {"type": "Point", "coordinates": [121.045458, 14.593264]}, "properties": {"elevation": 28.0, "slope": 10.2, "aspect": 258.6, "twi": 8.87, "ruggedness": 5.633}}, {"type": "Feature", "geometry": {"type": "Point", "coordinates": [121.0463, 14.593264]}, "properties": {"elevation": 40.0, "slope": 6.08, "aspect": -0.0, "twi": 9.39, "ruggedness": 3.3}}, {"type": "Feature", "geometry": {"type": "Point", "coordinates": [121.047142, 14.593264]}, "properties": {"elevation": 38.0, "slope": 8.91, "aspect": 24.9, "twi": 9.01, "ruggedness": 5.329}}, {"type": "Feature", "geometry": {"type": "Point", "coordinates": [121.047985, 14.593264]}, "properties": {"elevation": 19.0, "slope": 5.88, "aspect": 58.8, "twi": 9.43, "ruggedness": 3.887}}, {"type": "Feature", "geometry": {"type": "Point", "coordinates": [121.048827, 14.593264]}, "properties": {"elevation": 27.0, "slope": 10.99, "aspect": 222.9, "twi": 8.79, "ruggedness": 5.077}}, {"type": "Feature", "geometry": {"type": "Point", "coordinates": [121.04967, 14.593264]}, "properties": {"elevation": 34.0, "slope": 2.03, "aspect": 180.0, "twi": 10.49, "ruggedness": 1.449}}, {"type": "Feature", "geometry": {"type": "Point", "coordinates": [121.050512, 14.593264]}, "properties": {"elevation": 32.0, "slope": 0.63, "aspect": 90.0, "twi": 11.66, "ruggedness": 0.956}}, {"type": "Feature", "geometry": {"type": "Point", "coordinates": [121.051355, 14.593264]}, "properties": {"elevation": 34.0, "slope": 3.78, "aspect": 270.0, "twi": 9.87, "ruggedness": 2.833}}, {"type": "Feature", "geometry": {"type": "Point", "coordinates": [121.052197, 14.593264]}, "properties": {"elevation": 34.0, "slope": 3.24, "aspect": 51.1, "twi": 10.02, "ruggedness": 2.114}}, {"type": "Feature", "geometry": {"type": "Point", "coordinates": [121.053039, 14.593264]}, "properties": {"elevation": 36.0, "slope": 5.99, "aspect": 227.3, "twi": 9.41, "ruggedness": 2.667}}, {"type": "Feature", "geometry": {"type": "Point", "coordinates": [121.053882, 14.593264]}, "properties": {"elevation": 42.0, "slope": 2.15, "aspect": 61.7, "twi": 10.44, "ruggedness": 2.0}}, {"type": "Feature", "geometry": {"type": "Point", "coordinates": [121.054724, 14.593264]}, "properties": {"elevation": 37.0, "slope": 1.62, "aspect": 128.9, "twi": 10.72, "ruggedness": 0.667}}, {"type": "Feature", "geometry": {"type": "Point", "coordinates": [121.055567, 14.593264]}, "properties": {"elevation": 40.0, "slope": 5.36, "aspect": 304.6, "twi": 9.52, "ruggedness": 2.981}}, {"type": "Feature", "geometry": {"type": "Point", "coordinates": [121.056409, 14.593264]}, "properties": {"elevation": 41.0, "slope": 4.11, "aspect": 351.2, "twi": 9.78, "ruggedness": 2.16}}, {"type": "Feature", "geometry": {"type": "Point", "coordinates": [121.057252, 14.593264]}, "properties": {"elevation": 49.0, "slope": 1.89, "aspect": 270.0, "twi": 10.56, "ruggedness": 2.108}}, {"type": "Feature", "geometry": {"type": "Point", "coordinates": [121.058094, 14.593264]}, "properties": {"elevation": 44.0, "slope": 2.72, "aspect": 112.0, "twi": 10.2, "ruggedness": 1.75}}, {"type": "Feature", "geometry": {"type": "Point", "coordinates": [121.058936, 14.593264]}, "properties": {"elevation": 43.0, "slope": 0.0, "aspect": -0.0, "twi": 14.06, "ruggedness": 0.629}}, {"type": "Feature", "geometry": {"type": "Point", "coordinates": [121.059779, 14.593264]}, "properties": {"elevation": 41.0, "slope": 1.2, "aspect": 211.8, "twi": 11.02, "ruggedness": 1.066}}, {"type": "Feature", "geometry": {"type": "Point", "coordinates": [121.0185, 14.593773]}, "properties": {"elevation": 10.0, "slope": 6.98, "aspect": 115.8, "twi": 9.25, "ruggedness": 2.16}}, {"type": "Feature", "geometry": {"type": "Point", "coordinates": [121.019342, 14.593773]}, "properties": {"elevation": 5.0, "slope": 2.52, "aspect": 270.0, "twi": 10.27, "ruggedness": 1.792}}, {"type": "Feature", "geometry": {"type": "Point", "coordinates": [121.020185, 14.593773]}, "properties": {"elevation": 9.0, "slope": 3.05, "aspect": -0.0, "twi": 10.08, "ruggedness": 0.916}}, {"type": "Feature", "geometry": {"type": "Point", "coordinates": [121.021027, 14.593773]}, "properties": {"elevation": 9.0, "slope": 2.03, "aspect": -0.0, "twi": 10.49, "ruggedness": 0.816}}, {"type": "Feature", "geometry": {"type": "Point", "coordinates": [121.02187, 14.593773]}, "properties": {"elevation": 8.0, "slope": 1.2, "aspect": 31.8, "twi": 11.02, "ruggedness": 0.685}}, {"type": "Feature", "geometry": {"type": "Point", "coordinates": [121.022712, 14.593773]}, "properties": {"elevation": 6.0, "slope": 1.26, "aspect": 90.0, "twi": 10.97, "ruggedness": 1.03}}, {"type": "Feature", "geometry": {"type": "Point", "coordinates": [121.023555, 14.593773]}, "properties": {"elevation": 8.0, "slope": 0.63, "aspect": 270.0, "twi": 11.66, "ruggedness": 0.786}}, {"type": "Feature", "geometry": {"type": "Point", "coordinates": [121.024397, 14.593773]}, "properties": {"elevation": 5.0, "slope": 2.78, "aspect": 137.1, "twi": 10.18, "ruggedness": 1.333}}, {"type": "Feature", "geometry": {"type": "Point", "coordinates": [121.025239, 14.593773]}, "properties": {"elevation": 2.0, "slope": 0.63, "aspect": 90.0, "twi": 11.66, "ruggedness": 0.629}}, {"type": "Feature", "geometry": {"type": "Point", "coordinates": [121.026082, 14.593773]}, "properties": {"elevation": 1.0, "slope": 3.11, "aspect": 168.3, "twi": 10.06, "ruggedness": 1.728}}, {"type": "Feature", "geometry": {"type": "Point", "coordinates": [121.026924, 14.593773]}, "properties": {"elevation": 4.0, "slope": 3.31, "aspect": 252.1, "twi": 10.0, "ruggedness": 2.499}}, {"type": "Feature", "geometry": {"type": "Point", "coordinates": [121.027767, 14.593773]}, "properties": {"elevation": 10.0, "slope": 1.89, "aspect": 270.0, "twi": 10.56, "ruggedness": 1.414}}, {"type": "Feature", "geometry": {"type": "Point", "coordinates": [121.028609, 14.593773]}, "properties": {"elevation": 12.0, "slope": 1.62, "aspect": 128.9, "twi": 10.72, "ruggedness": 1.414}}, {"type": "Feature", "geometry": {"type": "Point", "coordinates": [121.029452, 14.593773]}, "properties": {"elevation": 11.0, "slope": 4.06, "aspect": 180.0, "twi": 9.8, "ruggedness": 1.548}}, {"type": "Feature", "geometry": {"type": "Point", "coordinates": [121.030294, 14.593773]}, "properties": {"elevation": 6.0, "slope": 2.13, "aspect": 17.2, "twi": 10.44, "ruggedness": 0.994}}, {"type": "Feature", "geometry": {"type": "Point", "coordinates": [121.031136, 14.593773]}, "properties": {"elevation": 7.0, "slope": 2.13, "aspect": 342.8, "twi": 10.44, "ruggedness": 1.03}}, {"type": "Feature", "geometry": {"type": "Point", "coordinates": [121.031979, 14.593773]}, "properties": {"elevation": 11.0, "slope": 4.29, "aspect": 298.3, "twi": 9.74, "ruggedness": 2.543}}, {"type": "Feature", "geometry": {"type": "Point", "coordinates": [121.032821, 14.593773]}, "properties": {"elevation": 14.0, "slope": 3.3, "aspect": 22.5, "twi": 10.01, "ruggedness": 1.397}}, {"type": "Feature", "geometry": {"type": "Point", "coordinates": [121.033664, 14.593773]}, "properties": {"elevation": 14.0, "slope": 5.14, "aspect": 217.8, "twi": 9.56, "ruggedness": 2.494}}, {"type": "Feature", "geometry": {"type": "Point", "coordinates": [121.034506, 14.593773]}, "properties": {"elevation": 21.0, "slope": 2.78, "aspect": 222.9, "twi": 10.18, "ruggedness": 1.969}}, {"type": "Feature", "geometry": {"type": "Point", "coordinates": [121.035348, 14.593773]}, "properties": {"elevation": 21.0, "slope": 1.2, "aspect": 211.8, "twi": 11.02, "ruggedness": 0.956}}, {"type": "Feature", "geometry": {"type": "Point", "coordinates": [121.036191, 14.593773]}, "properties": {"elevation": 17.0, "slope": 3.15, "aspect": 90.0, "twi": 10.05, "ruggedness": 1.792}}, {"type": "Feature", "geometry": {"type": "Point", "coordinates": [121.037033, 14.593773]}, "properties": {"elevation": 20.0, "slope": 5.88, "aspect": 301.2, "twi": 9.43, "ruggedness": 3.258}}, {"type": "Feature", "geometry": {"type": "Point", "coordinates": [121.037876, 14.593773]}, "properties": {"elevation": 26.0, "slope": 4.25, "aspect": 17.2, "twi": 9.75, "ruggedness": 2.587}}, {"type": "Feature", "geometry": {"type": "Point", "coordinates": [121.038718, 14.593773]}, "properties": {"elevation": 20.0, "slope": 2.39, "aspect": 328.2, "twi": 10.33, "ruggedness": 1.872}}, {"type": "Feature", "geometry": {"type": "Point", "coordinates": [121.039561, 14.593773]}, "properties": {"elevation": 27.0, "slope": 2.72, "aspect": 292.0, "twi": 10.2, "ruggedness": 1.812}}, {"type": "Feature", "geometry": {"type": "Point", "coordinates": [121.040403, 14.593773]}, "properties": {"elevation": 29.0, "slope": 2.13, "aspect": 197.2, "twi": 10.44, "ruggedness": 0.831}}, {"type": "Feature", "geometry": {"type": "Point", "coordinates": [121.041245, 14.593773]}, "properties": {"elevation": 27.0, "slope": 2.15, "aspect": 118.3, "twi": 10.44, "ruggedness": 1.247}}, {"type": "Feature", "geometry": {"type": "Point", "coordinates": [121.042088, 14.593773]}, "properties": {"elevation": 24.0, "slope": 2.15, "aspect": 61.7, "twi": 10.44, "ruggedness": 1.474}}, {"type": "Feature", "geometry": {"type": "Point", "coordinates": [121.04293, 14.593773]}, "properties": {"elevation": 25.0, "slope": 1.2, "aspect": 31.8, "twi": 11.02, "ruggedness": 1.315}}, {"type": "Feature", "geometry": {"type": "Point", "coordinates": [121.043773, 14.593773]}, "properties": {"elevation": 18.0, "slope": 2.15, "aspect": 298.3, "twi": 10.44, "ruggedness": 2.393}}, {"type": "Feature", "geometry": {"type": "Point", "coordinates": [121.044615, 14.593773]}, "properties": {"elevation": 27.0, "slope": 5.23, "aspect": 346.1, "twi": 9.54, "ruggedness": 1.728}}, {"type": "Feature", "geometry": {"type": "Point", "coordinates": [121.045458, 14.593773]}, "properties": {"elevation": 23.0, "slope": 7.33, "aspect": 165.1, "twi": 9.2, "ruggedness": 3.432}}, {"type": "Feature", "geometry": {"type": "Point", "coordinates": [121.0463, 14.593773]}, "properties": {"elevation": 38.0, "slope": 10.44, "aspect": 253.2, "twi": 8.84, "ruggedness": 6.817}}, {"type": "Feature", "geometry": {"type": "Point", "coordinates": [121.047142, 14.593773]}, "properties": {"elevation": 37.0, "slope": 3.78, "aspect": 90.0, "twi": 9.87, "ruggedness": 3.213}}, {"type": "Feature", "geometry": {"type": "Point", "coordinates": [121.047985, 14.593773]}, "properties": {"elevation": 29.0, "slope": 14.75, "aspect": 42.1, "twi": 8.49, "ruggedness": 6.663}}, {"type": "Feature", "geometry": {"type": "Point", "coordinates": [121.048827, 14.593773]}, "properties": {"elevation": 21.0, "slope": 10.99, "aspect": 317.1, "twi": 8.79, "ruggedness": 5.754}}, {"type": "Feature", "geometry": {"type": "Point", "coordinates": [121.04967, 14.593773]}, "properties": {"elevation": 33.0, "slope": 2.39, "aspect": 328.2, "twi": 10.33, "ruggedness": 1.832}}, {"type": "Feature", "geometry": {"type": "Point", "coordinates": [121.050512, 14.593773]}, "properties": {"elevation": 35.0, "slope": 5.97, "aspect": 328.2, "twi": 9.41, "ruggedness": 2.543}}, {"type": "Feature", "geometry": {"type": "Point", "coordinates": [121.051355, 14.593773]}, "properties": {"elevation": 36.0, "slope": 0.63, "aspect": 270.0, "twi": 11.66, "ruggedness": 1.633}}, {"type": "Feature", "geometry": {"type": "Point", "coordinates": [121.052197, 14.593773]}, "properties": {"elevation": 39.0, "slope": 1.62, "aspect": 308.9, "twi": 10.72, "ruggedness": 2.2}}, {"type": "Feature", "geometry": {"type": "Point", "coordinates": [121.053039, 14.593773]}, "properties": {"elevation": 37.0, "slope": 7.2, "aspect": 349.9, "twi": 9.22, "ruggedness": 2.923}}, {"type": "Feature", "geometry": {"type": "Point", "coordinates": [121.053882, 14.593773]}, "properties": {"elevation": 41.0, "slope": 3.92, "aspect": 75.0, "twi": 9.83, "ruggedness": 2.424}}, {"type": "Feature", "geometry": {"type": "Point", "coordinates": [121.054724, 14.593773]}, "properties": {"elevation": 37.0, "slope": 4.48, "aspect": 335.1, "twi": 9.7, "ruggedness": 1.792}}, {"type": "Feature", "geometry": {"type": "Point", "coordinates": [121.055567, 14.593773]}, "properties": {"elevation": 41.0, "slope": 4.85, "aspect": 294.7, "twi": 9.62, "ruggedness": 3.5}}, {"type": "Feature", "geometry": {"type": "Point", "coordinates": [121.056409, 14.593773]}, "properties": {"elevation": 43.0, "slope": 4.38, "aspect": 46.0, "twi": 9.72, "ruggedness": 2.47}}, {"type": "Feature", "geometry": {"type": "Point", "coordinates": [121.057252, 14.593773]}, "properties": {"elevation": 41.0, "slope": 8.3, "aspect": 166.9, "twi": 9.08, "ruggedness": 3.091}}, {"type": "Feature", "geometry": {"type": "Point", "coordinates": [121.058094, 14.593773]}, "properties": {"elevation": 40.0, "slope": 2.15, "aspect": 241.7, "twi": 10.44, "ruggedness": 2.211}}, {"type": "Feature", "geometry": {"type": "Point", "coordinates": [121.058936, 14.593773]}, "properties": {"elevation": 43.0, "slope": 2.72, "aspect": 292.0, "twi": 10.2, "ruggedness": 1.633}}, {"type": "Feature", "geometry": {"type": "Point", "coordinates": [121.059779, 14.593773]}, "properties": {"elevation": 43.0, "slope": 4.25, "aspect": 17.2, "twi": 9.75, "ruggedness": 1.247}}, {"type": "Feature", "geometry": {"type": "Point", "coordinates": [121.0185, 14.594282]}, "properties": {"elevation": 8.0, "slope": 1.26, "aspect": 90.0, "twi": 10.97, "ruggedness": 0.667}}, {"type": "Feature", "geometry": {"type": "Point", "coordinates": [121.019342, 14.594282]}, "properties": {"elevation": 6.0, "slope": 2.39, "aspect": 328.2, "twi": 10.33, "ruggedness": 1.165}}, {"type": "Feature", "geometry": {"type": "Point", "coordinates": [121.020185, 14.594282]}, "properties": {"elevation": 11.0, "slope": 2.15, "aspect": 241.7, "twi": 10.44, "ruggedness": 1.315}}, {"type": "Feature", "geometry": {"type": "Point", "coordinates": [121.021027, 14.594282]}, "properties": {"elevation": 10.0, "slope": 1.2, "aspect": 31.8, "twi": 11.02, "ruggedness": 0.816}}, {"type": "Feature", "geometry": {"type": "Point", "coordinates": [121.02187, 14.594282]}, "properties": {"elevation": 10.0, "slope": 1.62, "aspect": 51.1, "twi": 10.72, "ruggedness": 1.1}}, {"type": "Feature", "geometry": {"type": "Point", "coordinates": [121.022712, 14.594282]}, "properties": {"elevation": 11.0, "slope": 9.1, "aspect": 3.9, "twi": 8.98, "ruggedness": 2.897}}, {"type": "Feature", "geometry": {"type": "Point", "coordinates": [121.023555, 14.594282]}, "properties": {"elevation": 7.0, "slope": 1.02, "aspect": 180.0, "twi": 11.18, "ruggedness": 1.37}}, {"type": "Feature", "geometry": {"type": "Point", "coordinates": [121.024397, 14.594282]}, "properties": {"elevation": 4.0, "slope": 2.72, "aspect": 68.0, "twi": 10.2, "ruggedness": 1.892}}, {"type": "Feature", "geometry": {"type": "Point", "coordinates": [121.025239, 14.594282]}, "properties": {"elevation": 5.0, "slope": 3.11, "aspect": 348.3, "twi": 10.06, "ruggedness": 0.943}}, {"type": "Feature", "geometry": {"type": "Point", "coordinates": [121.026082, 14.594282]}, "properties": {"elevation": 0.0, "slope": 5.14, "aspect": 78.6, "twi": 9.56, "ruggedness": 2.726}}, {"type": "Feature", "geometry": {"type": "Point", "coordinates": [121.026924, 14.594282]}, "properties": {"elevation": 4.0, "slope": 6.37, "aspect": 279.2, "twi": 9.35, "ruggedness": 3.814}}, {"type": "Feature", "geometry": {"type": "Point", "coordinates": [121.027767, 14.594282]}, "properties": {"elevation": 10.0, "slope": 2.52, "aspect": 270.0, "twi": 10.27, "ruggedness": 2.166}}, {"type": "Feature", "geometry": {"type": "Point", "coordinates": [121.028609, 14.594282]}, "properties": {"elevation": 10.0, "slope": 1.26, "aspect": 90.0, "twi": 10.97, "ruggedness": 1.571}}, {"type": "Feature", "geometry": {"type": "Point", "coordinates": [121.029452, 14.594282]}, "properties": {"elevation": 7.0, "slope": 0.63, "aspect": 90.0, "twi": 11.66, "ruggedness": 0.875}}, {"type": "Feature", "geometry": {"type": "Point", "coordinates": [121.030294, 14.594282]}, "properties": {"elevation": 8.0, "slope": 2.39, "aspect": 328.2, "twi": 10.33, "ruggedness": 1.054}}, {"type": "Feature", "geometry": {"type": "Point", "coordinates": [121.031136, 14.594282]}, "properties": {"elevation": 10.0, "slope": 3.11, "aspect": 11.7, "twi": 10.06, "ruggedness": 0.943}}, {"type": "Feature", "geometry": {"type": "Point", "coordinates": [121.031979, 14.594282]}, "properties": {"elevation": 11.0, "slope": 2.15, "aspect": 241.7, "twi": 10.44, "ruggedness": 1.571}}, {"type": "Feature", "geometry": {"type": "Point", "coordinates": [121.032821, 14.594282]}, "properties": {"elevation": 13.0, "slope": 5.11, "aspect": 172.9, "twi": 9.57, "ruggedness": 1.75}}, {"type": "Feature", "geometry": {"type": "Point", "coordinates": [121.033664, 14.594282]}, "properties": {"elevation": 11.0, "slope": 1.62, "aspect": 231.1, "twi": 10.72, "ruggedness": 1.449}}, {"type": "Feature", "geometry": {"type": "Point", "coordinates": [121.034506, 14.594282]}, "properties": {"elevation": 14.0, "slope": 10.07, "aspect": 180.0, "twi": 8.88, "ruggedness": 3.403}}, {"type": "Feature", "geometry": {"type": "Point", "coordinates": [121.035348, 14.594282]}, "properties": {"elevation": 17.0, "slope": 7.58, "aspect": 228.2, "twi": 9.17, "ruggedness": 4.315}}, {"type": "Feature", "geometry": {"type": "Point", "coordinates": [121.036191, 14.594282]}, "properties": {"elevation": 22.0, "slope": 2.78, "aspect": 42.9, "twi": 10.18, "ruggedness": 1.548}}, {"type": "Feature", "geometry": {"type": "Point", "coordinates": [121.037033, 14.594282]}, "properties": {"elevation": 21.0, "slope": 5.14, "aspect": 258.6, "twi": 9.56, "ruggedness": 3.381}}, {"type": "Feature", "geometry": {"type": "Point", "coordinates": [121.037876, 14.594282]}, "properties": {"elevation": 27.0, "slope": 2.52, "aspect": 90.0, "twi": 10.27, "ruggedness": 1.872}}, {"type": "Feature", "geometry": {"type": "Point", "coordinates": [121.038718, 14.594282]}, "properties": {"elevation": 22.0, "slope": 3.3, "aspect": 337.5, "twi": 10.01, "ruggedness": 1.764}}, {"type": "Feature", "geometry": {"type": "Point", "coordinates": [121.039561, 14.594282]}, "properties": {"elevation": 27.0, "slope": 1.89, "aspect": 270.0, "twi": 10.56, "ruggedness": 1.247}}, {"type": "Feature", "geometry": {"type": "Point", "coordinates": [121.040403, 14.594282]}, "properties": {"elevation": 26.0, "slope": 2.39, "aspect": 148.2, "twi": 10.33, "ruggedness": 1.03}}, {"type": "Feature", "geometry": {"type": "Point", "coordinates": [121.041245, 14.594282]}, "properties": {"elevation": 27.0, "slope": 1.26, "aspect": 90.0, "twi": 10.97, "ruggedness": 1.227}}, {"type": "Feature", "geometry": {"type": "Point", "coordinates": [121.042088, 14.594282]}, "properties": {"elevation": 24.0, "slope": 1.2, "aspect": 328.2, "twi": 11.02, "ruggedness": 0.994}}, {"type": "Feature", "geometry": {"type": "Point", "coordinates": [121.04293, 14.594282]}, "properties": {"elevation": 27.0, "slope": 4.11, "aspect": 351.2, "twi": 9.78, "ruggedness": 1.685}}, {"type": "Feature", "geometry": {"type": "Point", "coordinates": [121.043773, 14.594282]}, "properties": {"elevation": 24.0, "slope": 4.25, "aspect": 342.8, "twi": 9.75, "ruggedness": 2.211}}, {"type": "Feature", "geometry": {"type": "Point", "coordinates": [121.044615, 14.594282]}, "properties": {"elevation": 24.0, "slope": 5.99, "aspect": 132.7, "twi": 9.41, "ruggedness": 2.424}}, {"type": "Feature", "geometry": {"type": "Point", "coordinates": [121.045458, 14.594282]}, "properties": {"elevation": 22.0, "slope": 10.35, "aspect": 331.1, "twi": 8.85, "ruggedness": 4.346}}, {"type": "Feature", "geometry": {"type": "Point", "coordinates": [121.0463, 14.594282]}, "properties": {"elevation": 36.0, "slope": 7.88, "aspect": 219.6, "twi": 9.13, "ruggedness": 5.185}}, {"type": "Feature", "geometry": {"type": "Point", "coordinates": [121.047142, 14.594282]}, "properties": {"elevation": 38.0, "slope": 0.63, "aspect": 270.0, "twi": 11.66, "ruggedness": 1.414}}, {"type": "Feature", "geometry": {"type": "Point", "coordinates": [121.047985, 14.594282]}, "properties": {"elevation": 34.0, "slope": 3.96, "aspect": 140.4, "twi": 9.82, "ruggedness": 3.367}}, {"type": "Feature", "geometry": {"type": "Point", "coordinates": [121.048827, 14.594282]}, "properties": {"elevation": 38.0, "slope": 10.54, "aspect": 342.8, "twi": 8.83, "ruggedness": 4.366}}, {"type": "Feature", "geometry": {"type": "Point", "coordinates": [121.04967, 14.594282]}, "properties": {"elevation": 36.0, "slope": 3.15, "aspect": 90.0, "twi": 10.05, "ruggedness": 1.886}}, {"type": "Feature", "geometry": {"type": "Point", "coordinates": [121.050512, 14.594282]}, "properties": {"elevation": 36.0, "slope": 2.72, "aspect": 248.0, "twi": 10.2, "ruggedness": 1.7}}, {"type": "Feature", "geometry": {"type": "Point", "coordinates": [121.051355, 14.594282]}, "properties": {"elevation": 36.0, "slope": 3.31, "aspect": 72.1, "twi": 10.0, "ruggedness": 1.75}}, {"type": "Feature", "geometry": {"type": "Point", "coordinates": [121.052197, 14.594282]}, "properties": {"elevation": 36.0, "slope": 7.54, "aspect": 246.3, "twi": 9.17, "ruggedness": 4.067}}, {"type": "Feature", "geometry": {"type": "Point", "coordinates": [121.053039, 14.594282]}, "properties": {"elevation": 45.0, "slope": 2.03, "aspect": -0.0, "twi": 10.49, "ruggedness": 0.831}}, {"type": "Feature", "geometry": {"type": "Point", "coordinates": [121.053882, 14.594282]}, "properties": {"elevation": 42.0, "slope": 2.15, "aspect": 118.3, "twi": 10.44, "ruggedness": 1.523}}, {"type": "Feature", "geometry": {"type": "Point", "coordinates": [121.054724, 14.594282]}, "properties": {"elevation": 43.0, "slope": 5.41, "aspect": 339.6, "twi": 9.51, "ruggedness": 2.25}}, {"type": "Feature", "geometry": {"type": "Point", "coordinates": [121.055567, 14.594282]}, "properties": {"elevation": 46.0, "slope": 5.99, "aspect": 312.7, "twi": 9.41, "ruggedness": 3.01}}, {"type": "Feature", "geometry": {"type": "Point", "coordinates": [121.056409, 14.594282]}, "properties": {"elevation": 50.0, "slope": 6.71, "aspect": 41.0, "twi": 9.29, "ruggedness": 3.236}}, {"type": "Feature", "geometry": {"type": "Point", "coordinates": [121.057252, 14.594282]}, "properties": {"elevation": 38.0, "slope": 6.29, "aspect": 90.0, "twi": 9.36, "ruggedness": 3.909}}, {"type": "Feature", "geometry": {"type": "Point", "coordinates": [121.058094, 14.594282]}, "properties": {"elevation": 41.0, "slope": 5.43, "aspect": 292.0, "twi": 9.51, "ruggedness": 3.425}}, {"type": "Feature", "geometry": {"type": "Point", "coordinates": [121.058936, 14.594282]}, "properties": {"elevation": 45.0, "slope": 2.39, "aspect": 328.2, "twi": 10.33, "ruggedness": 1.771}}, {"type": "Feature", "geometry": {"type": "Point", "coordinates": [121.059779, 14.594282]}, "properties": {"elevation": 46.0, "slope": 1.2, "aspect": 211.8, "twi": 11.02, "ruggedness": 1.066}}, {"type": "Feature", "geometry": {"type": "Point", "coordinates": [121.0185, 14.594791]}, "properties": {"elevation": 8.0, "slope": 1.62, "aspect": 308.9, "twi": 10.72, "ruggedness": 0.497}}, {"type": "Feature", "geometry": {"type": "Point", "coordinates": [121.019342, 14.594791]}, "properties": {"elevation": 10.0, "slope": 5.08, "aspect": -0.0, "twi": 9.57, "ruggedness": 1.571}}, {"type": "Feature", "geometry": {"type": "Point", "coordinates": [121.020185, 14.594791]}, "properties": {"elevation": 9.0, "slope": 1.26, "aspect": 270.0, "twi": 10.97, "ruggedness": 1.197}}, {"type": "Feature", "geometry": {"type": "Point", "coordinates": [121.021027, 14.594791]}, "properties": {"elevation": 10.0, "slope": 1.2, "aspect": 148.2, "twi": 11.02, "ruggedness": 0.831}}, {"type": "Feature", "geometry": {"type": "Point", "coordinates": [121.02187, 14.594791]}, "properties": {"elevation": 9.0, "slope": 2.52, "aspect": 270.0, "twi": 10.27, "ruggedness": 2.055}}, {"type": "Feature", "geometry": {"type": "Point", "coordinates": [121.022712, 14.594791]}, "properties": {"elevation": 18.0, "slope": 1.2, "aspect": 31.8, "twi": 11.02, "ruggedness": 2.299}}, {"type": "Feature", "geometry": {"type": "Point", "coordinates": [121.023555, 14.594791]}, "properties": {"elevation": 8.0, "slope": 2.15, "aspect": 61.7, "twi": 10.44, "ruggedness": 1.95}}, {"type": "Feature", "geometry": {"type": "Point", "coordinates": [121.024397, 14.594791]}, "properties": {"elevation": 6.0, "slope": 3.31, "aspect": 107.9, "twi": 10.0, "ruggedness": 2.055}}, {"type": "Feature", "geometry": {"type": "Point", "coordinates": [121.025239, 14.594791]}, "properties": {"elevation": 6.0, "slope": 1.02, "aspect": -0.0, "twi": 11.18, "ruggedness": 0.831}}, {"type": "Feature", "geometry": {"type": "Point", "coordinates": [121.026082, 14.594791]}, "properties": {"elevation": 2.0, "slope": 3.92, "aspect": 75.0, "twi": 9.83, "ruggedness": 2.439}}, {"type": "Feature", "geometry": {"type": "Point", "coordinates": [121.026924, 14.594791]}, "properties": {"elevation": 6.0, "slope": 6.96, "aspect": 305.6, "twi": 9.26, "ruggedness": 3.682}}, {"type": "Feature", "geometry": {"type": "Point", "coordinates": [121.027767, 14.594791]}, "properties": {"elevation": 8.0, "slope": 4.85, "aspect": 231.1, "twi": 9.62, "ruggedness": 2.789}}, {"type": "Feature", "geometry": {"type": "Point", "coordinates": [121.028609, 14.594791]}, "properties": {"elevation": 11.0, "slope": 4.85, "aspect": 128.9, "twi": 9.62, "ruggedness": 3.755}}, {"type": "Feature", "geometry": {"type": "Point", "coordinates": [121.029452, 14.594791]}, "properties": {"elevation": 6.0, "slope": 6.21, "aspect": 168.3, "twi": 9.37, "ruggedness": 2.78}}, {"type": "Feature", "geometry": {"type": "Point", "coordinates": [121.030294, 14.594791]}, "properties": {"elevation": 9.0, "slope": 2.15, "aspect": 241.7, "twi": 10.44, "ruggedness": 1.764}}, {"type": "Feature", "geometry": {"type": "Point", "coordinates": [121.031136, 14.594791]}, "properties": {"elevation": 9.0, "slope": 3.11, "aspect": 168.3, "twi": 10.06, "ruggedness": 1.247}}, {"type": "Feature", "geometry": {"type": "Point", "coordinates": [121.031979, 14.594791]}, "properties": {"elevation": 9.0, "slope": 2.03, "aspect": 180.0, "twi": 10.49, "ruggedness": 1.247}}, {"type": "Feature", "geometry": {"type": "Point", "coordinates": [121.032821, 14.594791]}, "properties": {"elevation": 6.0, "slope": 6.12, "aspect": 185.9, "twi": 9.39, "ruggedness": 2.108}}, {"type": "Feature", "geometry": {"type": "Point", "coordinates": [121.033664, 14.594791]}, "properties": {"elevation": 11.0, "slope": 2.52, "aspect": 270.0, "twi": 10.27, "ruggedness": 2.283}}, {"type": "Feature", "geometry": {"type": "Point", "coordinates": [121.034506, 14.594791]}, "properties": {"elevation": 9.0, "slope": 3.96, "aspect": 39.6, "twi": 9.82, "ruggedness": 2.183}}, {"type": "Feature", "geometry": {"type": "Point", "coordinates": [121.035348, 14.594791]}, "properties": {"elevation": 15.0, "slope": 6.29, "aspect": 270.0, "twi": 9.36, "ruggedness": 4.076}}, {"type": "Feature", "geometry": {"type": "Point", "coordinates": [121.036191, 14.594791]}, "properties": {"elevation": 19.0, "slope": 3.11, "aspect": 191.7, "twi": 10.06, "ruggedness": 1.155}}, {"type": "Feature", "geometry": {"type": "Point", "coordinates": [121.037033, 14.594791]}, "properties": {"elevation": 21.0, "slope": 2.78, "aspect": 317.1, "twi": 10.18, "ruggedness": 1.571}}, {"type": "Feature", "geometry": {"type": "Point", "coordinates": [121.037876, 14.594791]}, "properties": {"elevation": 28.0, "slope": 4.85, "aspect": 294.7, "twi": 9.62, "ruggedness": 3.055}}, {"type": "Feature", "geometry": {"type": "Point", "coordinates": [121.038718, 14.594791]}, "properties": {"elevation": 26.0, "slope": 5.36, "aspect": 55.4, "twi": 9.52, "ruggedness": 2.973}}, {"type": "Feature", "geometry": {"type": "Point", "coordinates": [121.039561, 14.594791]}, "properties": {"elevation": 26.0, "slope": 2.78, "aspect": 222.9, "twi": 10.18, "ruggedness": 1.449}}, {"type": "Feature", "geometry": {"type": "Point", "coordinates": [121.040403, 14.594791]}, "properties": {"elevation": 25.0, "slope": 1.62, "aspect": 128.9, "twi": 10.72, "ruggedness": 0.916}}, {"type": "Feature", "geometry": {"type": "Point", "coordinates": [121.041245, 14.594791]}, "properties": {"elevation": 27.0, "slope": 2.72, "aspect": 248.0, "twi": 10.2, "ruggedness": 1.474}}, {"type": "Feature", "geometry": {"type": "Point", "coordinates": [121.042088, 14.594791]}, "properties": {"elevation": 26.0, "slope": 2.39, "aspect": 31.8, "twi": 10.33, "ruggedness": 0.943}}, {"type": "Feature", "geometry": {"type": "Point", "coordinates": [121.04293, 14.594791]}, "properties": {"elevation": 27.0, "slope": 3.05, "aspect": 180.0, "twi": 10.08, "ruggedness": 1.066}}, {"type": "Feature", "geometry": {"type": "Point", "coordinates": [121.043773, 14.594791]}, "properties": {"elevation": 25.0, "slope": 1.26, "aspect": 270.0, "twi": 10.97, "ruggedness": 1.227}}, {"type": "Feature", "geometry": {"type": "Point", "coordinates": [121.044615, 14.594791]}, "properties": {"elevation": 26.0, "slope": 7.09, "aspect": -0.0, "twi": 9.24, "ruggedness": 2.789}}, {"type": "Feature", "geometry": {"type": "Point", "coordinates": [121.045458, 14.594791]}, "properties": {"elevation": 34.0, "slope": 6.21, "aspect": 11.7, "twi": 9.37, "ruggedness": 3.881}}, {"type": "Feature", "geometry": {"type": "Point", "coordinates": [121.0463, 14.594791]}, "properties": {"elevation": 29.0, "slope": 8.46, "aspect": 197.2, "twi": 9.06, "ruggedness": 3.166}}, {"type": "Feature", "geometry": {"type": "Point", "coordinates": [121.047142, 14.594791]}, "properties": {"elevation": 39.0, "slope": 4.38, "aspect": 314.0, "twi": 9.72, "ruggedness": 3.814}}, {"type": "Feature", "geometry": {"type": "Point", "coordinates": [121.047985, 14.594791]}, "properties": {"elevation": 28.0, "slope": 5.14, "aspect": 101.4, "twi": 9.56, "ruggedness": 4.104}}, {"type": "Feature", "geometry": {"type": "Point", "coordinates": [121.048827, 14.594791]}, "properties": {"elevation": 40.0, "slope": 7.6, "aspect": 262.3, "twi": 9.17, "ruggedness": 5.077}}, {"type": "Feature", "geometry": {"type": "Point", "coordinates": [121.04967, 14.594791]}, "properties": {"elevation": 34.0, "slope": 3.78, "aspect": 90.0, "twi": 9.87, "ruggedness": 2.211}}, {"type": "Feature", "geometry": {"type": "Point", "coordinates": [121.050512, 14.594791]}, "properties": {"elevation": 37.0, "slope": 1.26, "aspect": 270.0, "twi": 10.97, "ruggedness": 1.197}}, {"type": "Feature", "geometry": {"type": "Point", "coordinates": [121.051355, 14.594791]}, "properties": {"elevation": 35.0, "slope": 1.2, "aspect": 211.8, "twi": 11.02, "ruggedness": 1.066}}, {"type": "Feature", "geometry": {"type": "Point", "coordinates": [121.052197, 14.594791]}, "properties": {"elevation": 36.0, "slope": 4.29, "aspect": 298.3, "twi": 9.74, "ruggedness": 2.897}}, {"type": "Feature", "geometry": {"type": "Point", "coordinates": [121.053039, 14.594791]}, "properties": {"elevation": 41.0, "slope": 6.08, "aspect": 180.0, "twi": 9.39, "ruggedness": 1.95}}, {"type": "Feature", "geometry": {"type": "Point", "coordinates": [121.053882, 14.594791]}, "properties": {"elevation": 41.0, "slope": 2.15, "aspect": 61.7, "twi": 10.44, "ruggedness": 1.315}}, {"type": "Feature", "geometry": {"type": "Point", "coordinates": [121.054724, 14.594791]}, "properties": {"elevation": 45.0, "slope": 4.29, "aspect": 241.7, "twi": 9.74, "ruggedness": 2.439}}, {"type": "Feature", "geometry": {"type": "Point", "coordinates": [121.055567, 14.594791]}, "properties": {"elevation": 44.0, "slope": 4.06, "aspect": 180.0, "twi": 9.8, "ruggedness": 2.16}}, {"type": "Feature", "geometry": {"type": "Point", "coordinates": [121.056409, 14.594791]}, "properties": {"elevation": 47.0, "slope": 7.09, "aspect": 180.0, "twi": 9.24, "ruggedness": 2.867}}, {"type": "Feature", "geometry": {"type": "Point", "coordinates": [121.057252, 14.594791]}, "properties": {"elevation": 38.0, "slope": 5.14, "aspect": 101.4, "twi": 9.56, "ruggedness": 3.712}}, {"type": "Feature", "geometry": {"type": "Point", "coordinates": [121.058094, 14.594791]}, "properties": {"elevation": 43.0, "slope": 4.41, "aspect": 270.0, "twi": 9.71, "ruggedness": 3.055}}, {"type": "Feature", "geometry": {"type": "Point", "coordinates": [121.058936, 14.594791]}, "properties": {"elevation": 45.0, "slope": 3.59, "aspect": 148.2, "twi": 9.92, "ruggedness": 1.663}}, {"type": "Feature", "geometry": {"type": "Point", "coordinates": [121.059779, 14.594791]}, "properties": {"elevation": 43.0, "slope": 2.72, "aspect": 248.0, "twi": 10.2, "ruggedness": 1.315}}, {"type": "Feature", "geometry": {"type": "Point", "coordinates": [121.0185, 14.5953]}, "properties": {"elevation": 9.0, "slope": 0.0, "aspect": -0.0, "twi": 14.06, "ruggedness": 0.314}}, {"type": "Feature", "geometry": {"type": "Point", "coordinates": [121.019342, 14.5953]}, "properties": {"elevation": 12.0, "slope": 4.85, "aspect": 231.1, "twi": 9.62, "ruggedness": 2.217}}, {"type": "Feature", "geometry": {"type": "Point", "coordinates": [121.020185, 14.5953]}, "properties": {"elevation": 11.0, "slope": 3.96, "aspect": 39.6, "twi": 9.82, "ruggedness": 1.764}}, {"type": "Feature", "geometry": {"type": "Point", "coordinates": [121.021027, 14.5953]}, "properties": {"elevation": 10.0, "slope": 1.89, "aspect": 90.0, "twi": 10.56, "ruggedness": 0.994}}, {"type": "Feature", "geometry": {"type": "Point", "coordinates": [121.02187, 14.5953]}, "properties": {"elevation": 10.0, "slope": 3.92, "aspect": 255.0, "twi": 9.83, "ruggedness": 2.309}}, {"type": "Feature", "geometry": {"type": "Point", "coordinates": [121.022712, 14.5953]}, "properties": {"elevation": 15.0, "slope": 6.37, "aspect": 162.8, "twi": 9.35, "ruggedness": 2.211}}, {"type": "Feature", "geometry": {"type": "Point", "coordinates": [121.023555, 14.5953]}, "properties": {"elevation": 8.0, "slope": 2.52, "aspect": 90.0, "twi": 10.27, "ruggedness": 2.006}}, {"type": "Feature", "geometry": {"type": "Point", "coordinates": [121.024397, 14.5953]}, "properties": {"elevation": 3.0, "slope": 1.62, "aspect": 128.9, "twi": 10.72, "ruggedness": 1.633}}, {"type": "Feature", "geometry": {"type": "Point", "coordinates": [121.025239, 14.5953]}, "properties": {"elevation": 9.0, "slope": 1.02, "aspect": -0.0, "twi": 11.18, "ruggedness": 1.523}}, {"type": "Feature", "geometry": {"type": "Point", "coordinates": [121.026082, 14.5953]}, "properties": {"elevation": -1.0, "slope": 2.78, "aspect": 137.1, "twi": 10.18, "ruggedness": 2.362}}, {"type": "Feature", "geometry": {"type": "Point", "coordinates": [121.026924, 14.5953]}, "properties": {"elevation": 7.0, "slope": 5.97, "aspect": 211.8, "twi": 9.41, "ruggedness": 2.749}}, {"type": "Feature", "geometry": {"type": "Point", "coordinates": [121.027767, 14.5953]}, "properties": {"elevation": 5.0, "slope": 1.62, "aspect": 231.1, "twi": 10.72, "ruggedness": 1.95}}, {"type": "Feature", "geometry": {"type": "Point", "coordinates": [121.028609, 14.5953]}, "properties": {"elevation": 5.0, "slope": 6.98, "aspect": 98.3, "twi": 9.25, "ruggedness": 4.049}}, {"type": "Feature", "geometry": {"type": "Point", "coordinates": [121.029452, 14.5953]}, "properties": {"elevation": 3.0, "slope": 8.33, "aspect": 328.2, "twi": 9.07, "ruggedness": 2.948}}, {"type": "Feature", "geometry": {"type": "Point", "coordinates": [121.030294, 14.5953]}, "properties": {"elevation": 7.0, "slope": 1.2, "aspect": 211.8, "twi": 11.02, "ruggedness": 1.155}}, {"type": "Feature", "geometry": {"type": "Point", "coordinates": [121.031136, 14.5953]}, "properties": {"elevation": 9.0, "slope": 3.96, "aspect": 320.4, "twi": 9.82, "ruggedness": 2.16}}, {"type": "Feature", "geometry": {"type": "Point", "coordinates": [121.031979, 14.5953]}, "properties": {"elevation": 6.0, "slope": 1.89, "aspect": 90.0, "twi": 10.56, "ruggedness": 2.079}}, {"type": "Feature", "geometry": {"type": "Point", "coordinates": [121.032821, 14.5953]}, "properties": {"elevation": 6.0, "slope": 7.2, "aspect": 10.1, "twi": 9.22, "ruggedness": 2.025}}, {"type": "Feature", "geometry": {"type": "Point", "coordinates": [121.033664, 14.5953]}, "properties": {"elevation": 11.0, "slope": 7.47, "aspect": 302.8, "twi": 9.18, "ruggedness": 3.675}}, {"type": "Feature", "geometry": {"type": "Point", "coordinates": [121.034506, 14.5953]}, "properties": {"elevation": 15.0, "slope": 5.11, "aspect": 352.9, "twi": 9.57, "ruggedness": 1.764}}, {"type": "Feature", "geometry": {"type": "Point", "coordinates": [121.035348, 14.5953]}, "properties": {"elevation": 15.0, "slope": 2.15, "aspect": 298.3, "twi": 10.44, "ruggedness": 2.299}}, {"type": "Feature", "geometry": {"type": "Point", "coordinates": [121.036191, 14.5953]}, "properties": {"elevation": 21.0, "slope": 4.48, "aspect": 335.1, "twi": 9.7, "ruggedness": 1.491}}, {"type": "Feature", "geometry": {"type": "Point", "coordinates": [121.037033, 14.5953]}, "properties": {"elevation": 23.0, "slope": 1.62, "aspect": 308.9, "twi": 10.72, "ruggedness": 1.257}}, {"type": "Feature", "geometry": {"type": "Point", "coordinates": [121.037876, 14.5953]}, "properties": {"elevation": 27.0, "slope": 5.54, "aspect": 222.9, "twi": 9.48, "ruggedness": 2.998}}, {"type": "Feature", "geometry": {"type": "Point", "coordinates": [121.038718, 14.5953]}, "properties": {"elevation": 27.0, "slope": 3.92, "aspect": 105.0, "twi": 9.83, "ruggedness": 2.685}}, {"type": "Feature", "geometry": {"type": "Point", "coordinates": [121.039561, 14.5953]}, "properties": {"elevation": 26.0, "slope": 2.39, "aspect": 328.2, "twi": 10.33, "ruggedness": 1.247}}, {"type": "Feature", "geometry": {"type": "Point", "coordinates": [121.040403, 14.5953]}, "properties": {"elevation": 25.0, "slope": 2.15, "aspect": 61.7, "twi": 10.44, "ruggedness": 1.155}}, {"type": "Feature", "geometry": {"type": "Point", "coordinates": [121.041245, 14.5953]}, "properties": {"elevation": 24.0, "slope": 3.59, "aspect": 211.8, "twi": 9.92, "ruggedness": 1.548}}, {"type": "Feature", "geometry": {"type": "Point", "coordinates": [121.042088, 14.5953]}, "properties": {"elevation": 27.0, "slope": 0.0, "aspect": -0.0, "twi": 14.06, "ruggedness": 0.816}}, {"type": "Feature", "geometry": {"type": "Point", "coordinates": [121.04293, 14.5953]}, "properties": {"elevation": 26.0, "slope": 1.02, "aspect": 180.0, "twi": 11.18, "ruggedness": 0.667}}, {"type": "Feature", "geometry": {"type": "Point", "coordinates": [121.043773, 14.5953]}, "properties": {"elevation": 27.0, "slope": 3.11, "aspect": 348.3, "twi": 10.06, "ruggedness": 0.943}}, {"type": "Feature", "geometry": {"type": "Point", "coordinates": [121.044615, 14.5953]}, "properties": {"elevation": 27.0, "slope": 4.48, "aspect": 204.9, "twi": 9.7, "ruggedness": 1.792}}, {"type": "Feature", "geometry": {"type": "Point", "coordinates": [121.045458, 14.5953]}, "properties": {"elevation": 32.0, "slope": 7.13, "aspect": 135.2, "twi": 9.23, "ruggedness": 4.524}}, {"type": "Feature", "geometry": {"type": "Point", "coordinates": [121.0463, 14.5953]}, "properties": {"elevation": 8.0, "slope": 6.71, "aspect": 221.0, "twi": 9.29, "ruggedness": 7.68}}, {"type": "Feature", "geometry": {"type": "Point", "coordinates": [121.047142, 14.5953]}, "properties": {"elevation": 47.0, "slope": 13.69, "aspect": 300.7, "twi": 8.56, "ruggedness": 6.896}}, {"type": "Feature", "geometry": {"type": "Point", "coordinates": [121.047985, 14.5953]}, "properties": {"elevation": 37.0, "slope": 12.95, "aspect": 46.0, "twi": 8.62, "ruggedness": 5.89}}, {"type": "Feature", "geometry": {"type": "Point", "coordinates": [121.048827, 14.5953]}, "properties": {"elevation": 37.0, "slope": 4.38, "aspect": 314.0, "twi": 9.72, "ruggedness": 4.349}}, {"type": "Feature", "geometry": {"type": "Point", "coordinates": [121.04967, 14.5953]}, "properties": {"elevation": 39.0, "slope": 9.1, "aspect": 3.9, "twi": 8.98, "ruggedness": 3.281}}, {"type": "Feature", "geometry": {"type": "Point", "coordinates": [121.050512, 14.5953]}, "properties": {"elevation": 37.0, "slope": 6.12, "aspect": 354.1, "twi": 9.39, "ruggedness": 2.961}}, {"type": "Feature", "geometry": {"type": "Point", "coordinates": [121.051355, 14.5953]}, "properties": {"elevation": 39.0, "slope": 10.09, "aspect": 356.5, "twi": 8.88, "ruggedness": 3.119}}, {"type": "Feature", "geometry": {"type": "Point", "coordinates": [121.052197, 14.5953]}, "properties": {"elevation": 37.0, "slope": 2.52, "aspect": 90.0, "twi": 10.27, "ruggedness": 2.409}}, {"type": "Feature", "geometry": {"type": "Point", "coordinates": [121.053039, 14.5953]}, "properties": {"elevation": 34.0, "slope": 4.78, "aspect": 211.8, "twi": 9.63, "ruggedness": 2.961}}, {"type": "Feature", "geometry": {"type": "Point", "coordinates": [121.053882, 14.5953]}, "properties": {"elevation": 45.0, "slope": 4.78, "aspect": 328.2, "twi": 9.63, "ruggedness": 2.455}}, {"type": "Feature", "geometry": {"type": "Point", "coordinates": [121.054724, 14.5953]}, "properties": {"elevation": 44.0, "slope": 3.96, "aspect": 320.4, "twi": 9.82, "ruggedness": 2.309}}, {"type": "Feature", "geometry": {"type": "Point", "coordinates": [121.055567, 14.5953]}, "properties": {"elevation": 46.0, "slope": 5.54, "aspect": 42.9, "twi": 9.48, "ruggedness": 2.449}}, {"type": "Feature", "geometry": {"type": "Point", "coordinates": [121.056409, 14.5953]}, "properties": {"elevation": 42.0, "slope": 3.05, "aspect": 180.0, "twi": 10.08, "ruggedness": 1.764}}, {"type": "Feature", "geometry": {"type": "Point", "coordinates": [121.057252, 14.5953]}, "properties": {"elevation": 38.0, "slope": 1.62, "aspect": 128.9, "twi": 10.72, "ruggedness": 1.988}}, {"type": "Feature", "geometry": {"type": "Point", "coordinates": [121.058094, 14.5953]}, "properties": {"elevation": 39.0, "slope": 4.25, "aspect": 197.2, "twi": 9.75, "ruggedness": 1.333}}, {"type": "Feature", "geometry": {"type": "Point", "coordinates": [121.058936, 14.5953]}, "properties": {"elevation": 45.0, "slope": 3.24, "aspect": 308.9, "twi": 10.02, "ruggedness": 2.079}}, {"type": "Feature", "geometry": {"type": "Point", "coordinates": [121.059779, 14.5953]}, "properties": {"elevation": 44.0, "slope": 4.11, "aspect": 8.8, "twi": 9.78, "ruggedness": 1.423}}, {"type": "Feature", "geometry": {"type": "Point", "coordinates": [121.0185, 14.595809]}, "properties": {"elevation": 10.0, "slope": 1.02, "aspect": -0.0, "twi": 11.18, "ruggedness": 0.567}}, {"type": "Feature", "geometry": {"type": "Point", "coordinates": [121.019342, 14.595809]}, "properties": {"elevation": 10.0, "slope": 1.62, "aspect": 308.9, "twi": 10.72, "ruggedness": 1.523}}, {"type": "Feature", "geometry": {"type": "Point", "coordinates": [121.020185, 14.595809]}, "properties": {"elevation": 12.0, "slope": 3.11, "aspect": 168.3, "twi": 10.06, "ruggedness": 1.397}}, {"type": "Feature", "geometry": {"type": "Point", "coordinates": [121.021027, 14.595809]}, "properties": {"elevation": 12.0, "slope": 2.13, "aspect": 17.2, "twi": 10.44, "ruggedness": 1.066}}, {"type": "Feature", "geometry": {"type": "Point", "coordinates": [121.02187, 14.595809]}, "properties": {"elevation": 9.0, "slope": 0.0, "aspect": -0.0, "twi": 14.06, "ruggedness": 0.956}}, {"type": "Feature", "geometry": {"type": "Point", "coordinates": [121.022712, 14.595809]}, "properties": {"elevation": 7.0, "slope": 5.23, "aspect": 166.1, "twi": 9.54, "ruggedness": 2.043}}, {"type": "Feature", "geometry": {"type": "Point", "coordinates": [121.023555, 14.595809]}, "properties": {"elevation": 7.0, "slope": 2.39, "aspect": 148.2, "twi": 10.33, "ruggedness": 1.414}}, {"type": "Feature", "geometry": {"type": "Point", "coordinates": [121.024397, 14.595809]}, "properties": {"elevation": 6.0, "slope": 6.12, "aspect": 5.9, "twi": 9.39, "ruggedness": 1.685}}, {"type": "Feature", "geometry": {"type": "Point", "coordinates": [121.025239, 14.595809]}, "properties": {"elevation": 6.0, "slope": 2.13, "aspect": 197.2, "twi": 10.44, "ruggedness": 1.054}}, {"type": "Feature", "geometry": {"type": "Point", "coordinates": [121.026082, 14.595809]}, "properties": {"elevation": 4.0, "slope": 6.58, "aspect": 22.5, "twi": 9.31, "ruggedness": 2.494}}, {"type": "Feature", "geometry": {"type": "Point", "coordinates": [121.026924, 14.595809]}, "properties": {"elevation": 1.0, "slope": 2.15, "aspect": 241.7, "twi": 10.44, "ruggedness": 2.061}}, {"type": "Feature", "geometry": {"type": "Point", "coordinates": [121.027767, 14.595809]}, "properties": {"elevation": 5.0, "slope": 3.31, "aspect": 287.9, "twi": 10.0, "ruggedness": 1.912}}, {"type": "Feature", "geometry": {"type": "Point", "coordinates": [121.028609, 14.595809]}, "properties": {"elevation": 8.0, "slope": 1.26, "aspect": 90.0, "twi": 10.97, "ruggedness": 1.7}}, {"type": "Feature", "geometry": {"type": "Point", "coordinates": [121.029452, 14.595809]}, "properties": {"elevation": 12.0, "slope": 3.05, "aspect": -0.0, "twi": 10.08, "ruggedness": 2.587}}, {"type": "Feature", "geometry": {"type": "Point", "coordinates": [121.030294, 14.595809]}, "properties": {"elevation": 8.0, "slope": 3.05, "aspect": -0.0, "twi": 10.08, "ruggedness": 1.474}}, {"type": "Feature", "geometry": {"type": "Point", "coordinates": [121.031136, 14.595809]}, "properties": {"elevation": 11.0, "slope": 3.92, "aspect": 255.0, "twi": 9.83, "ruggedness": 2.261}}, {"type": "Feature", "geometry": {"type": "Point", "coordinates": [121.031979, 14.595809]}, "properties": {"elevation": 13.0, "slope": 9.1, "aspect": 3.9, "twi": 8.98, "ruggedness": 3.035}}, {"type": "Feature", "geometry": {"type": "Point", "coordinates": [121.032821, 14.595809]}, "properties": {"elevation": 13.0, "slope": 4.25, "aspect": 342.8, "twi": 9.75, "ruggedness": 3.224}}, {"type": "Feature", "geometry": {"type": "Point", "coordinates": [121.033664, 14.595809]}, "properties": {"elevation": 18.0, "slope": 5.08, "aspect": -0.0, "twi": 9.57, "ruggedness": 2.906}}, {"type": "Feature", "geometry": {"type": "Point", "coordinates": [121.034506, 14.595809]}, "properties": {"elevation": 16.0, "slope": 1.89, "aspect": 270.0, "twi": 10.56, "ruggedness": 1.523}}, {"type": "Feature", "geometry": {"type": "Point", "coordinates": [121.035348, 14.595809]}, "properties": {"elevation": 19.0, "slope": 6.84, "aspect": 332.7, "twi": 9.27, "ruggedness": 2.47}}, {"type": "Feature", "geometry": {"type": "Point", "coordinates": [121.036191, 14.595809]}, "properties": {"elevation": 22.0, "slope": 1.89, "aspect": 90.0, "twi": 10.56, "ruggedness": 1.133}}, {"type": "Feature", "geometry": {"type": "Point", "coordinates": [121.037033, 14.595809]}, "properties": {"elevation": 21.0, "slope": 2.72, "aspect": 248.0, "twi": 10.2, "ruggedness": 1.95}}, {"type": "Feature", "geometry": {"type": "Point", "coordinates": [121.037876, 14.595809]}, "properties": {"elevation": 25.0, "slope": 3.96, "aspect": 320.4, "twi": 9.82, "ruggedness": 1.892}}, {"type": "Feature", "geometry": {"type": "Point", "coordinates": [121.038718, 14.595809]}, "properties": {"elevation": 27.0, "slope": 4.25, "aspect": 17.2, "twi": 9.75, "ruggedness": 1.7}}, {"type": "Feature", "geometry": {"type": "Point", "coordinates": [121.039561, 14.595809]}, "properties": {"elevation": 27.0, "slope": 2.13, "aspect": 197.2, "twi": 10.44, "ruggedness": 0.875}}, {"type": "Feature", "geometry": {"type": "Point", "coordinates": [121.040403, 14.595809]}, "properties": {"elevation": 25.0, "slope": 3.59, "aspect": 148.2, "twi": 9.92, "ruggedness": 1.333}}, {"type": "Feature", "geometry": {"type": "Point", "coordinates": [121.041245, 14.595809]}, "properties": {"elevation": 26.0, "slope": 5.14, "aspect": 322.2, "twi": 9.56, "ruggedness": 2.514}}, {"type": "Feature", "geometry": {"type": "Point", "coordinates": [121.042088, 14.595809]}, "properties": {"elevation": 30.0, "slope": 4.06, "aspect": -0.0, "twi": 9.8, "ruggedness": 1.886}}, {"type": "Feature", "geometry": {"type": "Point", "coordinates": [121.04293, 14.595809]}, "properties": {"elevation": 25.0, "slope": 2.72, "aspect": 68.0, "twi": 10.2, "ruggedness": 1.563}}, {"type": "Feature", "geometry": {"type": "Point", "coordinates": [121.043773, 14.595809]}, "properties": {"elevation": 27.0, "slope": 4.25, "aspect": 197.2, "twi": 9.75, "ruggedness": 1.491}}, {"type": "Feature", "geometry": {"type": "Point", "coordinates": [121.044615, 14.595809]}, "properties": {"elevation": 27.0, "slope": 3.05, "aspect": -0.0, "twi": 10.08, "ruggedness": 1.054}}, {"type": "Feature", "geometry": {"type": "Point", "coordinates": [121.045458, 14.595809]}, "properties": {"elevation": 27.0, "slope": 4.85, "aspect": 128.9, "twi": 9.62, "ruggedness": 3.083}}, {"type": "Feature", "geometry": {"type": "Point", "coordinates": [121.0463, 14.595809]}, "properties": {"elevation": 21.0, "slope": 9.05, "aspect": 303.9, "twi": 8.99, "ruggedness": 5.606}}, {"type": "Feature", "geometry": {"type": "Point", "coordinates": [121.047142, 14.595809]}, "properties": {"elevation": 41.0, "slope": 11.33, "aspect": 192.7, "twi": 8.76, "ruggedness": 5.657}}, {"type": "Feature", "geometry": {"type": "Point", "coordinates": [121.047985, 14.595809]}, "properties": {"elevation": 36.0, "slope": 7.52, "aspect": 199.5, "twi": 9.18, "ruggedness": 3.478}}, {"type": "Feature", "geometry": {"type": "Point", "coordinates": [121.048827, 14.595809]}, "properties": {"elevation": 44.0, "slope": 4.48, "aspect": 204.9, "twi": 9.7, "ruggedness": 2.78}}, {"type": "Feature", "geometry": {"type": "Point", "coordinates": [121.04967, 14.595809]}, "properties": {"elevation": 44.0, "slope": 1.2, "aspect": 148.2, "twi": 11.02, "ruggedness": 1.499}}, {"type": "Feature", "geometry": {"type": "Point", "coordinates": [121.050512, 14.595809]}, "properties": {"elevation": 44.0, "slope": 0.63, "aspect": 270.0, "twi": 11.66, "ruggedness": 1.165}}, {"type": "Feature", "geometry": {"type": "Point", "coordinates": [121.051355, 14.595809]}, "properties": {"elevation": 45.0, "slope": 2.13, "aspect": 162.8, "twi": 10.44, "ruggedness": 1.286}}, {"type": "Feature", "geometry": {"type": "Point", "coordinates": [121.052197, 14.595809]}, "properties": {"elevation": 38.0, "slope": 6.37, "aspect": 99.2, "twi": 9.35, "ruggedness": 3.531}}, {"type": "Feature", "geometry": {"type": "Point", "coordinates": [121.053039, 14.595809]}, "properties": {"elevation": 38.0, "slope": 8.72, "aspect": 314.0, "twi": 9.03, "ruggedness": 4.243}}, {"type": "Feature", "geometry": {"type": "Point", "coordinates": [121.053882, 14.595809]}, "properties": {"elevation": 44.0, "slope": 4.11, "aspect": 188.8, "twi": 9.78, "ruggedness": 2.006}}, {"type": "Feature", "geometry": {"type": "Point", "coordinates": [121.054724, 14.595809]}, "properties": {"elevation": 45.0, "slope": 2.39, "aspect": 211.8, "twi": 10.33, "ruggedness": 2.108}}, {"type": "Feature", "geometry": {"type": "Point", "coordinates": [121.055567, 14.595809]}, "properties": {"elevation": 46.0, "slope": 2.39, "aspect": 148.2, "twi": 10.33, "ruggedness": 1.343}}, {"type": "Feature", "geometry": {"type": "Point", "coordinates": [121.056409, 14.595809]}, "properties": {"elevation": 41.0, "slope": 3.78, "aspect": 90.0, "twi": 9.87, "ruggedness": 2.331}}, {"type": "Feature", "geometry": {"type": "Point", "coordinates": [121.057252, 14.595809]}, "properties": {"elevation": 38.0, "slope": 4.25, "aspect": 342.8, "twi": 9.75, "ruggedness": 1.247}}, {"type": "Feature", "geometry": {"type": "Point", "coordinates": [121.058094, 14.595809]}, "properties": {"elevation": 39.0, "slope": 4.11, "aspect": 351.2, "twi": 9.78, "ruggedness": 1.474}}, {"type": "Feature", "geometry": {"type": "Point", "coordinates": [121.058936, 14.595809]}, "properties": {"elevation": 43.0, "slope": 3.31, "aspect": 252.1, "twi": 10.0, "ruggedness": 2.096}}, {"type": "Feature", "geometry": {"type": "Point", "coordinates": [121.059779, 14.595809]}, "properties": {"elevation": 48.0, "slope": 2.03, "aspect": -0.0, "twi": 10.49, "ruggedness": 1.227}}, {"type": "Feature", "geometry": {"type": "Point", "coordinates": [121.0185, 14.596318]}, "properties": {"elevation": 12.0, "slope": 4.06, "aspect": -0.0, "twi": 9.8, "ruggedness": 1.523}}, {"type": "Feature", "geometry": {"type": "Point", "coordinates": [121.019342, 14.596318]}, "properties": {"elevation": 11.0, "slope": 1.62, "aspect": 51.1, "twi": 10.72, "ruggedness": 1.155}}, {"type": "Feature", "geometry": {"type": "Point", "coordinates": [121.020185, 14.596318]}, "properties": {"elevation": 9.0, "slope": 0.63, "aspect": 270.0, "twi": 11.66, "ruggedness": 1.066}}, {"type": "Feature", "geometry": {"type": "Point", "coordinates": [121.021027, 14.596318]}, "properties": {"elevation": 13.0, "slope": 1.62, "aspect": 51.1, "twi": 10.72, "ruggedness": 1.663}}, {"type": "Feature", "geometry": {"type": "Point", "coordinates": [121.02187, 14.596318]}, "properties": {"elevation": 9.0, "slope": 2.03, "aspect": -0.0, "twi": 10.49, "ruggedness": 0.629}}, {"type": "Feature", "geometry": {"type": "Point", "coordinates": [121.022712, 14.596318]}, "properties": {"elevation": 7.0, "slope": 2.13, "aspect": 17.2, "twi": 10.44, "ruggedness": 1.133}}, {"type": "Feature", "geometry": {"type": "Point", "coordinates": [121.023555, 14.596318]}, "properties": {"elevation": 5.0, "slope": 0.63, "aspect": 90.0, "twi": 11.66, "ruggedness": 1.03}}, {"type": "Feature", "geometry": {"type": "Point", "coordinates": [121.024397, 14.596318]}, "properties": {"elevation": 10.0, "slope": 0.0, "aspect": -0.0, "twi": 14.06, "ruggedness": 1.414}}, {"type": "Feature", "geometry": {"type": "Point", "coordinates": [121.025239, 14.596318]}, "properties": {"elevation": 6.0, "slope": 1.2, "aspect": 148.2, "twi": 11.02, "ruggedness": 0.737}}, {"type": "Feature", "geometry": {"type": "Point", "coordinates": [121.026082, 14.596318]}, "properties": {"elevation": 6.0, "slope": 1.62, "aspect": 308.9, "twi": 10.72, "ruggedness": 1.03}}, {"type": "Feature", "geometry": {"type": "Point", "coordinates": [121.026924, 14.596318]}, "properties": {"elevation": 5.0, "slope": 5.23, "aspect": 13.9, "twi": 9.54, "ruggedness": 1.75}}, {"type": "Feature", "geometry": {"type": "Point", "coordinates": [121.027767, 14.596318]}, "properties": {"elevation": 8.0, "slope": 3.75, "aspect": 302.8, "twi": 9.88, "ruggedness": 2.0}}, {"type": "Feature", "geometry": {"type": "Point", "coordinates": [121.028609, 14.596318]}, "properties": {"elevation": 7.0, "slope": 3.31, "aspect": 72.1, "twi": 10.0, "ruggedness": 1.663}}, {"type": "Feature", "geometry": {"type": "Point", "coordinates": [121.029452, 14.596318]}, "properties": {"elevation": 10.0, "slope": 3.75, "aspect": 237.2, "twi": 9.88, "ruggedness": 2.166}}, {"type": "Feature", "geometry": {"type": "Point", "coordinates": [121.030294, 14.596318]}, "properties": {"elevation": 12.0, "slope": 3.11, "aspect": 11.7, "twi": 10.06, "ruggedness": 1.197}}, {"type": "Feature", "geometry": {"type": "Point", "coordinates": [121.031136, 14.596318]}, "properties": {"elevation": 8.0, "slope": 3.59, "aspect": 211.8, "twi": 9.92, "ruggedness": 1.912}}, {"type": "Feature", "geometry": {"type": "Point", "coordinates": [121.031979, 14.596318]}, "properties": {"elevation": 16.0, "slope": 4.38, "aspect": 226.0, "twi": 9.72, "ruggedness": 2.211}}, {"type": "Feature", "geometry": {"type": "Point", "coordinates": [121.032821, 14.596318]}, "properties": {"elevation": 18.0, "slope": 3.59, "aspect": 328.2, "twi": 9.92, "ruggedness": 2.299}}, {"type": "Feature", "geometry": {"type": "Point", "coordinates": [121.033664, 14.596318]}, "properties": {"elevation": 21.0, "slope": 3.24, "aspect": 51.1, "twi": 10.02, "ruggedness": 2.362}}, {"type": "Feature", "geometry": {"type": "Point", "coordinates": [121.034506, 14.596318]}, "properties": {"elevation": 18.0, "slope": 3.15, "aspect": 270.0, "twi": 10.05, "ruggedness": 2.0}}, {"type": "Feature", "geometry": {"type": "Point", "coordinates": [121.035348, 14.596318]}, "properties": {"elevation": 24.0, "slope": 2.15, "aspect": 298.3, "twi": 10.44, "ruggedness": 1.491}}, {"type": "Feature", "geometry": {"type": "Point", "coordinates": [121.036191, 14.596318]}, "properties": {"elevation": 23.0, "slope": 1.89, "aspect": 90.0, "twi": 10.56, "ruggedness": 1.133}}, {"type": "Feature", "geometry": {"type": "Point", "coordinates": [121.037033, 14.596318]}, "properties": {"elevation": 26.0, "slope": 9.04, "aspect": 321.4, "twi": 8.99, "ruggedness": 4.483}}, {"type": "Feature", "geometry": {"type": "Point", "coordinates": [121.037876, 14.596318]}, "properties": {"elevation": 32.0, "slope": 6.12, "aspect": 354.1, "twi": 9.39, "ruggedness": 2.643}}, {"type": "Feature", "geometry": {"type": "Point", "coordinates": [121.038718, 14.596318]}, "properties": {"elevation": 30.0, "slope": 4.41, "aspect": 90.0, "twi": 9.71, "ruggedness": 2.643}}, {"type": "Feature", "geometry": {"type": "Point", "coordinates": [121.039561, 14.596318]}, "properties": {"elevation": 23.0, "slope": 2.39, "aspect": 148.2, "twi": 10.33, "ruggedness": 1.054}}, {"type": "Feature", "geometry": {"type": "Point", "coordinates": [121.040403, 14.596318]}, "properties": {"elevation": 22.0, "slope": 1.2, "aspect": 328.2, "twi": 11.02, "ruggedness": 0.916}}, {"type": "Feature", "geometry": {"type": "Point", "coordinates": [121.041245, 14.596318]}, "properties": {"elevation": 26.0, "slope": 2.72, "aspect": 248.0, "twi": 10.2, "ruggedness": 2.055}}, {"type": "Feature", "geometry": {"type": "Point", "coordinates": [121.042088, 14.596318]}, "properties": {"elevation": 29.0, "slope": 4.11, "aspect": 188.8, "twi": 9.78, "ruggedness": 1.563}}, {"type": "Feature", "geometry": {"type": "Point", "coordinates": [121.04293, 14.596318]}, "properties": {"elevation": 28.0, "slope": 3.59, "aspect": 31.8, "twi": 9.92, "ruggedness": 1.491}}, {"type": "Feature", "geometry": {"type": "Point", "coordinates": [121.043773, 14.596318]}, "properties": {"elevation": 23.0, "slope": 2.39, "aspect": 328.2, "twi": 10.33, "ruggedness": 2.166}}, {"type": "Feature", "geometry": {"type": "Point", "coordinates": [121.044615, 14.596318]}, "properties": {"elevation": 30.0, "slope": 1.2, "aspect": 328.2, "twi": 11.02, "ruggedness": 0.737}}, {"type": "Feature", "geometry": {"type": "Point", "coordinates": [121.045458, 14.596318]}, "properties": {"elevation": 28.0, "slope": 2.78, "aspect": 42.9, "twi": 10.18, "ruggedness": 1.474}}, {"type": "Feature", "geometry": {"type": "Point", "coordinates": [121.0463, 14.596318]}, "properties": {"elevation": 25.0, "slope": 5.23, "aspect": 346.1, "twi": 9.54, "ruggedness": 2.043}}, {"type": "Feature", "geometry": {"type": "Point", "coordinates": [121.047142, 14.596318]}, "properties": {"elevation": 31.0, "slope": 11.06, "aspect": 180.0, "twi": 8.79, "ruggedness": 3.162}}, {"type": "Feature", "geometry": {"type": "Point", "coordinates": [121.047985, 14.596318]}, "properties": {"elevation": 35.0, "slope": 10.73, "aspect": 339.6, "twi": 8.82, "ruggedness": 4.516}}, {"type": "Feature", "geometry": {"type": "Point", "coordinates": [121.048827, 14.596318]}, "properties": {"elevation": 35.0, "slope": 3.96, "aspect": 219.6, "twi": 9.82, "ruggedness": 2.0}}, {"type": "Feature", "geometry": {"type": "Point", "coordinates": [121.04967, 14.596318]}, "properties": {"elevation": 39.0, "slope": 9.17, "aspect": 172.2, "twi": 8.98, "ruggedness": 3.201}}, {"type": "Feature", "geometry": {"type": "Point", "coordinates": [121.050512, 14.596318]}, "properties": {"elevation": 40.0, "slope": 5.14, "aspect": 217.8, "twi": 9.56, "ruggedness": 3.178}}, {"type": "Feature", "geometry": {"type": "Point", "coordinates": [121.051355, 14.596318]}, "properties": {"elevation": 41.0, "slope": 4.25, "aspect": 162.8, "twi": 9.75, "ruggedness": 1.37}}, {"type": "Feature", "geometry": {"type": "Point", "coordinates": [121.052197, 14.596318]}, "properties": {"elevation": 35.0, "slope": 1.26, "aspect": 90.0, "twi": 10.97, "ruggedness": 2.217}}, {"type": "Feature", "geometry": {"type": "Point", "coordinates": [121.053039, 14.596318]}, "properties": {"elevation": 41.0, "slope": 5.04, "aspect": 270.0, "twi": 9.58, "ruggedness": 3.468}}, {"type": "Feature", "geometry": {"type": "Point", "coordinates": [121.053882, 14.596318]}, "properties": {"elevation": 44.0, "slope": 4.85, "aspect": 51.1, "twi": 9.62, "ruggedness": 2.309}}, {"type": "Feature", "geometry": {"type": "Point", "coordinates": [121.054724, 14.596318]}, "properties": {"elevation": 43.0, "slope": 3.92, "aspect": 255.0, "twi": 9.83, "ruggedness": 2.309}}, {"type": "Feature", "geometry": {"type": "Point", "coordinates": [121.055567, 14.596318]}, "properties": {"elevation": 45.0, "slope": 2.78, "aspect": 137.1, "twi": 10.18, "ruggedness": 1.523}}, {"type": "Feature", "geometry": {"type": "Point", "coordinates": [121.056409, 14.596318]}, "properties": {"elevation": 41.0, "slope": 2.15, "aspect": 118.3, "twi": 10.44, "ruggedness": 1.449}}, {"type": "Feature", "geometry": {"type": "Point", "coordinates": [121.057252, 14.596318]}, "properties": {"elevation": 41.0, "slope": 2.78, "aspect": 317.1, "twi": 10.18, "ruggedness": 1.155}}, {"type": "Feature", "geometry": {"type": "Point", "coordinates": [121.058094, 14.596318]}, "properties": {"elevation": 43.0, "slope": 3.59, "aspect": 328.2, "twi": 9.92, "ruggedness": 1.633}}, {"type": "Feature", "geometry": {"type": "Point", "coordinates": [121.058936, 14.596318]}, "properties": {"elevation": 44.0, "slope": 1.26, "aspect": 270.0, "twi": 10.97, "ruggedness": 1.197}}, {"type": "Feature", "geometry": {"type": "Point", "coordinates": [121.059779, 14.596318]}, "properties": {"elevation": 50.0, "slope": 1.26, "aspect": 270.0, "twi": 10.97, "ruggedness": 1.37}}, {"type": "Feature", "geometry": {"type": "Point", "coordinates": [121.0185, 14.596827]}, "properties": {"elevation": 15.0, "slope": 1.02, "aspect": -0.0, "twi": 11.18, "ruggedness": 0.471}}, {"type": "Feature", "geometry": {"type": "Point", "coordinates": [121.019342, 14.596827]}, "properties": {"elevation": 13.0, "slope": 3.96, "aspect": 39.6, "twi": 9.82, "ruggedness": 1.853}}, {"type": "Feature", "geometry": {"type": "Point", "coordinates": [121.020185, 14.596827]}, "properties": {"elevation": 11.0, "slope": 1.89, "aspect": 270.0, "twi": 10.56, "ruggedness": 1.423}}, {"type": "Feature", "geometry": {"type": "Point", "coordinates": [121.021027, 14.596827]}, "properties": {"elevation": 12.0, "slope": 3.75, "aspect": 122.8, "twi": 9.88, "ruggedness": 2.25}}, {"type": "Feature", "geometry": {"type": "Point", "coordinates": [121.02187, 14.596827]}, "properties": {"elevation": 10.0, "slope": 4.11, "aspect": 188.8, "twi": 9.78, "ruggedness": 1.286}}, {"type": "Feature", "geometry": {"type": "Point", "coordinates": [121.022712, 14.596827]}, "properties": {"elevation": 8.0, "slope": 1.26, "aspect": 90.0, "twi": 10.97, "ruggedness": 0.667}}, {"type": "Feature", "geometry": {"type": "Point", "coordinates": [121.023555, 14.596827]}, "properties": {"elevation": 7.0, "slope": 2.13, "aspect": 342.8, "twi": 10.44, "ruggedness": 0.875}}, {"type": "Feature", "geometry": {"type": "Point", "coordinates": [121.024397, 14.596827]}, "properties": {"elevation": 8.0, "slope": 4.85, "aspect": 128.9, "twi": 9.62, "ruggedness": 2.357}}, {"type": "Feature", "geometry": {"type": "Point", "coordinates": [121.025239, 14.596827]}, "properties": {"elevation": 2.0, "slope": 4.48, "aspect": 204.9, "twi": 9.7, "ruggedness": 1.853}}, {"type": "Feature", "geometry": {"type": "Point", "coordinates": [121.026082, 14.596827]}, "properties": {"elevation": 8.0, "slope": 1.89, "aspect": 270.0, "twi": 10.56, "ruggedness": 1.343}}, {"type": "Feature", "geometry": {"type": "Point", "coordinates": [121.026924, 14.596827]}, "properties": {"elevation": 10.0, "slope": 3.3, "aspect": 22.5, "twi": 10.01, "ruggedness": 1.423}}, {"type": "Feature", "geometry": {"type": "Point", "coordinates": [121.027767, 14.596827]}, "properties": {"elevation": 8.0, "slope": 2.39, "aspect": 211.8, "twi": 10.33, "ruggedness": 1.155}}, {"type": "Feature", "geometry": {"type": "Point", "coordinates": [121.028609, 14.596827]}, "properties": {"elevation": 8.0, "slope": 0.0, "aspect": -0.0, "twi": 14.06, "ruggedness": 1.155}}, {"type": "Feature", "geometry": {"type": "Point", "coordinates": [121.029452, 14.596827]}, "properties": {"elevation": 11.0, "slope": 4.38, "aspect": 314.0, "twi": 9.72, "ruggedness": 2.357}}, {"type": "Feature", "geometry": {"type": "Point", "coordinates": [121.030294, 14.596827]}, "properties": {"elevation": 14.0, "slope": 2.15, "aspect": 61.7, "twi": 10.44, "ruggedness": 1.548}}, {"type": "Feature", "geometry": {"type": "Point", "coordinates": [121.031136, 14.596827]}, "properties": {"elevation": 8.0, "slope": 2.39, "aspect": 31.8, "twi": 10.33, "ruggedness": 1.571}}, {"type": "Feature", "geometry": {"type": "Point", "coordinates": [121.031979, 14.596827]}, "properties": {"elevation": 11.0, "slope": 4.78, "aspect": 211.8, "twi": 9.63, "ruggedness": 2.362}}, {"type": "Feature", "geometry": {"type": "Point", "coordinates": [121.032821, 14.596827]}, "properties": {"elevation": 16.0, "slope": 5.88, "aspect": 238.8, "twi": 9.43, "ruggedness": 3.521}}, {"type": "Feature", "geometry": {"type": "Point", "coordinates": [121.033664, 14.596827]}, "properties": {"elevation": 22.0, "slope": 1.89, "aspect": 90.0, "twi": 10.56, "ruggedness": 2.309}}, {"type": "Feature", "geometry": {"type": "Point", "coordinates": [121.034506, 14.596827]}, "properties": {"elevation": 17.0, "slope": 1.26, "aspect": 270.0, "twi": 10.97, "ruggedness": 1.548}}, {"type": "Feature", "geometry": {"type": "Point", "coordinates": [121.035348, 14.596827]}, "properties": {"elevation": 21.0, "slope": 4.06, "aspect": 180.0, "twi": 9.8, "ruggedness": 1.571}}, {"type": "Feature", "geometry": {"type": "Point", "coordinates": [121.036191, 14.596827]}, "properties": {"elevation": 21.0, "slope": 2.72, "aspect": 248.0, "twi": 10.2, "ruggedness": 2.025}}, {"type": "Feature", "geometry": {"type": "Point", "coordinates": [121.037033, 14.596827]}, "properties": {"elevation": 29.0, "slope": 6.37, "aspect": 279.2, "twi": 9.35, "ruggedness": 4.055}}, {"type": "Feature", "geometry": {"type": "Point", "coordinates": [121.037876, 14.596827]}, "properties": {"elevation": 33.0, "slope": 2.39, "aspect": 148.2, "twi": 10.33, "ruggedness": 1.641}}, {"type": "Feature", "geometry": {"type": "Point", "coordinates": [121.038718, 14.596827]}, "properties": {"elevation": 30.0, "slope": 5.43, "aspect": 112.0, "twi": 9.51, "ruggedness": 3.01}}, {"type": "Feature", "geometry": {"type": "Point", "coordinates": [121.039561, 14.596827]}, "properties": {"elevation": 23.0, "slope": 0.0, "aspect": -0.0, "twi": 14.06, "ruggedness": 0.629}}, {"type": "Feature", "geometry": {"type": "Point", "coordinates": [121.040403, 14.596827]}, "properties": {"elevation": 26.0, "slope": 2.78, "aspect": 317.1, "twi": 10.18, "ruggedness": 1.414}}, {"type": "Feature", "geometry": {"type": "Point", "coordinates": [121.041245, 14.596827]}, "properties": {"elevation": 29.0, "slope": 5.23, "aspect": 13.9, "twi": 9.54, "ruggedness": 1.969}}, {"type": "Feature", "geometry": {"type": "Point", "coordinates": [121.042088, 14.596827]}, "properties": {"elevation": 26.0, "slope": 1.26, "aspect": 270.0, "twi": 10.97, "ruggedness": 0.943}}, {"type": "Feature", "geometry": {"type": "Point", "coordinates": [121.04293, 14.596827]}, "properties": {"elevation": 28.0, "slope": 3.96, "aspect": 219.6, "twi": 9.82, "ruggedness": 1.95}}, {"type": "Feature", "geometry": {"type": "Point", "coordinates": [121.043773, 14.596827]}, "properties": {"elevation": 29.0, "slope": 5.11, "aspect": 7.1, "twi": 9.57, "ruggedness": 1.633}}, {"type": "Feature", "geometry": {"type": "Point", "coordinates": [121.044615, 14.596827]}, "properties": {"elevation": 30.0, "slope": 1.2, "aspect": 148.2, "twi": 11.02, "ruggedness": 0.685}}, {"type": "Feature", "geometry": {"type": "Point", "coordinates": [121.045458, 14.596827]}, "properties": {"elevation": 30.0, "slope": 3.3, "aspect": 337.5, "twi": 10.01, "ruggedness": 1.853}}, {"type": "Feature", "geometry": {"type": "Point", "coordinates": [121.0463, 14.596827]}, "properties": {"elevation": 31.0, "slope": 4.11, "aspect": 8.8, "twi": 9.78, "ruggedness": 1.771}}, {"type": "Feature", "geometry": {"type": "Point", "coordinates": [121.047142, 14.596827]}, "properties": {"elevation": 24.0, "slope": 1.62, "aspect": 128.9, "twi": 10.72, "ruggedness": 2.114}}, {"type": "Feature", "geometry": {"type": "Point", "coordinates": [121.047985, 14.596827]}, "properties": {"elevation": 45.0, "slope": 8.83, "aspect": 263.4, "twi": 9.01, "ruggedness": 6.766}}, {"type": "Feature", "geometry": {"type": "Point", "coordinates": [121.048827, 14.596827]}, "properties": {"elevation": 36.0, "slope": 6.42, "aspect": 61.7, "twi": 9.34, "ruggedness": 2.923}}, {"type": "Feature", "geometry": {"type": "Point", "coordinates": [121.04967, 14.596827]}, "properties": {"elevation": 31.0, "slope": 5.14, "aspect": 142.2, "twi": 9.56, "ruggedness": 3.201}}, {"type": "Feature", "geometry": {"type": "Point", "coordinates": [121.050512, 14.596827]}, "properties": {"elevation": 35.0, "slope": 7.58, "aspect": 228.2, "twi": 9.17, "ruggedness": 4.565}}, {"type": "Feature", "geometry": {"type": "Point", "coordinates": [121.051355, 14.596827]}, "properties": {"elevation": 40.0, "slope": 3.92, "aspect": 285.0, "twi": 9.83, "ruggedness": 2.601}}, {"type": "Feature", "geometry": {"type": "Point", "coordinates": [121.052197, 14.596827]}, "properties": {"elevation": 39.0, "slope": 6.32, "aspect": 36.7, "twi": 9.35, "ruggedness": 2.948}}, {"type": "Feature", "geometry": {"type": "Point", "coordinates": [121.053039, 14.596827]}, "properties": {"elevation": 39.0, "slope": 3.75, "aspect": 237.2, "twi": 9.88, "ruggedness": 2.309}}, {"type": "Feature", "geometry": {"type": "Point", "coordinates": [121.053882, 14.596827]}, "properties": {"elevation": 43.0, "slope": 5.08, "aspect": 180.0, "twi": 9.57, "ruggedness": 1.728}}, {"type": "Feature", "geometry": {"type": "Point", "coordinates": [121.054724, 14.596827]}, "properties": {"elevation": 45.0, "slope": 5.11, "aspect": 352.9, "twi": 9.57, "ruggedness": 2.108}}, {"type": "Feature", "geometry": {"type": "Point", "coordinates": [121.055567, 14.596827]}, "properties": {"elevation": 41.0, "slope": 0.63, "aspect": 270.0, "twi": 11.66, "ruggedness": 2.006}}, {"type": "Feature", "geometry": {"type": "Point", "coordinates": [121.056409, 14.596827]}, "properties": {"elevation": 43.0, "slope": 7.12, "aspect": 5.1, "twi": 9.23, "ruggedness": 2.543}}, {"type": "Feature", "geometry": {"type": "Point", "coordinates": [121.057252, 14.596827]}, "properties": {"elevation": 42.0, "slope": 0.63, "aspect": 90.0, "twi": 11.66, "ruggedness": 0.786}}, {"type": "Feature", "geometry": {"type": "Point", "coordinates": [121.058094, 14.596827]}, "properties": {"elevation": 44.0, "slope": 2.39, "aspect": 211.8, "twi": 10.33, "ruggedness": 1.227}}, {"type": "Feature", "geometry": {"type": "Point", "coordinates": [121.058936, 14.596827]}, "properties": {"elevation": 43.0, "slope": 1.62, "aspect": 231.1, "twi": 10.72, "ruggedness": 1.315}}, {"type": "Feature", "geometry": {"type": "Point", "coordinates": [121.059779, 14.596827]}, "properties": {"elevation": 49.0, "slope": 3.24, "aspect": 231.1, "twi": 10.02, "ruggedness": 1.792}}, {"type": "Feature", "geometry": {"type": "Point", "coordinates": [121.0185, 14.597336]}, "properties": {"elevation": 14.0, "slope": 4.25, "aspect": 197.2, "twi": 9.75, "ruggedness": 1.563}}, {"type": "Feature", "geometry": {"type": "Point", "coordinates": [121.019342, 14.597336]}, "properties": {"elevation": 14.0, "slope": 3.75, "aspect": 122.8, "twi": 9.88, "ruggedness": 2.149}}, {"type": "Feature", "geometry": {"type": "Point", "coordinates": [121.020185, 14.597336]}, "properties": {"elevation": 9.0, "slope": 1.2, "aspect": 211.8, "twi": 11.02, "ruggedness": 1.227}}, {"type": "Feature", "geometry": {"type": "Point", "coordinates": [121.021027, 14.597336]}, "properties": {"elevation": 10.0, "slope": 4.29, "aspect": 118.3, "twi": 9.74, "ruggedness": 2.625}}, {"type": "Feature", "geometry": {"type": "Point", "coordinates": [121.02187, 14.597336]}, "properties": {"elevation": 4.0, "slope": 4.06, "aspect": 180.0, "twi": 9.8, "ruggedness": 1.685}}, {"type": "Feature", "geometry": {"type": "Point", "coordinates": [121.022712, 14.597336]}, "properties": {"elevation": 7.0, "slope": 2.78, "aspect": 222.9, "twi": 10.18, "ruggedness": 1.685}}, {"type": "Feature", "geometry": {"type": "Point", "coordinates": [121.023555, 14.597336]}, "properties": {"elevation": 8.0, "slope": 0.63, "aspect": 90.0, "twi": 11.66, "ruggedness": 1.054}}, {"type": "Feature", "geometry": {"type": "Point", "coordinates": [121.024397, 14.597336]}, "properties": {"elevation": 3.0, "slope": 5.41, "aspect": 159.6, "twi": 9.51, "ruggedness": 2.261}}, {"type": "Feature", "geometry": {"type": "Point", "coordinates": [121.025239, 14.597336]}, "properties": {"elevation": 3.0, "slope": 5.11, "aspect": 7.1, "twi": 9.57, "ruggedness": 1.333}}, {"type": "Feature", "geometry": {"type": "Point", "coordinates": [121.026082, 14.597336]}, "properties": {"elevation": 5.0, "slope": 4.29, "aspect": 241.7, "twi": 9.74, "ruggedness": 2.2}}, {"type": "Feature", "geometry": {"type": "Point", "coordinates": [121.026924, 14.597336]}, "properties": {"elevation": 12.0, "slope": 1.2, "aspect": 328.2, "twi": 11.02, "ruggedness": 1.37}}, {"type": "Feature", "geometry": {"type": "Point", "coordinates": [121.027767, 14.597336]}, "properties": {"elevation": 7.0, "slope": 1.62, "aspect": 51.1, "twi": 10.72, "ruggedness": 1.247}}, {"type": "Feature", "geometry": {"type": "Point", "coordinates": [121.028609, 14.597336]}, "properties": {"elevation": 9.0, "slope": 2.78, "aspect": 317.1, "twi": 10.18, "ruggedness": 1.227}}, {"type": "Feature", "geometry": {"type": "Point", "coordinates": [121.029452, 14.597336]}, "properties": {"elevation": 13.0, "slope": 2.15, "aspect": 298.3, "twi": 10.44, "ruggedness": 1.563}}, {"type": "Feature", "geometry": {"type": "Point", "coordinates": [121.030294, 14.597336]}, "properties": {"elevation": 15.0, "slope": 1.2, "aspect": 31.8, "twi": 11.02, "ruggedness": 0.994}}, {"type": "Feature", "geometry": {"type": "Point", "coordinates": [121.031136, 14.597336]}, "properties": {"elevation": 11.0, "slope": 3.96, "aspect": 39.6, "twi": 9.82, "ruggedness": 1.988}}, {"type": "Feature", "geometry": {"type": "Point", "coordinates": [121.031979, 14.597336]}, "properties": {"elevation": 10.0, "slope": 2.15, "aspect": 298.3, "twi": 10.44, "ruggedness": 1.491}}, {"type": "Feature", "geometry": {"type": "Point", "coordinates": [121.032821, 14.597336]}, "properties": {"elevation": 14.0, "slope": 3.96, "aspect": 219.6, "twi": 9.82, "ruggedness": 2.183}}, {"type": "Feature", "geometry": {"type": "Point", "coordinates": [121.033664, 14.597336]}, "properties": {"elevation": 22.0, "slope": 1.02, "aspect": 180.0, "twi": 11.18, "ruggedness": 2.529}}, {"type": "Feature", "geometry": {"type": "Point", "coordinates": [121.034506, 14.597336]}, "properties": {"elevation": 16.0, "slope": 3.59, "aspect": 211.8, "twi": 9.92, "ruggedness": 1.663}}, {"type": "Feature", "geometry": {"type": "Point", "coordinates": [121.035348, 14.597336]}, "properties": {"elevation": 18.0, "slope": 1.62, "aspect": 128.9, "twi": 10.72, "ruggedness": 0.943}}, {"type": "Feature", "geometry": {"type": "Point", "coordinates": [121.036191, 14.597336]}, "properties": {"elevation": 22.0, "slope": 6.6, "aspect": 287.9, "twi": 9.31, "ruggedness": 3.675}}, {"type": "Feature", "geometry": {"type": "Point", "coordinates": [121.037033, 14.597336]}, "properties": {"elevation": 31.0, "slope": 4.85, "aspect": 294.7, "twi": 9.62, "ruggedness": 3.095}}, {"type": "Feature", "geometry": {"type": "Point", "coordinates": [121.037876, 14.597336]}, "properties": {"elevation": 32.0, "slope": 4.41, "aspect": 90.0, "twi": 9.71, "ruggedness": 2.685}}, {"type": "Feature", "geometry": {"type": "Point", "coordinates": [121.038718, 14.597336]}, "properties": {"elevation": 26.0, "slope": 3.59, "aspect": 148.2, "twi": 9.92, "ruggedness": 1.764}}, {"type": "Feature", "geometry": {"type": "Point", "coordinates": [121.039561, 14.597336]}, "properties": {"elevation": 23.0, "slope": 0.0, "aspect": -0.0, "twi": 14.06, "ruggedness": 0.629}}, {"type": "Feature", "geometry": {"type": "Point", "coordinates": [121.040403, 14.597336]}, "properties": {"elevation": 26.0, "slope": 2.52, "aspect": 270.0, "twi": 10.27, "ruggedness": 1.523}}, {"type": "Feature", "geometry": {"type": "Point", "coordinates": [121.041245, 14.597336]}, "properties": {"elevation": 31.0, "slope": 1.62, "aspect": 128.9, "twi": 10.72, "ruggedness": 1.944}}, {"type": "Feature", "geometry": {"type": "Point", "coordinates": [121.042088, 14.597336]}, "properties": {"elevation": 27.0, "slope": 1.02, "aspect": -0.0, "twi": 11.18, "ruggedness": 0.956}}, {"type": "Feature", "geometry": {"type": "Point", "coordinates": [121.04293, 14.597336]}, "properties": {"elevation": 26.0, "slope": 4.41, "aspect": 270.0, "twi": 9.71, "ruggedness": 2.867}}, {"type": "Feature", "geometry": {"type": "Point", "coordinates": [121.043773, 14.597336]}, "properties": {"elevation": 33.0, "slope": 2.13, "aspect": 17.2, "twi": 10.44, "ruggedness": 1.197}}, {"type": "Feature", "geometry": {"type": "Point", "coordinates": [121.044615, 14.597336]}, "properties": {"elevation": 30.0, "slope": 3.59, "aspect": 31.8, "twi": 9.92, "ruggedness": 1.771}}, {"type": "Feature", "geometry": {"type": "Point", "coordinates": [121.045458, 14.597336]}, "properties": {"elevation": 33.0, "slope": 5.14, "aspect": 281.4, "twi": 9.56, "ruggedness": 2.944}}, {"type": "Feature", "geometry": {"type": "Point", "coordinates": [121.0463, 14.597336]}, "properties": {"elevation": 34.0, "slope": 5.97, "aspect": 31.8, "twi": 9.41, "ruggedness": 2.378}}, {"type": "Feature", "geometry": {"type": "Point", "coordinates": [121.047142, 14.597336]}, "properties": {"elevation": 28.0, "slope": 5.66, "aspect": 26.4, "twi": 9.46, "ruggedness": 2.485}}, {"type": "Feature", "geometry": {"type": "Point", "coordinates": [121.047985, 14.597336]}, "properties": {"elevation": 35.0, "slope": 10.58, "aspect": 220.5, "twi": 8.83, "ruggedness": 5.094}}, {"type": "Feature", "geometry": {"type": "Point", "coordinates": [121.048827, 14.597336]}, "properties": {"elevation": 41.0, "slope": 1.62, "aspect": 51.1, "twi": 10.72, "ruggedness": 2.283}}, {"type": "Feature", "geometry": {"type": "Point", "coordinates": [121.04967, 14.597336]}, "properties": {"elevation": 31.0, "slope": 7.2, "aspect": 73.7, "twi": 9.22, "ruggedness": 4.472}}, {"type": "Feature", "geometry": {"type": "Point", "coordinates": [121.050512, 14.597336]}, "properties": {"elevation": 33.0, "slope": 6.29, "aspect": 270.0, "twi": 9.36, "ruggedness": 4.228}}, {"type": "Feature", "geometry": {"type": "Point", "coordinates": [121.051355, 14.597336]}, "properties": {"elevation": 40.0, "slope": 5.43, "aspect": 248.0, "twi": 9.51, "ruggedness": 3.059}}, {"type": "Feature", "geometry": {"type": "Point", "coordinates": [121.052197, 14.597336]}, "properties": {"elevation": 41.0, "slope": 3.92, "aspect": 105.0, "twi": 9.83, "ruggedness": 2.404}}, {"type": "Feature", "geometry": {"type": "Point", "coordinates": [121.053039, 14.597336]}, "properties": {"elevation": 40.0, "slope": 4.25, "aspect": 342.8, "twi": 9.75, "ruggedness": 1.633}}, {"type": "Feature", "geometry": {"type": "Point", "coordinates": [121.053882, 14.597336]}, "properties": {"elevation": 40.0, "slope": 2.15, "aspect": 298.3, "twi": 10.44, "ruggedness": 1.499}}, {"type": "Feature", "geometry": {"type": "Point", "coordinates": [121.054724, 14.597336]}, "properties": {"elevation": 48.0, "slope": 2.15, "aspect": 241.7, "twi": 10.44, "ruggedness": 1.832}}, {"type": "Feature", "geometry": {"type": "Point", "coordinates": [121.055567, 14.597336]}, "properties": {"elevation": 46.0, "slope": 3.24, "aspect": 308.9, "twi": 10.02, "ruggedness": 1.944}}, {"type": "Feature", "geometry": {"type": "Point", "coordinates": [121.056409, 14.597336]}, "properties": {"elevation": 49.0, "slope": 4.53, "aspect": 77.0, "twi": 9.69, "ruggedness": 2.671}}, {"type": "Feature", "geometry": {"type": "Point", "coordinates": [121.057252, 14.597336]}, "properties": {"elevation": 41.0, "slope": 2.03, "aspect": 180.0, "twi": 10.49, "ruggedness": 1.1}}, {"type": "Feature", "geometry": {"type": "Point", "coordinates": [121.058094, 14.597336]}, "properties": {"elevation": 43.0, "slope": 1.26, "aspect": 90.0, "twi": 10.97, "ruggedness": 0.667}}, {"type": "Feature", "geometry": {"type": "Point", "coordinates": [121.058936, 14.597336]}, "properties": {"elevation": 43.0, "slope": 2.52, "aspect": 270.0, "twi": 10.27, "ruggedness": 1.397}}, {"type": "Feature", "geometry": {"type": "Point", "coordinates": [121.059779, 14.597336]}, "properties": {"elevation": 46.0, "slope": 3.24, "aspect": 231.1, "twi": 10.02, "ruggedness": 1.771}}, {"type": "Feature", "geometry": {"type": "Point", "coordinates": [121.0185, 14.597845]}, "properties": {"elevation": 9.0, "slope": 3.96, "aspect": 219.6, "twi": 9.82, "ruggedness": 1.595}}, {"type": "Feature", "geometry": {"type": "Point", "coordinates": [121.019342, 14.597845]}, "properties": {"elevation": 12.0, "slope": 3.11, "aspect": 168.3, "twi": 10.06, "ruggedness": 1.449}}, {"type": "Feature", "geometry": {"type": "Point", "coordinates": [121.020185, 14.597845]}, "properties": {"elevation": 10.0, "slope": 2.03, "aspect": -0.0, "twi": 10.49, "ruggedness": 0.667}}, {"type": "Feature", "geometry": {"type": "Point", "coordinates": [121.021027, 14.597845]}, "properties": {"elevation": 9.0, "slope": 2.72, "aspect": 68.0, "twi": 10.2, "ruggedness": 1.764}}, {"type": "Feature", "geometry": {"type": "Point", "coordinates": [121.02187, 14.597845]}, "properties": {"elevation": 4.0, "slope": 4.25, "aspect": 17.2, "twi": 9.75, "ruggedness": 1.944}}, {"type": "Feature", "geometry": {"type": "Point", "coordinates": [121.022712, 14.597845]}, "properties": {"elevation": 7.0, "slope": 3.24, "aspect": 308.9, "twi": 10.02, "ruggedness": 1.771}}, {"type": "Feature", "geometry": {"type": "Point", "coordinates": [121.023555, 14.597845]}, "properties": {"elevation": 9.0, "slope": 2.39, "aspect": 31.8, "twi": 10.33, "ruggedness": 1.499}}, {"type": "Feature", "geometry": {"type": "Point", "coordinates": [121.024397, 14.597845]}, "properties": {"elevation": 1.0, "slope": 2.13, "aspect": 17.2, "twi": 10.44, "ruggedness": 1.912}}, {"type": "Feature", "geometry": {"type": "Point", "coordinates": [121.025239, 14.597845]}, "properties": {"elevation": 8.0, "slope": 2.13, "aspect": 342.8, "twi": 10.44, "ruggedness": 1.414}}, {"type": "Feature", "geometry": {"type": "Point", "coordinates": [121.026082, 14.597845]}, "properties": {"elevation": 6.0, "slope": 3.96, "aspect": 320.4, "twi": 9.82, "ruggedness": 2.043}}, {"type": "Feature", "geometry": {"type": "Point", "coordinates": [121.026924, 14.597845]}, "properties": {"elevation": 10.0, "slope": 3.11, "aspect": 168.3, "twi": 10.06, "ruggedness": 1.133}}, {"type": "Feature", "geometry": {"type": "Point", "coordinates": [121.027767, 14.597845]}, "properties": {"elevation": 7.0, "slope": 1.62, "aspect": 128.9, "twi": 10.72, "ruggedness": 1.37}}, {"type": "Feature", "geometry": {"type": "Point", "coordinates": [121.028609, 14.597845]}, "properties": {"elevation": 10.0, "slope": 3.75, "aspect": 237.2, "twi": 9.88, "ruggedness": 2.16}}, {"type": "Feature", "geometry": {"type": "Point", "coordinates": [121.029452, 14.597845]}, "properties": {"elevation": 16.0, "slope": 6.37, "aspect": 342.8, "twi": 9.35, "ruggedness": 3.055}}, {"type": "Feature", "geometry": {"type": "Point", "coordinates": [121.030294, 14.597845]}, "properties": {"elevation": 16.0, "slope": 4.11, "aspect": 351.2, "twi": 9.78, "ruggedness": 2.025}}, {"type": "Feature", "geometry": {"type": "Point", "coordinates": [121.031136, 14.597845]}, "properties": {"elevation": 14.0, "slope": 4.38, "aspect": 46.0, "twi": 9.72, "ruggedness": 2.667}}, {"type": "Feature", "geometry": {"type": "Point", "coordinates": [121.031979, 14.597845]}, "properties": {"elevation": 12.0, "slope": 1.2, "aspect": 211.8, "twi": 11.02, "ruggedness": 1.155}}, {"type": "Feature", "geometry": {"type": "Point", "coordinates": [121.032821, 14.597845]}, "properties": {"elevation": 10.0, "slope": 3.3, "aspect": 202.5, "twi": 10.01, "ruggedness": 2.079}}, {"type": "Feature", "geometry": {"type": "Point", "coordinates": [121.033664, 14.597845]}, "properties": {"elevation": 20.0, "slope": 5.11, "aspect": 187.1, "twi": 9.57, "ruggedness": 2.885}}, {"type": "Feature", "geometry": {"type": "Point", "coordinates": [121.034506, 14.597845]}, "properties": {"elevation": 13.0, "slope": 1.02, "aspect": 180.0, "twi": 11.18, "ruggedness": 1.247}}, {"type": "Feature", "geometry": {"type": "Point", "coordinates": [121.035348, 14.597845]}, "properties": {"elevation": 19.0, "slope": 4.85, "aspect": 294.7, "twi": 9.62, "ruggedness": 3.266}}, {"type": "Feature", "geometry": {"type": "Point", "coordinates": [121.036191, 14.597845]}, "properties": {"elevation": 24.0, "slope": 3.24, "aspect": 308.9, "twi": 10.02, "ruggedness": 2.539}}, {"type": "Feature", "geometry": {"type": "Point", "coordinates": [121.037033, 14.597845]}, "properties": {"elevation": 31.0, "slope": 7.13, "aspect": 224.8, "twi": 9.23, "ruggedness": 3.178}}, {"type": "Feature", "geometry": {"type": "Point", "coordinates": [121.037876, 14.597845]}, "properties": {"elevation": 33.0, "slope": 2.72, "aspect": 112.0, "twi": 10.2, "ruggedness": 2.266}}, {"type": "Feature", "geometry": {"type": "Point", "coordinates": [121.038718, 14.597845]}, "properties": {"elevation": 27.0, "slope": 4.38, "aspect": 46.0, "twi": 9.72, "ruggedness": 2.211}}, {"type": "Feature", "geometry": {"type": "Point", "coordinates": [121.039561, 14.597845]}, "properties": {"elevation": 24.0, "slope": 1.02, "aspect": -0.0, "twi": 11.18, "ruggedness": 0.831}}, {"type": "Feature", "geometry": {"type": "Point", "coordinates": [121.040403, 14.597845]}, "properties": {"elevation": 26.0, "slope": 2.39, "aspect": 211.8, "twi": 10.33, "ruggedness": 1.247}}, {"type": "Feature", "geometry": {"type": "Point", "coordinates": [121.041245, 14.597845]}, "properties": {"elevation": 29.0, "slope": 2.39, "aspect": 211.8, "twi": 10.33, "ruggedness": 1.155}}, {"type": "Feature", "geometry": {"type": "Point", "coordinates": [121.042088, 14.597845]}, "properties": {"elevation": 27.0, "slope": 2.15, "aspect": 118.3, "twi": 10.44, "ruggedness": 0.943}}, {"type": "Feature", "geometry": {"type": "Point", "coordinates": [121.04293, 14.597845]}, "properties": {"elevation": 27.0, "slope": 2.78, "aspect": 317.1, "twi": 10.18, "ruggedness": 1.563}}, {"type": "Feature", "geometry": {"type": "Point", "coordinates": [121.043773, 14.597845]}, "properties": {"elevation": 31.0, "slope": 4.85, "aspect": 231.1, "twi": 9.62, "ruggedness": 2.601}}, {"type": "Feature", "geometry": {"type": "Point", "coordinates": [121.044615, 14.597845]}, "properties": {"elevation": 35.0, "slope": 3.59, "aspect": 31.8, "twi": 9.92, "ruggedness": 1.707}}, {"type": "Feature", "geometry": {"type": "Point", "coordinates": [121.045458, 14.597845]}, "properties": {"elevation": 32.0, "slope": 2.72, "aspect": 248.0, "twi": 10.2, "ruggedness": 1.931}}, {"type": "Feature", "geometry": {"type": "Point", "coordinates": [121.0463, 14.597845]}, "properties": {"elevation": 36.0, "slope": 3.3, "aspect": 157.5, "twi": 10.01, "ruggedness": 1.812}}, {"type": "Feature", "geometry": {"type": "Point", "coordinates": [121.047142, 14.597845]}, "properties": {"elevation": 29.0, "slope": 3.31, "aspect": 107.9, "twi": 10.0, "ruggedness": 2.061}}, {"type": "Feature", "geometry": {"type": "Point", "coordinates": [121.047985, 14.597845]}, "properties": {"elevation": 36.0, "slope": 5.54, "aspect": 317.1, "twi": 9.48, "ruggedness": 3.091}}, {"type": "Feature", "geometry": {"type": "Point", "coordinates": [121.048827, 14.597845]}, "properties": {"elevation": 34.0, "slope": 7.52, "aspect": 199.5, "twi": 9.18, "ruggedness": 2.331}}, {"type": "Feature", "geometry": {"type": "Point", "coordinates": [121.04967, 14.597845]}, "properties": {"elevation": 32.0, "slope": 7.47, "aspect": 122.8, "twi": 9.18, "ruggedness": 4.246}}, {"type": "Feature", "geometry": {"type": "Point", "coordinates": [121.050512, 14.597845]}, "properties": {"elevation": 32.0, "slope": 4.29, "aspect": 241.7, "twi": 9.74, "ruggedness": 2.78}}, {"type": "Feature", "geometry": {"type": "Point", "coordinates": [121.051355, 14.597845]}, "properties": {"elevation": 35.0, "slope": 3.3, "aspect": 202.5, "twi": 10.01, "ruggedness": 2.315}}, {"type": "Feature", "geometry": {"type": "Point", "coordinates": [121.052197, 14.597845]}, "properties": {"elevation": 39.0, "slope": 2.72, "aspect": 292.0, "twi": 10.2, "ruggedness": 1.37}}, {"type": "Feature", "geometry": {"type": "Point", "coordinates": [121.053039, 14.597845]}, "properties": {"elevation": 44.0, "slope": 3.59, "aspect": 328.2, "twi": 9.92, "ruggedness": 1.563}}, {"type": "Feature", "geometry": {"type": "Point", "coordinates": [121.053882, 14.597845]}, "properties": {"elevation": 43.0, "slope": 3.05, "aspect": -0.0, "twi": 10.08, "ruggedness": 1.03}}, {"type": "Feature", "geometry": {"type": "Point", "coordinates": [121.054724, 14.597845]}, "properties": {"elevation": 46.0, "slope": 3.05, "aspect": 180.0, "twi": 10.08, "ruggedness": 1.7}}, {"type": "Feature", "geometry": {"type": "Point", "coordinates": [121.055567, 14.597845]}, "properties": {"elevation": 43.0, "slope": 4.25, "aspect": 197.2, "twi": 9.75, "ruggedness": 2.2}}, {"type": "Feature", "geometry": {"type": "Point", "coordinates": [121.056409, 14.597845]}, "properties": {"elevation": 47.0, "slope": 5.14, "aspect": 142.2, "twi": 9.56, "ruggedness": 2.539}}, {"type": "Feature", "geometry": {"type": "Point", "coordinates": [121.057252, 14.597845]}, "properties": {"elevation": 40.0, "slope": 3.05, "aspect": -0.0, "twi": 10.08, "ruggedness": 0.956}}, {"type": "Feature", "geometry": {"type": "Point", "coordinates": [121.058094, 14.597845]}, "properties": {"elevation": 42.0, "slope": 1.26, "aspect": 270.0, "twi": 10.97, "ruggedness": 0.831}}, {"type": "Feature", "geometry": {"type": "Point", "coordinates": [121.058936, 14.597845]}, "properties": {"elevation": 44.0, "slope": 3.3, "aspect": 337.5, "twi": 10.01, "ruggedness": 1.197}}, {"type": "Feature", "geometry": {"type": "Point", "coordinates": [121.059779, 14.597845]}, "properties": {"elevation": 46.0, "slope": 2.39, "aspect": 328.2, "twi": 10.33, "ruggedness": 1.563}}, {"type": "Feature", "geometry": {"type": "Point", "coordinates": [121.0185, 14.598355]}, "properties": {"elevation": 9.0, "slope": 1.26, "aspect": 90.0, "twi": 10.97, "ruggedness": 0.875}}, {"type": "Feature", "geometry": {"type": "Point", "coordinates": [121.019342, 14.598355]}, "properties": {"elevation": 8.0, "slope": 3.3, "aspect": 202.5, "twi": 10.01, "ruggedness": 1.548}}, {"type": "Feature", "geometry": {"type": "Point", "coordinates": [121.020185, 14.598355]}, "properties": {"elevation": 11.0, "slope": 1.02, "aspect": 180.0, "twi": 11.18, "ruggedness": 0.629}}, {"type": "Feature", "geometry": {"type": "Point", "coordinates": [121.021027, 14.598355]}, "properties": {"elevation": 10.0, "slope": 1.2, "aspect": 148.2, "twi": 11.02, "ruggedness": 0.497}}, {"type": "Feature", "geometry": {"type": "Point", "coordinates": [121.02187, 14.598355]}, "properties": {"elevation": 8.0, "slope": 0.63, "aspect": 270.0, "twi": 11.66, "ruggedness": 1.054}}, {"type": "Feature", "geometry": {"type": "Point", "coordinates": [121.022712, 14.598355]}, "properties": {"elevation": 8.0, "slope": 1.2, "aspect": 31.8, "twi": 11.02, "ruggedness": 0.831}}, {"type": "Feature", "geometry": {"type": "Point", "coordinates": [121.023555, 14.598355]}, "properties": {"elevation": 10.0, "slope": 2.78, "aspect": 42.9, "twi": 10.18, "ruggedness": 1.832}}, {"type": "Feature", "geometry": {"type": "Point", "coordinates": [121.024397, 14.598355]}, "properties": {"elevation": 6.0, "slope": 4.11, "aspect": 351.2, "twi": 9.78, "ruggedness": 1.414}}, {"type": "Feature", "geometry": {"type": "Point", "coordinates": [121.025239, 14.598355]}, "properties": {"elevation": 7.0, "slope": 1.2, "aspect": 148.2, "twi": 11.02, "ruggedness": 0.737}}, {"type": "Feature", "geometry": {"type": "Point", "coordinates": [121.026082, 14.598355]}, "properties": {"elevation": 8.0, "slope": 3.75, "aspect": 237.2, "twi": 9.88, "ruggedness": 1.685}}, {"type": "Feature", "geometry": {"type": "Point", "coordinates": [121.026924, 14.598355]}, "properties": {"elevation": 10.0, "slope": 2.15, "aspect": 118.3, "twi": 10.44, "ruggedness": 1.054}}, {"type": "Feature", "geometry": {"type": "Point", "coordinates": [121.027767, 14.598355]}, "properties": {"elevation": 7.0, "slope": 1.26, "aspect": 90.0, "twi": 10.97, "ruggedness": 0.994}}, {"type": "Feature", "geometry": {"type": "Point", "coordinates": [121.028609, 14.598355]}, "properties": {"elevation": 7.0, "slope": 3.92, "aspect": 255.0, "twi": 9.83, "ruggedness": 2.753}}, {"type": "Feature", "geometry": {"type": "Point", "coordinates": [121.029452, 14.598355]}, "properties": {"elevation": 22.0, "slope": 7.53, "aspect": 270.0, "twi": 9.18, "ruggedness": 4.764}}, {"type": "Feature", "geometry": {"type": "Point", "coordinates": [121.030294, 14.598355]}, "properties": {"elevation": 23.0, "slope": 7.15, "aspect": 31.8, "twi": 9.23, "ruggedness": 2.885}}, {"type": "Feature", "geometry": {"type": "Point", "coordinates": [121.031136, 14.598355]}, "properties": {"elevation": 14.0, "slope": 5.43, "aspect": 112.0, "twi": 9.51, "ruggedness": 3.326}}, {"type": "Feature", "geometry": {"type": "Point", "coordinates": [121.031979, 14.598355]}, "properties": {"elevation": 10.0, "slope": 1.2, "aspect": 31.8, "twi": 11.02, "ruggedness": 0.629}}, {"type": "Feature", "geometry": {"type": "Point", "coordinates": [121.032821, 14.598355]}, "properties": {"elevation": 10.0, "slope": 2.39, "aspect": 31.8, "twi": 10.33, "ruggedness": 1.931}}, {"type": "Feature", "geometry": {"type": "Point", "coordinates": [121.033664, 14.598355]}, "properties": {"elevation": 11.0, "slope": 7.15, "aspect": 211.8, "twi": 9.23, "ruggedness": 3.432}}, {"type": "Feature", "geometry": {"type": "Point", "coordinates": [121.034506, 14.598355]}, "properties": {"elevation": 14.0, "slope": 3.3, "aspect": 337.5, "twi": 10.01, "ruggedness": 1.066}}, {"type": "Feature", "geometry": {"type": "Point", "coordinates": [121.035348, 14.598355]}, "properties": {"elevation": 20.0, "slope": 6.6, "aspect": 252.1, "twi": 9.31, "ruggedness": 3.859}}, {"type": "Feature", "geometry": {"type": "Point", "coordinates": [121.036191, 14.598355]}, "properties": {"elevation": 27.0, "slope": 3.59, "aspect": 328.2, "twi": 9.92, "ruggedness": 2.362}}, {"type": "Feature", "geometry": {"type": "Point", "coordinates": [121.037033, 14.598355]}, "properties": {"elevation": 27.0, "slope": 2.78, "aspect": 42.9, "twi": 10.18, "ruggedness": 2.006}}, {"type": "Feature", "geometry": {"type": "Point", "coordinates": [121.037876, 14.598355]}, "properties": {"elevation": 28.0, "slope": 4.78, "aspect": 211.8, "twi": 9.63, "ruggedness": 2.183}}, {"type": "Feature", "geometry": {"type": "Point", "coordinates": [121.038718, 14.598355]}, "properties": {"elevation": 28.0, "slope": 2.78, "aspect": 137.1, "twi": 10.18, "ruggedness": 1.641}}, {"type": "Feature", "geometry": {"type": "Point", "coordinates": [121.039561, 14.598355]}, "properties": {"elevation": 24.0, "slope": 2.15, "aspect": 61.7, "twi": 10.44, "ruggedness": 1.054}}, {"type": "Feature", "geometry": {"type": "Point", "coordinates": [121.040403, 14.598355]}, "properties": {"elevation": 23.0, "slope": 1.62, "aspect": 231.1, "twi": 10.72, "ruggedness": 1.133}}, {"type": "Feature", "geometry": {"type": "Point", "coordinates": [121.041245, 14.598355]}, "properties": {"elevation": 25.0, "slope": 6.08, "aspect": 180.0, "twi": 9.39, "ruggedness": 2.108}}, {"type": "Feature", "geometry": {"type": "Point", "coordinates": [121.042088, 14.598355]}, "properties": {"elevation": 26.0, "slope": 3.31, "aspect": 252.1, "twi": 10.0, "ruggedness": 2.211}}, {"type": "Feature", "geometry": {"type": "Point", "coordinates": [121.04293, 14.598355]}, "properties": {"elevation": 28.0, "slope": 1.2, "aspect": 148.2, "twi": 11.02, "ruggedness": 0.916}}, {"type": "Feature", "geometry": {"type": "Point", "coordinates": [121.043773, 14.598355]}, "properties": {"elevation": 29.0, "slope": 4.38, "aspect": 226.0, "twi": 9.72, "ruggedness": 2.973}}, {"type": "Feature", "geometry": {"type": "Point", "coordinates": [121.044615, 14.598355]}, "properties": {"elevation": 34.0, "slope": 2.39, "aspect": 148.2, "twi": 10.33, "ruggedness": 2.183}}, {"type": "Feature", "geometry": {"type": "Point", "coordinates": [121.045458, 14.598355]}, "properties": {"elevation": 33.0, "slope": 3.11, "aspect": 348.3, "twi": 10.06, "ruggedness": 0.994}}, {"type": "Feature", "geometry": {"type": "Point", "coordinates": [121.0463, 14.598355]}, "properties": {"elevation": 32.0, "slope": 1.2, "aspect": 148.2, "twi": 11.02, "ruggedness": 0.916}}, {"type": "Feature", "geometry": {"type": "Point", "coordinates": [121.047142, 14.598355]}, "properties": {"elevation": 31.0, "slope": 5.11, "aspect": 352.9, "twi": 9.57, "ruggedness": 1.563}}, {"type": "Feature", "geometry": {"type": "Point", "coordinates": [121.047985, 14.598355]}, "properties": {"elevation": 35.0, "slope": 4.78, "aspect": 211.8, "twi": 9.63, "ruggedness": 2.043}}, {"type": "Feature", "geometry": {"type": "Point", "coordinates": [121.048827, 14.598355]}, "properties": {"elevation": 39.0, "slope": 14.02, "aspect": 354.9, "twi": 8.54, "ruggedness": 3.59}}, {"type": "Feature", "geometry": {"type": "Point", "coordinates": [121.04967, 14.598355]}, "properties": {"elevation": 28.0, "slope": 8.0, "aspect": 59.6, "twi": 9.11, "ruggedness": 4.962}}, {"type": "Feature", "geometry": {"type": "Point", "coordinates": [121.050512, 14.598355]}, "properties": {"elevation": 29.0, "slope": 3.24, "aspect": 231.1, "twi": 10.02, "ruggedness": 2.514}}, {"type": "Feature", "geometry": {"type": "Point", "coordinates": [121.051355, 14.598355]}, "properties": {"elevation": 37.0, "slope": 6.42, "aspect": 298.3, "twi": 9.34, "ruggedness": 3.095}}, {"type": "Feature", "geometry": {"type": "Point", "coordinates": [121.052197, 14.598355]}, "properties": {"elevation": 42.0, "slope": 1.2, "aspect": 211.8, "twi": 11.02, "ruggedness": 1.03}}, {"type": "Feature", "geometry": {"type": "Point", "coordinates": [121.053039, 14.598355]}, "properties": {"elevation": 44.0, "slope": 3.11, "aspect": 191.7, "twi": 10.06, "ruggedness": 1.414}}, {"type": "Feature", "geometry": {"type": "Point", "coordinates": [121.053882, 14.598355]}, "properties": {"elevation": 44.0, "slope": 3.05, "aspect": 180.0, "twi": 10.08, "ruggedness": 0.994}}, {"type": "Feature", "geometry": {"type": "Point", "coordinates": [121.054724, 14.598355]}, "properties": {"elevation": 44.0, "slope": 1.62, "aspect": 128.9, "twi": 10.72, "ruggedness": 1.054}}, {"type": "Feature", "geometry": {"type": "Point", "coordinates": [121.055567, 14.598355]}, "properties": {"elevation": 40.0, "slope": 1.02, "aspect": -0.0, "twi": 11.18, "ruggedness": 1.165}}, {"type": "Feature", "geometry": {"type": "Point", "coordinates": [121.056409, 14.598355]}, "properties": {"elevation": 42.0, "slope": 2.72, "aspect": 248.0, "twi": 10.2, "ruggedness": 1.663}}, {"type": "Feature", "geometry": {"type": "Point", "coordinates": [121.057252, 14.598355]}, "properties": {"elevation": 46.0, "slope": 5.11, "aspect": 7.1, "twi": 9.57, "ruggedness": 2.043}}, {"type": "Feature", "geometry": {"type": "Point", "coordinates": [121.058094, 14.598355]}, "properties": {"elevation": 44.0, "slope": 2.03, "aspect": -0.0, "twi": 10.49, "ruggedness": 1.286}}, {"type": "Feature", "geometry": {"type": "Point", "coordinates": [121.058936, 14.598355]}, "properties": {"elevation": 47.0, "slope": 0.63, "aspect": 270.0, "twi": 11.66, "ruggedness": 0.994}}, {"type": "Feature", "geometry": {"type": "Point", "coordinates": [121.059779, 14.598355]}, "properties": {"elevation": 47.0, "slope": 5.14, "aspect": 258.6, "twi": 9.56, "ruggedness": 2.936}}, {"type": "Feature", "geometry": {"type": "Point", "coordinates": [121.0185, 14.598864]}, "properties": {"elevation": 8.0, "slope": 0.0, "aspect": -0.0, "twi": 14.06, "ruggedness": 0.943}}, {"type": "Feature", "geometry": {"type": "Point", "coordinates": [121.019342, 14.598864]}, "properties": {"elevation": 8.0, "slope": 3.3, "aspect": 337.5, "twi": 10.01, "ruggedness": 1.474}}, {"type": "Feature", "geometry": {"type": "Point", "coordinates": [121.020185, 14.598864]}, "properties": {"elevation": 9.0, "slope": 2.15, "aspect": 118.3, "twi": 10.44, "ruggedness": 1.155}}, {"type": "Feature", "geometry": {"type": "Point", "coordinates": [121.021027, 14.598864]}, "properties": {"elevation": 9.0, "slope": 1.89, "aspect": 270.0, "twi": 10.56, "ruggedness": 1.197}}, {"type": "Feature", "geometry": {"type": "Point", "coordinates": [121.02187, 14.598864]}, "properties": {"elevation": 8.0, "slope": 1.2, "aspect": 31.8, "twi": 11.02, "ruggedness": 1.1}}, {"type": "Feature", "geometry": {"type": "Point", "coordinates": [121.022712, 14.598864]}, "properties": {"elevation": 11.0, "slope": 1.2, "aspect": 31.8, "twi": 11.02, "ruggedness": 1.1}}, {"type": "Feature", "geometry": {"type": "Point", "coordinates": [121.023555, 14.598864]}, "properties": {"elevation": 10.0, "slope": 5.11, "aspect": 187.1, "twi": 9.57, "ruggedness": 1.499}}, {"type": "Feature", "geometry": {"type": "Point", "coordinates": [121.024397, 14.598864]}, "properties": {"elevation": 6.0, "slope": 1.62, "aspect": 128.9, "twi": 10.72, "ruggedness": 1.03}}, {"type": "Feature", "geometry": {"type": "Point", "coordinates": [121.025239, 14.598864]}, "properties": {"elevation": 8.0, "slope": 0.63, "aspect": 270.0, "twi": 11.66, "ruggedness": 1.165}}, {"type": "Feature", "geometry": {"type": "Point", "coordinates": [121.026082, 14.598864]}, "properties": {"elevation": 6.0, "slope": 3.96, "aspect": 39.6, "twi": 9.82, "ruggedness": 1.853}}, {"type": "Feature", "geometry": {"type": "Point", "coordinates": [121.026924, 14.598864]}, "properties": {"elevation": 5.0, "slope": 5.14, "aspect": 217.8, "twi": 9.56, "ruggedness": 2.096}}, {"type": "Feature", "geometry": {"type": "Point", "coordinates": [121.027767, 14.598864]}, "properties": {"elevation": 10.0, "slope": 9.08, "aspect": -0.0, "twi": 8.99, "ruggedness": 2.998}}, {"type": "Feature", "geometry": {"type": "Point", "coordinates": [121.028609, 14.598864]}, "properties": {"elevation": 9.0, "slope": 4.25, "aspect": 342.8, "twi": 9.75, "ruggedness": 2.529}}, {"type": "Feature", "geometry": {"type": "Point", "coordinates": [121.029452, 14.598864]}, "properties": {"elevation": 17.0, "slope": 8.06, "aspect": 231.1, "twi": 9.11, "ruggedness": 4.34}}, {"type": "Feature", "geometry": {"type": "Point", "coordinates": [121.030294, 14.598864]}, "properties": {"elevation": 22.0, "slope": 6.58, "aspect": 157.5, "twi": 9.31, "ruggedness": 2.944}}, {"type": "Feature", "geometry": {"type": "Point", "coordinates": [121.031136, 14.598864]}, "properties": {"elevation": 13.0, "slope": 4.53, "aspect": 77.0, "twi": 9.69, "ruggedness": 3.326}}, {"type": "Feature", "geometry": {"type": "Point", "coordinates": [121.031979, 14.598864]}, "properties": {"elevation": 12.0, "slope": 2.78, "aspect": 317.1, "twi": 10.18, "ruggedness": 1.423}}, {"type": "Feature", "geometry": {"type": "Point", "coordinates": [121.032821, 14.598864]}, "properties": {"elevation": 12.0, "slope": 3.96, "aspect": 39.6, "twi": 9.82, "ruggedness": 2.793}}, {"type": "Feature", "geometry": {"type": "Point", "coordinates": [121.033664, 14.598864]}, "properties": {"elevation": 12.0, "slope": 6.71, "aspect": 319.0, "twi": 9.29, "ruggedness": 3.562}}, {"type": "Feature", "geometry": {"type": "Point", "coordinates": [121.034506, 14.598864]}, "properties": {"elevation": 18.0, "slope": 0.0, "aspect": -0.0, "twi": 14.06, "ruggedness": 0.737}}, {"type": "Feature", "geometry": {"type": "Point", "coordinates": [121.035348, 14.598864]}, "properties": {"elevation": 17.0, "slope": 2.72, "aspect": 248.0, "twi": 10.2, "ruggedness": 1.931}}, {"type": "Feature", "geometry": {"type": "Point", "coordinates": [121.036191, 14.598864]}, "properties": {"elevation": 27.0, "slope": 7.54, "aspect": 246.3, "twi": 9.17, "ruggedness": 4.565}}, {"type": "Feature", "geometry": {"type": "Point", "coordinates": [121.037033, 14.598864]}, "properties": {"elevation": 29.0, "slope": 4.29, "aspect": 118.3, "twi": 9.74, "ruggedness": 2.74}}, {"type": "Feature", "geometry": {"type": "Point", "coordinates": [121.037876, 14.598864]}, "properties": {"elevation": 26.0, "slope": 2.13, "aspect": 197.2, "twi": 10.44, "ruggedness": 1.165}}, {"type": "Feature", "geometry": {"type": "Point", "coordinates": [121.038718, 14.598864]}, "properties": {"elevation": 25.0, "slope": 1.62, "aspect": 128.9, "twi": 10.72, "ruggedness": 0.956}}, {"type": "Feature", "geometry": {"type": "Point", "coordinates": [121.039561, 14.598864]}, "properties": {"elevation": 25.0, "slope": 2.72, "aspect": 248.0, "twi": 10.2, "ruggedness": 1.286}}, {"type": "Feature", "geometry": {"type": "Point", "coordinates": [121.040403, 14.598864]}, "properties": {"elevation": 23.0, "slope": 3.78, "aspect": 90.0, "twi": 9.87, "ruggedness": 1.872}}, {"type": "Feature", "geometry": {"type": "Point", "coordinates": [121.041245, 14.598864]}, "properties": {"elevation": 21.0, "slope": 1.2, "aspect": 328.2, "twi": 11.02, "ruggedness": 0.629}}, {"type": "Feature", "geometry": {"type": "Point", "coordinates": [121.042088, 14.598864]}, "properties": {"elevation": 25.0, "slope": 3.31, "aspect": 252.1, "twi": 10.0, "ruggedness": 2.331}}, {"type": "Feature", "geometry": {"type": "Point", "coordinates": [121.04293, 14.598864]}, "properties": {"elevation": 27.0, "slope": 1.2, "aspect": 211.8, "twi": 11.02, "ruggedness": 1.333}}, {"type": "Feature", "geometry": {"type": "Point", "coordinates": [121.043773, 14.598864]}, "properties": {"elevation": 27.0, "slope": 3.11, "aspect": 11.7, "twi": 10.06, "ruggedness": 1.423}}, {"type": "Feature", "geometry": {"type": "Point", "coordinates": [121.044615, 14.598864]}, "properties": {"elevation": 34.0, "slope": 6.96, "aspect": 305.6, "twi": 9.26, "ruggedness": 3.197}}, {"type": "Feature", "geometry": {"type": "Point", "coordinates": [121.045458, 14.598864]}, "properties": {"elevation": 36.0, "slope": 1.89, "aspect": 90.0, "twi": 10.56, "ruggedness": 1.133}}, {"type": "Feature", "geometry": {"type": "Point", "coordinates": [121.0463, 14.598864]}, "properties": {"elevation": 33.0, "slope": 1.2, "aspect": 211.8, "twi": 11.02, "ruggedness": 0.831}}, {"type": "Feature", "geometry": {"type": "Point", "coordinates": [121.047142, 14.598864]}, "properties": {"elevation": 34.0, "slope": 0.63, "aspect": 90.0, "twi": 11.66, "ruggedness": 0.471}}, {"type": "Feature", "geometry": {"type": "Point", "coordinates": [121.047985, 14.598864]}, "properties": {"elevation": 32.0, "slope": 1.62, "aspect": 308.9, "twi": 10.72, "ruggedness": 1.499}}, {"type": "Feature", "geometry": {"type": "Point", "coordinates": [121.048827, 14.598864]}, "properties": {"elevation": 44.0, "slope": 6.58, "aspect": 202.5, "twi": 9.31, "ruggedness": 3.266}}, {"type": "Feature", "geometry": {"type": "Point", "coordinates": [121.04967, 14.598864]}, "properties": {"elevation": 35.0, "slope": 7.13, "aspect": 44.8, "twi": 9.23, "ruggedness": 4.254}}, {"type": "Feature", "geometry": {"type": "Point", "coordinates": [121.050512, 14.598864]}, "properties": {"elevation": 33.0, "slope": 6.84, "aspect": 332.7, "twi": 9.27, "ruggedness": 3.685}}, {"type": "Feature", "geometry": {"type": "Point", "coordinates": [121.051355, 14.598864]}, "properties": {"elevation": 39.0, "slope": 2.15, "aspect": 298.3, "twi": 10.44, "ruggedness": 1.571}}, {"type": "Feature", "geometry": {"type": "Point", "coordinates": [121.052197, 14.598864]}, "properties": {"elevation": 39.0, "slope": 1.02, "aspect": -0.0, "twi": 11.18, "ruggedness": 0.471}}, {"type": "Feature", "geometry": {"type": "Point", "coordinates": [121.053039, 14.598864]}, "properties": {"elevation": 41.0, "slope": 1.62, "aspect": 231.1, "twi": 10.72, "ruggedness": 0.875}}, {"type": "Feature", "geometry": {"type": "Point", "coordinates": [121.053882, 14.598864]}, "properties": {"elevation": 41.0, "slope": 1.2, "aspect": 31.8, "twi": 11.02, "ruggedness": 0.629}}, {"type": "Feature", "geometry": {"type": "Point", "coordinates": [121.054724, 14.598864]}, "properties": {"elevation": 44.0, "slope": 1.62, "aspect": 308.9, "twi": 10.72, "ruggedness": 0.943}}, {"type": "Feature", "geometry": {"type": "Point", "coordinates": [121.055567, 14.598864]}, "properties": {"elevation": 42.0, "slope": 1.02, "aspect": 180.0, "twi": 11.18, "ruggedness": 1.247}}, {"type": "Feature", "geometry": {"type": "Point", "coordinates": [121.056409, 14.598864]}, "properties": {"elevation": 45.0, "slope": 3.96, "aspect": 320.4, "twi": 9.82, "ruggedness": 1.826}}, {"type": "Feature", "geometry": {"type": "Point", "coordinates": [121.057252, 14.598864]}, "properties": {"elevation": 47.0, "slope": 1.02, "aspect": 180.0, "twi": 11.18, "ruggedness": 0.816}}, {"type": "Feature", "geometry": {"type": "Point", "coordinates": [121.058094, 14.598864]}, "properties": {"elevation": 44.0, "slope": 4.48, "aspect": 155.1, "twi": 9.7, "ruggedness": 1.707}}, {"type": "Feature", "geometry": {"type": "Point", "coordinates": [121.058936, 14.598864]}, "properties": {"elevation": 46.0, "slope": 1.02, "aspect": -0.0, "twi": 11.18, "ruggedness": 1.227}}, {"type": "Feature", "geometry": {"type": "Point", "coordinates": [121.059779, 14.598864]}, "properties": {"elevation": 47.0, "slope": 5.43, "aspect": 292.0, "twi": 9.51, "ruggedness": 2.828}}, {"type": "Feature", "geometry": {"type": "Point", "coordinates": [121.0185, 14.599373]}, "properties": {"elevation": 9.0, "slope": 3.24, "aspect": 308.9, "twi": 10.02, "ruggedness": 1.247}}, {"type": "Feature", "geometry": {"type": "Point", "coordinates": [121.019342, 14.599373]}, "properties": {"elevation": 11.0, "slope": 2.13, "aspect": 17.2, "twi": 10.44, "ruggedness": 0.786}}, {"type": "Feature", "geometry": {"type": "Point", "coordinates": [121.020185, 14.599373]}, "properties": {"elevation": 8.0, "slope": 0.63, "aspect": 90.0, "twi": 11.66, "ruggedness": 1.133}}, {"type": "Feature", "geometry": {"type": "Point", "coordinates": [121.021027, 14.599373]}, "properties": {"elevation": 10.0, "slope": 2.39, "aspect": 328.2, "twi": 10.33, "ruggedness": 1.286}}, {"type": "Feature", "geometry": {"type": "Point", "coordinates": [121.02187, 14.599373]}, "properties": {"elevation": 9.0, "slope": 1.62, "aspect": 51.1, "twi": 10.72, "ruggedness": 1.066}}, {"type": "Feature", "geometry": {"type": "Point", "coordinates": [121.022712, 14.599373]}, "properties": {"elevation": 11.0, "slope": 1.62, "aspect": 51.1, "twi": 10.72, "ruggedness": 1.414}}, {"type": "Feature", "geometry": {"type": "Point", "coordinates": [121.023555, 14.599373]}, "properties": {"elevation": 6.0, "slope": 0.0, "aspect": -0.0, "twi": 14.06, "ruggedness": 0.567}}, {"type": "Feature", "geometry": {"type": "Point", "coordinates": [121.024397, 14.599373]}, "properties": {"elevation": 4.0, "slope": 3.11, "aspect": 168.3, "twi": 10.06, "ruggedness": 1.449}}, {"type": "Feature", "geometry": {"type": "Point", "coordinates": [121.025239, 14.599373]}, "properties": {"elevation": 8.0, "slope": 3.75, "aspect": 302.8, "twi": 9.88, "ruggedness": 2.16}}, {"type": "Feature", "geometry": {"type": "Point", "coordinates": [121.026082, 14.599373]}, "properties": {"elevation": 14.0, "slope": 6.37, "aspect": 17.2, "twi": 9.35, "ruggedness": 2.906}}, {"type": "Feature", "geometry": {"type": "Point", "coordinates": [121.026924, 14.599373]}, "properties": {"elevation": 6.0, "slope": 2.78, "aspect": 317.1, "twi": 10.18, "ruggedness": 2.266}}, {"type": "Feature", "geometry": {"type": "Point", "coordinates": [121.027767, 14.599373]}, "properties": {"elevation": 18.0, "slope": 4.85, "aspect": 294.7, "twi": 9.62, "ruggedness": 3.559}}, {"type": "Feature", "geometry": {"type": "Point", "coordinates": [121.028609, 14.599373]}, "properties": {"elevation": 13.0, "slope": 3.24, "aspect": 51.1, "twi": 10.02, "ruggedness": 2.233}}, {"type": "Feature", "geometry": {"type": "Point", "coordinates": [121.029452, 14.599373]}, "properties": {"elevation": 13.0, "slope": 3.05, "aspect": 180.0, "twi": 10.08, "ruggedness": 1.397}}, {"type": "Feature", "geometry": {"type": "Point", "coordinates": [121.030294, 14.599373]}, "properties": {"elevation": 18.0, "slope": 3.96, "aspect": 219.6, "twi": 9.82, "ruggedness": 1.95}}, {"type": "Feature", "geometry": {"type": "Point", "coordinates": [121.031136, 14.599373]}, "properties": {"elevation": 14.0, "slope": 3.78, "aspect": 90.0, "twi": 9.87, "ruggedness": 2.439}}, {"type": "Feature", "geometry": {"type": "Point", "coordinates": [121.031979, 14.599373]}, "properties": {"elevation": 13.0, "slope": 2.15, "aspect": 298.3, "twi": 10.44, "ruggedness": 1.832}}, {"type": "Feature", "geometry": {"type": "Point", "coordinates": [121.032821, 14.599373]}, "properties": {"elevation": 16.0, "slope": 4.11, "aspect": 351.2, "twi": 9.78, "ruggedness": 1.728}}, {"type": "Feature", "geometry": {"type": "Point", "coordinates": [121.033664, 14.599373]}, "properties": {"elevation": 16.0, "slope": 4.11, "aspect": 8.8, "twi": 9.78, "ruggedness": 1.633}}, {"type": "Feature", "geometry": {"type": "Point", "coordinates": [121.034506, 14.599373]}, "properties": {"elevation": 15.0, "slope": 1.26, "aspect": 270.0, "twi": 10.97, "ruggedness": 0.916}}, {"type": "Feature", "geometry": {"type": "Point", "coordinates": [121.035348, 14.599373]}, "properties": {"elevation": 18.0, "slope": 3.11, "aspect": 348.3, "twi": 10.06, "ruggedness": 1.449}}, {"type": "Feature", "geometry": {"type": "Point", "coordinates": [121.036191, 14.599373]}, "properties": {"elevation": 22.0, "slope": 6.46, "aspect": 231.1, "twi": 9.33, "ruggedness": 3.725}}, {"type": "Feature", "geometry": {"type": "Point", "coordinates": [121.037033, 14.599373]}, "properties": {"elevation": 25.0, "slope": 2.78, "aspect": 137.1, "twi": 10.18, "ruggedness": 2.055}}, {"type": "Feature", "geometry": {"type": "Point", "coordinates": [121.037876, 14.599373]}, "properties": {"elevation": 25.0, "slope": 2.15, "aspect": 298.3, "twi": 10.44, "ruggedness": 1.133}}, {"type": "Feature", "geometry": {"type": "Point", "coordinates": [121.038718, 14.599373]}, "properties": {"elevation": 26.0, "slope": 2.13, "aspect": 17.2, "twi": 10.44, "ruggedness": 0.831}}, {"type": "Feature", "geometry": {"type": "Point", "coordinates": [121.039561, 14.599373]}, "properties": {"elevation": 24.0, "slope": 2.13, "aspect": 162.8, "twi": 10.44, "ruggedness": 1.227}}, {"type": "Feature", "geometry": {"type": "Point", "coordinates": [121.040403, 14.599373]}, "properties": {"elevation": 22.0, "slope": 1.26, "aspect": 90.0, "twi": 10.97, "ruggedness": 1.333}}, {"type": "Feature", "geometry": {"type": "Point", "coordinates": [121.041245, 14.599373]}, "properties": {"elevation": 24.0, "slope": 0.0, "aspect": -0.0, "twi": 14.06, "ruggedness": 0.831}}, {"type": "Feature", "geometry": {"type": "Point", "coordinates": [121.042088, 14.599373]}, "properties": {"elevation": 25.0, "slope": 3.31, "aspect": 252.1, "twi": 10.0, "ruggedness": 1.826}}, {"type": "Feature", "geometry": {"type": "Point", "coordinates": [121.04293, 14.599373]}, "properties": {"elevation": 26.0, "slope": 2.78, "aspect": 317.1, "twi": 10.18, "ruggedness": 1.764}}, {"type": "Feature", "geometry": {"type": "Point", "coordinates": [121.043773, 14.599373]}, "properties": {"elevation": 30.0, "slope": 0.63, "aspect": 270.0, "twi": 11.66, "ruggedness": 0.567}}, {"type": "Feature", "geometry": {"type": "Point", "coordinates": [121.044615, 14.599373]}, "properties": {"elevation": 34.0, "slope": 5.41, "aspect": 200.4, "twi": 9.51, "ruggedness": 2.283}}, {"type": "Feature", "geometry": {"type": "Point", "coordinates": [121.045458, 14.599373]}, "properties": {"elevation": 35.0, "slope": 1.02, "aspect": 180.0, "twi": 11.18, "ruggedness": 0.737}}, {"type": "Feature", "geometry": {"type": "Point", "coordinates": [121.0463, 14.599373]}, "properties": {"elevation": 30.0, "slope": 3.3, "aspect": 157.5, "twi": 10.01, "ruggedness": 1.826}}, {"type": "Feature", "geometry": {"type": "Point", "coordinates": [121.047142, 14.599373]}, "properties": {"elevation": 35.0, "slope": 2.72, "aspect": 292.0, "twi": 10.2, "ruggedness": 1.826}}, {"type": "Feature", "geometry": {"type": "Point", "coordinates": [121.047985, 14.599373]}, "properties": {"elevation": 35.0, "slope": 2.03, "aspect": -0.0, "twi": 10.49, "ruggedness": 0.956}}, {"type": "Feature", "geometry": {"type": "Point", "coordinates": [121.048827, 14.599373]}, "properties": {"elevation": 38.0, "slope": 2.13, "aspect": 197.2, "twi": 10.44, "ruggedness": 1.165}}, {"type": "Feature", "geometry": {"type": "Point", "coordinates": [121.04967, 14.599373]}, "properties": {"elevation": 36.0, "slope": 1.2, "aspect": 148.2, "twi": 11.02, "ruggedness": 0.685}}, {"type": "Feature", "geometry": {"type": "Point", "coordinates": [121.050512, 14.599373]}, "properties": {"elevation": 36.0, "slope": 1.26, "aspect": 270.0, "twi": 10.97, "ruggedness": 1.165}}, {"type": "Feature", "geometry": {"type": "Point", "coordinates": [121.051355, 14.599373]}, "properties": {"elevation": 39.0, "slope": 1.89, "aspect": 270.0, "twi": 10.56, "ruggedness": 1.133}}, {"type": "Feature", "geometry": {"type": "Point", "coordinates": [121.052197, 14.599373]}, "properties": {"elevation": 42.0, "slope": 1.02, "aspect": -0.0, "twi": 11.18, "ruggedness": 0.737}}, {"type": "Feature", "geometry": {"type": "Point", "coordinates": [121.053039, 14.599373]}, "properties": {"elevation": 42.0, "slope": 2.39, "aspect": 328.2, "twi": 10.33, "ruggedness": 0.916}}, {"type": "Feature", "geometry": {"type": "Point", "coordinates": [121.053882, 14.599373]}, "properties": {"elevation": 42.0, "slope": 1.02, "aspect": 180.0, "twi": 11.18, "ruggedness": 0.667}}, {"type": "Feature", "geometry": {"type": "Point", "coordinates": [121.054724, 14.599373]}, "properties": {"elevation": 45.0, "slope": 1.2, "aspect": 328.2, "twi": 11.02, "ruggedness": 0.816}}, {"type": "Feature", "geometry": {"type": "Point", "coordinates": [121.055567, 14.599373]}, "properties": {"elevation": 42.0, "slope": 2.39, "aspect": 328.2, "twi": 10.33, "ruggedness": 1.523}}, {"type": "Feature", "geometry": {"type": "Point", "coordinates": [121.056409, 14.599373]}, "properties": {"elevation": 47.0, "slope": 1.2, "aspect": 31.8, "twi": 11.02, "ruggedness": 0.943}}, {"type": "Feature", "geometry": {"type": "Point", "coordinates": [121.057252, 14.599373]}, "properties": {"elevation": 45.0, "slope": 4.11, "aspect": 171.2, "twi": 9.78, "ruggedness": 1.247}}, {"type": "Feature", "geometry": {"type": "Point", "coordinates": [121.058094, 14.599373]}, "properties": {"elevation": 43.0, "slope": 4.11, "aspect": 351.2, "twi": 9.78, "ruggedness": 1.595}}, {"type": "Feature", "geometry": {"type": "Point", "coordinates": [121.058936, 14.599373]}, "properties": {"elevation": 50.0, "slope": 3.59, "aspect": 328.2, "twi": 9.92, "ruggedness": 1.95}}, {"type": "Feature", "geometry": {"type": "Point", "coordinates": [121.059779, 14.599373]}, "properties": {"elevation": 47.0, "slope": 1.2, "aspect": 148.2, "twi": 11.02, "ruggedness": 1.397}}, {"type": "Feature", "geometry": {"type": "Point", "coordinates": [121.0185, 14.599882]}, "properties": {"elevation": 11.0, "slope": 2.39, "aspect": 328.2, "twi": 10.33, "ruggedness": 0.786}}, {"type": "Feature", "geometry": {"type": "Point", "coordinates": [121.019342, 14.599882]}, "properties": {"elevation": 11.0, "slope": 3.11, "aspect": 168.3, "twi": 10.06, "ruggedness": 0.943}}, {"type": "Feature", "geometry": {"type": "Point", "coordinates": [121.020185, 14.599882]}, "properties": {"elevation": 10.0, "slope": 1.62, "aspect": 51.1, "twi": 10.72, "ruggedness": 0.916}}, {"type": "Feature", "geometry": {"type": "Point", "coordinates": [121.021027, 14.599882]}, "properties": {"elevation": 10.0, "slope": 4.11, "aspect": 188.8, "twi": 9.78, "ruggedness": 1.257}}, {"type": "Feature", "geometry": {"type": "Point", "coordinates": [121.02187, 14.599882]}, "properties": {"elevation": 8.0, "slope": 1.26, "aspect": 90.0, "twi": 10.97, "ruggedness": 1.1}}, {"type": "Feature", "geometry": {"type": "Point", "coordinates": [121.022712, 14.599882]}, "properties": {"elevation": 10.0, "slope": 3.05, "aspect": 180.0, "twi": 10.08, "ruggedness": 1.155}}, {"type": "Feature", "geometry": {"type": "Point", "coordinates": [121.023555, 14.599882]}, "properties": {"elevation": 9.0, "slope": 3.05, "aspect": -0.0, "twi": 10.08, "ruggedness": 0.916}}, {"type": "Feature", "geometry": {"type": "Point", "coordinates": [121.024397, 14.599882]}, "properties": {"elevation": 3.0, "slope": 2.13, "aspect": 17.2, "twi": 10.44, "ruggedness": 1.826}}, {"type": "Feature", "geometry": {"type": "Point", "coordinates": [121.025239, 14.599882]}, "properties": {"elevation": 11.0, "slope": 4.85, "aspect": 308.9, "twi": 9.62, "ruggedness": 2.514}}, {"type": "Feature", "geometry": {"type": "Point", "coordinates": [121.026082, 14.599882]}, "properties": {"elevation": 15.0, "slope": 3.31, "aspect": 107.9, "twi": 10.0, "ruggedness": 2.828}}, {"type": "Feature", "geometry": {"type": "Point", "coordinates": [121.026924, 14.599882]}, "properties": {"elevation": 5.0, "slope": 1.62, "aspect": 231.1, "twi": 10.72, "ruggedness": 2.131}}, {"type": "Feature", "geometry": {"type": "Point", "coordinates": [121.027767, 14.599882]}, "properties": {"elevation": 17.0, "slope": 4.85, "aspect": 245.3, "twi": 9.62, "ruggedness": 3.224}}, {"type": "Feature", "geometry": {"type": "Point", "coordinates": [121.028609, 14.599882]}, "properties": {"elevation": 14.0, "slope": 3.24, "aspect": 51.1, "twi": 10.02, "ruggedness": 1.728}}, {"type": "Feature", "geometry": {"type": "Point", "coordinates": [121.029452, 14.599882]}, "properties": {"elevation": 13.0, "slope": 4.11, "aspect": 351.2, "twi": 9.78, "ruggedness": 1.227}}, {"type": "Feature", "geometry": {"type": "Point", "coordinates": [121.030294, 14.599882]}, "properties": {"elevation": 15.0, "slope": 2.13, "aspect": 162.8, "twi": 10.44, "ruggedness": 1.197}}, {"type": "Feature", "geometry": {"type": "Point", "coordinates": [121.031136, 14.599882]}, "properties": {"elevation": 12.0, "slope": 2.03, "aspect": 180.0, "twi": 10.49, "ruggedness": 1.133}}, {"type": "Feature", "geometry": {"type": "Point", "coordinates": [121.031979, 14.599882]}, "properties": {"elevation": 15.0, "slope": 4.29, "aspect": 298.3, "twi": 9.74, "ruggedness": 2.347}}, {"type": "Feature", "geometry": {"type": "Point", "coordinates": [121.032821, 14.599882]}, "properties": {"elevation": 20.0, "slope": 2.13, "aspect": 342.8, "twi": 10.44, "ruggedness": 0.994}}, {"type": "Feature", "geometry": {"type": "Point", "coordinates": [121.033664, 14.599882]}, "properties": {"elevation": 22.0, "slope": 3.11, "aspect": 348.3, "twi": 10.06, "ruggedness": 1.812}}, {"type": "Feature", "geometry": {"type": "Point", "coordinates": [121.034506, 14.599882]}, "properties": {"elevation": 19.0, "slope": 6.21, "aspect": 11.7, "twi": 9.37, "ruggedness": 2.309}}, {"type": "Feature", "geometry": {"type": "Point", "coordinates": [121.035348, 14.599882]}, "properties": {"elevation": 21.0, "slope": 4.78, "aspect": 328.2, "twi": 9.63, "ruggedness": 2.362}}, {"type": "Feature", "geometry": {"type": "Point", "coordinates": [121.036191, 14.599882]}, "properties": {"elevation": 22.0, "slope": 3.59, "aspect": 328.2, "twi": 9.92, "ruggedness": 2.131}}, {"type": "Feature", "geometry": {"type": "Point", "coordinates": [121.037033, 14.599882]}, "properties": {"elevation": 27.0, "slope": 3.05, "aspect": -0.0, "twi": 10.08, "ruggedness": 1.197}}, {"type": "Feature", "geometry": {"type": "Point", "coordinates": [121.037876, 14.599882]}, "properties": {"elevation": 25.0, "slope": 1.2, "aspect": 148.2, "twi": 11.02, "ruggedness": 0.916}}, {"type": "Feature", "geometry": {"type": "Point", "coordinates": [121.038718, 14.599882]}, "properties": {"elevation": 26.0, "slope": 1.2, "aspect": 211.8, "twi": 11.02, "ruggedness": 0.831}}, {"type": "Feature", "geometry": {"type": "Point", "coordinates": [121.039561, 14.599882]}, "properties": {"elevation": 22.0, "slope": 1.89, "aspect": 90.0, "twi": 10.56, "ruggedness": 1.563}}, {"type": "Feature", "geometry": {"type": "Point", "coordinates": [121.040403, 14.599882]}, "properties": {"elevation": 24.0, "slope": 1.02, "aspect": -0.0, "twi": 11.18, "ruggedness": 1.054}}, {"type": "Feature", "geometry": {"type": "Point", "coordinates": [121.041245, 14.599882]}, "properties": {"elevation": 23.0, "slope": 1.02, "aspect": -0.0, "twi": 11.18, "ruggedness": 1.054}}, {"type": "Feature", "geometry": {"type": "Point", "coordinates": [121.042088, 14.599882]}, "properties": {"elevation": 23.0, "slope": 2.39, "aspect": 211.8, "twi": 10.33, "ruggedness": 1.257}}, {"type": "Feature", "geometry": {"type": "Point", "coordinates": [121.04293, 14.599882]}, "properties": {"elevation": 27.0, "slope": 3.24, "aspect": 231.1, "twi": 10.02, "ruggedness": 1.912}}, {"type": "Feature", "geometry": {"type": "Point", "coordinates": [121.043773, 14.599882]}, "properties": {"elevation": 30.0, "slope": 1.2, "aspect": 148.2, "twi": 11.02, "ruggedness": 0.667}}, {"type": "Feature", "geometry": {"type": "Point", "coordinates": [121.044615, 14.599882]}, "properties": {"elevation": 31.0, "slope": 3.75, "aspect": 237.2, "twi": 9.88, "ruggedness": 1.663}}, {"type": "Feature", "geometry": {"type": "Point", "coordinates": [121.045458, 14.599882]}, "properties": {"elevation": 34.0, "slope": 1.2, "aspect": 211.8, "twi": 11.02, "ruggedness": 0.831}}, {"type": "Feature", "geometry": {"type": "Point", "coordinates": [121.0463, 14.599882]}, "properties": {"elevation": 30.0, "slope": 3.96, "aspect": 39.6, "twi": 9.82, "ruggedness": 1.95}}, {"type": "Feature", "geometry": {"type": "Point", "coordinates": [121.047142, 14.599882]}, "properties": {"elevation": 34.0, "slope": 4.29, "aspect": 241.7, "twi": 9.74, "ruggedness": 2.409}}, {"type": "Feature", "geometry": {"type": "Point", "coordinates": [121.047985, 14.599882]}, "properties": {"elevation": 36.0, "slope": 0.63, "aspect": 270.0, "twi": 11.66, "ruggedness": 0.416}}, {"type": "Feature", "geometry": {"type": "Point", "coordinates": [121.048827, 14.599882]}, "properties": {"elevation": 38.0, "slope": 2.13, "aspect": 162.8, "twi": 10.44, "ruggedness": 0.943}}, {"type": "Feature", "geometry": {"type": "Point", "coordinates": [121.04967, 14.599882]}, "properties": {"elevation": 35.0, "slope": 2.13, "aspect": 162.8, "twi": 10.44, "ruggedness": 1.133}}, {"type": "Feature", "geometry": {"type": "Point", "coordinates": [121.050512, 14.599882]}, "properties": {"elevation": 34.0, "slope": 3.3, "aspect": 202.5, "twi": 10.01, "ruggedness": 1.872}}, {"type": "Feature", "geometry": {"type": "Point", "coordinates": [121.051355, 14.599882]}, "properties": {"elevation": 39.0, "slope": 2.52, "aspect": 270.0, "twi": 10.27, "ruggedness": 1.523}}, {"type": "Feature", "geometry": {"type": "Point", "coordinates": [121.052197, 14.599882]}, "properties": {"elevation": 41.0, "slope": 2.13, "aspect": 197.2, "twi": 10.44, "ruggedness": 0.629}}, {"type": "Feature", "geometry": {"type": "Point", "coordinates": [121.053039, 14.599882]}, "properties": {"elevation": 42.0, "slope": 2.13, "aspect": 162.8, "twi": 10.44, "ruggedness": 0.831}}, {"type": "Feature", "geometry": {"type": "Point", "coordinates": [121.053882, 14.599882]}, "properties": {"elevation": 41.0, "slope": 1.89, "aspect": 270.0, "twi": 10.56, "ruggedness": 1.37}}, {"type": "Feature", "geometry": {"type": "Point", "coordinates": [121.054724, 14.599882]}, "properties": {"elevation": 46.0, "slope": 1.62, "aspect": 308.9, "twi": 10.72, "ruggedness": 1.054}}, {"type": "Feature", "geometry": {"type": "Point", "coordinates": [121.055567, 14.599882]}, "properties": {"elevation": 44.0, "slope": 1.26, "aspect": 90.0, "twi": 10.97, "ruggedness": 1.155}}, {"type": "Feature", "geometry": {"type": "Point", "coordinates": [121.056409, 14.599882]}, "properties": {"elevation": 46.0, "slope": 2.13, "aspect": 197.2, "twi": 10.44, "ruggedness": 1.155}}, {"type": "Feature", "geometry": {"type": "Point", "coordinates": [121.057252, 14.599882]}, "properties": {"elevation": 42.0, "slope": 2.15, "aspect": 61.7, "twi": 10.44, "ruggedness": 1.257}}, {"type": "Feature", "geometry": {"type": "Point", "coordinates": [121.058094, 14.599882]}, "properties": {"elevation": 45.0, "slope": 3.15, "aspect": 270.0, "twi": 10.05, "ruggedness": 1.792}}, {"type": "Feature", "geometry": {"type": "Point", "coordinates": [121.058936, 14.599882]}, "properties": {"elevation": 49.0, "slope": 1.2, "aspect": 211.8, "twi": 11.02, "ruggedness": 1.1}}, {"type": "Feature", "geometry": {"type": "Point", "coordinates": [121.059779, 14.599882]}, "properties": {"elevation": 48.0, "slope": 3.11, "aspect": 11.7, "twi": 10.06, "ruggedness": 1.197}}, {"type": "Feature", "geometry": {"type": "Point", "coordinates": [121.0185, 14.600391]}, "properties": {"elevation": 12.0, "slope": 1.62, "aspect": 128.9, "twi": 10.72, "ruggedness": 0.667}}, {"type": "Feature", "geometry": {"type": "Point", "coordinates": [121.019342, 14.600391]}, "properties": {"elevation": 8.0, "slope": 2.72, "aspect": 112.0, "twi": 10.2, "ruggedness": 1.663}}, {"type": "Feature", "geometry": {"type": "Point", "coordinates": [121.020185, 14.600391]}, "properties": {"elevation": 8.0, "slope": 3.11, "aspect": 191.7, "twi": 10.06, "ruggedness": 1.247}}, {"type": "Feature", "geometry": {"type": "Point", "coordinates": [121.021027, 14.600391]}, "properties": {"elevation": 5.0, "slope": 2.03, "aspect": 180.0, "twi": 10.49, "ruggedness": 1.315}}, {"type": "Feature", "geometry": {"type": "Point", "coordinates": [121.02187, 14.600391]}, "properties": {"elevation": 8.0, "slope": 3.11, "aspect": 168.3, "twi": 10.06, "ruggedness": 0.943}}, {"type": "Feature", "geometry": {"type": "Point", "coordinates": [121.022712, 14.600391]}, "properties": {"elevation": 8.0, "slope": 2.15, "aspect": 298.3, "twi": 10.44, "ruggedness": 1.491}}, {"type": "Feature", "geometry": {"type": "Point", "coordinates": [121.023555, 14.600391]}, "properties": {"elevation": 10.0, "slope": 2.39, "aspect": 148.2, "twi": 10.33, "ruggedness": 1.449}}, {"type": "Feature", "geometry": {"type": "Point", "coordinates": [121.024397, 14.600391]}, "properties": {"elevation": 7.0, "slope": 4.06, "aspect": -0.0, "twi": 9.8, "ruggedness": 1.066}}, {"type": "Feature", "geometry": {"type": "Point", "coordinates": [121.025239, 14.600391]}, "properties": {"elevation": 11.0, "slope": 3.75, "aspect": 237.2, "twi": 9.88, "ruggedness": 2.315}}, {"type": "Feature", "geometry": {"type": "Point", "coordinates": [121.026082, 14.600391]}, "properties": {"elevation": 14.0, "slope": 3.31, "aspect": 107.9, "twi": 10.0, "ruggedness": 2.539}}, {"type": "Feature", "geometry": {"type": "Point", "coordinates": [121.026924, 14.600391]}, "properties": {"elevation": 8.0, "slope": 6.84, "aspect": 332.7, "twi": 9.27, "ruggedness": 2.749}}, {"type": "Feature", "geometry": {"type": "Point", "coordinates": [121.027767, 14.600391]}, "properties": {"elevation": 16.0, "slope": 2.15, "aspect": 241.7, "twi": 10.44, "ruggedness": 1.633}}, {"type": "Feature", "geometry": {"type": "Point", "coordinates": [121.028609, 14.600391]}, "properties": {"elevation": 16.0, "slope": 1.62, "aspect": 308.9, "twi": 10.72, "ruggedness": 1.315}}, {"type": "Feature", "geometry": {"type": "Point", "coordinates": [121.029452, 14.600391]}, "properties": {"elevation": 18.0, "slope": 3.11, "aspect": 11.7, "twi": 10.06, "ruggedness": 1.449}}, {"type": "Feature", "geometry": {"type": "Point", "coordinates": [121.030294, 14.600391]}, "properties": {"elevation": 14.0, "slope": 3.24, "aspect": 51.1, "twi": 10.02, "ruggedness": 1.618}}, {"type": "Feature", "geometry": {"type": "Point", "coordinates": [121.031136, 14.600391]}, "properties": {"elevation": 13.0, "slope": 4.48, "aspect": 335.1, "twi": 9.7, "ruggedness": 1.764}}, {"type": "Feature", "geometry": {"type": "Point", "coordinates": [121.031979, 14.600391]}, "properties": {"elevation": 18.0, "slope": 5.14, "aspect": 322.2, "twi": 9.56, "ruggedness": 2.079}}, {"type": "Feature", "geometry": {"type": "Point", "coordinates": [121.032821, 14.600391]}, "properties": {"elevation": 18.0, "slope": 6.32, "aspect": 143.3, "twi": 9.35, "ruggedness": 2.494}}, {"type": "Feature", "geometry": {"type": "Point", "coordinates": [121.033664, 14.600391]}, "properties": {"elevation": 20.0, "slope": 5.88, "aspect": 238.8, "twi": 9.43, "ruggedness": 3.127}}, {"type": "Feature", "geometry": {"type": "Point", "coordinates": [121.034506, 14.600391]}, "properties": {"elevation": 23.0, "slope": 2.13, "aspect": 342.8, "twi": 10.44, "ruggedness": 1.227}}, {"type": "Feature", "geometry": {"type": "Point", "coordinates": [121.035348, 14.600391]}, "properties": {"elevation": 28.0, "slope": 7.52, "aspect": 340.5, "twi": 9.18, "ruggedness": 2.671}}, {"type": "Feature", "geometry": {"type": "Point", "coordinates": [121.036191, 14.600391]}, "properties": {"elevation": 26.0, "slope": 4.11, "aspect": 351.2, "twi": 9.78, "ruggedness": 2.16}}, {"type": "Feature", "geometry": {"type": "Point", "coordinates": [121.037033, 14.600391]}, "properties": {"elevation": 29.0, "slope": 2.13, "aspect": 17.2, "twi": 10.44, "ruggedness": 1.491}}, {"type": "Feature", "geometry": {"type": "Point", "coordinates": [121.037876, 14.600391]}, "properties": {"elevation": 25.0, "slope": 3.24, "aspect": 51.1, "twi": 10.02, "ruggedness": 1.491}}, {"type": "Feature", "geometry": {"type": "Point", "coordinates": [121.038718, 14.600391]}, "properties": {"elevation": 27.0, "slope": 3.11, "aspect": 348.3, "twi": 10.06, "ruggedness": 1.523}}, {"type": "Feature", "geometry": {"type": "Point", "coordinates": [121.039561, 14.600391]}, "properties": {"elevation": 22.0, "slope": 1.2, "aspect": 31.8, "twi": 11.02, "ruggedness": 1.523}}, {"type": "Feature", "geometry": {"type": "Point", "coordinates": [121.040403, 14.600391]}, "properties": {"elevation": 24.0, "slope": 1.2, "aspect": 211.8, "twi": 11.02, "ruggedness": 0.737}}, {"type": "Feature", "geometry": {"type": "Point", "coordinates": [121.041245, 14.600391]}, "properties": {"elevation": 23.0, "slope": 3.24, "aspect": 128.9, "twi": 10.02, "ruggedness": 1.812}}, {"type": "Feature", "geometry": {"type": "Point", "coordinates": [121.042088, 14.600391]}, "properties": {"elevation": 21.0, "slope": 1.62, "aspect": 231.1, "twi": 10.72, "ruggedness": 1.397}}, {"type": "Feature", "geometry": {"type": "Point", "coordinates": [121.04293, 14.600391]}, "properties": {"elevation": 26.0, "slope": 2.72, "aspect": 248.0, "twi": 10.2, "ruggedness": 1.988}}, {"type": "Feature", "geometry": {"type": "Point", "coordinates": [121.043773, 14.600391]}, "properties": {"elevation": 26.0, "slope": 5.41, "aspect": 200.4, "twi": 9.51, "ruggedness": 2.061}}, {"type": "Feature", "geometry": {"type": "Point", "coordinates": [121.044615, 14.600391]}, "properties": {"elevation": 30.0, "slope": 0.63, "aspect": 270.0, "twi": 11.66, "ruggedness": 1.286}}, {"type": "Feature", "geometry": {"type": "Point", "coordinates": [121.045458, 14.600391]}, "properties": {"elevation": 31.0, "slope": 5.41, "aspect": 200.4, "twi": 9.51, "ruggedness": 2.0}}, {"type": "Feature", "geometry": {"type": "Point", "coordinates": [121.0463, 14.600391]}, "properties": {"elevation": 33.0, "slope": 1.2, "aspect": 31.8, "twi": 11.02, "ruggedness": 1.474}}, {"type": "Feature", "geometry": {"type": "Point", "coordinates": [121.047142, 14.600391]}, "properties": {"elevation": 34.0, "slope": 2.39, "aspect": 328.2, "twi": 10.33, "ruggedness": 1.397}}, {"type": "Feature", "geometry": {"type": "Point", "coordinates": [121.047985, 14.600391]}, "properties": {"elevation": 36.0, "slope": 1.02, "aspect": 180.0, "twi": 11.18, "ruggedness": 0.994}}, {"type": "Feature", "geometry": {"type": "Point", "coordinates": [121.048827, 14.600391]}, "properties": {"elevation": 35.0, "slope": 3.3, "aspect": 157.5, "twi": 10.01, "ruggedness": 1.333}}, {"type": "Feature", "geometry": {"type": "Point", "coordinates": [121.04967, 14.600391]}, "properties": {"elevation": 32.0, "slope": 2.13, "aspect": 162.8, "twi": 10.44, "ruggedness": 0.994}}, {"type": "Feature", "geometry": {"type": "Point", "coordinates": [121.050512, 14.600391]}, "properties": {"elevation": 32.0, "slope": 2.72, "aspect": 292.0, "twi": 10.2, "ruggedness": 1.707}}, {"type": "Feature", "geometry": {"type": "Point", "coordinates": [121.051355, 14.600391]}, "properties": {"elevation": 38.0, "slope": 5.14, "aspect": 217.8, "twi": 9.56, "ruggedness": 2.424}}, {"type": "Feature", "geometry": {"type": "Point", "coordinates": [121.052197, 14.600391]}, "properties": {"elevation": 39.0, "slope": 2.13, "aspect": 162.8, "twi": 10.44, "ruggedness": 0.943}}, {"type": "Feature", "geometry": {"type": "Point", "coordinates": [121.053039, 14.600391]}, "properties": {"elevation": 41.0, "slope": 0.0, "aspect": -0.0, "twi": 14.06, "ruggedness": 0.497}}, {"type": "Feature", "geometry": {"type": "Point", "coordinates": [121.053882, 14.600391]}, "properties": {"elevation": 42.0, "slope": 2.52, "aspect": 270.0, "twi": 10.27, "ruggedness": 1.499}}, {"type": "Feature", "geometry": {"type": "Point", "coordinates": [121.054724, 14.600391]}, "properties": {"elevation": 44.0, "slope": 5.08, "aspect": 180.0, "twi": 9.57, "ruggedness": 1.771}}, {"type": "Feature", "geometry": {"type": "Point", "coordinates": [121.055567, 14.600391]}, "properties": {"elevation": 42.0, "slope": 3.3, "aspect": 157.5, "twi": 10.01, "ruggedness": 1.707}}, {"type": "Feature", "geometry": {"type": "Point", "coordinates": [121.056409, 14.600391]}, "properties": {"elevation": 44.0, "slope": 3.3, "aspect": 202.5, "twi": 10.01, "ruggedness": 1.548}}, {"type": "Feature", "geometry": {"type": "Point", "coordinates": [121.057252, 14.600391]}, "properties": {"elevation": 45.0, "slope": 1.2, "aspect": 328.2, "twi": 11.02, "ruggedness": 1.257}}, {"type": "Feature", "geometry": {"type": "Point", "coordinates": [121.058094, 14.600391]}, "properties": {"elevation": 47.0, "slope": 3.59, "aspect": 328.2, "twi": 9.92, "ruggedness": 1.633}}, {"type": "Feature", "geometry": {"type": "Point", "coordinates": [121.058936, 14.600391]}, "properties": {"elevation": 48.0, "slope": 2.13, "aspect": 162.8, "twi": 10.44, "ruggedness": 0.685}}, {"type": "Feature", "geometry": {"type": "Point", "coordinates": [121.059779, 14.600391]}, "properties": {"elevation": 50.0, "slope": 1.89, "aspect": 270.0, "twi": 10.56, "ruggedness": 1.37}}, {"type": "Feature", "geometry": {"type": "Point", "coordinates": [121.0185, 14.6009]}, "properties": {"elevation": 8.0, "slope": 6.08, "aspect": 180.0, "twi": 9.39, "ruggedness": 2.211}}, {"type": "Feature", "geometry": {"type": "Point", "coordinates": [121.019342, 14.6009]}, "properties": {"elevation": 8.0, "slope": 1.62, "aspect": 128.9, "twi": 10.72, "ruggedness": 1.449}}, {"type": "Feature", "geometry": {"type": "Point", "coordinates": [121.020185, 14.6009]}, "properties": {"elevation": 6.0, "slope": 2.39, "aspect": 211.8, "twi": 10.33, "ruggedness": 1.333}}, {"type": "Feature", "geometry": {"type": "Point", "coordinates": [121.021027, 14.6009]}, "properties": {"elevation": 7.0, "slope": 2.39, "aspect": 31.8, "twi": 10.33, "ruggedness": 1.474}}, {"type": "Feature", "geometry": {"type": "Point", "coordinates": [121.02187, 14.6009]}, "properties": {"elevation": 3.0, "slope": 6.21, "aspect": 191.7, "twi": 9.37, "ruggedness": 2.587}}, {"type": "Feature", "geometry": {"type": "Point", "coordinates": [121.022712, 14.6009]}, "properties": {"elevation": 10.0, "slope": 2.52, "aspect": 270.0, "twi": 10.27, "ruggedness": 1.499}}, {"type": "Feature", "geometry": {"type": "Point", "coordinates": [121.023555, 14.6009]}, "properties": {"elevation": 9.0, "slope": 3.31, "aspect": 72.1, "twi": 10.0, "ruggedness": 1.75}}, {"type": "Feature", "geometry": {"type": "Point", "coordinates": [121.024397, 14.6009]}, "properties": {"elevation": 10.0, "slope": 2.13, "aspect": 342.8, "twi": 10.44, "ruggedness": 1.315}}, {"type": "Feature", "geometry": {"type": "Point", "coordinates": [121.025239, 14.6009]}, "properties": {"elevation": 10.0, "slope": 4.53, "aspect": 283.0, "twi": 9.69, "ruggedness": 2.47}}, {"type": "Feature", "geometry": {"type": "Point", "coordinates": [121.026082, 14.6009]}, "properties": {"elevation": 13.0, "slope": 1.89, "aspect": 90.0, "twi": 10.56, "ruggedness": 1.333}}, {"type": "Feature", "geometry": {"type": "Point", "coordinates": [121.026924, 14.6009]}, "properties": {"elevation": 14.0, "slope": 5.41, "aspect": 339.6, "twi": 9.51, "ruggedness": 2.006}}, {"type": "Feature", "geometry": {"type": "Point", "coordinates": [121.027767, 14.6009]}, "properties": {"elevation": 14.0, "slope": 1.2, "aspect": 148.2, "twi": 11.02, "ruggedness": 1.054}}, {"type": "Feature", "geometry": {"type": "Point", "coordinates": [121.028609, 14.6009]}, "properties": {"elevation": 15.0, "slope": 3.75, "aspect": 237.2, "twi": 9.88, "ruggedness": 2.299}}, {"type": "Feature", "geometry": {"type": "Point", "coordinates": [121.029452, 14.6009]}, "properties": {"elevation": 18.0, "slope": 1.62, "aspect": 128.9, "twi": 10.72, "ruggedness": 0.816}}, {"type": "Feature", "geometry": {"type": "Point", "coordinates": [121.030294, 14.6009]}, "properties": {"elevation": 18.0, "slope": 3.11, "aspect": 11.7, "twi": 10.06, "ruggedness": 1.155}}, {"type": "Feature", "geometry": {"type": "Point", "coordinates": [121.031136, 14.6009]}, "properties": {"elevation": 18.0, "slope": 5.41, "aspect": 339.6, "twi": 9.51, "ruggedness": 2.211}}, {"type": "Feature", "geometry": {"type": "Point", "coordinates": [121.031979, 14.6009]}, "properties": {"elevation": 21.0, "slope": 1.02, "aspect": -0.0, "twi": 11.18, "ruggedness": 1.641}}, {"type": "Feature", "geometry": {"type": "Point", "coordinates": [121.032821, 14.6009]}, "properties": {"elevation": 14.0, "slope": 3.15, "aspect": 90.0, "twi": 10.05, "ruggedness": 2.108}}, {"type": "Feature", "geometry": {"type": "Point", "coordinates": [121.033664, 14.6009]}, "properties": {"elevation": 19.0, "slope": 5.14, "aspect": 258.6, "twi": 9.56, "ruggedness": 2.859}}, {"type": "Feature", "geometry": {"type": "Point", "coordinates": [121.034506, 14.6009]}, "properties": {"elevation": 23.0, "slope": 3.92, "aspect": 255.0, "twi": 9.83, "ruggedness": 3.01}}, {"type": "Feature", "geometry": {"type": "Point", "coordinates": [121.035348, 14.6009]}, "properties": {"elevation": 34.0, "slope": 6.21, "aspect": 348.3, "twi": 9.37, "ruggedness": 3.143}}, {"type": "Feature", "geometry": {"type": "Point", "coordinates": [121.036191, 14.6009]}, "properties": {"elevation": 29.0, "slope": 1.26, "aspect": 270.0, "twi": 10.97, "ruggedness": 1.75}}, {"type": "Feature", "geometry": {"type": "Point", "coordinates": [121.037033, 14.6009]}, "properties": {"elevation": 30.0, "slope": 2.15, "aspect": 118.3, "twi": 10.44, "ruggedness": 1.286}}, {"type": "Feature", "geometry": {"type": "Point", "coordinates": [121.037876, 14.6009]}, "properties": {"elevation": 29.0, "slope": 4.11, "aspect": 8.8, "twi": 9.78, "ruggedness": 1.491}}, {"type": "Feature", "geometry": {"type": "Point", "coordinates": [121.038718, 14.6009]}, "properties": {"elevation": 28.0, "slope": 1.2, "aspect": 148.2, "twi": 11.02, "ruggedness": 0.831}}, {"type": "Feature", "geometry": {"type": "Point", "coordinates": [121.039561, 14.6009]}, "properties": {"elevation": 24.0, "slope": 2.72, "aspect": 68.0, "twi": 10.2, "ruggedness": 1.944}}, {"type": "Feature", "geometry": {"type": "Point", "coordinates": [121.040403, 14.6009]}, "properties": {"elevation": 24.0, "slope": 0.63, "aspect": 90.0, "twi": 11.66, "ruggedness": 1.054}}, {"type": "Feature", "geometry": {"type": "Point", "coordinates": [121.041245, 14.6009]}, "properties": {"elevation": 21.0, "slope": 2.72, "aspect": 112.0, "twi": 10.2, "ruggedness": 1.491}}, {"type": "Feature", "geometry": {"type": "Point", "coordinates": [121.042088, 14.6009]}, "properties": {"elevation": 19.0, "slope": 2.78, "aspect": 222.9, "twi": 10.18, "ruggedness": 1.247}}, {"type": "Feature", "geometry": {"type": "Point", "coordinates": [121.04293, 14.6009]}, "properties": {"elevation": 24.0, "slope": 3.3, "aspect": 202.5, "twi": 10.01, "ruggedness": 1.563}}, {"type": "Feature", "geometry": {"type": "Point", "coordinates": [121.043773, 14.6009]}, "properties": {"elevation": 22.0, "slope": 3.3, "aspect": 202.5, "twi": 10.01, "ruggedness": 1.944}}, {"type": "Feature", "geometry": {"type": "Point", "coordinates": [121.044615, 14.6009]}, "properties": {"elevation": 29.0, "slope": 4.38, "aspect": 226.0, "twi": 9.72, "ruggedness": 2.079}}, {"type": "Feature", "geometry": {"type": "Point", "coordinates": [121.045458, 14.6009]}, "properties": {"elevation": 27.0, "slope": 2.13, "aspect": 162.8, "twi": 10.44, "ruggedness": 1.633}}, {"type": "Feature", "geometry": {"type": "Point", "coordinates": [121.0463, 14.6009]}, "properties": {"elevation": 33.0, "slope": 4.41, "aspect": 270.0, "twi": 9.71, "ruggedness": 2.404}}, {"type": "Feature", "geometry": {"type": "Point", "coordinates": [121.047142, 14.6009]}, "properties": {"elevation": 37.0, "slope": 3.75, "aspect": 57.2, "twi": 9.88, "ruggedness": 2.217}}, {"type": "Feature", "geometry": {"type": "Point", "coordinates": [121.047985, 14.6009]}, "properties": {"elevation": 33.0, "slope": 4.48, "aspect": 204.9, "twi": 9.7, "ruggedness": 1.397}}, {"type": "Feature", "geometry": {"type": "Point", "coordinates": [121.048827, 14.6009]}, "properties": {"elevation": 32.0, "slope": 2.15, "aspect": 118.3, "twi": 10.44, "ruggedness": 1.066}}, {"type": "Feature", "geometry": {"type": "Point", "coordinates": [121.04967, 14.6009]}, "properties": {"elevation": 33.0, "slope": 2.72, "aspect": 292.0, "twi": 10.2, "ruggedness": 1.595}}, {"type": "Feature", "geometry": {"type": "Point", "coordinates": [121.050512, 14.6009]}, "properties": {"elevation": 36.0, "slope": 5.08, "aspect": -0.0, "twi": 9.57, "ruggedness": 1.491}}, {"type": "Feature", "geometry": {"type": "Point", "coordinates": [121.051355, 14.6009]}, "properties": {"elevation": 32.0, "slope": 2.78, "aspect": 222.9, "twi": 10.18, "ruggedness": 2.455}}, {"type": "Feature", "geometry": {"type": "Point", "coordinates": [121.052197, 14.6009]}, "properties": {"elevation": 38.0, "slope": 1.62, "aspect": 308.9, "twi": 10.72, "ruggedness": 0.875}}, {"type": "Feature", "geometry": {"type": "Point", "coordinates": [121.053039, 14.6009]}, "properties": {"elevation": 40.0, "slope": 2.13, "aspect": 162.8, "twi": 10.44, "ruggedness": 0.629}}, {"type": "Feature", "geometry": {"type": "Point", "coordinates": [121.053882, 14.6009]}, "properties": {"elevation": 40.0, "slope": 1.2, "aspect": 211.8, "twi": 11.02, "ruggedness": 1.054}}, {"type": "Feature", "geometry": {"type": "Point", "coordinates": [121.054724, 14.6009]}, "properties": {"elevation": 38.0, "slope": 5.23, "aspect": 166.1, "twi": 9.54, "ruggedness": 1.812}}, {"type": "Feature", "geometry": {"type": "Point", "coordinates": [121.055567, 14.6009]}, "properties": {"elevation": 38.0, "slope": 2.15, "aspect": 241.7, "twi": 10.44, "ruggedness": 1.227}}, {"type": "Feature", "geometry": {"type": "Point", "coordinates": [121.056409, 14.6009]}, "properties": {"elevation": 41.0, "slope": 0.63, "aspect": 270.0, "twi": 11.66, "ruggedness": 0.667}}, {"type": "Feature", "geometry": {"type": "Point", "coordinates": [121.057252, 14.6009]}, "properties": {"elevation": 45.0, "slope": 3.24, "aspect": 231.1, "twi": 10.02, "ruggedness": 1.618}}, {"type": "Feature", "geometry": {"type": "Point", "coordinates": [121.058094, 14.6009]}, "properties": {"elevation": 48.0, "slope": 1.26, "aspect": 270.0, "twi": 10.97, "ruggedness": 0.943}}, {"type": "Feature", "geometry": {"type": "Point", "coordinates": [121.058936, 14.6009]}, "properties": {"elevation": 46.0, "slope": 3.11, "aspect": 168.3, "twi": 10.06, "ruggedness": 1.333}}, {"type": "Feature", "geometry": {"type": "Point", "coordinates": [121.059779, 14.6009]}, "properties": {"elevation": 50.0, "slope": 2.15, "aspect": 241.7, "twi": 10.44, "ruggedness": 1.872}}, {"type": "Feature", "geometry": {"type": "Point", "coordinates": [121.0185, 14.601409]}, "properties": {"elevation": 7.0, "slope": 4.25, "aspect": 17.2, "twi": 9.75, "ruggedness": 1.563}}, {"type": "Feature", "geometry": {"type": "Point", "coordinates": [121.019342, 14.601409]}, "properties": {"elevation": 6.0, "slope": 1.62, "aspect": 128.9, "twi": 10.72, "ruggedness": 1.449}}, {"type": "Feature", "geometry": {"type": "Point", "coordinates": [121.020185, 14.601409]}, "properties": {"elevation": 3.0, "slope": 4.25, "aspect": 197.2, "twi": 9.75, "ruggedness": 2.061}}, {"type": "Feature", "geometry": {"type": "Point", "coordinates": [121.021027, 14.601409]}, "properties": {"elevation": 5.0, "slope": 2.15, "aspect": 118.3, "twi": 10.44, "ruggedness": 1.707}}, {"type": "Feature", "geometry": {"type": "Point", "coordinates": [121.02187, 14.601409]}, "properties": {"elevation": 1.0, "slope": 4.78, "aspect": 328.2, "twi": 9.63, "ruggedness": 2.582}}, {"type": "Feature", "geometry": {"type": "Point", "coordinates": [121.022712, 14.601409]}, "properties": {"elevation": 10.0, "slope": 0.63, "aspect": 270.0, "twi": 11.66, "ruggedness": 1.066}}, {"type": "Feature", "geometry": {"type": "Point", "coordinates": [121.023555, 14.601409]}, "properties": {"elevation": 9.0, "slope": 1.2, "aspect": 328.2, "twi": 11.02, "ruggedness": 0.629}}, {"type": "Feature", "geometry": {"type": "Point", "coordinates": [121.024397, 14.601409]}, "properties": {"elevation": 11.0, "slope": 1.26, "aspect": 270.0, "twi": 10.97, "ruggedness": 0.816}}, {"type": "Feature", "geometry": {"type": "Point", "coordinates": [121.025239, 14.601409]}, "properties": {"elevation": 11.0, "slope": 1.62, "aspect": 231.1, "twi": 10.72, "ruggedness": 1.247}}, {"type": "Feature", "geometry": {"type": "Point", "coordinates": [121.026082, 14.601409]}, "properties": {"elevation": 12.0, "slope": 2.03, "aspect": 180.0, "twi": 10.49, "ruggedness": 1.054}}, {"type": "Feature", "geometry": {"type": "Point", "coordinates": [121.026924, 14.601409]}, "properties": {"elevation": 17.0, "slope": 3.59, "aspect": 211.8, "twi": 9.92, "ruggedness": 1.892}}, {"type": "Feature", "geometry": {"type": "Point", "coordinates": [121.027767, 14.601409]}, "properties": {"elevation": 13.0, "slope": 2.52, "aspect": 90.0, "twi": 10.27, "ruggedness": 1.449}}, {"type": "Feature", "geometry": {"type": "Point", "coordinates": [121.028609, 14.601409]}, "properties": {"elevation": 13.0, "slope": 3.31, "aspect": 287.9, "twi": 10.0, "ruggedness": 2.061}}, {"type": "Feature", "geometry": {"type": "Point", "coordinates": [121.029452, 14.601409]}, "properties": {"elevation": 18.0, "slope": 1.02, "aspect": 180.0, "twi": 11.18, "ruggedness": 0.667}}, {"type": "Feature", "geometry": {"type": "Point", "coordinates": [121.030294, 14.601409]}, "properties": {"elevation": 18.0, "slope": 2.52, "aspect": 270.0, "twi": 10.27, "ruggedness": 1.853}}, {"type": "Feature", "geometry": {"type": "Point", "coordinates": [121.031136, 14.601409]}, "properties": {"elevation": 23.0, "slope": 3.3, "aspect": 337.5, "twi": 10.01, "ruggedness": 1.7}}, {"type": "Feature", "geometry": {"type": "Point", "coordinates": [121.031979, 14.601409]}, "properties": {"elevation": 20.0, "slope": 4.53, "aspect": 103.0, "twi": 9.69, "ruggedness": 2.514}}, {"type": "Feature", "geometry": {"type": "Point", "coordinates": [121.032821, 14.601409]}, "properties": {"elevation": 16.0, "slope": 3.11, "aspect": 348.3, "twi": 10.06, "ruggedness": 0.943}}, {"type": "Feature", "geometry": {"type": "Point", "coordinates": [121.033664, 14.601409]}, "properties": {"elevation": 17.0, "slope": 2.72, "aspect": 292.0, "twi": 10.2, "ruggedness": 1.886}}, {"type": "Feature", "geometry": {"type": "Point", "coordinates": [121.034506, 14.601409]}, "properties": {"elevation": 24.0, "slope": 6.98, "aspect": 278.3, "twi": 9.25, "ruggedness": 3.928}}, {"type": "Feature", "geometry": {"type": "Point", "coordinates": [121.035348, 14.601409]}, "properties": {"elevation": 36.0, "slope": 8.18, "aspect": 188.8, "twi": 9.09, "ruggedness": 3.055}}, {"type": "Feature", "geometry": {"type": "Point", "coordinates": [121.036191, 14.601409]}, "properties": {"elevation": 27.0, "slope": 3.92, "aspect": 105.0, "twi": 9.83, "ruggedness": 2.455}}, {"type": "Feature", "geometry": {"type": "Point", "coordinates": [121.037033, 14.601409]}, "properties": {"elevation": 30.0, "slope": 3.31, "aspect": 287.9, "twi": 10.0, "ruggedness": 2.166}}, {"type": "Feature", "geometry": {"type": "Point", "coordinates": [121.037876, 14.601409]}, "properties": {"elevation": 36.0, "slope": 8.18, "aspect": 8.8, "twi": 9.09, "ruggedness": 3.359}}, {"type": "Feature", "geometry": {"type": "Point", "coordinates": [121.038718, 14.601409]}, "properties": {"elevation": 29.0, "slope": 3.3, "aspect": 22.5, "twi": 10.01, "ruggedness": 1.771}}, {"type": "Feature", "geometry": {"type": "Point", "coordinates": [121.039561, 14.601409]}, "properties": {"elevation": 23.0, "slope": 5.14, "aspect": 101.4, "twi": 9.56, "ruggedness": 3.059}}, {"type": "Feature", "geometry": {"type": "Point", "coordinates": [121.040403, 14.601409]}, "properties": {"elevation": 22.0, "slope": 2.13, "aspect": 162.8, "twi": 10.44, "ruggedness": 1.133}}, {"type": "Feature", "geometry": {"type": "Point", "coordinates": [121.041245, 14.601409]}, "properties": {"elevation": 22.0, "slope": 2.15, "aspect": 298.3, "twi": 10.44, "ruggedness": 1.414}}, {"type": "Feature", "geometry": {"type": "Point", "coordinates": [121.042088, 14.601409]}, "properties": {"elevation": 22.0, "slope": 5.08, "aspect": -0.0, "twi": 9.57, "ruggedness": 1.886}}, {"type": "Feature", "geometry": {"type": "Point", "coordinates": [121.04293, 14.601409]}, "properties": {"elevation": 21.0, "slope": 1.89, "aspect": 90.0, "twi": 10.56, "ruggedness": 1.414}}, {"type": "Feature", "geometry": {"type": "Point", "coordinates": [121.043773, 14.601409]}, "properties": {"elevation": 21.0, "slope": 3.92, "aspect": 285.0, "twi": 9.83, "ruggedness": 2.378}}, {"type": "Feature", "geometry": {"type": "Point", "coordinates": [121.044615, 14.601409]}, "properties": {"elevation": 26.0, "slope": 3.05, "aspect": 180.0, "twi": 10.08, "ruggedness": 0.943}}, {"type": "Feature", "geometry": {"type": "Point", "coordinates": [121.045458, 14.601409]}, "properties": {"elevation": 27.0, "slope": 4.38, "aspect": 314.0, "twi": 9.72, "ruggedness": 1.792}}, {"type": "Feature", "geometry": {"type": "Point", "coordinates": [121.0463, 14.601409]}, "properties": {"elevation": 33.0, "slope": 4.38, "aspect": 226.0, "twi": 9.72, "ruggedness": 2.455}}, {"type": "Feature", "geometry": {"type": "Point", "coordinates": [121.047142, 14.601409]}, "properties": {"elevation": 36.0, "slope": 3.96, "aspect": 140.4, "twi": 9.82, "ruggedness": 2.183}}, {"type": "Feature", "geometry": {"type": "Point", "coordinates": [121.047985, 14.601409]}, "properties": {"elevation": 30.0, "slope": 0.63, "aspect": 90.0, "twi": 11.66, "ruggedness": 0.956}}, {"type": "Feature", "geometry": {"type": "Point", "coordinates": [121.048827, 14.601409]}, "properties": {"elevation": 32.0, "slope": 2.13, "aspect": 342.8, "twi": 10.44, "ruggedness": 1.066}}, {"type": "Feature", "geometry": {"type": "Point", "coordinates": [121.04967, 14.601409]}, "properties": {"elevation": 35.0, "slope": 5.14, "aspect": 322.2, "twi": 9.56, "ruggedness": 2.16}}, {"type": "Feature", "geometry": {"type": "Point", "coordinates": [121.050512, 14.601409]}, "properties": {"elevation": 38.0, "slope": 2.15, "aspect": 61.7, "twi": 10.44, "ruggedness": 1.491}}, {"type": "Feature", "geometry": {"type": "Point", "coordinates": [121.051355, 14.601409]}, "properties": {"elevation": 35.0, "slope": 3.75, "aspect": 302.8, "twi": 9.88, "ruggedness": 1.812}}, {"type": "Feature", "geometry": {"type": "Point", "coordinates": [121.052197, 14.601409]}, "properties": {"elevation": 39.0, "slope": 2.03, "aspect": -0.0, "twi": 10.49, "ruggedness": 1.054}}, {"type": "Feature", "geometry": {"type": "Point", "coordinates": [121.053039, 14.601409]}, "properties": {"elevation": 39.0, "slope": 0.63, "aspect": 270.0, "twi": 11.66, "ruggedness": 0.685}}, {"type": "Feature", "geometry": {"type": "Point", "coordinates": [121.053882, 14.601409]}, "properties": {"elevation": 42.0, "slope": 3.11, "aspect": 11.7, "twi": 10.06, "ruggedness": 1.474}}, {"type": "Feature", "geometry": {"type": "Point", "coordinates": [121.054724, 14.601409]}, "properties": {"elevation": 36.0, "slope": 1.26, "aspect": 270.0, "twi": 10.97, "ruggedness": 1.886}}, {"type": "Feature", "geometry": {"type": "Point", "coordinates": [121.055567, 14.601409]}, "properties": {"elevation": 39.0, "slope": 1.26, "aspect": 270.0, "twi": 10.97, "ruggedness": 1.333}}, {"type": "Feature", "geometry": {"type": "Point", "coordinates": [121.056409, 14.601409]}, "properties": {"elevation": 43.0, "slope": 0.0, "aspect": -0.0, "twi": 14.06, "ruggedness": 0.786}}, {"type": "Feature", "geometry": {"type": "Point", "coordinates": [121.057252, 14.601409]}, "properties": {"elevation": 42.0, "slope": 1.62, "aspect": 231.1, "twi": 10.72, "ruggedness": 1.423}}, {"type": "Feature", "geometry": {"type": "Point", "coordinates": [121.058094, 14.601409]}, "properties": {"elevation": 46.0, "slope": 2.13, "aspect": 197.2, "twi": 10.44, "ruggedness": 1.03}}, {"type": "Feature", "geometry": {"type": "Point", "coordinates": [121.058936, 14.601409]}, "properties": {"elevation": 43.0, "slope": 2.52, "aspect": 90.0, "twi": 10.27, "ruggedness": 1.892}}, {"type": "Feature", "geometry": {"type": "Point", "coordinates": [121.059779, 14.601409]}, "properties": {"elevation": 46.0, "slope": 6.71, "aspect": 221.0, "twi": 9.29, "ruggedness": 2.998}}, {"type": "Feature", "geometry": {"type": "Point", "coordinates": [121.0185, 14.601918]}, "properties": {"elevation": 10.0, "slope": 1.02, "aspect": -0.0, "twi": 11.18, "ruggedness": 0.471}}, {"type": "Feature", "geometry": {"type": "Point", "coordinates": [121.019342, 14.601918]}, "properties": {"elevation": 6.0, "slope": 4.53, "aspect": 77.0, "twi": 9.69, "ruggedness": 2.404}}, {"type": "Feature", "geometry": {"type": "Point", "coordinates": [121.020185, 14.601918]}, "properties": {"elevation": 3.0, "slope": 4.11, "aspect": 351.2, "twi": 9.78, "ruggedness": 1.37}}, {"type": "Feature", "geometry": {"type": "Point", "coordinates": [121.021027, 14.601918]}, "properties": {"elevation": 7.0, "slope": 2.78, "aspect": 317.1, "twi": 10.18, "ruggedness": 1.618}}, {"type": "Feature", "geometry": {"type": "Point", "coordinates": [121.02187, 14.601918]}, "properties": {"elevation": 6.0, "slope": 4.06, "aspect": -0.0, "twi": 9.8, "ruggedness": 1.474}}, {"type": "Feature", "geometry": {"type": "Point", "coordinates": [121.022712, 14.601918]}, "properties": {"elevation": 10.0, "slope": 3.31, "aspect": 287.9, "twi": 10.0, "ruggedness": 1.764}}, {"type": "Feature", "geometry": {"type": "Point", "coordinates": [121.023555, 14.601918]}, "properties": {"elevation": 13.0, "slope": 4.11, "aspect": 351.2, "twi": 9.78, "ruggedness": 1.886}}, {"type": "Feature", "geometry": {"type": "Point", "coordinates": [121.024397, 14.601918]}, "properties": {"elevation": 12.0, "slope": 3.59, "aspect": 31.8, "twi": 9.92, "ruggedness": 1.663}}, {"type": "Feature", "geometry": {"type": "Point", "coordinates": [121.025239, 14.601918]}, "properties": {"elevation": 9.0, "slope": 1.2, "aspect": 328.2, "twi": 11.02, "ruggedness": 1.03}}, {"type": "Feature", "geometry": {"type": "Point", "coordinates": [121.026082, 14.601918]}, "properties": {"elevation": 11.0, "slope": 2.13, "aspect": 342.8, "twi": 10.44, "ruggedness": 1.1}}, {"type": "Feature", "geometry": {"type": "Point", "coordinates": [121.026924, 14.601918]}, "properties": {"elevation": 11.0, "slope": 0.63, "aspect": 270.0, "twi": 11.66, "ruggedness": 1.227}}, {"type": "Feature", "geometry": {"type": "Point", "coordinates": [121.027767, 14.601918]}, "properties": {"elevation": 14.0, "slope": 1.62, "aspect": 231.1, "twi": 10.72, "ruggedness": 0.875}}, {"type": "Feature", "geometry": {"type": "Point", "coordinates": [121.028609, 14.601918]}, "properties": {"elevation": 17.0, "slope": 2.13, "aspect": 342.8, "twi": 10.44, "ruggedness": 1.165}}, {"type": "Feature", "geometry": {"type": "Point", "coordinates": [121.029452, 14.601918]}, "properties": {"elevation": 18.0, "slope": 3.24, "aspect": 308.9, "twi": 10.02, "ruggedness": 2.183}}, {"type": "Feature", "geometry": {"type": "Point", "coordinates": [121.030294, 14.601918]}, "properties": {"elevation": 22.0, "slope": 5.97, "aspect": 328.2, "twi": 9.41, "ruggedness": 2.749}}, {"type": "Feature", "geometry": {"type": "Point", "coordinates": [121.031136, 14.601918]}, "properties": {"elevation": 27.0, "slope": 5.08, "aspect": -0.0, "twi": 9.57, "ruggedness": 1.892}}, {"type": "Feature", "geometry": {"type": "Point", "coordinates": [121.031979, 14.601918]}, "properties": {"elevation": 21.0, "slope": 4.29, "aspect": 61.7, "twi": 9.74, "ruggedness": 2.713}}, {"type": "Feature", "geometry": {"type": "Point", "coordinates": [121.032821, 14.601918]}, "properties": {"elevation": 23.0, "slope": 5.23, "aspect": 346.1, "twi": 9.54, "ruggedness": 2.25}}, {"type": "Feature", "geometry": {"type": "Point", "coordinates": [121.033664, 14.601918]}, "properties": {"elevation": 21.0, "slope": 2.78, "aspect": 317.1, "twi": 10.18, "ruggedness": 1.95}}, {"type": "Feature", "geometry": {"type": "Point", "coordinates": [121.034506, 14.601918]}, "properties": {"elevation": 25.0, "slope": 3.59, "aspect": 328.2, "twi": 9.92, "ruggedness": 2.006}}, {"type": "Feature", "geometry": {"type": "Point", "coordinates": [121.035348, 14.601918]}, "properties": {"elevation": 24.0, "slope": 2.39, "aspect": 148.2, "twi": 10.33, "ruggedness": 1.633}}, {"type": "Feature", "geometry": {"type": "Point", "coordinates": [121.036191, 14.601918]}, "properties": {"elevation": 28.0, "slope": 3.15, "aspect": 270.0, "twi": 10.05, "ruggedness": 1.423}}, {"type": "Feature", "geometry": {"type": "Point", "coordinates": [121.037033, 14.601918]}, "properties": {"elevation": 29.0, "slope": 2.39, "aspect": 211.8, "twi": 10.33, "ruggedness": 2.25}}, {"type": "Feature", "geometry": {"type": "Point", "coordinates": [121.037876, 14.601918]}, "properties": {"elevation": 29.0, "slope": 14.18, "aspect": 169.9, "twi": 8.53, "ruggedness": 4.57}}, {"type": "Feature", "geometry": {"type": "Point", "coordinates": [121.038718, 14.601918]}, "properties": {"elevation": 28.0, "slope": 6.21, "aspect": 191.7, "twi": 9.37, "ruggedness": 2.981}}, {"type": "Feature", "geometry": {"type": "Point", "coordinates": [121.039561, 14.601918]}, "properties": {"elevation": 25.0, "slope": 5.14, "aspect": 101.4, "twi": 9.56, "ruggedness": 3.266}}, {"type": "Feature", "geometry": {"type": "Point", "coordinates": [121.040403, 14.601918]}, "properties": {"elevation": 22.0, "slope": 0.63, "aspect": 90.0, "twi": 11.66, "ruggedness": 0.916}}, {"type": "Feature", "geometry": {"type": "Point", "coordinates": [121.041245, 14.601918]}, "properties": {"elevation": 21.0, "slope": 1.2, "aspect": 328.2, "twi": 11.02, "ruggedness": 1.155}}, {"type": "Feature", "geometry": {"type": "Point", "coordinates": [121.042088, 14.601918]}, "properties": {"elevation": 23.0, "slope": 2.78, "aspect": 222.9, "twi": 10.18, "ruggedness": 1.414}}, {"type": "Feature", "geometry": {"type": "Point", "coordinates": [121.04293, 14.601918]}, "properties": {"elevation": 24.0, "slope": 2.03, "aspect": -0.0, "twi": 10.49, "ruggedness": 1.155}}, {"type": "Feature", "geometry": {"type": "Point", "coordinates": [121.043773, 14.601918]}, "properties": {"elevation": 24.0, "slope": 3.3, "aspect": 337.5, "twi": 10.01, "ruggedness": 1.853}}, {"type": "Feature", "geometry": {"type": "Point", "coordinates": [121.044615, 14.601918]}, "properties": {"elevation": 26.0, "slope": 5.11, "aspect": 352.9, "twi": 9.57, "ruggedness": 1.886}}, {"type": "Feature", "geometry": {"type": "Point", "coordinates": [121.045458, 14.601918]}, "properties": {"elevation": 31.0, "slope": 2.13, "aspect": 17.2, "twi": 10.44, "ruggedness": 1.812}}, {"type": "Feature", "geometry": {"type": "Point", "coordinates": [121.0463, 14.601918]}, "properties": {"elevation": 28.0, "slope": 4.41, "aspect": 270.0, "twi": 9.71, "ruggedness": 2.789}}, {"type": "Feature", "geometry": {"type": "Point", "coordinates": [121.047142, 14.601918]}, "properties": {"elevation": 32.0, "slope": 5.54, "aspect": 137.1, "twi": 9.48, "ruggedness": 2.404}}, {"type": "Feature", "geometry": {"type": "Point", "coordinates": [121.047985, 14.601918]}, "properties": {"elevation": 29.0, "slope": 5.97, "aspect": 211.8, "twi": 9.41, "ruggedness": 2.331}}, {"type": "Feature", "geometry": {"type": "Point", "coordinates": [121.048827, 14.601918]}, "properties": {"elevation": 35.0, "slope": 3.75, "aspect": 302.8, "twi": 9.88, "ruggedness": 2.043}}, {"type": "Feature", "geometry": {"type": "Point", "coordinates": [121.04967, 14.601918]}, "properties": {"elevation": 40.0, "slope": 4.11, "aspect": 351.2, "twi": 9.78, "ruggedness": 1.988}}, {"type": "Feature", "geometry": {"type": "Point", "coordinates": [121.050512, 14.601918]}, "properties": {"elevation": 40.0, "slope": 1.02, "aspect": -0.0, "twi": 11.18, "ruggedness": 1.37}}, {"type": "Feature", "geometry": {"type": "Point", "coordinates": [121.051355, 14.601918]}, "properties": {"elevation": 36.0, "slope": 3.96, "aspect": 39.6, "twi": 9.82, "ruggedness": 1.663}}, {"type": "Feature", "geometry": {"type": "Point", "coordinates": [121.052197, 14.601918]}, "properties": {"elevation": 39.0, "slope": 4.78, "aspect": 211.8, "twi": 9.63, "ruggedness": 1.931}}, {"type": "Feature", "geometry": {"type": "Point", "coordinates": [121.053039, 14.601918]}, "properties": {"elevation": 38.0, "slope": 2.13, "aspect": 197.2, "twi": 10.44, "ruggedness": 1.474}}, {"type": "Feature", "geometry": {"type": "Point", "coordinates": [121.053882, 14.601918]}, "properties": {"elevation": 42.0, "slope": 3.11, "aspect": 168.3, "twi": 10.06, "ruggedness": 1.333}}, {"type": "Feature", "geometry": {"type": "Point", "coordinates": [121.054724, 14.601918]}, "properties": {"elevation": 37.0, "slope": 3.11, "aspect": 348.3, "twi": 10.06, "ruggedness": 1.491}}, {"type": "Feature", "geometry": {"type": "Point", "coordinates": [121.055567, 14.601918]}, "properties": {"elevation": 38.0, "slope": 1.2, "aspect": 328.2, "twi": 11.02, "ruggedness": 1.133}}, {"type": "Feature", "geometry": {"type": "Point", "coordinates": [121.056409, 14.601918]}, "properties": {"elevation": 41.0, "slope": 1.02, "aspect": -0.0, "twi": 11.18, "ruggedness": 0.685}}, {"type": "Feature", "geometry": {"type": "Point", "coordinates": [121.057252, 14.601918]}, "properties": {"elevation": 42.0, "slope": 2.72, "aspect": 292.0, "twi": 10.2, "ruggedness": 1.595}}, {"type": "Feature", "geometry": {"type": "Point", "coordinates": [121.058094, 14.601918]}, "properties": {"elevation": 47.0, "slope": 1.62, "aspect": 308.9, "twi": 10.72, "ruggedness": 1.03}}, {"type": "Feature", "geometry": {"type": "Point", "coordinates": [121.058936, 14.601918]}, "properties": {"elevation": 46.0, "slope": 3.3, "aspect": 22.5, "twi": 10.01, "ruggedness": 1.7}}, {"type": "Feature", "geometry": {"type": "Point", "coordinates": [121.059779, 14.601918]}, "properties": {"elevation": 44.0, "slope": 0.63, "aspect": 270.0, "twi": 11.66, "ruggedness": 1.414}}, {"type": "Feature", "geometry": {"type": "Point", "coordinates": [121.0185, 14.602427]}, "properties": {"elevation": 10.0, "slope": 2.72, "aspect": 68.0, "twi": 10.2, "ruggedness": 1.499}}, {"type": "Feature", "geometry": {"type": "Point", "coordinates": [121.019342, 14.602427]}, "properties": {"elevation": 7.0, "slope": 3.11, "aspect": 168.3, "twi": 10.06, "ruggedness": 1.618}}, {"type": "Feature", "geometry": {"type": "Point", "coordinates": [121.020185, 14.602427]}, "properties": {"elevation": 8.0, "slope": 4.11, "aspect": 351.2, "twi": 9.78, "ruggedness": 1.826}}, {"type": "Feature", "geometry": {"type": "Point", "coordinates": [121.021027, 14.602427]}, "properties": {"elevation": 9.0, "slope": 3.59, "aspect": 328.2, "twi": 9.92, "ruggedness": 1.832}}, {"type": "Feature", "geometry": {"type": "Point", "coordinates": [121.02187, 14.602427]}, "properties": {"elevation": 10.0, "slope": 3.59, "aspect": 31.8, "twi": 9.92, "ruggedness": 1.633}}, {"type": "Feature", "geometry": {"type": "Point", "coordinates": [121.022712, 14.602427]}, "properties": {"elevation": 10.0, "slope": 3.15, "aspect": 270.0, "twi": 10.05, "ruggedness": 2.25}}, {"type": "Feature", "geometry": {"type": "Point", "coordinates": [121.023555, 14.602427]}, "properties": {"elevation": 13.0, "slope": 0.63, "aspect": 270.0, "twi": 11.66, "ruggedness": 0.816}}, {"type": "Feature", "geometry": {"type": "Point", "coordinates": [121.024397, 14.602427]}, "properties": {"elevation": 14.0, "slope": 1.26, "aspect": 90.0, "twi": 10.97, "ruggedness": 1.247}}, {"type": "Feature", "geometry": {"type": "Point", "coordinates": [121.025239, 14.602427]}, "properties": {"elevation": 12.0, "slope": 1.62, "aspect": 308.9, "twi": 10.72, "ruggedness": 1.257}}, {"type": "Feature", "geometry": {"type": "Point", "coordinates": [121.026082, 14.602427]}, "properties": {"elevation": 15.0, "slope": 3.3, "aspect": 337.5, "twi": 10.01, "ruggedness": 1.066}}, {"type": "Feature", "geometry": {"type": "Point", "coordinates": [121.026924, 14.602427]}, "properties": {"elevation": 14.0, "slope": 2.78, "aspect": 42.9, "twi": 10.18, "ruggedness": 0.994}}, {"type": "Feature", "geometry": {"type": "Point", "coordinates": [121.027767, 14.602427]}, "properties": {"elevation": 12.0, "slope": 1.26, "aspect": 270.0, "twi": 10.97, "ruggedness": 1.066}}, {"type": "Feature", "geometry": {"type": "Point", "coordinates": [121.028609, 14.602427]}, "properties": {"elevation": 17.0, "slope": 0.63, "aspect": 90.0, "twi": 11.66, "ruggedness": 1.054}}, {"type": "Feature", "geometry": {"type": "Point", "coordinates": [121.029452, 14.602427]}, "properties": {"elevation": 18.0, "slope": 7.53, "aspect": 270.0, "twi": 9.18, "ruggedness": 4.422}}, {"type": "Feature", "geometry": {"type": "Point", "coordinates": [121.030294, 14.602427]}, "properties": {"elevation": 26.0, "slope": 3.11, "aspect": 348.3, "twi": 10.06, "ruggedness": 1.414}}, {"type": "Feature", "geometry": {"type": "Point", "coordinates": [121.031136, 14.602427]}, "properties": {"elevation": 29.0, "slope": 1.2, "aspect": 148.2, "twi": 11.02, "ruggedness": 1.133}}, {"type": "Feature", "geometry": {"type": "Point", "coordinates": [121.031979, 14.602427]}, "properties": {"elevation": 21.0, "slope": 3.78, "aspect": 90.0, "twi": 9.87, "ruggedness": 2.449}}, {"type": "Feature", "geometry": {"type": "Point", "coordinates": [121.032821, 14.602427]}, "properties": {"elevation": 23.0, "slope": 2.72, "aspect": 292.0, "twi": 10.2, "ruggedness": 1.707}}, {"type": "Feature", "geometry": {"type": "Point", "coordinates": [121.033664, 14.602427]}, "properties": {"elevation": 21.0, "slope": 3.05, "aspect": -0.0, "twi": 10.08, "ruggedness": 1.423}}, {"type": "Feature", "geometry": {"type": "Point", "coordinates": [121.034506, 14.602427]}, "properties": {"elevation": 27.0, "slope": 2.52, "aspect": 270.0, "twi": 10.27, "ruggedness": 1.491}}, {"type": "Feature", "geometry": {"type": "Point", "coordinates": [121.035348, 14.602427]}, "properties": {"elevation": 28.0, "slope": 1.2, "aspect": 31.8, "twi": 11.02, "ruggedness": 0.685}}, {"type": "Feature", "geometry": {"type": "Point", "coordinates": [121.036191, 14.602427]}, "properties": {"elevation": 26.0, "slope": 1.2, "aspect": 148.2, "twi": 11.02, "ruggedness": 1.165}}, {"type": "Feature", "geometry": {"type": "Point", "coordinates": [121.037033, 14.602427]}, "properties": {"elevation": 28.0, "slope": 1.2, "aspect": 148.2, "twi": 11.02, "ruggedness": 1.414}}, {"type": "Feature", "geometry": {"type": "Point", "coordinates": [121.037876, 14.602427]}, "properties": {"elevation": 24.0, "slope": 1.62, "aspect": 128.9, "twi": 10.72, "ruggedness": 1.397}}, {"type": "Feature", "geometry": {"type": "Point", "coordinates": [121.038718, 14.602427]}, "properties": {"elevation": 24.0, "slope": 2.13, "aspect": 197.2, "twi": 10.44, "ruggedness": 0.667}}, {"type": "Feature", "geometry": {"type": "Point", "coordinates": [121.039561, 14.602427]}, "properties": {"elevation": 22.0, "slope": 2.72, "aspect": 68.0, "twi": 10.2, "ruggedness": 1.7}}, {"type": "Feature", "geometry": {"type": "Point", "coordinates": [121.040403, 14.602427]}, "properties": {"elevation": 21.0, "slope": 2.52, "aspect": 270.0, "twi": 10.27, "ruggedness": 1.343}}, {"type": "Feature", "geometry": {"type": "Point", "coordinates": [121.041245, 14.602427]}, "properties": {"elevation": 25.0, "slope": 2.13, "aspect": 342.8, "twi": 10.44, "ruggedness": 1.449}}, {"type": "Feature", "geometry": {"type": "Point", "coordinates": [121.042088, 14.602427]}, "properties": {"elevation": 24.0, "slope": 5.11, "aspect": 352.9, "twi": 9.57, "ruggedness": 2.043}}, {"type": "Feature", "geometry": {"type": "Point", "coordinates": [121.04293, 14.602427]}, "properties": {"elevation": 25.0, "slope": 3.05, "aspect": -0.0, "twi": 10.08, "ruggedness": 1.155}}, {"type": "Feature", "geometry": {"type": "Point", "coordinates": [121.043773, 14.602427]}, "properties": {"elevation": 25.0, "slope": 2.39, "aspect": 328.2, "twi": 10.33, "ruggedness": 1.414}}, {"type": "Feature", "geometry": {"type": "Point", "coordinates": [121.044615, 14.602427]}, "properties": {"elevation": 31.0, "slope": 3.24, "aspect": 308.9, "twi": 10.02, "ruggedness": 1.414}}, {"type": "Feature", "geometry": {"type": "Point", "coordinates": [121.045458, 14.602427]}, "properties": {"elevation": 31.0, "slope": 2.72, "aspect": 112.0, "twi": 10.2, "ruggedness": 1.523}}, {"type": "Feature", "geometry": {"type": "Point", "coordinates": [121.0463, 14.602427]}, "properties": {"elevation": 31.0, "slope": 3.92, "aspect": 255.0, "twi": 9.83, "ruggedness": 2.315}}, {"type": "Feature", "geometry": {"type": "Point", "coordinates": [121.047142, 14.602427]}, "properties": {"elevation": 31.0, "slope": 3.24, "aspect": 51.1, "twi": 10.02, "ruggedness": 1.892}}, {"type": "Feature", "geometry": {"type": "Point", "coordinates": [121.047985, 14.602427]}, "properties": {"elevation": 25.0, "slope": 2.13, "aspect": 342.8, "twi": 10.44, "ruggedness": 2.582}}, {"type": "Feature", "geometry": {"type": "Point", "coordinates": [121.048827, 14.602427]}, "properties": {"elevation": 38.0, "slope": 4.53, "aspect": 283.0, "twi": 9.69, "ruggedness": 2.906}}, {"type": "Feature", "geometry": {"type": "Point", "coordinates": [121.04967, 14.602427]}, "properties": {"elevation": 38.0, "slope": 7.09, "aspect": 180.0, "twi": 9.24, "ruggedness": 2.055}}, {"type": "Feature", "geometry": {"type": "Point", "coordinates": [121.050512, 14.602427]}, "properties": {"elevation": 39.0, "slope": 3.3, "aspect": 202.5, "twi": 10.01, "ruggedness": 1.641}}, {"type": "Feature", "geometry": {"type": "Point", "coordinates": [121.051355, 14.602427]}, "properties": {"elevation": 39.0, "slope": 3.75, "aspect": 122.8, "twi": 9.88, "ruggedness": 2.25}}, {"type": "Feature", "geometry": {"type": "Point", "coordinates": [121.052197, 14.602427]}, "properties": {"elevation": 35.0, "slope": 4.06, "aspect": 180.0, "twi": 9.8, "ruggedness": 1.247}}, {"type": "Feature", "geometry": {"type": "Point", "coordinates": [121.053039, 14.602427]}, "properties": {"elevation": 37.0, "slope": 1.89, "aspect": 270.0, "twi": 10.56, "ruggedness": 1.286}}, {"type": "Feature", "geometry": {"type": "Point", "coordinates": [121.053882, 14.602427]}, "properties": {"elevation": 40.0, "slope": 1.62, "aspect": 231.1, "twi": 10.72, "ruggedness": 0.816}}, {"type": "Feature", "geometry": {"type": "Point", "coordinates": [121.054724, 14.602427]}, "properties": {"elevation": 41.0, "slope": 1.02, "aspect": -0.0, "twi": 11.18, "ruggedness": 0.567}}, {"type": "Feature", "geometry": {"type": "Point", "coordinates": [121.055567, 14.602427]}, "properties": {"elevation": 40.0, "slope": 2.15, "aspect": 241.7, "twi": 10.44, "ruggedness": 1.343}}, {"type": "Feature", "geometry": {"type": "Point", "coordinates": [121.056409, 14.602427]}, "properties": {"elevation": 42.0, "slope": 2.39, "aspect": 148.2, "twi": 10.33, "ruggedness": 0.786}}, {"type": "Feature", "geometry": {"type": "Point", "coordinates": [121.057252, 14.602427]}, "properties": {"elevation": 43.0, "slope": 2.52, "aspect": 270.0, "twi": 10.27, "ruggedness": 1.633}}, {"type": "Feature", "geometry": {"type": "Point", "coordinates": [121.058094, 14.602427]}, "properties": {"elevation": 47.0, "slope": 1.62, "aspect": 231.1, "twi": 10.72, "ruggedness": 1.1}}, {"type": "Feature", "geometry": {"type": "Point", "coordinates": [121.058936, 14.602427]}, "properties": {"elevation": 46.0, "slope": 2.15, "aspect": 118.3, "twi": 10.44, "ruggedness": 1.474}}, {"type": "Feature", "geometry": {"type": "Point", "coordinates": [121.059779, 14.602427]}, "properties": {"elevation": 40.0, "slope": 6.21, "aspect": 168.3, "twi": 9.37, "ruggedness": 2.266}}, {"type": "Feature", "geometry": {"type": "Point", "coordinates": [121.0185, 14.602936]}, "properties": {"elevation": 12.0, "slope": 6.29, "aspect": 90.0, "twi": 9.36, "ruggedness": 2.131}}, {"type": "Feature", "geometry": {"type": "Point", "coordinates": [121.019342, 14.602936]}, "properties": {"elevation": 3.0, "slope": 1.26, "aspect": 90.0, "twi": 10.97, "ruggedness": 1.571}}, {"type": "Feature", "geometry": {"type": "Point", "coordinates": [121.020185, 14.602936]}, "properties": {"elevation": 9.0, "slope": 5.04, "aspect": 270.0, "twi": 9.58, "ruggedness": 2.828}}, {"type": "Feature", "geometry": {"type": "Point", "coordinates": [121.021027, 14.602936]}, "properties": {"elevation": 12.0, "slope": 0.0, "aspect": -0.0, "twi": 14.06, "ruggedness": 0.816}}, {"type": "Feature", "geometry": {"type": "Point", "coordinates": [121.02187, 14.602936]}, "properties": {"elevation": 12.0, "slope": 3.78, "aspect": 90.0, "twi": 9.87, "ruggedness": 2.347}}, {"type": "Feature", "geometry": {"type": "Point", "coordinates": [121.022712, 14.602936]}, "properties": {"elevation": 9.0, "slope": 3.92, "aspect": 255.0, "twi": 9.83, "ruggedness": 2.529}}, {"type": "Feature", "geometry": {"type": "Point", "coordinates": [121.023555, 14.602936]}, "properties": {"elevation": 14.0, "slope": 0.63, "aspect": 270.0, "twi": 11.66, "ruggedness": 0.786}}, {"type": "Feature", "geometry": {"type": "Point", "coordinates": [121.024397, 14.602936]}, "properties": {"elevation": 14.0, "slope": 1.62, "aspect": 51.1, "twi": 10.72, "ruggedness": 1.054}}, {"type": "Feature", "geometry": {"type": "Point", "coordinates": [121.025239, 14.602936]}, "properties": {"elevation": 12.0, "slope": 2.15, "aspect": 298.3, "twi": 10.44, "ruggedness": 1.197}}, {"type": "Feature", "geometry": {"type": "Point", "coordinates": [121.026082, 14.602936]}, "properties": {"elevation": 16.0, "slope": 0.63, "aspect": 90.0, "twi": 11.66, "ruggedness": 0.816}}, {"type": "Feature", "geometry": {"type": "Point", "coordinates": [121.026924, 14.602936]}, "properties": {"elevation": 15.0, "slope": 0.0, "aspect": -0.0, "twi": 14.06, "ruggedness": 0.831}}, {"type": "Feature", "geometry": {"type": "Point", "coordinates": [121.027767, 14.602936]}, "properties": {"elevation": 14.0, "slope": 3.11, "aspect": 348.3, "twi": 10.06, "ruggedness": 1.155}}, {"type": "Feature", "geometry": {"type": "Point", "coordinates": [121.028609, 14.602936]}, "properties": {"elevation": 16.0, "slope": 1.62, "aspect": 231.1, "twi": 10.72, "ruggedness": 0.994}}, {"type": "Feature", "geometry": {"type": "Point", "coordinates": [121.029452, 14.602936]}, "properties": {"elevation": 20.0, "slope": 5.14, "aspect": 281.4, "twi": 9.56, "ruggedness": 3.745}}, {"type": "Feature", "geometry": {"type": "Point", "coordinates": [121.030294, 14.602936]}, "properties": {"elevation": 27.0, "slope": 1.62, "aspect": 308.9, "twi": 10.72, "ruggedness": 1.165}}, {"type": "Feature", "geometry": {"type": "Point", "coordinates": [121.031136, 14.602936]}, "properties": {"elevation": 26.0, "slope": 2.39, "aspect": 148.2, "twi": 10.33, "ruggedness": 0.943}}, {"type": "Feature", "geometry": {"type": "Point", "coordinates": [121.031979, 14.602936]}, "properties": {"elevation": 23.0, "slope": 1.62, "aspect": 51.1, "twi": 10.72, "ruggedness": 1.685}}, {"type": "Feature", "geometry": {"type": "Point", "coordinates": [121.032821, 14.602936]}, "properties": {"elevation": 26.0, "slope": 5.41, "aspect": 339.6, "twi": 9.51, "ruggedness": 2.2}}, {"type": "Feature", "geometry": {"type": "Point", "coordinates": [121.033664, 14.602936]}, "properties": {"elevation": 28.0, "slope": 5.23, "aspect": 346.1, "twi": 9.54, "ruggedness": 2.108}}, {"type": "Feature", "geometry": {"type": "Point", "coordinates": [121.034506, 14.602936]}, "properties": {"elevation": 28.0, "slope": 3.3, "aspect": 22.5, "twi": 10.01, "ruggedness": 1.832}}, {"type": "Feature", "geometry": {"type": "Point", "coordinates": [121.035348, 14.602936]}, "properties": {"elevation": 27.0, "slope": 2.39, "aspect": 211.8, "twi": 10.33, "ruggedness": 0.816}}, {"type": "Feature", "geometry": {"type": "Point", "coordinates": [121.036191, 14.602936]}, "properties": {"elevation": 26.0, "slope": 2.15, "aspect": 61.7, "twi": 10.44, "ruggedness": 1.247}}, {"type": "Feature", "geometry": {"type": "Point", "coordinates": [121.037033, 14.602936]}, "properties": {"elevation": 26.0, "slope": 2.03, "aspect": 180.0, "twi": 10.49, "ruggedness": 1.133}}, {"type": "Feature", "geometry": {"type": "Point", "coordinates": [121.037876, 14.602936]}, "properties": {"elevation": 24.0, "slope": 1.2, "aspect": 148.2, "twi": 11.02, "ruggedness": 0.943}}, {"type": "Feature", "geometry": {"type": "Point", "coordinates": [121.038718, 14.602936]}, "properties": {"elevation": 23.0, "slope": 0.63, "aspect": 270.0, "twi": 11.66, "ruggedness": 0.786}}, {"type": "Feature", "geometry": {"type": "Point", "coordinates": [121.039561, 14.602936]}, "properties": {"elevation": 24.0, "slope": 2.15, "aspect": 61.7, "twi": 10.44, "ruggedness": 1.333}}, {"type": "Feature", "geometry": {"type": "Point", "coordinates": [121.040403, 14.602936]}, "properties": {"elevation": 20.0, "slope": 2.13, "aspect": 162.8, "twi": 10.44, "ruggedness": 1.1}}, {"type": "Feature", "geometry": {"type": "Point", "coordinates": [121.041245, 14.602936]}, "properties": {"elevation": 24.0, "slope": 3.31, "aspect": 252.1, "twi": 10.0, "ruggedness": 2.025}}, {"type": "Feature", "geometry": {"type": "Point", "coordinates": [121.042088, 14.602936]}, "properties": {"elevation": 28.0, "slope": 1.89, "aspect": 270.0, "twi": 10.56, "ruggedness": 1.066}}, {"type": "Feature", "geometry": {"type": "Point", "coordinates": [121.04293, 14.602936]}, "properties": {"elevation": 27.0, "slope": 1.62, "aspect": 51.1, "twi": 10.72, "ruggedness": 0.786}}, {"type": "Feature", "geometry": {"type": "Point", "coordinates": [121.043773, 14.602936]}, "properties": {"elevation": 28.0, "slope": 2.39, "aspect": 328.2, "twi": 10.33, "ruggedness": 0.875}}, {"type": "Feature", "geometry": {"type": "Point", "coordinates": [121.044615, 14.602936]}, "properties": {"elevation": 31.0, "slope": 1.02, "aspect": 180.0, "twi": 11.18, "ruggedness": 0.916}}, {"type": "Feature", "geometry": {"type": "Point", "coordinates": [121.045458, 14.602936]}, "properties": {"elevation": 29.0, "slope": 1.2, "aspect": 211.8, "twi": 11.02, "ruggedness": 0.667}}, {"type": "Feature", "geometry": {"type": "Point", "coordinates": [121.0463, 14.602936]}, "properties": {"elevation": 28.0, "slope": 1.62, "aspect": 128.9, "twi": 10.72, "ruggedness": 1.633}}, {"type": "Feature", "geometry": {"type": "Point", "coordinates": [121.047142, 14.602936]}, "properties": {"elevation": 31.0, "slope": 4.29, "aspect": 241.7, "twi": 9.74, "ruggedness": 2.449}}, {"type": "Feature", "geometry": {"type": "Point", "coordinates": [121.047985, 14.602936]}, "properties": {"elevation": 32.0, "slope": 5.41, "aspect": 20.4, "twi": 9.51, "ruggedness": 1.685}}, {"type": "Feature", "geometry": {"type": "Point", "coordinates": [121.048827, 14.602936]}, "properties": {"elevation": 33.0, "slope": 7.15, "aspect": 211.8, "twi": 9.23, "ruggedness": 2.846}}, {"type": "Feature", "geometry": {"type": "Point", "coordinates": [121.04967, 14.602936]}, "properties": {"elevation": 34.0, "slope": 5.41, "aspect": 20.4, "twi": 9.51, "ruggedness": 1.7}}, {"type": "Feature", "geometry": {"type": "Point", "coordinates": [121.050512, 14.602936]}, "properties": {"elevation": 36.0, "slope": 1.26, "aspect": 270.0, "twi": 10.97, "ruggedness": 1.133}}, {"type": "Feature", "geometry": {"type": "Point", "coordinates": [121.051355, 14.602936]}, "properties": {"elevation": 35.0, "slope": 3.31, "aspect": 72.1, "twi": 10.0, "ruggedness": 2.108}}, {"type": "Feature", "geometry": {"type": "Point", "coordinates": [121.052197, 14.602936]}, "properties": {"elevation": 32.0, "slope": 2.72, "aspect": 292.0, "twi": 10.2, "ruggedness": 1.499}}, {"type": "Feature", "geometry": {"type": "Point", "coordinates": [121.053039, 14.602936]}, "properties": {"elevation": 37.0, "slope": 1.89, "aspect": 270.0, "twi": 10.56, "ruggedness": 1.133}}, {"type": "Feature", "geometry": {"type": "Point", "coordinates": [121.053882, 14.602936]}, "properties": {"elevation": 39.0, "slope": 0.63, "aspect": 270.0, "twi": 11.66, "ruggedness": 0.667}}, {"type": "Feature", "geometry": {"type": "Point", "coordinates": [121.054724, 14.602936]}, "properties": {"elevation": 39.0, "slope": 1.02, "aspect": 180.0, "twi": 11.18, "ruggedness": 0.567}}, {"type": "Feature", "geometry": {"type": "Point", "coordinates": [121.055567, 14.602936]}, "properties": {"elevation": 37.0, "slope": 2.13, "aspect": 197.2, "twi": 10.44, "ruggedness": 1.414}}, {"type": "Feature", "geometry": {"type": "Point", "coordinates": [121.056409, 14.602936]}, "properties": {"elevation": 41.0, "slope": 1.26, "aspect": 270.0, "twi": 10.97, "ruggedness": 1.1}}, {"type": "Feature", "geometry": {"type": "Point", "coordinates": [121.057252, 14.602936]}, "properties": {"elevation": 42.0, "slope": 1.89, "aspect": 270.0, "twi": 10.56, "ruggedness": 1.397}}, {"type": "Feature", "geometry": {"type": "Point", "coordinates": [121.058094, 14.602936]}, "properties": {"elevation": 45.0, "slope": 1.02, "aspect": 180.0, "twi": 11.18, "ruggedness": 0.416}}, {"type": "Feature", "geometry": {"type": "Point", "coordinates": [121.058936, 14.602936]}, "properties": {"elevation": 47.0, "slope": 2.03, "aspect": -0.0, "twi": 10.49, "ruggedness": 1.523}}, {"type": "Feature", "geometry": {"type": "Point", "coordinates": [121.059779, 14.602936]}, "properties": {"elevation": 42.0, "slope": 8.11, "aspect": 4.4, "twi": 9.1, "ruggedness": 2.78}}, {"type": "Feature", "geometry": {"type": "Point", "coordinates": [121.0185, 14.603445]}, "properties": {"elevation": 10.0, "slope": 1.02, "aspect": -0.0, "twi": 11.18, "ruggedness": 1.826}}, {"type": "Feature", "geometry": {"type": "Point", "coordinates": [121.019342, 14.603445]}, "properties": {"elevation": 7.0, "slope": 8.18, "aspect": 8.8, "twi": 9.09, "ruggedness": 3.367}}, {"type": "Feature", "geometry": {"type": "Point", "coordinates": [121.020185, 14.603445]}, "properties": {"elevation": 11.0, "slope": 5.14, "aspect": 322.2, "twi": 9.56, "ruggedness": 2.699}}, {"type": "Feature", "geometry": {"type": "Point", "coordinates": [121.021027, 14.603445]}, "properties": {"elevation": 8.0, "slope": 3.59, "aspect": 148.2, "twi": 9.92, "ruggedness": 2.108}}, {"type": "Feature", "geometry": {"type": "Point", "coordinates": [121.02187, 14.603445]}, "properties": {"elevation": 10.0, "slope": 2.39, "aspect": 148.2, "twi": 10.33, "ruggedness": 1.548}}, {"type": "Feature", "geometry": {"type": "Point", "coordinates": [121.022712, 14.603445]}, "properties": {"elevation": 9.0, "slope": 1.89, "aspect": 270.0, "twi": 10.56, "ruggedness": 1.563}}, {"type": "Feature", "geometry": {"type": "Point", "coordinates": [121.023555, 14.603445]}, "properties": {"elevation": 13.0, "slope": 3.31, "aspect": 252.1, "twi": 10.0, "ruggedness": 1.832}}, {"type": "Feature", "geometry": {"type": "Point", "coordinates": [121.024397, 14.603445]}, "properties": {"elevation": 15.0, "slope": 0.63, "aspect": 90.0, "twi": 11.66, "ruggedness": 0.875}}, {"type": "Feature", "geometry": {"type": "Point", "coordinates": [121.025239, 14.603445]}, "properties": {"elevation": 14.0, "slope": 2.39, "aspect": 31.8, "twi": 10.33, "ruggedness": 0.994}}, {"type": "Feature", "geometry": {"type": "Point", "coordinates": [121.026082, 14.603445]}, "properties": {"elevation": 16.0, "slope": 1.89, "aspect": 270.0, "twi": 10.56, "ruggedness": 1.227}}, {"type": "Feature", "geometry": {"type": "Point", "coordinates": [121.026924, 14.603445]}, "properties": {"elevation": 16.0, "slope": 3.59, "aspect": 328.2, "twi": 9.92, "ruggedness": 1.663}}, {"type": "Feature", "geometry": {"type": "Point", "coordinates": [121.027767, 14.603445]}, "properties": {"elevation": 19.0, "slope": 4.11, "aspect": 351.2, "twi": 9.78, "ruggedness": 2.25}}, {"type": "Feature", "geometry": {"type": "Point", "coordinates": [121.028609, 14.603445]}, "properties": {"elevation": 20.0, "slope": 8.11, "aspect": 355.6, "twi": 9.1, "ruggedness": 3.27}}, {"type": "Feature", "geometry": {"type": "Point", "coordinates": [121.029452, 14.603445]}, "properties": {"elevation": 21.0, "slope": 4.78, "aspect": 328.2, "twi": 9.63, "ruggedness": 2.699}}, {"type": "Feature", "geometry": {"type": "Point", "coordinates": [121.030294, 14.603445]}, "properties": {"elevation": 29.0, "slope": 1.62, "aspect": 308.9, "twi": 10.72, "ruggedness": 1.618}}, {"type": "Feature", "geometry": {"type": "Point", "coordinates": [121.031136, 14.603445]}, "properties": {"elevation": 25.0, "slope": 2.39, "aspect": 148.2, "twi": 10.33, "ruggedness": 0.943}}, {"type": "Feature", "geometry": {"type": "Point", "coordinates": [121.031979, 14.603445]}, "properties": {"elevation": 24.0, "slope": 3.11, "aspect": 348.3, "twi": 10.06, "ruggedness": 1.03}}, {"type": "Feature", "geometry": {"type": "Point", "coordinates": [121.032821, 14.603445]}, "properties": {"elevation": 29.0, "slope": 2.13, "aspect": 197.2, "twi": 10.44, "ruggedness": 1.1}}, {"type": "Feature", "geometry": {"type": "Point", "coordinates": [121.033664, 14.603445]}, "properties": {"elevation": 28.0, "slope": 3.15, "aspect": 270.0, "twi": 10.05, "ruggedness": 1.969}}, {"type": "Feature", "geometry": {"type": "Point", "coordinates": [121.034506, 14.603445]}, "properties": {"elevation": 32.0, "slope": 4.38, "aspect": 46.0, "twi": 9.72, "ruggedness": 2.261}}, {"type": "Feature", "geometry": {"type": "Point", "coordinates": [121.035348, 14.603445]}, "properties": {"elevation": 26.0, "slope": 3.05, "aspect": -0.0, "twi": 10.08, "ruggedness": 1.315}}, {"type": "Feature", "geometry": {"type": "Point", "coordinates": [121.036191, 14.603445]}, "properties": {"elevation": 26.0, "slope": 3.3, "aspect": 157.5, "twi": 10.01, "ruggedness": 1.397}}, {"type": "Feature", "geometry": {"type": "Point", "coordinates": [121.037033, 14.603445]}, "properties": {"elevation": 24.0, "slope": 3.96, "aspect": 140.4, "twi": 9.82, "ruggedness": 1.872}}, {"type": "Feature", "geometry": {"type": "Point", "coordinates": [121.037876, 14.603445]}, "properties": {"elevation": 20.0, "slope": 4.11, "aspect": 188.8, "twi": 9.78, "ruggedness": 1.414}}, {"type": "Feature", "geometry": {"type": "Point", "coordinates": [121.038718, 14.603445]}, "properties": {"elevation": 23.0, "slope": 1.2, "aspect": 211.8, "twi": 11.02, "ruggedness": 0.816}}, {"type": "Feature", "geometry": {"type": "Point", "coordinates": [121.039561, 14.603445]}, "properties": {"elevation": 23.0, "slope": 2.39, "aspect": 148.2, "twi": 10.33, "ruggedness": 1.066}}, {"type": "Feature", "geometry": {"type": "Point", "coordinates": [121.040403, 14.603445]}, "properties": {"elevation": 19.0, "slope": 4.25, "aspect": 342.8, "twi": 9.75, "ruggedness": 2.055}}, {"type": "Feature", "geometry": {"type": "Point", "coordinates": [121.041245, 14.603445]}, "properties": {"elevation": 25.0, "slope": 2.78, "aspect": 317.1, "twi": 10.18, "ruggedness": 1.633}}, {"type": "Feature", "geometry": {"type": "Point", "coordinates": [121.042088, 14.603445]}, "properties": {"elevation": 26.0, "slope": 2.15, "aspect": 241.7, "twi": 10.44, "ruggedness": 1.663}}, {"type": "Feature", "geometry": {"type": "Point", "coordinates": [121.04293, 14.603445]}, "properties": {"elevation": 29.0, "slope": 3.05, "aspect": -0.0, "twi": 10.08, "ruggedness": 0.916}}, {"type": "Feature", "geometry": {"type": "Point", "coordinates": [121.043773, 14.603445]}, "properties": {"elevation": 28.0, "slope": 2.13, "aspect": 162.8, "twi": 10.44, "ruggedness": 0.943}}, {"type": "Feature", "geometry": {"type": "Point", "coordinates": [121.044615, 14.603445]}, "properties": {"elevation": 28.0, "slope": 2.39, "aspect": 211.8, "twi": 10.33, "ruggedness": 1.197}}, {"type": "Feature", "geometry": {"type": "Point", "coordinates": [121.045458, 14.603445]}, "properties": {"elevation": 30.0, "slope": 2.13, "aspect": 342.8, "twi": 10.44, "ruggedness": 0.943}}, {"type": "Feature", "geometry": {"type": "Point", "coordinates": [121.0463, 14.603445]}, "properties": {"elevation": 30.0, "slope": 3.96, "aspect": 39.6, "twi": 9.82, "ruggedness": 1.892}}, {"type": "Feature", "geometry": {"type": "Point", "coordinates": [121.047142, 14.603445]}, "properties": {"elevation": 29.0, "slope": 3.31, "aspect": 287.9, "twi": 10.0, "ruggedness": 2.211}}, {"type": "Feature", "geometry": {"type": "Point", "coordinates": [121.047985, 14.603445]}, "properties": {"elevation": 32.0, "slope": 1.02, "aspect": 180.0, "twi": 11.18, "ruggedness": 0.567}}, {"type": "Feature", "geometry": {"type": "Point", "coordinates": [121.048827, 14.603445]}, "properties": {"elevation": 33.0, "slope": 6.71, "aspect": 319.0, "twi": 9.29, "ruggedness": 3.928}}, {"type": "Feature", "geometry": {"type": "Point", "coordinates": [121.04967, 14.603445]}, "properties": {"elevation": 45.0, "slope": 12.17, "aspect": 351.2, "twi": 8.69, "ruggedness": 4.408}}, {"type": "Feature", "geometry": {"type": "Point", "coordinates": [121.050512, 14.603445]}, "properties": {"elevation": 40.0, "slope": 3.96, "aspect": 39.6, "twi": 9.82, "ruggedness": 2.944}}, {"type": "Feature", "geometry": {"type": "Point", "coordinates": [121.051355, 14.603445]}, "properties": {"elevation": 41.0, "slope": 7.12, "aspect": 5.1, "twi": 9.23, "ruggedness": 3.166}}, {"type": "Feature", "geometry": {"type": "Point", "coordinates": [121.052197, 14.603445]}, "properties": {"elevation": 38.0, "slope": 7.09, "aspect": -0.0, "twi": 9.24, "ruggedness": 2.749}}, {"type": "Feature", "geometry": {"type": "Point", "coordinates": [121.053039, 14.603445]}, "properties": {"elevation": 35.0, "slope": 2.39, "aspect": 211.8, "twi": 10.33, "ruggedness": 1.333}}, {"type": "Feature", "geometry": {"type": "Point", "coordinates": [121.053882, 14.603445]}, "properties": {"elevation": 38.0, "slope": 3.3, "aspect": 157.5, "twi": 10.01, "ruggedness": 1.054}}, {"type": "Feature", "geometry": {"type": "Point", "coordinates": [121.054724, 14.603445]}, "properties": {"elevation": 39.0, "slope": 1.62, "aspect": 231.1, "twi": 10.72, "ruggedness": 0.994}}, {"type": "Feature", "geometry": {"type": "Point", "coordinates": [121.055567, 14.603445]}, "properties": {"elevation": 38.0, "slope": 1.02, "aspect": -0.0, "twi": 11.18, "ruggedness": 0.831}}, {"type": "Feature", "geometry": {"type": "Point", "coordinates": [121.056409, 14.603445]}, "properties": {"elevation": 41.0, "slope": 3.31, "aspect": 287.9, "twi": 10.0, "ruggedness": 1.832}}, {"type": "Feature", "geometry": {"type": "Point", "coordinates": [121.057252, 14.603445]}, "properties": {"elevation": 43.0, "slope": 1.26, "aspect": 270.0, "twi": 10.97, "ruggedness": 1.197}}, {"type": "Feature", "geometry": {"type": "Point", "coordinates": [121.058094, 14.603445]}, "properties": {"elevation": 45.0, "slope": 0.63, "aspect": 90.0, "twi": 11.66, "ruggedness": 0.629}}, {"type": "Feature", "geometry": {"type": "Point", "coordinates": [121.058936, 14.603445]}, "properties": {"elevation": 49.0, "slope": 3.92, "aspect": 285.0, "twi": 9.83, "ruggedness": 2.494}}, {"type": "Feature", "geometry": {"type": "Point", "coordinates": [121.059779, 14.603445]}, "properties": {"elevation": 47.0, "slope": 2.72, "aspect": 68.0, "twi": 10.2, "ruggedness": 2.0}}, {"type": "Feature", "geometry": {"type": "Point", "coordinates": [121.0185, 14.603955]}, "properties": {"elevation": 17.0, "slope": 12.1, "aspect": 335.7, "twi": 8.69, "ruggedness": 4.764}}, {"type": "Feature", "geometry": {"type": "Point", "coordinates": [121.019342, 14.603955]}, "properties": {"elevation": 16.0, "slope": 5.99, "aspect": 47.3, "twi": 9.41, "ruggedness": 4.357}}, {"type": "Feature", "geometry": {"type": "Point", "coordinates": [121.020185, 14.603955]}, "properties": {"elevation": 11.0, "slope": 3.11, "aspect": 168.3, "twi": 10.06, "ruggedness": 1.257}}, {"type": "Feature", "geometry": {"type": "Point", "coordinates": [121.021027, 14.603955]}, "properties": {"elevation": 12.0, "slope": 9.82, "aspect": 22.5, "twi": 8.91, "ruggedness": 3.281}}, {"type": "Feature", "geometry": {"type": "Point", "coordinates": [121.02187, 14.603955]}, "properties": {"elevation": 9.0, "slope": 2.13, "aspect": 197.2, "twi": 10.44, "ruggedness": 0.667}}, {"type": "Feature", "geometry": {"type": "Point", "coordinates": [121.022712, 14.603955]}, "properties": {"elevation": 11.0, "slope": 3.59, "aspect": 328.2, "twi": 9.92, "ruggedness": 1.523}}, {"type": "Feature", "geometry": {"type": "Point", "coordinates": [121.023555, 14.603955]}, "properties": {"elevation": 13.0, "slope": 3.15, "aspect": 270.0, "twi": 10.05, "ruggedness": 1.931}}, {"type": "Feature", "geometry": {"type": "Point", "coordinates": [121.024397, 14.603955]}, "properties": {"elevation": 15.0, "slope": 0.0, "aspect": -0.0, "twi": 14.06, "ruggedness": 0.497}}, {"type": "Feature", "geometry": {"type": "Point", "coordinates": [121.025239, 14.603955]}, "properties": {"elevation": 15.0, "slope": 1.62, "aspect": 51.1, "twi": 10.72, "ruggedness": 0.816}}, {"type": "Feature", "geometry": {"type": "Point", "coordinates": [121.026082, 14.603955]}, "properties": {"elevation": 16.0, "slope": 3.31, "aspect": 287.9, "twi": 10.0, "ruggedness": 1.872}}, {"type": "Feature", "geometry": {"type": "Point", "coordinates": [121.026924, 14.603955]}, "properties": {"elevation": 20.0, "slope": 2.15, "aspect": 298.3, "twi": 10.44, "ruggedness": 1.988}}, {"type": "Feature", "geometry": {"type": "Point", "coordinates": [121.027767, 14.603955]}, "properties": {"elevation": 22.0, "slope": 4.48, "aspect": 335.1, "twi": 9.7, "ruggedness": 1.969}}, {"type": "Feature", "geometry": {"type": "Point", "coordinates": [121.028609, 14.603955]}, "properties": {"elevation": 25.0, "slope": 2.15, "aspect": 298.3, "twi": 10.44, "ruggedness": 1.571}}, {"type": "Feature", "geometry": {"type": "Point", "coordinates": [121.029452, 14.603955]}, "properties": {"elevation": 25.0, "slope": 2.15, "aspect": 61.7, "twi": 10.44, "ruggedness": 1.414}}, {"type": "Feature", "geometry": {"type": "Point", "coordinates": [121.030294, 14.603955]}, "properties": {"elevation": 28.0, "slope": 2.13, "aspect": 197.2, "twi": 10.44, "ruggedness": 1.423}}, {"type": "Feature", "geometry": {"type": "Point", "coordinates": [121.031136, 14.603955]}, "properties": {"elevation": 25.0, "slope": 2.13, "aspect": 342.8, "twi": 10.44, "ruggedness": 0.943}}, {"type": "Feature", "geometry": {"type": "Point", "coordinates": [121.031979, 14.603955]}, "properties": {"elevation": 28.0, "slope": 4.11, "aspect": 351.2, "twi": 9.78, "ruggedness": 1.343}}, {"type": "Feature", "geometry": {"type": "Point", "coordinates": [121.032821, 14.603955]}, "properties": {"elevation": 28.0, "slope": 1.2, "aspect": 328.2, "twi": 11.02, "ruggedness": 1.155}}, {"type": "Feature", "geometry": {"type": "Point", "coordinates": [121.033664, 14.603955]}, "properties": {"elevation": 29.0, "slope": 2.15, "aspect": 298.3, "twi": 10.44, "ruggedness": 1.523}}, {"type": "Feature", "geometry": {"type": "Point", "coordinates": [121.034506, 14.603955]}, "properties": {"elevation": 34.0, "slope": 1.2, "aspect": 211.8, "twi": 11.02, "ruggedness": 1.1}}, {"type": "Feature", "geometry": {"type": "Point", "coordinates": [121.035348, 14.603955]}, "properties": {"elevation": 31.0, "slope": 3.31, "aspect": 72.1, "twi": 10.0, "ruggedness": 2.0}}, {"type": "Feature", "geometry": {"type": "Point", "coordinates": [121.036191, 14.603955]}, "properties": {"elevation": 23.0, "slope": 3.78, "aspect": 90.0, "twi": 9.87, "ruggedness": 2.166}}, {"type": "Feature", "geometry": {"type": "Point", "coordinates": [121.037033, 14.603955]}, "properties": {"elevation": 22.0, "slope": 0.63, "aspect": 90.0, "twi": 11.66, "ruggedness": 0.816}}, {"type": "Feature", "geometry": {"type": "Point", "coordinates": [121.037876, 14.603955]}, "properties": {"elevation": 18.0, "slope": 0.0, "aspect": -0.0, "twi": 14.06, "ruggedness": 1.227}}, {"type": "Feature", "geometry": {"type": "Point", "coordinates": [121.038718, 14.603955]}, "properties": {"elevation": 21.0, "slope": 0.63, "aspect": 270.0, "twi": 11.66, "ruggedness": 0.667}}, {"type": "Feature", "geometry": {"type": "Point", "coordinates": [121.039561, 14.603955]}, "properties": {"elevation": 23.0, "slope": 2.03, "aspect": -0.0, "twi": 10.49, "ruggedness": 1.257}}, {"type": "Feature", "geometry": {"type": "Point", "coordinates": [121.040403, 14.603955]}, "properties": {"elevation": 27.0, "slope": 6.46, "aspect": 308.9, "twi": 9.33, "ruggedness": 3.224}}, {"type": "Feature", "geometry": {"type": "Point", "coordinates": [121.041245, 14.603955]}, "properties": {"elevation": 28.0, "slope": 4.38, "aspect": 46.0, "twi": 9.72, "ruggedness": 2.2}}, {"type": "Feature", "geometry": {"type": "Point", "coordinates": [121.042088, 14.603955]}, "properties": {"elevation": 26.0, "slope": 3.31, "aspect": 252.1, "twi": 10.0, "ruggedness": 2.0}}, {"type": "Feature", "geometry": {"type": "Point", "coordinates": [121.04293, 14.603955]}, "properties": {"elevation": 31.0, "slope": 2.13, "aspect": 162.8, "twi": 10.44, "ruggedness": 1.257}}, {"type": "Feature", "geometry": {"type": "Point", "coordinates": [121.043773, 14.603955]}, "properties": {"elevation": 27.0, "slope": 1.26, "aspect": 90.0, "twi": 10.97, "ruggedness": 1.054}}, {"type": "Feature", "geometry": {"type": "Point", "coordinates": [121.044615, 14.603955]}, "properties": {"elevation": 28.0, "slope": 2.52, "aspect": 270.0, "twi": 10.27, "ruggedness": 1.491}}, {"type": "Feature", "geometry": {"type": "Point", "coordinates": [121.045458, 14.603955]}, "properties": {"elevation": 31.0, "slope": 0.63, "aspect": 270.0, "twi": 11.66, "ruggedness": 0.629}}, {"type": "Feature", "geometry": {"type": "Point", "coordinates": [121.0463, 14.603955]}, "properties": {"elevation": 33.0, "slope": 3.11, "aspect": 348.3, "twi": 10.06, "ruggedness": 1.133}}, {"type": "Feature", "geometry": {"type": "Point", "coordinates": [121.047142, 14.603955]}, "properties": {"elevation": 32.0, "slope": 1.2, "aspect": 31.8, "twi": 11.02, "ruggedness": 0.875}}, {"type": "Feature", "geometry": {"type": "Point", "coordinates": [121.047985, 14.603955]}, "properties": {"elevation": 33.0, "slope": 2.13, "aspect": 342.8, "twi": 10.44, "ruggedness": 1.286}}, {"type": "Feature", "geometry": {"type": "Point", "coordinates": [121.048827, 14.603955]}, "properties": {"elevation": 39.0, "slope": 10.2, "aspect": 293.3, "twi": 8.87, "ruggedness": 5.416}}, {"type": "Feature", "geometry": {"type": "Point", "coordinates": [121.04967, 14.603955]}, "properties": {"elevation": 56.0, "slope": 3.11, "aspect": 11.7, "twi": 10.06, "ruggedness": 3.843}}, {"type": "Feature", "geometry": {"type": "Point", "coordinates": [121.050512, 14.603955]}, "properties": {"elevation": 41.0, "slope": 6.29, "aspect": 90.0, "twi": 9.36, "ruggedness": 4.595}}, {"type": "Feature", "geometry": {"type": "Point", "coordinates": [121.051355, 14.603955]}, "properties": {"elevation": 42.0, "slope": 5.99, "aspect": 227.3, "twi": 9.41, "ruggedness": 3.107}}, {"type": "Feature", "geometry": {"type": "Point", "coordinates": [121.052197, 14.603955]}, "properties": {"elevation": 42.0, "slope": 3.24, "aspect": 51.1, "twi": 10.02, "ruggedness": 2.079}}, {"type": "Feature", "geometry": {"type": "Point", "coordinates": [121.053039, 14.603955]}, "properties": {"elevation": 42.0, "slope": 19.64, "aspect": 5.3, "twi": 8.18, "ruggedness": 5.587}}, {"type": "Feature", "geometry": {"type": "Point", "coordinates": [121.053882, 14.603955]}, "properties": {"elevation": 35.0, "slope": 2.39, "aspect": 148.2, "twi": 10.33, "ruggedness": 1.474}}, {"type": "Feature", "geometry": {"type": "Point", "coordinates": [121.054724, 14.603955]}, "properties": {"elevation": 38.0, "slope": 2.39, "aspect": 328.2, "twi": 10.33, "ruggedness": 1.499}}, {"type": "Feature", "geometry": {"type": "Point", "coordinates": [121.055567, 14.603955]}, "properties": {"elevation": 38.0, "slope": 2.78, "aspect": 317.1, "twi": 10.18, "ruggedness": 1.1}}, {"type": "Feature", "geometry": {"type": "Point", "coordinates": [121.056409, 14.603955]}, "properties": {"elevation": 42.0, "slope": 2.72, "aspect": 248.0, "twi": 10.2, "ruggedness": 1.548}}, {"type": "Feature", "geometry": {"type": "Point", "coordinates": [121.057252, 14.603955]}, "properties": {"elevation": 43.0, "slope": 0.63, "aspect": 270.0, "twi": 11.66, "ruggedness": 1.054}}, {"type": "Feature", "geometry": {"type": "Point", "coordinates": [121.058094, 14.603955]}, "properties": {"elevation": 45.0, "slope": 0.0, "aspect": -0.0, "twi": 14.06, "ruggedness": 0.786}}, {"type": "Feature", "geometry": {"type": "Point", "coordinates": [121.058936, 14.603955]}, "properties": {"elevation": 51.0, "slope": 5.36, "aspect": 304.6, "twi": 9.52, "ruggedness": 2.973}}, {"type": "Feature", "geometry": {"type": "Point", "coordinates": [121.059779, 14.603955]}, "properties": {"elevation": 47.0, "slope": 2.52, "aspect": 90.0, "twi": 10.27, "ruggedness": 2.025}}, {"type": "Feature", "geometry": {"type": "Point", "coordinates": [121.0185, 14.604464]}, "properties": {"elevation": 19.0, "slope": 12.03, "aspect": 180.0, "twi": 8.7, "ruggedness": 5.28}}, {"type": "Feature", "geometry": {"type": "Point", "coordinates": [121.019342, 14.604464]}, "properties": {"elevation": 11.0, "slope": 10.58, "aspect": 139.5, "twi": 8.83, "ruggedness": 6.579}}, {"type": "Feature", "geometry": {"type": "Point", "coordinates": [121.020185, 14.604464]}, "properties": {"elevation": 8.0, "slope": 7.52, "aspect": 199.5, "twi": 9.18, "ruggedness": 3.947}}, {"type": "Feature", "geometry": {"type": "Point", "coordinates": [121.021027, 14.604464]}, "properties": {"elevation": 16.0, "slope": 5.11, "aspect": 172.9, "twi": 9.57, "ruggedness": 3.119}}, {"type": "Feature", "geometry": {"type": "Point", "coordinates": [121.02187, 14.604464]}, "properties": {"elevation": 8.0, "slope": 3.59, "aspect": 31.8, "twi": 9.92, "ruggedness": 1.792}}, {"type": "Feature", "geometry": {"type": "Point", "coordinates": [121.022712, 14.604464]}, "properties": {"elevation": 11.0, "slope": 2.72, "aspect": 248.0, "twi": 10.2, "ruggedness": 1.491}}, {"type": "Feature", "geometry": {"type": "Point", "coordinates": [121.023555, 14.604464]}, "properties": {"elevation": 12.0, "slope": 3.59, "aspect": 211.8, "twi": 9.92, "ruggedness": 1.685}}, {"type": "Feature", "geometry": {"type": "Point", "coordinates": [121.024397, 14.604464]}, "properties": {"elevation": 14.0, "slope": 4.48, "aspect": 155.1, "twi": 9.7, "ruggedness": 1.812}}, {"type": "Feature", "geometry": {"type": "Point", "coordinates": [121.025239, 14.604464]}, "properties": {"elevation": 15.0, "slope": 2.15, "aspect": 241.7, "twi": 10.44, "ruggedness": 1.633}}, {"type": "Feature", "geometry": {"type": "Point", "coordinates": [121.026082, 14.604464]}, "properties": {"elevation": 18.0, "slope": 3.31, "aspect": 287.9, "twi": 10.0, "ruggedness": 2.166}}, {"type": "Feature", "geometry": {"type": "Point", "coordinates": [121.026924, 14.604464]}, "properties": {"elevation": 18.0, "slope": 2.72, "aspect": 292.0, "twi": 10.2, "ruggedness": 2.615}}, {"type": "Feature", "geometry": {"type": "Point", "coordinates": [121.027767, 14.604464]}, "properties": {"elevation": 27.0, "slope": 5.66, "aspect": 333.6, "twi": 9.46, "ruggedness": 1.944}}, {"type": "Feature", "geometry": {"type": "Point", "coordinates": [121.028609, 14.604464]}, "properties": {"elevation": 28.0, "slope": 5.11, "aspect": 352.9, "twi": 9.57, "ruggedness": 1.75}}, {"type": "Feature", "geometry": {"type": "Point", "coordinates": [121.029452, 14.604464]}, "properties": {"elevation": 28.0, "slope": 4.48, "aspect": 24.9, "twi": 9.7, "ruggedness": 2.061}}, {"type": "Feature", "geometry": {"type": "Point", "coordinates": [121.030294, 14.604464]}, "properties": {"elevation": 27.0, "slope": 2.78, "aspect": 317.1, "twi": 10.18, "ruggedness": 2.357}}, {"type": "Feature", "geometry": {"type": "Point", "coordinates": [121.031136, 14.604464]}, "properties": {"elevation": 28.0, "slope": 4.11, "aspect": 8.8, "twi": 9.78, "ruggedness": 2.096}}, {"type": "Feature", "geometry": {"type": "Point", "coordinates": [121.031979, 14.604464]}, "properties": {"elevation": 29.0, "slope": 0.0, "aspect": -0.0, "twi": 14.06, "ruggedness": 1.197}}, {"type": "Feature", "geometry": {"type": "Point", "coordinates": [121.032821, 14.604464]}, "properties": {"elevation": 28.0, "slope": 1.2, "aspect": 328.2, "twi": 11.02, "ruggedness": 0.786}}, {"type": "Feature", "geometry": {"type": "Point", "coordinates": [121.033664, 14.604464]}, "properties": {"elevation": 28.0, "slope": 2.13, "aspect": 197.2, "twi": 10.44, "ruggedness": 0.956}}, {"type": "Feature", "geometry": {"type": "Point", "coordinates": [121.034506, 14.604464]}, "properties": {"elevation": 30.0, "slope": 2.03, "aspect": 180.0, "twi": 10.49, "ruggedness": 0.831}}, {"type": "Feature", "geometry": {"type": "Point", "coordinates": [121.035348, 14.604464]}, "properties": {"elevation": 30.0, "slope": 1.89, "aspect": 90.0, "twi": 10.56, "ruggedness": 1.853}}, {"type": "Feature", "geometry": {"type": "Point", "coordinates": [121.036191, 14.604464]}, "properties": {"elevation": 25.0, "slope": 2.72, "aspect": 68.0, "twi": 10.2, "ruggedness": 1.728}}, {"type": "Feature", "geometry": {"type": "Point", "coordinates": [121.037033, 14.604464]}, "properties": {"elevation": 21.0, "slope": 3.31, "aspect": 72.1, "twi": 10.0, "ruggedness": 2.753}}, {"type": "Feature", "geometry": {"type": "Point", "coordinates": [121.037876, 14.604464]}, "properties": {"elevation": 20.0, "slope": 4.29, "aspect": 298.3, "twi": 9.74, "ruggedness": 2.485}}, {"type": "Feature", "geometry": {"type": "Point", "coordinates": [121.038718, 14.604464]}, "properties": {"elevation": 24.0, "slope": 3.11, "aspect": 11.7, "twi": 10.06, "ruggedness": 1.315}}, {"type": "Feature", "geometry": {"type": "Point", "coordinates": [121.039561, 14.604464]}, "properties": {"elevation": 25.0, "slope": 2.72, "aspect": 292.0, "twi": 10.2, "ruggedness": 1.595}}, {"type": "Feature", "geometry": {"type": "Point", "coordinates": [121.040403, 14.604464]}, "properties": {"elevation": 25.0, "slope": 5.08, "aspect": 180.0, "twi": 9.57, "ruggedness": 2.671}}, {"type": "Feature", "geometry": {"type": "Point", "coordinates": [121.041245, 14.604464]}, "properties": {"elevation": 29.0, "slope": 3.3, "aspect": 157.5, "twi": 10.01, "ruggedness": 2.539}}, {"type": "Feature", "geometry": {"type": "Point", "coordinates": [121.042088, 14.604464]}, "properties": {"elevation": 23.0, "slope": 2.13, "aspect": 197.2, "twi": 10.44, "ruggedness": 1.474}}, {"type": "Feature", "geometry": {"type": "Point", "coordinates": [121.04293, 14.604464]}, "properties": {"elevation": 26.0, "slope": 3.11, "aspect": 168.3, "twi": 10.06, "ruggedness": 1.165}}, {"type": "Feature", "geometry": {"type": "Point", "coordinates": [121.043773, 14.604464]}, "properties": {"elevation": 26.0, "slope": 2.15, "aspect": 241.7, "twi": 10.44, "ruggedness": 0.956}}, {"type": "Feature", "geometry": {"type": "Point", "coordinates": [121.044615, 14.604464]}, "properties": {"elevation": 27.0, "slope": 1.26, "aspect": 270.0, "twi": 10.97, "ruggedness": 1.707}}, {"type": "Feature", "geometry": {"type": "Point", "coordinates": [121.045458, 14.604464]}, "properties": {"elevation": 29.0, "slope": 2.13, "aspect": 197.2, "twi": 10.44, "ruggedness": 1.066}}, {"type": "Feature", "geometry": {"type": "Point", "coordinates": [121.0463, 14.604464]}, "properties": {"elevation": 32.0, "slope": 2.13, "aspect": 197.2, "twi": 10.44, "ruggedness": 0.875}}, {"type": "Feature", "geometry": {"type": "Point", "coordinates": [121.047142, 14.604464]}, "properties": {"elevation": 33.0, "slope": 3.11, "aspect": 348.3, "twi": 10.06, "ruggedness": 0.916}}, {"type": "Feature", "geometry": {"type": "Point", "coordinates": [121.047985, 14.604464]}, "properties": {"elevation": 34.0, "slope": 3.24, "aspect": 231.1, "twi": 10.02, "ruggedness": 1.872}}, {"type": "Feature", "geometry": {"type": "Point", "coordinates": [121.048827, 14.604464]}, "properties": {"elevation": 43.0, "slope": 11.72, "aspect": 320.4, "twi": 8.73, "ruggedness": 7.645}}, {"type": "Feature", "geometry": {"type": "Point", "coordinates": [121.04967, 14.604464]}, "properties": {"elevation": 54.0, "slope": 1.2, "aspect": 328.2, "twi": 11.02, "ruggedness": 4.57}}, {"type": "Feature", "geometry": {"type": "Point", "coordinates": [121.050512, 14.604464]}, "properties": {"elevation": 37.0, "slope": 8.69, "aspect": 110.4, "twi": 9.03, "ruggedness": 5.384}}, {"type": "Feature", "geometry": {"type": "Point", "coordinates": [121.051355, 14.604464]}, "properties": {"elevation": 39.0, "slope": 5.66, "aspect": 270.0, "twi": 9.46, "ruggedness": 3.403}}, {"type": "Feature", "geometry": {"type": "Point", "coordinates": [121.052197, 14.604464]}, "properties": {"elevation": 45.0, "slope": 2.13, "aspect": 342.8, "twi": 10.44, "ruggedness": 1.247}}, {"type": "Feature", "geometry": {"type": "Point", "coordinates": [121.053039, 14.604464]}, "properties": {"elevation": 57.0, "slope": 12.17, "aspect": 8.8, "twi": 8.69, "ruggedness": 8.319}}, {"type": "Feature", "geometry": {"type": "Point", "coordinates": [121.053882, 14.604464]}, "properties": {"elevation": 38.0, "slope": 10.07, "aspect": 25.8, "twi": 8.88, "ruggedness": 5.375}}, {"type": "Feature", "geometry": {"type": "Point", "coordinates": [121.054724, 14.604464]}, "properties": {"elevation": 41.0, "slope": 3.15, "aspect": 270.0, "twi": 10.05, "ruggedness": 2.108}}, {"type": "Feature", "geometry": {"type": "Point", "coordinates": [121.055567, 14.604464]}, "properties": {"elevation": 41.0, "slope": 2.39, "aspect": 31.8, "twi": 10.33, "ruggedness": 1.197}}, {"type": "Feature", "geometry": {"type": "Point", "coordinates": [121.056409, 14.604464]}, "properties": {"elevation": 40.0, "slope": 2.39, "aspect": 211.8, "twi": 10.33, "ruggedness": 1.333}}, {"type": "Feature", "geometry": {"type": "Point", "coordinates": [121.057252, 14.604464]}, "properties": {"elevation": 45.0, "slope": 6.37, "aspect": 342.8, "twi": 9.35, "ruggedness": 2.25}}, {"type": "Feature", "geometry": {"type": "Point", "coordinates": [121.058094, 14.604464]}, "properties": {"elevation": 46.0, "slope": 3.24, "aspect": 308.9, "twi": 10.02, "ruggedness": 1.548}}, {"type": "Feature", "geometry": {"type": "Point", "coordinates": [121.058936, 14.604464]}, "properties": {"elevation": 53.0, "slope": 1.2, "aspect": 211.8, "twi": 11.02, "ruggedness": 1.685}}, {"type": "Feature", "geometry": {"type": "Point", "coordinates": [121.059779, 14.604464]}, "properties": {"elevation": 48.0, "slope": 3.3, "aspect": 22.5, "twi": 10.01, "ruggedness": 1.247}}, {"type": "Feature", "geometry": {"type": "Point", "coordinates": [121.0185, 14.604973]}, "properties": {"elevation": 7.0, "slope": 8.11, "aspect": 248.0, "twi": 9.1, "ruggedness": 2.149}}, {"type": "Feature", "geometry": {"type": "Point", "coordinates": [121.019342, 14.604973]}, "properties": {"elevation": 8.0, "slope": 6.98, "aspect": 81.7, "twi": 9.25, "ruggedness": 3.712}}, {"type": "Feature", "geometry": {"type": "Point", "coordinates": [121.020185, 14.604973]}, "properties": {"elevation": 2.0, "slope": 2.72, "aspect": 292.0, "twi": 10.2, "ruggedness": 2.166}}, {"type": "Feature", "geometry": {"type": "Point", "coordinates": [121.021027, 14.604973]}, "properties": {"elevation": 10.0, "slope": 3.75, "aspect": 237.2, "twi": 9.88, "ruggedness": 2.266}}, {"type": "Feature", "geometry": {"type": "Point", "coordinates": [121.02187, 14.604973]}, "properties": {"elevation": 12.0, "slope": 1.02, "aspect": -0.0, "twi": 11.18, "ruggedness": 1.155}}, {"type": "Feature", "geometry": {"type": "Point", "coordinates": [121.022712, 14.604973]}, "properties": {"elevation": 10.0, "slope": 1.62, "aspect": 128.9, "twi": 10.72, "ruggedness": 0.943}}, {"type": "Feature", "geometry": {"type": "Point", "coordinates": [121.023555, 14.604973]}, "properties": {"elevation": 11.0, "slope": 2.13, "aspect": 342.8, "twi": 10.44, "ruggedness": 0.943}}, {"type": "Feature", "geometry": {"type": "Point", "coordinates": [121.024397, 14.604973]}, "properties": {"elevation": 9.0, "slope": 1.62, "aspect": 231.1, "twi": 10.72, "ruggedness": 1.155}}, {"type": "Feature", "geometry": {"type": "Point", "coordinates": [121.025239, 14.604973]}, "properties": {"elevation": 17.0, "slope": 3.75, "aspect": 302.8, "twi": 9.88, "ruggedness": 2.183}}, {"type": "Feature", "geometry": {"type": "Point", "coordinates": [121.026082, 14.604973]}, "properties": {"elevation": 17.0, "slope": 1.89, "aspect": 270.0, "twi": 10.56, "ruggedness": 1.728}}, {"type": "Feature", "geometry": {"type": "Point", "coordinates": [121.026924, 14.604973]}, "properties": {"elevation": 22.0, "slope": 5.36, "aspect": 304.6, "twi": 9.52, "ruggedness": 2.846}}, {"type": "Feature", "geometry": {"type": "Point", "coordinates": [121.027767, 14.604973]}, "properties": {"elevation": 29.0, "slope": 1.89, "aspect": 270.0, "twi": 10.56, "ruggedness": 1.343}}, {"type": "Feature", "geometry": {"type": "Point", "coordinates": [121.028609, 14.604973]}, "properties": {"elevation": 30.0, "slope": 0.0, "aspect": -0.0, "twi": 14.06, "ruggedness": 0.786}}, {"type": "Feature", "geometry": {"type": "Point", "coordinates": [121.029452, 14.604973]}, "properties": {"elevation": 28.0, "slope": 3.59, "aspect": 148.2, "twi": 9.92, "ruggedness": 1.523}}, {"type": "Feature", "geometry": {"type": "Point", "coordinates": [121.030294, 14.604973]}, "properties": {"elevation": 31.0, "slope": 3.92, "aspect": 285.0, "twi": 9.83, "ruggedness": 2.299}}, {"type": "Feature", "geometry": {"type": "Point", "coordinates": [121.031136, 14.604973]}, "properties": {"elevation": 31.0, "slope": 0.0, "aspect": -0.0, "twi": 14.06, "ruggedness": 1.397}}, {"type": "Feature", "geometry": {"type": "Point", "coordinates": [121.031979, 14.604973]}, "properties": {"elevation": 32.0, "slope": 3.59, "aspect": 31.8, "twi": 9.92, "ruggedness": 1.771}}, {"type": "Feature", "geometry": {"type": "Point", "coordinates": [121.032821, 14.604973]}, "properties": {"elevation": 32.0, "slope": 3.11, "aspect": 348.3, "twi": 10.06, "ruggedness": 1.414}}, {"type": "Feature", "geometry": {"type": "Point", "coordinates": [121.033664, 14.604973]}, "properties": {"elevation": 30.0, "slope": 1.2, "aspect": 31.8, "twi": 11.02, "ruggedness": 0.816}}, {"type": "Feature", "geometry": {"type": "Point", "coordinates": [121.034506, 14.604973]}, "properties": {"elevation": 30.0, "slope": 1.2, "aspect": 328.2, "twi": 11.02, "ruggedness": 0.685}}, {"type": "Feature", "geometry": {"type": "Point", "coordinates": [121.035348, 14.604973]}, "properties": {"elevation": 32.0, "slope": 3.11, "aspect": 11.7, "twi": 10.06, "ruggedness": 3.27}}, {"type": "Feature", "geometry": {"type": "Point", "coordinates": [121.036191, 14.604973]}, "properties": {"elevation": 28.0, "slope": 12.05, "aspect": 357.0, "twi": 8.7, "ruggedness": 4.595}}, {"type": "Feature", "geometry": {"type": "Point", "coordinates": [121.037033, 14.604973]}, "properties": {"elevation": 26.0, "slope": 8.54, "aspect": 61.7, "twi": 9.05, "ruggedness": 4.967}}, {"type": "Feature", "geometry": {"type": "Point", "coordinates": [121.037876, 14.604973]}, "properties": {"elevation": 20.0, "slope": 3.92, "aspect": 255.0, "twi": 9.83, "ruggedness": 2.629}}, {"type": "Feature", "geometry": {"type": "Point", "coordinates": [121.038718, 14.604973]}, "properties": {"elevation": 25.0, "slope": 1.89, "aspect": 90.0, "twi": 10.56, "ruggedness": 1.247}}, {"type": "Feature", "geometry": {"type": "Point", "coordinates": [121.039561, 14.604973]}, "properties": {"elevation": 24.0, "slope": 2.13, "aspect": 197.2, "twi": 10.44, "ruggedness": 0.943}}, {"type": "Feature", "geometry": {"type": "Point", "coordinates": [121.040403, 14.604973]}, "properties": {"elevation": 22.0, "slope": 0.0, "aspect": -0.0, "twi": 14.06, "ruggedness": 0.875}}, {"type": "Feature", "geometry": {"type": "Point", "coordinates": [121.041245, 14.604973]}, "properties": {"elevation": 26.0, "slope": 2.72, "aspect": 248.0, "twi": 10.2, "ruggedness": 1.523}}, {"type": "Feature", "geometry": {"type": "Point", "coordinates": [121.042088, 14.604973]}, "properties": {"elevation": 23.0, "slope": 1.62, "aspect": 128.9, "twi": 10.72, "ruggedness": 1.641}}, {"type": "Feature", "geometry": {"type": "Point", "coordinates": [121.04293, 14.604973]}, "properties": {"elevation": 26.0, "slope": 1.62, "aspect": 231.1, "twi": 10.72, "ruggedness": 1.155}}, {"type": "Feature", "geometry": {"type": "Point", "coordinates": [121.043773, 14.604973]}, "properties": {"elevation": 26.0, "slope": 2.39, "aspect": 31.8, "twi": 10.33, "ruggedness": 1.1}}, {"type": "Feature", "geometry": {"type": "Point", "coordinates": [121.044615, 14.604973]}, "properties": {"elevation": 29.0, "slope": 4.85, "aspect": 245.3, "twi": 9.62, "ruggedness": 2.885}}, {"type": "Feature", "geometry": {"type": "Point", "coordinates": [121.045458, 14.604973]}, "properties": {"elevation": 30.0, "slope": 2.03, "aspect": -0.0, "twi": 10.49, "ruggedness": 0.943}}, {"type": "Feature", "geometry": {"type": "Point", "coordinates": [121.0463, 14.604973]}, "properties": {"elevation": 32.0, "slope": 0.63, "aspect": 270.0, "twi": 11.66, "ruggedness": 0.567}}, {"type": "Feature", "geometry": {"type": "Point", "coordinates": [121.047142, 14.604973]}, "properties": {"elevation": 34.0, "slope": 2.03, "aspect": 180.0, "twi": 10.49, "ruggedness": 0.943}}, {"type": "Feature", "geometry": {"type": "Point", "coordinates": [121.047985, 14.604973]}, "properties": {"elevation": 32.0, "slope": 2.15, "aspect": 241.7, "twi": 10.44, "ruggedness": 2.211}}, {"type": "Feature", "geometry": {"type": "Point", "coordinates": [121.048827, 14.604973]}, "properties": {"elevation": 44.0, "slope": 14.22, "aspect": 270.0, "twi": 8.52, "ruggedness": 9.515}}, {"type": "Feature", "geometry": {"type": "Point", "coordinates": [121.04967, 14.604973]}, "properties": {"elevation": 59.0, "slope": 9.27, "aspect": 70.9, "twi": 8.97, "ruggedness": 7.228}}, {"type": "Feature", "geometry": {"type": "Point", "coordinates": [121.050512, 14.604973]}, "properties": {"elevation": 38.0, "slope": 4.53, "aspect": 103.0, "twi": 9.69, "ruggedness": 3.333}}, {"type": "Feature", "geometry": {"type": "Point", "coordinates": [121.051355, 14.604973]}, "properties": {"elevation": 39.0, "slope": 3.3, "aspect": 202.5, "twi": 10.01, "ruggedness": 2.183}}, {"type": "Feature", "geometry": {"type": "Point", "coordinates": [121.052197, 14.604973]}, "properties": {"elevation": 35.0, "slope": 9.17, "aspect": 172.2, "twi": 8.98, "ruggedness": 3.381}}, {"type": "Feature", "geometry": {"type": "Point", "coordinates": [121.053039, 14.604973]}, "properties": {"elevation": 53.0, "slope": 24.86, "aspect": 196.6, "twi": 7.92, "ruggedness": 8.482}}, {"type": "Feature", "geometry": {"type": "Point", "coordinates": [121.053882, 14.604973]}, "properties": {"elevation": 43.0, "slope": 4.53, "aspect": 77.0, "twi": 9.69, "ruggedness": 4.254}}, {"type": "Feature", "geometry": {"type": "Point", "coordinates": [121.054724, 14.604973]}, "properties": {"elevation": 46.0, "slope": 17.89, "aspect": 352.2, "twi": 8.28, "ruggedness": 6.092}}, {"type": "Feature", "geometry": {"type": "Point", "coordinates": [121.055567, 14.604973]}, "properties": {"elevation": 44.0, "slope": 7.33, "aspect": 14.9, "twi": 9.2, "ruggedness": 4.055}}, {"type": "Feature", "geometry": {"type": "Point", "coordinates": [121.056409, 14.604973]}, "properties": {"elevation": 42.0, "slope": 8.3, "aspect": 346.9, "twi": 9.08, "ruggedness": 3.468}}, {"type": "Feature", "geometry": {"type": "Point", "coordinates": [121.057252, 14.604973]}, "properties": {"elevation": 52.0, "slope": 2.78, "aspect": 317.1, "twi": 10.18, "ruggedness": 2.643}}, {"type": "Feature", "geometry": {"type": "Point", "coordinates": [121.058094, 14.604973]}, "properties": {"elevation": 48.0, "slope": 2.39, "aspect": 31.8, "twi": 10.33, "ruggedness": 1.257}}, {"type": "Feature", "geometry": {"type": "Point", "coordinates": [121.058936, 14.604973]}, "properties": {"elevation": 49.0, "slope": 2.15, "aspect": 241.7, "twi": 10.44, "ruggedness": 1.685}}, {"type": "Feature", "geometry": {"type": "Point", "coordinates": [121.059779, 14.604973]}, "properties": {"elevation": 51.0, "slope": 2.15, "aspect": 61.7, "twi": 10.44, "ruggedness": 1.523}}, {"type": "Feature", "geometry": {"type": "Point", "coordinates": [121.0185, 14.605482]}, "properties": {"elevation": 9.0, "slope": 2.03, "aspect": -0.0, "twi": 10.49, "ruggedness": 1.37}}, {"type": "Feature", "geometry": {"type": "Point", "coordinates": [121.019342, 14.605482]}, "properties": {"elevation": 8.0, "slope": 2.03, "aspect": 180.0, "twi": 10.49, "ruggedness": 1.414}}, {"type": "Feature", "geometry": {"type": "Point", "coordinates": [121.020185, 14.605482]}, "properties": {"elevation": 5.0, "slope": 3.96, "aspect": 39.6, "twi": 9.82, "ruggedness": 1.826}}, {"type": "Feature", "geometry": {"type": "Point", "coordinates": [121.021027, 14.605482]}, "properties": {"elevation": 9.0, "slope": 2.78, "aspect": 222.9, "twi": 10.18, "ruggedness": 1.944}}, {"type": "Feature", "geometry": {"type": "Point", "coordinates": [121.02187, 14.605482]}, "properties": {"elevation": 10.0, "slope": 3.24, "aspect": 231.1, "twi": 10.02, "ruggedness": 1.449}}, {"type": "Feature", "geometry": {"type": "Point", "coordinates": [121.022712, 14.605482]}, "properties": {"elevation": 10.0, "slope": 1.62, "aspect": 51.1, "twi": 10.72, "ruggedness": 0.786}}, {"type": "Feature", "geometry": {"type": "Point", "coordinates": [121.023555, 14.605482]}, "properties": {"elevation": 13.0, "slope": 2.15, "aspect": 298.3, "twi": 10.44, "ruggedness": 1.197}}, {"type": "Feature", "geometry": {"type": "Point", "coordinates": [121.024397, 14.605482]}, "properties": {"elevation": 10.0, "slope": 1.02, "aspect": -0.0, "twi": 11.18, "ruggedness": 1.37}}, {"type": "Feature", "geometry": {"type": "Point", "coordinates": [121.025239, 14.605482]}, "properties": {"elevation": 15.0, "slope": 4.78, "aspect": 211.8, "twi": 9.63, "ruggedness": 1.595}}, {"type": "Feature", "geometry": {"type": "Point", "coordinates": [121.026082, 14.605482]}, "properties": {"elevation": 17.0, "slope": 2.39, "aspect": 211.8, "twi": 10.33, "ruggedness": 1.343}}, {"type": "Feature", "geometry": {"type": "Point", "coordinates": [121.026924, 14.605482]}, "properties": {"elevation": 23.0, "slope": 4.41, "aspect": 270.0, "twi": 9.71, "ruggedness": 2.944}}, {"type": "Feature", "geometry": {"type": "Point", "coordinates": [121.027767, 14.605482]}, "properties": {"elevation": 28.0, "slope": 3.96, "aspect": 219.6, "twi": 9.82, "ruggedness": 1.75}}, {"type": "Feature", "geometry": {"type": "Point", "coordinates": [121.028609, 14.605482]}, "properties": {"elevation": 31.0, "slope": 2.39, "aspect": 31.8, "twi": 10.33, "ruggedness": 1.227}}, {"type": "Feature", "geometry": {"type": "Point", "coordinates": [121.029452, 14.605482]}, "properties": {"elevation": 25.0, "slope": 0.0, "aspect": -0.0, "twi": 14.06, "ruggedness": 1.397}}, {"type": "Feature", "geometry": {"type": "Point", "coordinates": [121.030294, 14.605482]}, "properties": {"elevation": 30.0, "slope": 1.2, "aspect": 328.2, "twi": 11.02, "ruggedness": 1.491}}, {"type": "Feature", "geometry": {"type": "Point", "coordinates": [121.031136, 14.605482]}, "properties": {"elevation": 28.0, "slope": 3.96, "aspect": 219.6, "twi": 9.82, "ruggedness": 2.233}}, {"type": "Feature", "geometry": {"type": "Point", "coordinates": [121.031979, 14.605482]}, "properties": {"elevation": 32.0, "slope": 2.39, "aspect": 148.2, "twi": 10.33, "ruggedness": 1.397}}, {"type": "Feature", "geometry": {"type": "Point", "coordinates": [121.032821, 14.605482]}, "properties": {"elevation": 29.0, "slope": 6.37, "aspect": 162.8, "twi": 9.35, "ruggedness": 2.131}}, {"type": "Feature", "geometry": {"type": "Point", "coordinates": [121.033664, 14.605482]}, "properties": {"elevation": 31.0, "slope": 3.59, "aspect": 328.2, "twi": 9.92, "ruggedness": 1.872}}, {"type": "Feature", "geometry": {"type": "Point", "coordinates": [121.034506, 14.605482]}, "properties": {"elevation": 31.0, "slope": 0.63, "aspect": 270.0, "twi": 11.66, "ruggedness": 0.737}}, {"type": "Feature", "geometry": {"type": "Point", "coordinates": [121.035348, 14.605482]}, "properties": {"elevation": 32.0, "slope": 5.97, "aspect": 211.8, "twi": 9.41, "ruggedness": 3.37}}, {"type": "Feature", "geometry": {"type": "Point", "coordinates": [121.036191, 14.605482]}, "properties": {"elevation": 40.0, "slope": 3.3, "aspect": 157.5, "twi": 10.01, "ruggedness": 3.162}}, {"type": "Feature", "geometry": {"type": "Point", "coordinates": [121.037033, 14.605482]}, "properties": {"elevation": 26.0, "slope": 8.4, "aspect": 103.9, "twi": 9.07, "ruggedness": 5.159}}, {"type": "Feature", "geometry": {"type": "Point", "coordinates": [121.037876, 14.605482]}, "properties": {"elevation": 22.0, "slope": 2.39, "aspect": 328.2, "twi": 10.33, "ruggedness": 1.227}}, {"type": "Feature", "geometry": {"type": "Point", "coordinates": [121.038718, 14.605482]}, "properties": {"elevation": 25.0, "slope": 2.13, "aspect": 162.8, "twi": 10.44, "ruggedness": 0.956}}, {"type": "Feature", "geometry": {"type": "Point", "coordinates": [121.039561, 14.605482]}, "properties": {"elevation": 25.0, "slope": 5.66, "aspect": 333.6, "twi": 9.46, "ruggedness": 2.807}}, {"type": "Feature", "geometry": {"type": "Point", "coordinates": [121.040403, 14.605482]}, "properties": {"elevation": 21.0, "slope": 3.15, "aspect": 90.0, "twi": 10.05, "ruggedness": 2.981}}, {"type": "Feature", "geometry": {"type": "Point", "coordinates": [121.041245, 14.605482]}, "properties": {"elevation": 23.0, "slope": 2.13, "aspect": 197.2, "twi": 10.44, "ruggedness": 1.227}}, {"type": "Feature", "geometry": {"type": "Point", "coordinates": [121.042088, 14.605482]}, "properties": {"elevation": 21.0, "slope": 0.0, "aspect": -0.0, "twi": 14.06, "ruggedness": 1.397}}, {"type": "Feature", "geometry": {"type": "Point", "coordinates": [121.04293, 14.605482]}, "properties": {"elevation": 26.0, "slope": 3.75, "aspect": 302.8, "twi": 9.88, "ruggedness": 1.969}}, {"type": "Feature", "geometry": {"type": "Point", "coordinates": [121.043773, 14.605482]}, "properties": {"elevation": 29.0, "slope": 2.78, "aspect": 42.9, "twi": 10.18, "ruggedness": 1.886}}, {"type": "Feature", "geometry": {"type": "Point", "coordinates": [121.044615, 14.605482]}, "properties": {"elevation": 26.0, "slope": 3.75, "aspect": 302.8, "twi": 9.88, "ruggedness": 2.485}}, {"type": "Feature", "geometry": {"type": "Point", "coordinates": [121.045458, 14.605482]}, "properties": {"elevation": 31.0, "slope": 0.63, "aspect": 270.0, "twi": 11.66, "ruggedness": 0.471}}, {"type": "Feature", "geometry": {"type": "Point", "coordinates": [121.0463, 14.605482]}, "properties": {"elevation": 31.0, "slope": 1.2, "aspect": 328.2, "twi": 11.02, "ruggedness": 0.737}}, {"type": "Feature", "geometry": {"type": "Point", "coordinates": [121.047142, 14.605482]}, "properties": {"elevation": 32.0, "slope": 1.2, "aspect": 148.2, "twi": 11.02, "ruggedness": 0.567}}, {"type": "Feature", "geometry": {"type": "Point", "coordinates": [121.047985, 14.605482]}, "properties": {"elevation": 30.0, "slope": 2.52, "aspect": 270.0, "twi": 10.27, "ruggedness": 2.114}}, {"type": "Feature", "geometry": {"type": "Point", "coordinates": [121.048827, 14.605482]}, "properties": {"elevation": 55.0, "slope": 11.87, "aspect": 265.2, "twi": 8.71, "ruggedness": 8.807}}, {"type": "Feature", "geometry": {"type": "Point", "coordinates": [121.04967, 14.605482]}, "properties": {"elevation": 50.0, "slope": 17.72, "aspect": 146.5, "twi": 8.29, "ruggedness": 7.847}}, {"type": "Feature", "geometry": {"type": "Point", "coordinates": [121.050512, 14.605482]}, "properties": {"elevation": 35.0, "slope": 2.15, "aspect": 118.3, "twi": 10.44, "ruggedness": 1.832}}, {"type": "Feature", "geometry": {"type": "Point", "coordinates": [121.051355, 14.605482]}, "properties": {"elevation": 35.0, "slope": 2.15, "aspect": 241.7, "twi": 10.44, "ruggedness": 1.165}}, {"type": "Feature", "geometry": {"type": "Point", "coordinates": [121.052197, 14.605482]}, "properties": {"elevation": 39.0, "slope": 6.58, "aspect": 337.5, "twi": 9.31, "ruggedness": 2.347}}, {"type": "Feature", "geometry": {"type": "Point", "coordinates": [121.053039, 14.605482]}, "properties": {"elevation": 41.0, "slope": 1.02, "aspect": 180.0, "twi": 11.18, "ruggedness": 0.667}}, {"type": "Feature", "geometry": {"type": "Point", "coordinates": [121.053882, 14.605482]}, "properties": {"elevation": 45.0, "slope": 8.11, "aspect": 292.0, "twi": 9.1, "ruggedness": 4.14}}, {"type": "Feature", "geometry": {"type": "Point", "coordinates": [121.054724, 14.605482]}, "properties": {"elevation": 62.0, "slope": 2.52, "aspect": 270.0, "twi": 10.27, "ruggedness": 3.909}}, {"type": "Feature", "geometry": {"type": "Point", "coordinates": [121.055567, 14.605482]}, "properties": {"elevation": 57.0, "slope": 9.19, "aspect": 28.5, "twi": 8.97, "ruggedness": 3.871}}, {"type": "Feature", "geometry": {"type": "Point", "coordinates": [121.056409, 14.605482]}, "properties": {"elevation": 52.0, "slope": 11.21, "aspect": 350.4, "twi": 8.77, "ruggedness": 3.695}}, {"type": "Feature", "geometry": {"type": "Point", "coordinates": [121.057252, 14.605482]}, "properties": {"elevation": 51.0, "slope": 0.63, "aspect": 90.0, "twi": 11.66, "ruggedness": 1.7}}, {"type": "Feature", "geometry": {"type": "Point", "coordinates": [121.058094, 14.605482]}, "properties": {"elevation": 51.0, "slope": 4.53, "aspect": 77.0, "twi": 9.69, "ruggedness": 2.587}}, {"type": "Feature", "geometry": {"type": "Point", "coordinates": [121.058936, 14.605482]}, "properties": {"elevation": 49.0, "slope": 6.01, "aspect": 250.3, "twi": 9.4, "ruggedness": 3.023}}, {"type": "Feature", "geometry": {"type": "Point", "coordinates": [121.059779, 14.605482]}, "properties": {"elevation": 51.0, "slope": 5.14, "aspect": 101.4, "twi": 9.56, "ruggedness": 2.455}}, {"type": "Feature", "geometry": {"type": "Point", "coordinates": [121.0185, 14.605991]}, "properties": {"elevation": 10.0, "slope": 6.6, "aspect": 107.9, "twi": 9.31, "ruggedness": 2.055}}, {"type": "Feature", "geometry": {"type": "Point", "coordinates": [121.019342, 14.605991]}, "properties": {"elevation": 7.0, "slope": 2.72, "aspect": 248.0, "twi": 10.2, "ruggedness": 1.397}}, {"type": "Feature", "geometry": {"type": "Point", "coordinates": [121.020185, 14.605991]}, "properties": {"elevation": 7.0, "slope": 3.31, "aspect": 72.1, "twi": 10.0, "ruggedness": 1.826}}, {"type": "Feature", "geometry": {"type": "Point", "coordinates": [121.021027, 14.605991]}, "properties": {"elevation": 6.0, "slope": 3.59, "aspect": 211.8, "twi": 9.92, "ruggedness": 1.449}}, {"type": "Feature", "geometry": {"type": "Point", "coordinates": [121.02187, 14.605991]}, "properties": {"elevation": 8.0, "slope": 2.78, "aspect": 222.9, "twi": 10.18, "ruggedness": 1.571}}, {"type": "Feature", "geometry": {"type": "Point", "coordinates": [121.022712, 14.605991]}, "properties": {"elevation": 12.0, "slope": 3.96, "aspect": 320.4, "twi": 9.82, "ruggedness": 1.764}}, {"type": "Feature", "geometry": {"type": "Point", "coordinates": [121.023555, 14.605991]}, "properties": {"elevation": 14.0, "slope": 1.62, "aspect": 51.1, "twi": 10.72, "ruggedness": 1.133}}, {"type": "Feature", "geometry": {"type": "Point", "coordinates": [121.024397, 14.605991]}, "properties": {"elevation": 12.0, "slope": 3.96, "aspect": 320.4, "twi": 9.82, "ruggedness": 2.055}}, {"type": "Feature", "geometry": {"type": "Point", "coordinates": [121.025239, 14.605991]}, "properties": {"elevation": 15.0, "slope": 5.08, "aspect": -0.0, "twi": 9.57, "ruggedness": 1.595}}, {"type": "Feature", "geometry": {"type": "Point", "coordinates": [121.026082, 14.605991]}, "properties": {"elevation": 15.0, "slope": 0.63, "aspect": 270.0, "twi": 11.66, "ruggedness": 0.831}}, {"type": "Feature", "geometry": {"type": "Point", "coordinates": [121.026924, 14.605991]}, "properties": {"elevation": 22.0, "slope": 5.36, "aspect": 235.4, "twi": 9.52, "ruggedness": 2.906}}, {"type": "Feature", "geometry": {"type": "Point", "coordinates": [121.027767, 14.605991]}, "properties": {"elevation": 25.0, "slope": 1.89, "aspect": 270.0, "twi": 10.56, "ruggedness": 1.641}}, {"type": "Feature", "geometry": {"type": "Point", "coordinates": [121.028609, 14.605991]}, "properties": {"elevation": 29.0, "slope": 9.17, "aspect": 187.8, "twi": 8.98, "ruggedness": 2.833}}, {"type": "Feature", "geometry": {"type": "Point", "coordinates": [121.029452, 14.605991]}, "properties": {"elevation": 26.0, "slope": 2.15, "aspect": 118.3, "twi": 10.44, "ruggedness": 1.944}}, {"type": "Feature", "geometry": {"type": "Point", "coordinates": [121.030294, 14.605991]}, "properties": {"elevation": 30.0, "slope": 3.3, "aspect": 202.5, "twi": 10.01, "ruggedness": 1.944}}, {"type": "Feature", "geometry": {"type": "Point", "coordinates": [121.031136, 14.605991]}, "properties": {"elevation": 26.0, "slope": 1.62, "aspect": 231.1, "twi": 10.72, "ruggedness": 1.633}}, {"type": "Feature", "geometry": {"type": "Point", "coordinates": [121.031979, 14.605991]}, "properties": {"elevation": 30.0, "slope": 2.03, "aspect": 180.0, "twi": 10.49, "ruggedness": 0.737}}, {"type": "Feature", "geometry": {"type": "Point", "coordinates": [121.032821, 14.605991]}, "properties": {"elevation": 26.0, "slope": 4.38, "aspect": 46.0, "twi": 9.72, "ruggedness": 2.0}}, {"type": "Feature", "geometry": {"type": "Point", "coordinates": [121.033664, 14.605991]}, "properties": {"elevation": 32.0, "slope": 4.85, "aspect": 245.3, "twi": 9.62, "ruggedness": 2.986}}, {"type": "Feature", "geometry": {"type": "Point", "coordinates": [121.034506, 14.605991]}, "properties": {"elevation": 30.0, "slope": 1.89, "aspect": 90.0, "twi": 10.56, "ruggedness": 1.37}}, {"type": "Feature", "geometry": {"type": "Point", "coordinates": [121.035348, 14.605991]}, "properties": {"elevation": 24.0, "slope": 5.54, "aspect": 137.1, "twi": 9.48, "ruggedness": 3.742}}, {"type": "Feature", "geometry": {"type": "Point", "coordinates": [121.036191, 14.605991]}, "properties": {"elevation": 29.0, "slope": 7.88, "aspect": 219.6, "twi": 9.13, "ruggedness": 3.938}}, {"type": "Feature", "geometry": {"type": "Point", "coordinates": [121.037033, 14.605991]}, "properties": {"elevation": 24.0, "slope": 6.98, "aspect": 98.3, "twi": 9.25, "ruggedness": 4.597}}, {"type": "Feature", "geometry": {"type": "Point", "coordinates": [121.037876, 14.605991]}, "properties": {"elevation": 21.0, "slope": 2.39, "aspect": 211.8, "twi": 10.33, "ruggedness": 0.916}}, {"type": "Feature", "geometry": {"type": "Point", "coordinates": [121.038718, 14.605991]}, "properties": {"elevation": 21.0, "slope": 3.05, "aspect": 180.0, "twi": 10.08, "ruggedness": 1.155}}, {"type": "Feature", "geometry": {"type": "Point", "coordinates": [121.039561, 14.605991]}, "properties": {"elevation": 29.0, "slope": 6.91, "aspect": 270.0, "twi": 9.26, "ruggedness": 4.263}}, {"type": "Feature", "geometry": {"type": "Point", "coordinates": [121.040403, 14.605991]}, "properties": {"elevation": 26.0, "slope": 7.58, "aspect": 48.2, "twi": 9.17, "ruggedness": 3.765}}, {"type": "Feature", "geometry": {"type": "Point", "coordinates": [121.041245, 14.605991]}, "properties": {"elevation": 23.0, "slope": 1.2, "aspect": 31.8, "twi": 11.02, "ruggedness": 1.054}}, {"type": "Feature", "geometry": {"type": "Point", "coordinates": [121.042088, 14.605991]}, "properties": {"elevation": 24.0, "slope": 3.96, "aspect": 320.4, "twi": 9.82, "ruggedness": 1.944}}, {"type": "Feature", "geometry": {"type": "Point", "coordinates": [121.04293, 14.605991]}, "properties": {"elevation": 27.0, "slope": 1.02, "aspect": 180.0, "twi": 11.18, "ruggedness": 1.155}}, {"type": "Feature", "geometry": {"type": "Point", "coordinates": [121.043773, 14.605991]}, "properties": {"elevation": 29.0, "slope": 3.96, "aspect": 219.6, "twi": 9.82, "ruggedness": 1.886}}, {"type": "Feature", "geometry": {"type": "Point", "coordinates": [121.044615, 14.605991]}, "properties": {"elevation": 30.0, "slope": 3.11, "aspect": 348.3, "twi": 10.06, "ruggedness": 1.414}}, {"type": "Feature", "geometry": {"type": "Point", "coordinates": [121.045458, 14.605991]}, "properties": {"elevation": 32.0, "slope": 2.03, "aspect": -0.0, "twi": 10.49, "ruggedness": 0.667}}, {"type": "Feature", "geometry": {"type": "Point", "coordinates": [121.0463, 14.605991]}, "properties": {"elevation": 34.0, "slope": 1.2, "aspect": 328.2, "twi": 11.02, "ruggedness": 0.737}}, {"type": "Feature", "geometry": {"type": "Point", "coordinates": [121.047142, 14.605991]}, "properties": {"elevation": 33.0, "slope": 1.02, "aspect": -0.0, "twi": 11.18, "ruggedness": 0.416}}, {"type": "Feature", "geometry": {"type": "Point", "coordinates": [121.047985, 14.605991]}, "properties": {"elevation": 33.0, "slope": 3.11, "aspect": 348.3, "twi": 10.06, "ruggedness": 0.875}}, {"type": "Feature", "geometry": {"type": "Point", "coordinates": [121.048827, 14.605991]}, "properties": {"elevation": 40.0, "slope": 11.48, "aspect": 195.7, "twi": 8.75, "ruggedness": 5.315}}, {"type": "Feature", "geometry": {"type": "Point", "coordinates": [121.04967, 14.605991]}, "properties": {"elevation": 39.0, "slope": 7.33, "aspect": 165.1, "twi": 9.2, "ruggedness": 3.742}}, {"type": "Feature", "geometry": {"type": "Point", "coordinates": [121.050512, 14.605991]}, "properties": {"elevation": 36.0, "slope": 2.13, "aspect": 342.8, "twi": 10.44, "ruggedness": 0.786}}, {"type": "Feature", "geometry": {"type": "Point", "coordinates": [121.051355, 14.605991]}, "properties": {"elevation": 37.0, "slope": 1.02, "aspect": -0.0, "twi": 11.18, "ruggedness": 0.567}}, {"type": "Feature", "geometry": {"type": "Point", "coordinates": [121.052197, 14.605991]}, "properties": {"elevation": 42.0, "slope": 3.92, "aspect": 255.0, "twi": 9.83, "ruggedness": 2.362}}, {"type": "Feature", "geometry": {"type": "Point", "coordinates": [121.053039, 14.605991]}, "properties": {"elevation": 41.0, "slope": 1.2, "aspect": 211.8, "twi": 11.02, "ruggedness": 1.227}}, {"type": "Feature", "geometry": {"type": "Point", "coordinates": [121.053882, 14.605991]}, "properties": {"elevation": 46.0, "slope": 4.38, "aspect": 226.0, "twi": 9.72, "ruggedness": 2.828}}, {"type": "Feature", "geometry": {"type": "Point", "coordinates": [121.054724, 14.605991]}, "properties": {"elevation": 52.0, "slope": 10.54, "aspect": 162.8, "twi": 8.83, "ruggedness": 4.557}}, {"type": "Feature", "geometry": {"type": "Point", "coordinates": [121.055567, 14.605991]}, "properties": {"elevation": 53.0, "slope": 12.12, "aspect": 221.9, "twi": 8.69, "ruggedness": 5.159}}, {"type": "Feature", "geometry": {"type": "Point", "coordinates": [121.056409, 14.605991]}, "properties": {"elevation": 61.0, "slope": 4.25, "aspect": 342.8, "twi": 9.75, "ruggedness": 2.485}}, {"type": "Feature", "geometry": {"type": "Point", "coordinates": [121.057252, 14.605991]}, "properties": {"elevation": 52.0, "slope": 6.01, "aspect": 70.3, "twi": 9.4, "ruggedness": 3.464}}, {"type": "Feature", "geometry": {"type": "Point", "coordinates": [121.058094, 14.605991]}, "properties": {"elevation": 48.0, "slope": 3.59, "aspect": 148.2, "twi": 9.92, "ruggedness": 2.0}}, {"type": "Feature", "geometry": {"type": "Point", "coordinates": [121.058936, 14.605991]}, "properties": {"elevation": 48.0, "slope": 2.39, "aspect": 328.2, "twi": 10.33, "ruggedness": 1.707}}, {"type": "Feature", "geometry": {"type": "Point", "coordinates": [121.059779, 14.605991]}, "properties": {"elevation": 48.0, "slope": 3.11, "aspect": 191.7, "twi": 10.06, "ruggedness": 1.663}}, {"type": "Feature", "geometry": {"type": "Point", "coordinates": [121.0185, 14.6065]}, "properties": {"elevation": 6.0, "slope": 1.62, "aspect": 128.9, "twi": 10.72, "ruggedness": 1.066}}, {"type": "Feature", "geometry": {"type": "Point", "coordinates": [121.019342, 14.6065]}, "properties": {"elevation": 5.0, "slope": 0.63, "aspect": 270.0, "twi": 11.66, "ruggedness": 0.737}}, {"type": "Feature", "geometry": {"type": "Point", "coordinates": [121.020185, 14.6065]}, "properties": {"elevation": 9.0, "slope": 2.39, "aspect": 328.2, "twi": 10.33, "ruggedness": 2.0}}, {"type": "Feature", "geometry": {"type": "Point", "coordinates": [121.021027, 14.6065]}, "properties": {"elevation": 5.0, "slope": 3.59, "aspect": 31.8, "twi": 9.92, "ruggedness": 2.266}}, {"type": "Feature", "geometry": {"type": "Point", "coordinates": [121.02187, 14.6065]}, "properties": {"elevation": 7.0, "slope": 4.53, "aspect": 283.0, "twi": 9.69, "ruggedness": 2.582}}, {"type": "Feature", "geometry": {"type": "Point", "coordinates": [121.022712, 14.6065]}, "properties": {"elevation": 15.0, "slope": 2.15, "aspect": 241.7, "twi": 10.44, "ruggedness": 1.633}}, {"type": "Feature", "geometry": {"type": "Point", "coordinates": [121.023555, 14.6065]}, "properties": {"elevation": 14.0, "slope": 0.63, "aspect": 90.0, "twi": 11.66, "ruggedness": 0.567}}, {"type": "Feature", "geometry": {"type": "Point", "coordinates": [121.024397, 14.6065]}, "properties": {"elevation": 17.0, "slope": 5.14, "aspect": 322.2, "twi": 9.56, "ruggedness": 2.449}}, {"type": "Feature", "geometry": {"type": "Point", "coordinates": [121.025239, 14.6065]}, "properties": {"elevation": 19.0, "slope": 1.2, "aspect": 31.8, "twi": 11.02, "ruggedness": 0.831}}, {"type": "Feature", "geometry": {"type": "Point", "coordinates": [121.026082, 14.6065]}, "properties": {"elevation": 17.0, "slope": 3.11, "aspect": 11.7, "twi": 10.06, "ruggedness": 1.054}}, {"type": "Feature", "geometry": {"type": "Point", "coordinates": [121.026924, 14.6065]}, "properties": {"elevation": 19.0, "slope": 3.92, "aspect": 255.0, "twi": 9.83, "ruggedness": 2.47}}, {"type": "Feature", "geometry": {"type": "Point", "coordinates": [121.027767, 14.6065]}, "properties": {"elevation": 27.0, "slope": 1.2, "aspect": 328.2, "twi": 11.02, "ruggedness": 1.563}}, {"type": "Feature", "geometry": {"type": "Point", "coordinates": [121.028609, 14.6065]}, "properties": {"elevation": 19.0, "slope": 5.66, "aspect": 153.6, "twi": 9.46, "ruggedness": 2.629}}, {"type": "Feature", "geometry": {"type": "Point", "coordinates": [121.029452, 14.6065]}, "properties": {"elevation": 22.0, "slope": 5.41, "aspect": 200.4, "twi": 9.51, "ruggedness": 2.183}}, {"type": "Feature", "geometry": {"type": "Point", "coordinates": [121.030294, 14.6065]}, "properties": {"elevation": 24.0, "slope": 7.2, "aspect": 190.1, "twi": 9.22, "ruggedness": 2.331}}, {"type": "Feature", "geometry": {"type": "Point", "coordinates": [121.031136, 14.6065]}, "properties": {"elevation": 24.0, "slope": 4.25, "aspect": 197.2, "twi": 9.75, "ruggedness": 2.233}}, {"type": "Feature", "geometry": {"type": "Point", "coordinates": [121.031979, 14.6065]}, "properties": {"elevation": 29.0, "slope": 1.2, "aspect": 211.8, "twi": 11.02, "ruggedness": 1.886}}, {"type": "Feature", "geometry": {"type": "Point", "coordinates": [121.032821, 14.6065]}, "properties": {"elevation": 28.0, "slope": 6.37, "aspect": 162.8, "twi": 9.35, "ruggedness": 2.439}}, {"type": "Feature", "geometry": {"type": "Point", "coordinates": [121.033664, 14.6065]}, "properties": {"elevation": 27.0, "slope": 5.41, "aspect": 200.4, "twi": 9.51, "ruggedness": 2.587}}, {"type": "Feature", "geometry": {"type": "Point", "coordinates": [121.034506, 14.6065]}, "properties": {"elevation": 31.0, "slope": 7.2, "aspect": 253.7, "twi": 9.22, "ruggedness": 4.323}}, {"type": "Feature", "geometry": {"type": "Point", "coordinates": [121.035348, 14.6065]}, "properties": {"elevation": 28.0, "slope": 13.84, "aspect": 49.5, "twi": 8.55, "ruggedness": 6.268}}, {"type": "Feature", "geometry": {"type": "Point", "coordinates": [121.036191, 14.6065]}, "properties": {"elevation": 26.0, "slope": 5.41, "aspect": 200.4, "twi": 9.51, "ruggedness": 2.789}}, {"type": "Feature", "geometry": {"type": "Point", "coordinates": [121.037033, 14.6065]}, "properties": {"elevation": 22.0, "slope": 5.66, "aspect": 153.6, "twi": 9.46, "ruggedness": 2.981}}, {"type": "Feature", "geometry": {"type": "Point", "coordinates": [121.037876, 14.6065]}, "properties": {"elevation": 20.0, "slope": 0.0, "aspect": -0.0, "twi": 14.06, "ruggedness": 0.497}}, {"type": "Feature", "geometry": {"type": "Point", "coordinates": [121.038718, 14.6065]}, "properties": {"elevation": 20.0, "slope": 1.62, "aspect": 51.1, "twi": 10.72, "ruggedness": 0.685}}, {"type": "Feature", "geometry": {"type": "Point", "coordinates": [121.039561, 14.6065]}, "properties": {"elevation": 26.0, "slope": 5.99, "aspect": 227.3, "twi": 9.41, "ruggedness": 3.682}}, {"type": "Feature", "geometry": {"type": "Point", "coordinates": [121.040403, 14.6065]}, "properties": {"elevation": 26.0, "slope": 3.3, "aspect": 157.5, "twi": 10.01, "ruggedness": 2.16}}, {"type": "Feature", "geometry": {"type": "Point", "coordinates": [121.041245, 14.6065]}, "properties": {"elevation": 25.0, "slope": 3.59, "aspect": 328.2, "twi": 9.92, "ruggedness": 1.641}}, {"type": "Feature", "geometry": {"type": "Point", "coordinates": [121.042088, 14.6065]}, "properties": {"elevation": 26.0, "slope": 3.11, "aspect": 11.7, "twi": 10.06, "ruggedness": 1.257}}, {"type": "Feature", "geometry": {"type": "Point", "coordinates": [121.04293, 14.6065]}, "properties": {"elevation": 27.0, "slope": 1.2, "aspect": 31.8, "twi": 11.02, "ruggedness": 1.165}}, {"type": "Feature", "geometry": {"type": "Point", "coordinates": [121.043773, 14.6065]}, "properties": {"elevation": 26.0, "slope": 2.72, "aspect": 292.0, "twi": 10.2, "ruggedness": 1.892}}, {"type": "Feature", "geometry": {"type": "Point", "coordinates": [121.044615, 14.6065]}, "properties": {"elevation": 31.0, "slope": 3.31, "aspect": 252.1, "twi": 10.0, "ruggedness": 1.988}}, {"type": "Feature", "geometry": {"type": "Point", "coordinates": [121.045458, 14.6065]}, "properties": {"elevation": 34.0, "slope": 4.11, "aspect": 8.8, "twi": 9.78, "ruggedness": 1.37}}, {"type": "Feature", "geometry": {"type": "Point", "coordinates": [121.0463, 14.6065]}, "properties": {"elevation": 33.0, "slope": 2.13, "aspect": 162.8, "twi": 10.44, "ruggedness": 0.994}}, {"type": "Feature", "geometry": {"type": "Point", "coordinates": [121.047142, 14.6065]}, "properties": {"elevation": 33.0, "slope": 2.13, "aspect": 342.8, "twi": 10.44, "ruggedness": 0.875}}, {"type": "Feature", "geometry": {"type": "Point", "coordinates": [121.047985, 14.6065]}, "properties": {"elevation": 35.0, "slope": 5.11, "aspect": 352.9, "twi": 9.57, "ruggedness": 2.096}}, {"type": "Feature", "geometry": {"type": "Point", "coordinates": [121.048827, 14.6065]}, "properties": {"elevation": 36.0, "slope": 0.63, "aspect": 270.0, "twi": 11.66, "ruggedness": 1.491}}, {"type": "Feature", "geometry": {"type": "Point", "coordinates": [121.04967, 14.6065]}, "properties": {"elevation": 37.0, "slope": 2.13, "aspect": 342.8, "twi": 10.44, "ruggedness": 1.133}}, {"type": "Feature", "geometry": {"type": "Point", "coordinates": [121.050512, 14.6065]}, "properties": {"elevation": 39.0, "slope": 4.25, "aspect": 342.8, "twi": 9.75, "ruggedness": 1.685}}, {"type": "Feature", "geometry": {"type": "Point", "coordinates": [121.051355, 14.6065]}, "properties": {"elevation": 37.0, "slope": 1.2, "aspect": 328.2, "twi": 11.02, "ruggedness": 1.548}}, {"type": "Feature", "geometry": {"type": "Point", "coordinates": [121.052197, 14.6065]}, "properties": {"elevation": 42.0, "slope": 3.3, "aspect": 337.5, "twi": 10.01, "ruggedness": 1.912}}, {"type": "Feature", "geometry": {"type": "Point", "coordinates": [121.053039, 14.6065]}, "properties": {"elevation": 39.0, "slope": 1.26, "aspect": 270.0, "twi": 10.97, "ruggedness": 1.571}}, {"type": "Feature", "geometry": {"type": "Point", "coordinates": [121.053882, 14.6065]}, "properties": {"elevation": 43.0, "slope": 2.03, "aspect": 180.0, "twi": 10.49, "ruggedness": 1.066}}, {"type": "Feature", "geometry": {"type": "Point", "coordinates": [121.054724, 14.6065]}, "properties": {"elevation": 45.0, "slope": 5.11, "aspect": 172.9, "twi": 9.57, "ruggedness": 1.886}}, {"type": "Feature", "geometry": {"type": "Point", "coordinates": [121.055567, 14.6065]}, "properties": {"elevation": 44.0, "slope": 6.71, "aspect": 221.0, "twi": 9.29, "ruggedness": 3.994}}, {"type": "Feature", "geometry": {"type": "Point", "coordinates": [121.056409, 14.6065]}, "properties": {"elevation": 57.0, "slope": 13.36, "aspect": 193.4, "twi": 8.59, "ruggedness": 5.072}}, {"type": "Feature", "geometry": {"type": "Point", "coordinates": [121.057252, 14.6065]}, "properties": {"elevation": 52.0, "slope": 4.29, "aspect": 118.3, "twi": 9.74, "ruggedness": 3.059}}, {"type": "Feature", "geometry": {"type": "Point", "coordinates": [121.058094, 14.6065]}, "properties": {"elevation": 47.0, "slope": 1.62, "aspect": 308.9, "twi": 10.72, "ruggedness": 1.257}}, {"type": "Feature", "geometry": {"type": "Point", "coordinates": [121.058936, 14.6065]}, "properties": {"elevation": 52.0, "slope": 3.3, "aspect": 22.5, "twi": 10.01, "ruggedness": 1.792}}, {"type": "Feature", "geometry": {"type": "Point", "coordinates": [121.059779, 14.6065]}, "properties": {"elevation": 48.0, "slope": 3.59, "aspect": 328.2, "twi": 9.92, "ruggedness": 1.7}}, {"type": "Feature", "geometry": {"type": "Point", "coordinates": [121.0185, 14.607009]}, "properties": {"elevation": 9.0, "slope": 3.96, "aspect": 39.6, "twi": 9.82, "ruggedness": 1.37}}, {"type": "Feature", "geometry": {"type": "Point", "coordinates": [121.019342, 14.607009]}, "properties": {"elevation": 7.0, "slope": 1.2, "aspect": 328.2, "twi": 11.02, "ruggedness": 0.916}}, {"type": "Feature", "geometry": {"type": "Point", "coordinates": [121.020185, 14.607009]}, "properties": {"elevation": 10.0, "slope": 4.53, "aspect": 283.0, "twi": 9.69, "ruggedness": 2.846}}, {"type": "Feature", "geometry": {"type": "Point", "coordinates": [121.021027, 14.607009]}, "properties": {"elevation": 12.0, "slope": 10.07, "aspect": 25.8, "twi": 8.88, "ruggedness": 3.804}}, {"type": "Feature", "geometry": {"type": "Point", "coordinates": [121.02187, 14.607009]}, "properties": {"elevation": 10.0, "slope": 2.13, "aspect": 342.8, "twi": 10.44, "ruggedness": 2.025}}, {"type": "Feature", "geometry": {"type": "Point", "coordinates": [121.022712, 14.607009]}, "properties": {"elevation": 9.0, "slope": 4.48, "aspect": 204.9, "twi": 9.7, "ruggedness": 2.2}}, {"type": "Feature", "geometry": {"type": "Point", "coordinates": [121.023555, 14.607009]}, "properties": {"elevation": 14.0, "slope": 2.03, "aspect": 180.0, "twi": 10.49, "ruggedness": 1.133}}, {"type": "Feature", "geometry": {"type": "Point", "coordinates": [121.024397, 14.607009]}, "properties": {"elevation": 16.0, "slope": 5.99, "aspect": 227.3, "twi": 9.41, "ruggedness": 3.01}}, {"type": "Feature", "geometry": {"type": "Point", "coordinates": [121.025239, 14.607009]}, "properties": {"elevation": 19.0, "slope": 0.0, "aspect": -0.0, "twi": 14.06, "ruggedness": 0.567}}, {"type": "Feature", "geometry": {"type": "Point", "coordinates": [121.026082, 14.607009]}, "properties": {"elevation": 20.0, "slope": 3.3, "aspect": 337.5, "twi": 10.01, "ruggedness": 1.197}}, {"type": "Feature", "geometry": {"type": "Point", "coordinates": [121.026924, 14.607009]}, "properties": {"elevation": 20.0, "slope": 2.78, "aspect": 317.1, "twi": 10.18, "ruggedness": 1.764}}, {"type": "Feature", "geometry": {"type": "Point", "coordinates": [121.027767, 14.607009]}, "properties": {"elevation": 23.0, "slope": 6.21, "aspect": 168.3, "twi": 9.37, "ruggedness": 1.912}}, {"type": "Feature", "geometry": {"type": "Point", "coordinates": [121.028609, 14.607009]}, "properties": {"elevation": 19.0, "slope": 3.24, "aspect": 51.1, "twi": 10.02, "ruggedness": 1.685}}, {"type": "Feature", "geometry": {"type": "Point", "coordinates": [121.029452, 14.607009]}, "properties": {"elevation": 18.0, "slope": 2.39, "aspect": 211.8, "twi": 10.33, "ruggedness": 1.155}}, {"type": "Feature", "geometry": {"type": "Point", "coordinates": [121.030294, 14.607009]}, "properties": {"elevation": 20.0, "slope": 1.2, "aspect": 148.2, "twi": 11.02, "ruggedness": 1.1}}, {"type": "Feature", "geometry": {"type": "Point", "coordinates": [121.031136, 14.607009]}, "properties": {"elevation": 19.0, "slope": 3.3, "aspect": 202.5, "twi": 10.01, "ruggedness": 1.663}}, {"type": "Feature", "geometry": {"type": "Point", "coordinates": [121.031979, 14.607009]}, "properties": {"elevation": 24.0, "slope": 6.12, "aspect": 185.9, "twi": 9.39, "ruggedness": 2.055}}, {"type": "Feature", "geometry": {"type": "Point", "coordinates": [121.032821, 14.607009]}, "properties": {"elevation": 21.0, "slope": 2.13, "aspect": 197.2, "twi": 10.44, "ruggedness": 1.165}}, {"type": "Feature", "geometry": {"type": "Point", "coordinates": [121.033664, 14.607009]}, "properties": {"elevation": 23.0, "slope": 4.25, "aspect": 162.8, "twi": 9.75, "ruggedness": 1.944}}, {"type": "Feature", "geometry": {"type": "Point", "coordinates": [121.034506, 14.607009]}, "properties": {"elevation": 25.0, "slope": 9.85, "aspect": 224.3, "twi": 8.9, "ruggedness": 5.547}}, {"type": "Feature", "geometry": {"type": "Point", "coordinates": [121.035348, 14.607009]}, "properties": {"elevation": 33.0, "slope": 5.36, "aspect": 124.6, "twi": 9.52, "ruggedness": 4.272}}, {"type": "Feature", "geometry": {"type": "Point", "coordinates": [121.036191, 14.607009]}, "properties": {"elevation": 21.0, "slope": 4.29, "aspect": 118.3, "twi": 9.74, "ruggedness": 2.16}}, {"type": "Feature", "geometry": {"type": "Point", "coordinates": [121.037033, 14.607009]}, "properties": {"elevation": 18.0, "slope": 1.2, "aspect": 328.2, "twi": 11.02, "ruggedness": 1.03}}, {"type": "Feature", "geometry": {"type": "Point", "coordinates": [121.037876, 14.607009]}, "properties": {"elevation": 22.0, "slope": 4.11, "aspect": 351.2, "twi": 9.78, "ruggedness": 1.343}}, {"type": "Feature", "geometry": {"type": "Point", "coordinates": [121.038718, 14.607009]}, "properties": {"elevation": 22.0, "slope": 1.89, "aspect": 270.0, "twi": 10.56, "ruggedness": 1.247}}, {"type": "Feature", "geometry": {"type": "Point", "coordinates": [121.039561, 14.607009]}, "properties": {"elevation": 25.0, "slope": 1.02, "aspect": -0.0, "twi": 11.18, "ruggedness": 1.474}}, {"type": "Feature", "geometry": {"type": "Point", "coordinates": [121.040403, 14.607009]}, "properties": {"elevation": 25.0, "slope": 3.3, "aspect": 337.5, "twi": 10.01, "ruggedness": 1.423}}, {"type": "Feature", "geometry": {"type": "Point", "coordinates": [121.041245, 14.607009]}, "properties": {"elevation": 28.0, "slope": 1.62, "aspect": 231.1, "twi": 10.72, "ruggedness": 1.247}}, {"type": "Feature", "geometry": {"type": "Point", "coordinates": [121.042088, 14.607009]}, "properties": {"elevation": 28.0, "slope": 1.02, "aspect": 180.0, "twi": 11.18, "ruggedness": 1.227}}, {"type": "Feature", "geometry": {"type": "Point", "coordinates": [121.04293, 14.607009]}, "properties": {"elevation": 28.0, "slope": 3.59, "aspect": 328.2, "twi": 9.92, "ruggedness": 1.663}}, {"type": "Feature", "geometry": {"type": "Point", "coordinates": [121.043773, 14.607009]}, "properties": {"elevation": 31.0, "slope": 5.23, "aspect": 13.9, "twi": 9.54, "ruggedness": 1.595}}, {"type": "Feature", "geometry": {"type": "Point", "coordinates": [121.044615, 14.607009]}, "properties": {"elevation": 30.0, "slope": 3.78, "aspect": 270.0, "twi": 9.87, "ruggedness": 2.494}}, {"type": "Feature", "geometry": {"type": "Point", "coordinates": [121.045458, 14.607009]}, "properties": {"elevation": 38.0, "slope": 2.39, "aspect": 328.2, "twi": 10.33, "ruggedness": 1.641}}, {"type": "Feature", "geometry": {"type": "Point", "coordinates": [121.0463, 14.607009]}, "properties": {"elevation": 33.0, "slope": 3.96, "aspect": 39.6, "twi": 9.82, "ruggedness": 2.061}}, {"type": "Feature", "geometry": {"type": "Point", "coordinates": [121.047142, 14.607009]}, "properties": {"elevation": 37.0, "slope": 2.39, "aspect": 328.2, "twi": 10.33, "ruggedness": 1.595}}, {"type": "Feature", "geometry": {"type": "Point", "coordinates": [121.047985, 14.607009]}, "properties": {"elevation": 40.0, "slope": 4.85, "aspect": 245.3, "twi": 9.62, "ruggedness": 2.685}}, {"type": "Feature", "geometry": {"type": "Point", "coordinates": [121.048827, 14.607009]}, "properties": {"elevation": 40.0, "slope": 6.32, "aspect": 36.7, "twi": 9.35, "ruggedness": 2.439}}, {"type": "Feature", "geometry": {"type": "Point", "coordinates": [121.04967, 14.607009]}, "properties": {"elevation": 39.0, "slope": 1.62, "aspect": 231.1, "twi": 10.72, "ruggedness": 1.165}}, {"type": "Feature", "geometry": {"type": "Point", "coordinates": [121.050512, 14.607009]}, "properties": {"elevation": 42.0, "slope": 2.52, "aspect": 270.0, "twi": 10.27, "ruggedness": 1.872}}, {"type": "Feature", "geometry": {"type": "Point", "coordinates": [121.051355, 14.607009]}, "properties": {"elevation": 42.0, "slope": 6.58, "aspect": 337.5, "twi": 9.31, "ruggedness": 2.753}}, {"type": "Feature", "geometry": {"type": "Point", "coordinates": [121.052197, 14.607009]}, "properties": {"elevation": 49.0, "slope": 7.2, "aspect": 10.1, "twi": 9.22, "ruggedness": 2.872}}, {"type": "Feature", "geometry": {"type": "Point", "coordinates": [121.053039, 14.607009]}, "properties": {"elevation": 43.0, "slope": 5.11, "aspect": 352.9, "twi": 9.57, "ruggedness": 1.75}}, {"type": "Feature", "geometry": {"type": "Point", "coordinates": [121.053882, 14.607009]}, "properties": {"elevation": 43.0, "slope": 2.13, "aspect": 17.2, "twi": 10.44, "ruggedness": 1.155}}, {"type": "Feature", "geometry": {"type": "Point", "coordinates": [121.054724, 14.607009]}, "properties": {"elevation": 44.0, "slope": 2.03, "aspect": -0.0, "twi": 10.49, "ruggedness": 0.667}}, {"type": "Feature", "geometry": {"type": "Point", "coordinates": [121.055567, 14.607009]}, "properties": {"elevation": 42.0, "slope": 1.02, "aspect": 180.0, "twi": 11.18, "ruggedness": 0.956}}, {"type": "Feature", "geometry": {"type": "Point", "coordinates": [121.056409, 14.607009]}, "properties": {"elevation": 47.0, "slope": 3.92, "aspect": 255.0, "twi": 9.83, "ruggedness": 2.872}}, {"type": "Feature", "geometry": {"type": "Point", "coordinates": [121.057252, 14.607009]}, "properties": {"elevation": 50.0, "slope": 0.63, "aspect": 270.0, "twi": 11.66, "ruggedness": 0.831}}, {"type": "Feature", "geometry": {"type": "Point", "coordinates": [121.058094, 14.607009]}, "properties": {"elevation": 52.0, "slope": 5.11, "aspect": 352.9, "twi": 9.57, "ruggedness": 1.491}}, {"type": "Feature", "geometry": {"type": "Point", "coordinates": [121.058936, 14.607009]}, "properties": {"elevation": 51.0, "slope": 3.11, "aspect": 168.3, "twi": 10.06, "ruggedness": 0.816}}, {"type": "Feature", "geometry": {"type": "Point", "coordinates": [121.059779, 14.607009]}, "properties": {"elevation": 52.0, "slope": 4.11, "aspect": 8.8, "twi": 9.78, "ruggedness": 1.523}}, {"type": "Feature", "geometry": {"type": "Point", "coordinates": [121.0185, 14.607518]}, "properties": {"elevation": 10.0, "slope": 3.92, "aspect": 75.0, "twi": 9.83, "ruggedness": 1.257}}, {"type": "Feature", "geometry": {"type": "Point", "coordinates": [121.019342, 14.607518]}, "properties": {"elevation": 8.0, "slope": 2.78, "aspect": 317.1, "twi": 10.18, "ruggedness": 1.066}}, {"type": "Feature", "geometry": {"type": "Point", "coordinates": [121.020185, 14.607518]}, "properties": {"elevation": 12.0, "slope": 3.75, "aspect": 302.8, "twi": 9.88, "ruggedness": 2.299}}, {"type": "Feature", "geometry": {"type": "Point", "coordinates": [121.021027, 14.607518]}, "properties": {"elevation": 16.0, "slope": 5.41, "aspect": 159.6, "twi": 9.51, "ruggedness": 2.543}}, {"type": "Feature", "geometry": {"type": "Point", "coordinates": [121.02187, 14.607518]}, "properties": {"elevation": 9.0, "slope": 3.75, "aspect": 122.8, "twi": 9.88, "ruggedness": 1.728}}, {"type": "Feature", "geometry": {"type": "Point", "coordinates": [121.022712, 14.607518]}, "properties": {"elevation": 10.0, "slope": 3.92, "aspect": 255.0, "twi": 9.83, "ruggedness": 2.16}}, {"type": "Feature", "geometry": {"type": "Point", "coordinates": [121.023555, 14.607518]}, "properties": {"elevation": 11.0, "slope": 3.3, "aspect": 157.5, "twi": 10.01, "ruggedness": 1.247}}, {"type": "Feature", "geometry": {"type": "Point", "coordinates": [121.024397, 14.607518]}, "properties": {"elevation": 14.0, "slope": 3.31, "aspect": 252.1, "twi": 10.0, "ruggedness": 2.582}}, {"type": "Feature", "geometry": {"type": "Point", "coordinates": [121.025239, 14.607518]}, "properties": {"elevation": 16.0, "slope": 6.37, "aspect": 197.2, "twi": 9.35, "ruggedness": 2.309}}, {"type": "Feature", "geometry": {"type": "Point", "coordinates": [121.026082, 14.607518]}, "properties": {"elevation": 22.0, "slope": 2.72, "aspect": 248.0, "twi": 10.2, "ruggedness": 2.514}}, {"type": "Feature", "geometry": {"type": "Point", "coordinates": [121.026924, 14.607518]}, "properties": {"elevation": 22.0, "slope": 1.2, "aspect": 31.8, "twi": 11.02, "ruggedness": 0.875}}, {"type": "Feature", "geometry": {"type": "Point", "coordinates": [121.027767, 14.607518]}, "properties": {"elevation": 21.0, "slope": 1.62, "aspect": 51.1, "twi": 10.72, "ruggedness": 0.737}}, {"type": "Feature", "geometry": {"type": "Point", "coordinates": [121.028609, 14.607518]}, "properties": {"elevation": 20.0, "slope": 1.02, "aspect": 180.0, "twi": 11.18, "ruggedness": 0.786}}, {"type": "Feature", "geometry": {"type": "Point", "coordinates": [121.029452, 14.607518]}, "properties": {"elevation": 19.0, "slope": 1.2, "aspect": 148.2, "twi": 11.02, "ruggedness": 0.943}}, {"type": "Feature", "geometry": {"type": "Point", "coordinates": [121.030294, 14.607518]}, "properties": {"elevation": 21.0, "slope": 1.26, "aspect": 270.0, "twi": 10.97, "ruggedness": 1.155}}, {"type": "Feature", "geometry": {"type": "Point", "coordinates": [121.031136, 14.607518]}, "properties": {"elevation": 21.0, "slope": 6.37, "aspect": 342.8, "twi": 9.35, "ruggedness": 2.025}}, {"type": "Feature", "geometry": {"type": "Point", "coordinates": [121.031979, 14.607518]}, "properties": {"elevation": 24.0, "slope": 2.39, "aspect": 31.8, "twi": 10.33, "ruggedness": 1.155}}, {"type": "Feature", "geometry": {"type": "Point", "coordinates": [121.032821, 14.607518]}, "properties": {"elevation": 22.0, "slope": 3.3, "aspect": 337.5, "twi": 10.01, "ruggedness": 1.449}}, {"type": "Feature", "geometry": {"type": "Point", "coordinates": [121.033664, 14.607518]}, "properties": {"elevation": 22.0, "slope": 3.31, "aspect": 72.1, "twi": 10.0, "ruggedness": 2.299}}, {"type": "Feature", "geometry": {"type": "Point", "coordinates": [121.034506, 14.607518]}, "properties": {"elevation": 20.0, "slope": 3.15, "aspect": 270.0, "twi": 10.05, "ruggedness": 2.572}}, {"type": "Feature", "geometry": {"type": "Point", "coordinates": [121.035348, 14.607518]}, "properties": {"elevation": 27.0, "slope": 3.11, "aspect": 191.7, "twi": 10.06, "ruggedness": 2.16}}, {"type": "Feature", "geometry": {"type": "Point", "coordinates": [121.036191, 14.607518]}, "properties": {"elevation": 22.0, "slope": 1.26, "aspect": 90.0, "twi": 10.97, "ruggedness": 1.641}}, {"type": "Feature", "geometry": {"type": "Point", "coordinates": [121.037033, 14.607518]}, "properties": {"elevation": 24.0, "slope": 5.11, "aspect": 352.9, "twi": 9.57, "ruggedness": 1.633}}, {"type": "Feature", "geometry": {"type": "Point", "coordinates": [121.037876, 14.607518]}, "properties": {"elevation": 25.0, "slope": 0.63, "aspect": 90.0, "twi": 11.66, "ruggedness": 0.943}}, {"type": "Feature", "geometry": {"type": "Point", "coordinates": [121.038718, 14.607518]}, "properties": {"elevation": 21.0, "slope": 1.62, "aspect": 308.9, "twi": 10.72, "ruggedness": 1.633}}, {"type": "Feature", "geometry": {"type": "Point", "coordinates": [121.039561, 14.607518]}, "properties": {"elevation": 24.0, "slope": 2.52, "aspect": 270.0, "twi": 10.27, "ruggedness": 1.826}}, {"type": "Feature", "geometry": {"type": "Point", "coordinates": [121.040403, 14.607518]}, "properties": {"elevation": 30.0, "slope": 4.06, "aspect": -0.0, "twi": 9.8, "ruggedness": 1.414}}, {"type": "Feature", "geometry": {"type": "Point", "coordinates": [121.041245, 14.607518]}, "properties": {"elevation": 27.0, "slope": 4.78, "aspect": 31.8, "twi": 9.63, "ruggedness": 1.872}}, {"type": "Feature", "geometry": {"type": "Point", "coordinates": [121.042088, 14.607518]}, "properties": {"elevation": 25.0, "slope": 3.75, "aspect": 237.2, "twi": 9.88, "ruggedness": 1.886}}, {"type": "Feature", "geometry": {"type": "Point", "coordinates": [121.04293, 14.607518]}, "properties": {"elevation": 31.0, "slope": 1.2, "aspect": 328.2, "twi": 11.02, "ruggedness": 1.227}}, {"type": "Feature", "geometry": {"type": "Point", "coordinates": [121.043773, 14.607518]}, "properties": {"elevation": 32.0, "slope": 1.02, "aspect": 180.0, "twi": 11.18, "ruggedness": 0.685}}, {"type": "Feature", "geometry": {"type": "Point", "coordinates": [121.044615, 14.607518]}, "properties": {"elevation": 32.0, "slope": 4.85, "aspect": 308.9, "twi": 9.62, "ruggedness": 2.539}}, {"type": "Feature", "geometry": {"type": "Point", "coordinates": [121.045458, 14.607518]}, "properties": {"elevation": 39.0, "slope": 1.2, "aspect": 328.2, "twi": 11.02, "ruggedness": 1.37}}, {"type": "Feature", "geometry": {"type": "Point", "coordinates": [121.0463, 14.607518]}, "properties": {"elevation": 39.0, "slope": 4.06, "aspect": -0.0, "twi": 9.8, "ruggedness": 1.315}}, {"type": "Feature", "geometry": {"type": "Point", "coordinates": [121.047142, 14.607518]}, "properties": {"elevation": 39.0, "slope": 4.11, "aspect": 8.8, "twi": 9.78, "ruggedness": 1.826}}, {"type": "Feature", "geometry": {"type": "Point", "coordinates": [121.047985, 14.607518]}, "properties": {"elevation": 34.0, "slope": 1.26, "aspect": 90.0, "twi": 10.97, "ruggedness": 2.499}}, {"type": "Feature", "geometry": {"type": "Point", "coordinates": [121.048827, 14.607518]}, "properties": {"elevation": 38.0, "slope": 9.27, "aspect": 191.7, "twi": 8.96, "ruggedness": 2.973}}, {"type": "Feature", "geometry": {"type": "Point", "coordinates": [121.04967, 14.607518]}, "properties": {"elevation": 35.0, "slope": 1.02, "aspect": 180.0, "twi": 11.18, "ruggedness": 1.155}}, {"type": "Feature", "geometry": {"type": "Point", "coordinates": [121.050512, 14.607518]}, "properties": {"elevation": 40.0, "slope": 2.78, "aspect": 222.9, "twi": 10.18, "ruggedness": 1.523}}, {"type": "Feature", "geometry": {"type": "Point", "coordinates": [121.051355, 14.607518]}, "properties": {"elevation": 43.0, "slope": 3.24, "aspect": 231.1, "twi": 10.02, "ruggedness": 1.988}}, {"type": "Feature", "geometry": {"type": "Point", "coordinates": [121.052197, 14.607518]}, "properties": {"elevation": 48.0, "slope": 5.11, "aspect": 172.9, "twi": 9.57, "ruggedness": 2.131}}, {"type": "Feature", "geometry": {"type": "Point", "coordinates": [121.053039, 14.607518]}, "properties": {"elevation": 43.0, "slope": 2.13, "aspect": 197.2, "twi": 10.44, "ruggedness": 0.956}}, {"type": "Feature", "geometry": {"type": "Point", "coordinates": [121.053882, 14.607518]}, "properties": {"elevation": 45.0, "slope": 2.13, "aspect": 342.8, "twi": 10.44, "ruggedness": 0.786}}, {"type": "Feature", "geometry": {"type": "Point", "coordinates": [121.054724, 14.607518]}, "properties": {"elevation": 44.0, "slope": 2.72, "aspect": 112.0, "twi": 10.2, "ruggedness": 1.595}}, {"type": "Feature", "geometry": {"type": "Point", "coordinates": [121.055567, 14.607518]}, "properties": {"elevation": 44.0, "slope": 3.3, "aspect": 337.5, "twi": 10.01, "ruggedness": 1.499}}, {"type": "Feature", "geometry": {"type": "Point", "coordinates": [121.056409, 14.607518]}, "properties": {"elevation": 47.0, "slope": 4.53, "aspect": 257.0, "twi": 9.69, "ruggedness": 2.872}}, {"type": "Feature", "geometry": {"type": "Point", "coordinates": [121.057252, 14.607518]}, "properties": {"elevation": 49.0, "slope": 3.3, "aspect": 157.5, "twi": 10.01, "ruggedness": 1.37}}, {"type": "Feature", "geometry": {"type": "Point", "coordinates": [121.058094, 14.607518]}, "properties": {"elevation": 51.0, "slope": 5.08, "aspect": 180.0, "twi": 9.57, "ruggedness": 2.108}}, {"type": "Feature", "geometry": {"type": "Point", "coordinates": [121.058936, 14.607518]}, "properties": {"elevation": 51.0, "slope": 2.72, "aspect": 292.0, "twi": 10.2, "ruggedness": 2.378}}, {"type": "Feature", "geometry": {"type": "Point", "coordinates": [121.059779, 14.607518]}, "properties": {"elevation": 55.0, "slope": 5.14, "aspect": 37.8, "twi": 9.56, "ruggedness": 3.119}}, {"type": "Feature", "geometry": {"type": "Point", "coordinates": [121.0185, 14.608027]}, "properties": {"elevation": 11.0, "slope": 1.26, "aspect": 90.0, "twi": 10.97, "ruggedness": 0.685}}, {"type": "Feature", "geometry": {"type": "Point", "coordinates": [121.019342, 14.608027]}, "properties": {"elevation": 10.0, "slope": 2.13, "aspect": 342.8, "twi": 10.44, "ruggedness": 0.737}}, {"type": "Feature", "geometry": {"type": "Point", "coordinates": [121.020185, 14.608027]}, "properties": {"elevation": 13.0, "slope": 2.72, "aspect": 248.0, "twi": 10.2, "ruggedness": 1.571}}, {"type": "Feature", "geometry": {"type": "Point", "coordinates": [121.021027, 14.608027]}, "properties": {"elevation": 12.0, "slope": 3.78, "aspect": 90.0, "twi": 9.87, "ruggedness": 2.079}}, {"type": "Feature", "geometry": {"type": "Point", "coordinates": [121.02187, 14.608027]}, "properties": {"elevation": 7.0, "slope": 1.2, "aspect": 148.2, "twi": 11.02, "ruggedness": 0.994}}, {"type": "Feature", "geometry": {"type": "Point", "coordinates": [121.022712, 14.608027]}, "properties": {"elevation": 5.0, "slope": 2.13, "aspect": 197.2, "twi": 10.44, "ruggedness": 1.663}}, {"type": "Feature", "geometry": {"type": "Point", "coordinates": [121.023555, 14.608027]}, "properties": {"elevation": 8.0, "slope": 1.02, "aspect": 180.0, "twi": 11.18, "ruggedness": 0.875}}, {"type": "Feature", "geometry": {"type": "Point", "coordinates": [121.024397, 14.608027]}, "properties": {"elevation": 11.0, "slope": 3.78, "aspect": 270.0, "twi": 9.87, "ruggedness": 2.439}}, {"type": "Feature", "geometry": {"type": "Point", "coordinates": [121.025239, 14.608027]}, "properties": {"elevation": 14.0, "slope": 2.13, "aspect": 17.2, "twi": 10.44, "ruggedness": 0.943}}, {"type": "Feature", "geometry": {"type": "Point", "coordinates": [121.026082, 14.608027]}, "properties": {"elevation": 20.0, "slope": 7.13, "aspect": 224.8, "twi": 9.23, "ruggedness": 3.635}}, {"type": "Feature", "geometry": {"type": "Point", "coordinates": [121.026924, 14.608027]}, "properties": {"elevation": 19.0, "slope": 6.37, "aspect": 162.8, "twi": 9.35, "ruggedness": 2.485}}, {"type": "Feature", "geometry": {"type": "Point", "coordinates": [121.027767, 14.608027]}, "properties": {"elevation": 22.0, "slope": 2.13, "aspect": 197.2, "twi": 10.44, "ruggedness": 1.633}}, {"type": "Feature", "geometry": {"type": "Point", "coordinates": [121.028609, 14.608027]}, "properties": {"elevation": 19.0, "slope": 2.15, "aspect": 118.3, "twi": 10.44, "ruggedness": 1.155}}, {"type": "Feature", "geometry": {"type": "Point", "coordinates": [121.029452, 14.608027]}, "properties": {"elevation": 16.0, "slope": 1.26, "aspect": 270.0, "twi": 10.97, "ruggedness": 1.197}}, {"type": "Feature", "geometry": {"type": "Point", "coordinates": [121.030294, 14.608027]}, "properties": {"elevation": 19.0, "slope": 1.62, "aspect": 231.1, "twi": 10.72, "ruggedness": 1.03}}, {"type": "Feature", "geometry": {"type": "Point", "coordinates": [121.031136, 14.608027]}, "properties": {"elevation": 25.0, "slope": 2.72, "aspect": 248.0, "twi": 10.2, "ruggedness": 2.114}}, {"type": "Feature", "geometry": {"type": "Point", "coordinates": [121.031979, 14.608027]}, "properties": {"elevation": 24.0, "slope": 2.15, "aspect": 61.7, "twi": 10.44, "ruggedness": 1.315}}, {"type": "Feature", "geometry": {"type": "Point", "coordinates": [121.032821, 14.608027]}, "properties": {"elevation": 24.0, "slope": 2.78, "aspect": 222.9, "twi": 10.18, "ruggedness": 1.414}}, {"type": "Feature", "geometry": {"type": "Point", "coordinates": [121.033664, 14.608027]}, "properties": {"elevation": 22.0, "slope": 3.24, "aspect": 128.9, "twi": 10.02, "ruggedness": 2.131}}, {"type": "Feature", "geometry": {"type": "Point", "coordinates": [121.034506, 14.608027]}, "properties": {"elevation": 23.0, "slope": 2.72, "aspect": 248.0, "twi": 10.2, "ruggedness": 1.728}}, {"type": "Feature", "geometry": {"type": "Point", "coordinates": [121.035348, 14.608027]}, "properties": {"elevation": 26.0, "slope": 2.13, "aspect": 162.8, "twi": 10.44, "ruggedness": 1.247}}, {"type": "Feature", "geometry": {"type": "Point", "coordinates": [121.036191, 14.608027]}, "properties": {"elevation": 20.0, "slope": 1.62, "aspect": 51.1, "twi": 10.72, "ruggedness": 1.491}}, {"type": "Feature", "geometry": {"type": "Point", "coordinates": [121.037033, 14.608027]}, "properties": {"elevation": 24.0, "slope": 4.06, "aspect": 180.0, "twi": 9.8, "ruggedness": 1.343}}, {"type": "Feature", "geometry": {"type": "Point", "coordinates": [121.037876, 14.608027]}, "properties": {"elevation": 22.0, "slope": 3.05, "aspect": 180.0, "twi": 10.08, "ruggedness": 0.875}}, {"type": "Feature", "geometry": {"type": "Point", "coordinates": [121.038718, 14.608027]}, "properties": {"elevation": 24.0, "slope": 4.38, "aspect": 314.0, "twi": 9.72, "ruggedness": 2.25}}, {"type": "Feature", "geometry": {"type": "Point", "coordinates": [121.039561, 14.608027]}, "properties": {"elevation": 26.0, "slope": 3.11, "aspect": 348.3, "twi": 10.06, "ruggedness": 1.333}}, {"type": "Feature", "geometry": {"type": "Point", "coordinates": [121.040403, 14.608027]}, "properties": {"elevation": 30.0, "slope": 2.78, "aspect": 222.9, "twi": 10.18, "ruggedness": 1.03}}, {"type": "Feature", "geometry": {"type": "Point", "coordinates": [121.041245, 14.608027]}, "properties": {"elevation": 31.0, "slope": 1.02, "aspect": -0.0, "twi": 11.18, "ruggedness": 0.956}}, {"type": "Feature", "geometry": {"type": "Point", "coordinates": [121.042088, 14.608027]}, "properties": {"elevation": 27.0, "slope": 4.48, "aspect": 24.9, "twi": 9.7, "ruggedness": 1.892}}, {"type": "Feature", "geometry": {"type": "Point", "coordinates": [121.04293, 14.608027]}, "properties": {"elevation": 30.0, "slope": 1.26, "aspect": 270.0, "twi": 10.97, "ruggedness": 1.37}}, {"type": "Feature", "geometry": {"type": "Point", "coordinates": [121.043773, 14.608027]}, "properties": {"elevation": 33.0, "slope": 2.52, "aspect": 270.0, "twi": 10.27, "ruggedness": 1.197}}, {"type": "Feature", "geometry": {"type": "Point", "coordinates": [121.044615, 14.608027]}, "properties": {"elevation": 33.0, "slope": 1.89, "aspect": 270.0, "twi": 10.56, "ruggedness": 2.096}}, {"type": "Feature", "geometry": {"type": "Point", "coordinates": [121.045458, 14.608027]}, "properties": {"elevation": 38.0, "slope": 3.11, "aspect": 191.7, "twi": 10.06, "ruggedness": 0.916}}, {"type": "Feature", "geometry": {"type": "Point", "coordinates": [121.0463, 14.608027]}, "properties": {"elevation": 38.0, "slope": 0.63, "aspect": 90.0, "twi": 11.66, "ruggedness": 0.737}}, {"type": "Feature", "geometry": {"type": "Point", "coordinates": [121.047142, 14.608027]}, "properties": {"elevation": 41.0, "slope": 3.92, "aspect": 255.0, "twi": 9.83, "ruggedness": 2.25}}, {"type": "Feature", "geometry": {"type": "Point", "coordinates": [121.047985, 14.608027]}, "properties": {"elevation": 39.0, "slope": 7.58, "aspect": 48.2, "twi": 9.17, "ruggedness": 3.804}}, {"type": "Feature", "geometry": {"type": "Point", "coordinates": [121.048827, 14.608027]}, "properties": {"elevation": 33.0, "slope": 1.62, "aspect": 308.9, "twi": 10.72, "ruggedness": 1.423}}, {"type": "Feature", "geometry": {"type": "Point", "coordinates": [121.04967, 14.608027]}, "properties": {"elevation": 37.0, "slope": 2.72, "aspect": 292.0, "twi": 10.2, "ruggedness": 1.423}}, {"type": "Feature", "geometry": {"type": "Point", "coordinates": [121.050512, 14.608027]}, "properties": {"elevation": 38.0, "slope": 2.13, "aspect": 162.8, "twi": 10.44, "ruggedness": 0.916}}, {"type": "Feature", "geometry": {"type": "Point", "coordinates": [121.051355, 14.608027]}, "properties": {"elevation": 43.0, "slope": 4.41, "aspect": 270.0, "twi": 9.71, "ruggedness": 2.449}}, {"type": "Feature", "geometry": {"type": "Point", "coordinates": [121.052197, 14.608027]}, "properties": {"elevation": 47.0, "slope": 1.02, "aspect": -0.0, "twi": 11.18, "ruggedness": 1.054}}, {"type": "Feature", "geometry": {"type": "Point", "coordinates": [121.053039, 14.608027]}, "properties": {"elevation": 44.0, "slope": 4.11, "aspect": 8.8, "twi": 9.78, "ruggedness": 1.491}}, {"type": "Feature", "geometry": {"type": "Point", "coordinates": [121.053882, 14.608027]}, "properties": {"elevation": 46.0, "slope": 1.2, "aspect": 328.2, "twi": 11.02, "ruggedness": 1.054}}, {"type": "Feature", "geometry": {"type": "Point", "coordinates": [121.054724, 14.608027]}, "properties": {"elevation": 43.0, "slope": 5.88, "aspect": 121.2, "twi": 9.43, "ruggedness": 3.059}}, {"type": "Feature", "geometry": {"type": "Point", "coordinates": [121.055567, 14.608027]}, "properties": {"elevation": 44.0, "slope": 5.75, "aspect": 259.8, "twi": 9.45, "ruggedness": 3.224}}, {"type": "Feature", "geometry": {"type": "Point", "coordinates": [121.056409, 14.608027]}, "properties": {"elevation": 48.0, "slope": 1.62, "aspect": 308.9, "twi": 10.72, "ruggedness": 1.257}}, {"type": "Feature", "geometry": {"type": "Point", "coordinates": [121.057252, 14.608027]}, "properties": {"elevation": 47.0, "slope": 3.11, "aspect": 168.3, "twi": 10.06, "ruggedness": 1.315}}, {"type": "Feature", "geometry": {"type": "Point", "coordinates": [121.058094, 14.608027]}, "properties": {"elevation": 47.0, "slope": 1.26, "aspect": 90.0, "twi": 10.97, "ruggedness": 0.956}}, {"type": "Feature", "geometry": {"type": "Point", "coordinates": [121.058936, 14.608027]}, "properties": {"elevation": 50.0, "slope": 6.37, "aspect": 279.2, "twi": 9.35, "ruggedness": 3.675}}, {"type": "Feature", "geometry": {"type": "Point", "coordinates": [121.059779, 14.608027]}, "properties": {"elevation": 61.0, "slope": 1.2, "aspect": 328.2, "twi": 11.02, "ruggedness": 2.183}}, {"type": "Feature", "geometry": {"type": "Point", "coordinates": [121.0185, 14.608536]}, "properties": {"elevation": 11.0, "slope": 1.62, "aspect": 128.9, "twi": 10.72, "ruggedness": 0.497}}, {"type": "Feature", "geometry": {"type": "Point", "coordinates": [121.019342, 14.608536]}, "properties": {"elevation": 11.0, "slope": 0.63, "aspect": 270.0, "twi": 11.66, "ruggedness": 0.471}}, {"type": "Feature", "geometry": {"type": "Point", "coordinates": [121.020185, 14.608536]}, "properties": {"elevation": 10.0, "slope": 4.06, "aspect": 180.0, "twi": 9.8, "ruggedness": 1.548}}, {"type": "Feature", "geometry": {"type": "Point", "coordinates": [121.021027, 14.608536]}, "properties": {"elevation": 12.0, "slope": 1.02, "aspect": 180.0, "twi": 11.18, "ruggedness": 1.155}}, {"type": "Feature", "geometry": {"type": "Point", "coordinates": [121.02187, 14.608536]}, "properties": {"elevation": 7.0, "slope": 3.75, "aspect": 57.2, "twi": 9.88, "ruggedness": 1.707}}, {"type": "Feature", "geometry": {"type": "Point", "coordinates": [121.022712, 14.608536]}, "properties": {"elevation": 7.0, "slope": 4.48, "aspect": 335.1, "twi": 9.7, "ruggedness": 1.449}}, {"type": "Feature", "geometry": {"type": "Point", "coordinates": [121.023555, 14.608536]}, "properties": {"elevation": 8.0, "slope": 0.63, "aspect": 90.0, "twi": 11.66, "ruggedness": 0.956}}, {"type": "Feature", "geometry": {"type": "Point", "coordinates": [121.024397, 14.608536]}, "properties": {"elevation": 12.0, "slope": 4.53, "aspect": 257.0, "twi": 9.69, "ruggedness": 2.885}}, {"type": "Feature", "geometry": {"type": "Point", "coordinates": [121.025239, 14.608536]}, "properties": {"elevation": 15.0, "slope": 1.62, "aspect": 128.9, "twi": 10.72, "ruggedness": 0.943}}, {"type": "Feature", "geometry": {"type": "Point", "coordinates": [121.026082, 14.608536]}, "properties": {"elevation": 14.0, "slope": 2.52, "aspect": 270.0, "twi": 10.27, "ruggedness": 2.061}}, {"type": "Feature", "geometry": {"type": "Point", "coordinates": [121.026924, 14.608536]}, "properties": {"elevation": 17.0, "slope": 3.11, "aspect": 348.3, "twi": 10.06, "ruggedness": 1.03}}, {"type": "Feature", "geometry": {"type": "Point", "coordinates": [121.027767, 14.608536]}, "properties": {"elevation": 19.0, "slope": 2.13, "aspect": 162.8, "twi": 10.44, "ruggedness": 0.916}}, {"type": "Feature", "geometry": {"type": "Point", "coordinates": [121.028609, 14.608536]}, "properties": {"elevation": 18.0, "slope": 2.15, "aspect": 298.3, "twi": 10.44, "ruggedness": 0.956}}, {"type": "Feature", "geometry": {"type": "Point", "coordinates": [121.029452, 14.608536]}, "properties": {"elevation": 18.0, "slope": 2.13, "aspect": 17.2, "twi": 10.44, "ruggedness": 1.03}}, {"type": "Feature", "geometry": {"type": "Point", "coordinates": [121.030294, 14.608536]}, "properties": {"elevation": 20.0, "slope": 1.02, "aspect": -0.0, "twi": 11.18, "ruggedness": 0.667}}, {"type": "Feature", "geometry": {"type": "Point", "coordinates": [121.031136, 14.608536]}, "properties": {"elevation": 23.0, "slope": 4.29, "aspect": 241.7, "twi": 9.74, "ruggedness": 2.409}}, {"type": "Feature", "geometry": {"type": "Point", "coordinates": [121.031979, 14.608536]}, "properties": {"elevation": 25.0, "slope": 1.26, "aspect": 90.0, "twi": 10.97, "ruggedness": 1.133}}, {"type": "Feature", "geometry": {"type": "Point", "coordinates": [121.032821, 14.608536]}, "properties": {"elevation": 21.0, "slope": 1.26, "aspect": 90.0, "twi": 10.97, "ruggedness": 0.816}}, {"type": "Feature", "geometry": {"type": "Point", "coordinates": [121.033664, 14.608536]}, "properties": {"elevation": 21.0, "slope": 2.39, "aspect": 31.8, "twi": 10.33, "ruggedness": 1.227}}, {"type": "Feature", "geometry": {"type": "Point", "coordinates": [121.034506, 14.608536]}, "properties": {"elevation": 20.0, "slope": 2.72, "aspect": 248.0, "twi": 10.2, "ruggedness": 1.595}}, {"type": "Feature", "geometry": {"type": "Point", "coordinates": [121.035348, 14.608536]}, "properties": {"elevation": 24.0, "slope": 1.2, "aspect": 211.8, "twi": 11.02, "ruggedness": 1.133}}, {"type": "Feature", "geometry": {"type": "Point", "coordinates": [121.036191, 14.608536]}, "properties": {"elevation": 25.0, "slope": 3.11, "aspect": 11.7, "twi": 10.06, "ruggedness": 1.343}}, {"type": "Feature", "geometry": {"type": "Point", "coordinates": [121.037033, 14.608536]}, "properties": {"elevation": 20.0, "slope": 2.15, "aspect": 61.7, "twi": 10.44, "ruggedness": 1.054}}, {"type": "Feature", "geometry": {"type": "Point", "coordinates": [121.037876, 14.608536]}, "properties": {"elevation": 21.0, "slope": 2.78, "aspect": 317.1, "twi": 10.18, "ruggedness": 1.449}}, {"type": "Feature", "geometry": {"type": "Point", "coordinates": [121.038718, 14.608536]}, "properties": {"elevation": 27.0, "slope": 4.85, "aspect": 308.9, "twi": 9.62, "ruggedness": 2.582}}, {"type": "Feature", "geometry": {"type": "Point", "coordinates": [121.039561, 14.608536]}, "properties": {"elevation": 29.0, "slope": 2.13, "aspect": 342.8, "twi": 10.44, "ruggedness": 0.943}}, {"type": "Feature", "geometry": {"type": "Point", "coordinates": [121.040403, 14.608536]}, "properties": {"elevation": 29.0, "slope": 1.02, "aspect": -0.0, "twi": 11.18, "ruggedness": 0.629}}, {"type": "Feature", "geometry": {"type": "Point", "coordinates": [121.041245, 14.608536]}, "properties": {"elevation": 31.0, "slope": 0.0, "aspect": -0.0, "twi": 14.06, "ruggedness": 0.497}}, {"type": "Feature", "geometry": {"type": "Point", "coordinates": [121.042088, 14.608536]}, "properties": {"elevation": 29.0, "slope": 0.63, "aspect": 90.0, "twi": 11.66, "ruggedness": 0.816}}, {"type": "Feature", "geometry": {"type": "Point", "coordinates": [121.04293, 14.608536]}, "properties": {"elevation": 33.0, "slope": 2.15, "aspect": 298.3, "twi": 10.44, "ruggedness": 1.449}}, {"type": "Feature", "geometry": {"type": "Point", "coordinates": [121.043773, 14.608536]}, "properties": {"elevation": 32.0, "slope": 1.26, "aspect": 270.0, "twi": 10.97, "ruggedness": 1.155}}, {"type": "Feature", "geometry": {"type": "Point", "coordinates": [121.044615, 14.608536]}, "properties": {"elevation": 35.0, "slope": 4.78, "aspect": 328.2, "twi": 9.63, "ruggedness": 2.25}}, {"type": "Feature", "geometry": {"type": "Point", "coordinates": [121.045458, 14.608536]}, "properties": {"elevation": 38.0, "slope": 1.02, "aspect": -0.0, "twi": 11.18, "ruggedness": 0.875}}, {"type": "Feature", "geometry": {"type": "Point", "coordinates": [121.0463, 14.608536]}, "properties": {"elevation": 39.0, "slope": 2.03, "aspect": 180.0, "twi": 10.49, "ruggedness": 0.737}}, {"type": "Feature", "geometry": {"type": "Point", "coordinates": [121.047142, 14.608536]}, "properties": {"elevation": 41.0, "slope": 4.53, "aspect": 283.0, "twi": 9.69, "ruggedness": 2.767}}, {"type": "Feature", "geometry": {"type": "Point", "coordinates": [121.047985, 14.608536]}, "properties": {"elevation": 43.0, "slope": 4.85, "aspect": 65.3, "twi": 9.62, "ruggedness": 3.162}}, {"type": "Feature", "geometry": {"type": "Point", "coordinates": [121.048827, 14.608536]}, "properties": {"elevation": 37.0, "slope": 6.12, "aspect": 5.9, "twi": 9.39, "ruggedness": 2.114}}, {"type": "Feature", "geometry": {"type": "Point", "coordinates": [121.04967, 14.608536]}, "properties": {"elevation": 39.0, "slope": 4.48, "aspect": 335.1, "twi": 9.7, "ruggedness": 1.886}}, {"type": "Feature", "geometry": {"type": "Point", "coordinates": [121.050512, 14.608536]}, "properties": {"elevation": 37.0, "slope": 1.62, "aspect": 51.1, "twi": 10.72, "ruggedness": 1.571}}, {"type": "Feature", "geometry": {"type": "Point", "coordinates": [121.051355, 14.608536]}, "properties": {"elevation": 40.0, "slope": 3.96, "aspect": 219.6, "twi": 9.82, "ruggedness": 2.16}}, {"type": "Feature", "geometry": {"type": "Point", "coordinates": [121.052197, 14.608536]}, "properties": {"elevation": 47.0, "slope": 3.31, "aspect": 252.1, "twi": 10.0, "ruggedness": 2.424}}, {"type": "Feature", "geometry": {"type": "Point", "coordinates": [121.053039, 14.608536]}, "properties": {"elevation": 48.0, "slope": 1.2, "aspect": 328.2, "twi": 11.02, "ruggedness": 0.685}}, {"type": "Feature", "geometry": {"type": "Point", "coordinates": [121.053882, 14.608536]}, "properties": {"elevation": 47.0, "slope": 2.52, "aspect": 90.0, "twi": 10.27, "ruggedness": 1.499}}, {"type": "Feature", "geometry": {"type": "Point", "coordinates": [121.054724, 14.608536]}, "properties": {"elevation": 39.0, "slope": 4.38, "aspect": 134.0, "twi": 9.72, "ruggedness": 2.789}}, {"type": "Feature", "geometry": {"type": "Point", "coordinates": [121.055567, 14.608536]}, "properties": {"elevation": 44.0, "slope": 3.78, "aspect": 270.0, "twi": 9.87, "ruggedness": 2.708}}, {"type": "Feature", "geometry": {"type": "Point", "coordinates": [121.056409, 14.608536]}, "properties": {"elevation": 46.0, "slope": 5.08, "aspect": 180.0, "twi": 9.57, "ruggedness": 2.0}}, {"type": "Feature", "geometry": {"type": "Point", "coordinates": [121.057252, 14.608536]}, "properties": {"elevation": 43.0, "slope": 3.3, "aspect": 202.5, "twi": 10.01, "ruggedness": 2.357}}, {"type": "Feature", "geometry": {"type": "Point", "coordinates": [121.058094, 14.608536]}, "properties": {"elevation": 48.0, "slope": 2.72, "aspect": 292.0, "twi": 10.2, "ruggedness": 1.414}}, {"type": "Feature", "geometry": {"type": "Point", "coordinates": [121.058936, 14.608536]}, "properties": {"elevation": 54.0, "slope": 4.38, "aspect": 314.0, "twi": 9.72, "ruggedness": 2.393}}, {"type": "Feature", "geometry": {"type": "Point", "coordinates": [121.059779, 14.608536]}, "properties": {"elevation": 56.0, "slope": 5.11, "aspect": 172.9, "twi": 9.57, "ruggedness": 1.474}}, {"type": "Feature", "geometry": {"type": "Point", "coordinates": [121.0185, 14.609045]}, "properties": {"elevation": 10.0, "slope": 1.26, "aspect": 270.0, "twi": 10.97, "ruggedness": 0.471}}, {"type": "Feature", "geometry": {"type": "Point", "coordinates": [121.019342, 14.609045]}, "properties": {"elevation": 11.0, "slope": 1.89, "aspect": 90.0, "twi": 10.56, "ruggedness": 1.7}}, {"type": "Feature", "geometry": {"type": "Point", "coordinates": [121.020185, 14.609045]}, "properties": {"elevation": 7.0, "slope": 2.39, "aspect": 211.8, "twi": 10.33, "ruggedness": 1.633}}, {"type": "Feature", "geometry": {"type": "Point", "coordinates": [121.021027, 14.609045]}, "properties": {"elevation": 11.0, "slope": 0.63, "aspect": 270.0, "twi": 11.66, "ruggedness": 0.471}}, {"type": "Feature", "geometry": {"type": "Point", "coordinates": [121.02187, 14.609045]}, "properties": {"elevation": 10.0, "slope": 2.13, "aspect": 342.8, "twi": 10.44, "ruggedness": 1.414}}, {"type": "Feature", "geometry": {"type": "Point", "coordinates": [121.022712, 14.609045]}, "properties": {"elevation": 13.0, "slope": 5.11, "aspect": 7.1, "twi": 9.57, "ruggedness": 1.95}}, {"type": "Feature", "geometry": {"type": "Point", "coordinates": [121.023555, 14.609045]}, "properties": {"elevation": 8.0, "slope": 2.72, "aspect": 68.0, "twi": 10.2, "ruggedness": 1.75}}, {"type": "Feature", "geometry": {"type": "Point", "coordinates": [121.024397, 14.609045]}, "properties": {"elevation": 12.0, "slope": 4.41, "aspect": 270.0, "twi": 9.71, "ruggedness": 3.071}}, {"type": "Feature", "geometry": {"type": "Point", "coordinates": [121.025239, 14.609045]}, "properties": {"elevation": 14.0, "slope": 1.26, "aspect": 270.0, "twi": 10.97, "ruggedness": 1.315}}, {"type": "Feature", "geometry": {"type": "Point", "coordinates": [121.026082, 14.609045]}, "properties": {"elevation": 19.0, "slope": 5.97, "aspect": 328.2, "twi": 9.41, "ruggedness": 2.543}}, {"type": "Feature", "geometry": {"type": "Point", "coordinates": [121.026924, 14.609045]}, "properties": {"elevation": 19.0, "slope": 1.26, "aspect": 90.0, "twi": 10.97, "ruggedness": 1.165}}, {"type": "Feature", "geometry": {"type": "Point", "coordinates": [121.027767, 14.609045]}, "properties": {"elevation": 18.0, "slope": 0.0, "aspect": -0.0, "twi": 14.06, "ruggedness": 0.497}}, {"type": "Feature", "geometry": {"type": "Point", "coordinates": [121.028609, 14.609045]}, "properties": {"elevation": 18.0, "slope": 2.03, "aspect": 180.0, "twi": 10.49, "ruggedness": 0.956}}, {"type": "Feature", "geometry": {"type": "Point", "coordinates": [121.029452, 14.609045]}, "properties": {"elevation": 18.0, "slope": 3.59, "aspect": 148.2, "twi": 9.92, "ruggedness": 1.571}}, {"type": "Feature", "geometry": {"type": "Point", "coordinates": [121.030294, 14.609045]}, "properties": {"elevation": 20.0, "slope": 3.31, "aspect": 252.1, "twi": 10.0, "ruggedness": 2.025}}, {"type": "Feature", "geometry": {"type": "Point", "coordinates": [121.031136, 14.609045]}, "properties": {"elevation": 22.0, "slope": 2.72, "aspect": 292.0, "twi": 10.2, "ruggedness": 1.826}}, {"type": "Feature", "geometry": {"type": "Point", "coordinates": [121.031979, 14.609045]}, "properties": {"elevation": 24.0, "slope": 1.62, "aspect": 128.9, "twi": 10.72, "ruggedness": 0.875}}, {"type": "Feature", "geometry": {"type": "Point", "coordinates": [121.032821, 14.609045]}, "properties": {"elevation": 23.0, "slope": 1.2, "aspect": 31.8, "twi": 11.02, "ruggedness": 0.685}}, {"type": "Feature", "geometry": {"type": "Point", "coordinates": [121.033664, 14.609045]}, "properties": {"elevation": 22.0, "slope": 1.02, "aspect": 180.0, "twi": 11.18, "ruggedness": 0.629}}, {"type": "Feature", "geometry": {"type": "Point", "coordinates": [121.034506, 14.609045]}, "properties": {"elevation": 20.0, "slope": 2.78, "aspect": 42.9, "twi": 10.18, "ruggedness": 1.491}}, {"type": "Feature", "geometry": {"type": "Point", "coordinates": [121.035348, 14.609045]}, "properties": {"elevation": 22.0, "slope": 6.84, "aspect": 207.3, "twi": 9.27, "ruggedness": 2.499}}, {"type": "Feature", "geometry": {"type": "Point", "coordinates": [121.036191, 14.609045]}, "properties": {"elevation": 25.0, "slope": 1.26, "aspect": 90.0, "twi": 10.97, "ruggedness": 1.133}}, {"type": "Feature", "geometry": {"type": "Point", "coordinates": [121.037033, 14.609045]}, "properties": {"elevation": 23.0, "slope": 1.2, "aspect": 328.2, "twi": 11.02, "ruggedness": 0.831}}, {"type": "Feature", "geometry": {"type": "Point", "coordinates": [121.037876, 14.609045]}, "properties": {"elevation": 25.0, "slope": 1.62, "aspect": 308.9, "twi": 10.72, "ruggedness": 1.286}}, {"type": "Feature", "geometry": {"type": "Point", "coordinates": [121.038718, 14.609045]}, "properties": {"elevation": 27.0, "slope": 3.31, "aspect": 252.1, "twi": 10.0, "ruggedness": 1.944}}, {"type": "Feature", "geometry": {"type": "Point", "coordinates": [121.039561, 14.609045]}, "properties": {"elevation": 30.0, "slope": 1.26, "aspect": 270.0, "twi": 10.97, "ruggedness": 0.816}}, {"type": "Feature", "geometry": {"type": "Point", "coordinates": [121.040403, 14.609045]}, "properties": {"elevation": 30.0, "slope": 2.15, "aspect": 118.3, "twi": 10.44, "ruggedness": 1.155}}, {"type": "Feature", "geometry": {"type": "Point", "coordinates": [121.041245, 14.609045]}, "properties": {"elevation": 30.0, "slope": 3.11, "aspect": 191.7, "twi": 10.06, "ruggedness": 1.333}}, {"type": "Feature", "geometry": {"type": "Point", "coordinates": [121.042088, 14.609045]}, "properties": {"elevation": 30.0, "slope": 0.0, "aspect": -0.0, "twi": 14.06, "ruggedness": 1.066}}, {"type": "Feature", "geometry": {"type": "Point", "coordinates": [121.04293, 14.609045]}, "properties": {"elevation": 30.0, "slope": 3.11, "aspect": 191.7, "twi": 10.06, "ruggedness": 1.257}}, {"type": "Feature", "geometry": {"type": "Point", "coordinates": [121.043773, 14.609045]}, "properties": {"elevation": 33.0, "slope": 3.75, "aspect": 302.8, "twi": 9.88, "ruggedness": 2.166}}, {"type": "Feature", "geometry": {"type": "Point", "coordinates": [121.044615, 14.609045]}, "properties": {"elevation": 38.0, "slope": 3.31, "aspect": 287.9, "twi": 10.0, "ruggedness": 1.886}}, {"type": "Feature", "geometry": {"type": "Point", "coordinates": [121.045458, 14.609045]}, "properties": {"elevation": 39.0, "slope": 3.31, "aspect": 72.1, "twi": 10.0, "ruggedness": 1.571}}, {"type": "Feature", "geometry": {"type": "Point", "coordinates": [121.0463, 14.609045]}, "properties": {"elevation": 37.0, "slope": 1.89, "aspect": 270.0, "twi": 10.56, "ruggedness": 1.165}}, {"type": "Feature", "geometry": {"type": "Point", "coordinates": [121.047142, 14.609045]}, "properties": {"elevation": 41.0, "slope": 2.72, "aspect": 292.0, "twi": 10.2, "ruggedness": 1.792}}, {"type": "Feature", "geometry": {"type": "Point", "coordinates": [121.047985, 14.609045]}, "properties": {"elevation": 44.0, "slope": 2.39, "aspect": 148.2, "twi": 10.33, "ruggedness": 1.414}}, {"type": "Feature", "geometry": {"type": "Point", "coordinates": [121.048827, 14.609045]}, "properties": {"elevation": 41.0, "slope": 0.0, "aspect": -0.0, "twi": 14.06, "ruggedness": 0.497}}, {"type": "Feature", "geometry": {"type": "Point", "coordinates": [121.04967, 14.609045]}, "properties": {"elevation": 42.0, "slope": 1.2, "aspect": 328.2, "twi": 11.02, "ruggedness": 0.685}}, {"type": "Feature", "geometry": {"type": "Point", "coordinates": [121.050512, 14.609045]}, "properties": {"elevation": 38.0, "slope": 3.31, "aspect": 72.1, "twi": 10.0, "ruggedness": 2.131}}, {"type": "Feature", "geometry": {"type": "Point", "coordinates": [121.051355, 14.609045]}, "properties": {"elevation": 38.0, "slope": 1.62, "aspect": 231.1, "twi": 10.72, "ruggedness": 1.343}}, {"type": "Feature", "geometry": {"type": "Point", "coordinates": [121.052197, 14.609045]}, "properties": {"elevation": 44.0, "slope": 5.99, "aspect": 227.3, "twi": 9.41, "ruggedness": 2.749}}, {"type": "Feature", "geometry": {"type": "Point", "coordinates": [121.053039, 14.609045]}, "properties": {"elevation": 48.0, "slope": 1.62, "aspect": 308.9, "twi": 10.72, "ruggedness": 1.155}}, {"type": "Feature", "geometry": {"type": "Point", "coordinates": [121.053882, 14.609045]}, "properties": {"elevation": 46.0, "slope": 2.72, "aspect": 112.0, "twi": 10.2, "ruggedness": 1.728}}, {"type": "Feature", "geometry": {"type": "Point", "coordinates": [121.054724, 14.609045]}, "properties": {"elevation": 39.0, "slope": 3.96, "aspect": 39.6, "twi": 9.82, "ruggedness": 2.025}}, {"type": "Feature", "geometry": {"type": "Point", "coordinates": [121.055567, 14.609045]}, "properties": {"elevation": 42.0, "slope": 3.59, "aspect": 211.8, "twi": 9.92, "ruggedness": 1.449}}, {"type": "Feature", "geometry": {"type": "Point", "coordinates": [121.056409, 14.609045]}, "properties": {"elevation": 41.0, "slope": 3.75, "aspect": 122.8, "twi": 9.88, "ruggedness": 1.988}}, {"type": "Feature", "geometry": {"type": "Point", "coordinates": [121.057252, 14.609045]}, "properties": {"elevation": 42.0, "slope": 6.37, "aspect": 279.2, "twi": 9.35, "ruggedness": 3.843}}, {"type": "Feature", "geometry": {"type": "Point", "coordinates": [121.058094, 14.609045]}, "properties": {"elevation": 49.0, "slope": 1.62, "aspect": 231.1, "twi": 10.72, "ruggedness": 1.1}}, {"type": "Feature", "geometry": {"type": "Point", "coordinates": [121.058936, 14.609045]}, "properties": {"elevation": 53.0, "slope": 4.48, "aspect": 204.9, "twi": 9.7, "ruggedness": 2.0}}, {"type": "Feature", "geometry": {"type": "Point", "coordinates": [121.059779, 14.609045]}, "properties": {"elevation": 52.0, "slope": 4.06, "aspect": 180.0, "twi": 9.8, "ruggedness": 1.571}}, {"type": "Feature", "geometry": {"type": "Point", "coordinates": [121.0185, 14.609555]}, "properties": {"elevation": 9.0, "slope": 2.39, "aspect": 211.8, "twi": 10.33, "ruggedness": 0.943}}, {"type": "Feature", "geometry": {"type": "Point", "coordinates": [121.019342, 14.609555]}, "properties": {"elevation": 10.0, "slope": 3.75, "aspect": 122.8, "twi": 9.88, "ruggedness": 2.055}}, {"type": "Feature", "geometry": {"type": "Point", "coordinates": [121.020185, 14.609555]}, "properties": {"elevation": 7.0, "slope": 2.72, "aspect": 292.0, "twi": 10.2, "ruggedness": 1.563}}, {"type": "Feature", "geometry": {"type": "Point", "coordinates": [121.021027, 14.609555]}, "properties": {"elevation": 10.0, "slope": 2.13, "aspect": 197.2, "twi": 10.44, "ruggedness": 0.786}}, {"type": "Feature", "geometry": {"type": "Point", "coordinates": [121.02187, 14.609555]}, "properties": {"elevation": 11.0, "slope": 2.15, "aspect": 241.7, "twi": 10.44, "ruggedness": 1.286}}, {"type": "Feature", "geometry": {"type": "Point", "coordinates": [121.022712, 14.609555]}, "properties": {"elevation": 15.0, "slope": 1.2, "aspect": 211.8, "twi": 11.02, "ruggedness": 1.155}}, {"type": "Feature", "geometry": {"type": "Point", "coordinates": [121.023555, 14.609555]}, "properties": {"elevation": 11.0, "slope": 4.38, "aspect": 46.0, "twi": 9.72, "ruggedness": 2.378}}, {"type": "Feature", "geometry": {"type": "Point", "coordinates": [121.024397, 14.609555]}, "properties": {"elevation": 12.0, "slope": 4.41, "aspect": 270.0, "twi": 9.71, "ruggedness": 2.897}}, {"type": "Feature", "geometry": {"type": "Point", "coordinates": [121.025239, 14.609555]}, "properties": {"elevation": 14.0, "slope": 3.11, "aspect": 348.3, "twi": 10.06, "ruggedness": 1.286}}, {"type": "Feature", "geometry": {"type": "Point", "coordinates": [121.026082, 14.609555]}, "properties": {"elevation": 20.0, "slope": 4.78, "aspect": 211.8, "twi": 9.63, "ruggedness": 2.0}}, {"type": "Feature", "geometry": {"type": "Point", "coordinates": [121.026924, 14.609555]}, "properties": {"elevation": 19.0, "slope": 2.52, "aspect": 90.0, "twi": 10.27, "ruggedness": 1.563}}, {"type": "Feature", "geometry": {"type": "Point", "coordinates": [121.027767, 14.609555]}, "properties": {"elevation": 17.0, "slope": 0.0, "aspect": -0.0, "twi": 14.06, "ruggedness": 0.831}}, {"type": "Feature", "geometry": {"type": "Point", "coordinates": [121.028609, 14.609555]}, "properties": {"elevation": 14.0, "slope": 4.48, "aspect": 155.1, "twi": 9.7, "ruggedness": 2.166}}, {"type": "Feature", "geometry": {"type": "Point", "coordinates": [121.029452, 14.609555]}, "properties": {"elevation": 14.0, "slope": 3.11, "aspect": 191.7, "twi": 10.06, "ruggedness": 1.491}}, {"type": "Feature", "geometry": {"type": "Point", "coordinates": [121.030294, 14.609555]}, "properties": {"elevation": 19.0, "slope": 3.92, "aspect": 255.0, "twi": 9.83, "ruggedness": 2.357}}, {"type": "Feature", "geometry": {"type": "Point", "coordinates": [121.031136, 14.609555]}, "properties": {"elevation": 23.0, "slope": 1.89, "aspect": 270.0, "twi": 10.56, "ruggedness": 1.333}}, {"type": "Feature", "geometry": {"type": "Point", "coordinates": [121.031979, 14.609555]}, "properties": {"elevation": 24.0, "slope": 1.62, "aspect": 128.9, "twi": 10.72, "ruggedness": 1.133}}, {"type": "Feature", "geometry": {"type": "Point", "coordinates": [121.032821, 14.609555]}, "properties": {"elevation": 21.0, "slope": 3.05, "aspect": 180.0, "twi": 10.08, "ruggedness": 0.994}}, {"type": "Feature", "geometry": {"type": "Point", "coordinates": [121.033664, 14.609555]}, "properties": {"elevation": 21.0, "slope": 1.2, "aspect": 328.2, "twi": 11.02, "ruggedness": 0.943}}, {"type": "Feature", "geometry": {"type": "Point", "coordinates": [121.034506, 14.609555]}, "properties": {"elevation": 24.0, "slope": 3.96, "aspect": 39.6, "twi": 9.82, "ruggedness": 2.2}}, {"type": "Feature", "geometry": {"type": "Point", "coordinates": [121.035348, 14.609555]}, "properties": {"elevation": 17.0, "slope": 2.72, "aspect": 292.0, "twi": 10.2, "ruggedness": 2.393}}, {"type": "Feature", "geometry": {"type": "Point", "coordinates": [121.036191, 14.609555]}, "properties": {"elevation": 24.0, "slope": 4.11, "aspect": 171.2, "twi": 9.78, "ruggedness": 1.227}}, {"type": "Feature", "geometry": {"type": "Point", "coordinates": [121.037033, 14.609555]}, "properties": {"elevation": 21.0, "slope": 2.13, "aspect": 197.2, "twi": 10.44, "ruggedness": 0.943}}, {"type": "Feature", "geometry": {"type": "Point", "coordinates": [121.037876, 14.609555]}, "properties": {"elevation": 23.0, "slope": 1.02, "aspect": 180.0, "twi": 11.18, "ruggedness": 0.816}}, {"type": "Feature", "geometry": {"type": "Point", "coordinates": [121.038718, 14.609555]}, "properties": {"elevation": 25.0, "slope": 5.14, "aspect": 217.8, "twi": 9.56, "ruggedness": 2.261}}, {"type": "Feature", "geometry": {"type": "Point", "coordinates": [121.039561, 14.609555]}, "properties": {"elevation": 28.0, "slope": 4.06, "aspect": 180.0, "twi": 9.8, "ruggedness": 1.853}}, {"type": "Feature", "geometry": {"type": "Point", "coordinates": [121.040403, 14.609555]}, "properties": {"elevation": 27.0, "slope": 5.11, "aspect": 172.9, "twi": 9.57, "ruggedness": 1.988}}, {"type": "Feature", "geometry": {"type": "Point", "coordinates": [121.041245, 14.609555]}, "properties": {"elevation": 27.0, "slope": 0.63, "aspect": 90.0, "twi": 11.66, "ruggedness": 0.786}}, {"type": "Feature", "geometry": {"type": "Point", "coordinates": [121.042088, 14.609555]}, "properties": {"elevation": 29.0, "slope": 3.31, "aspect": 287.9, "twi": 10.0, "ruggedness": 1.633}}, {"type": "Feature", "geometry": {"type": "Point", "coordinates": [121.04293, 14.609555]}, "properties": {"elevation": 29.0, "slope": 2.03, "aspect": -0.0, "twi": 10.49, "ruggedness": 1.165}}, {"type": "Feature", "geometry": {"type": "Point", "coordinates": [121.043773, 14.609555]}, "properties": {"elevation": 35.0, "slope": 3.92, "aspect": 285.0, "twi": 9.83, "ruggedness": 2.283}}, {"type": "Feature", "geometry": {"type": "Point", "coordinates": [121.044615, 14.609555]}, "properties": {"elevation": 36.0, "slope": 4.11, "aspect": 171.2, "twi": 9.78, "ruggedness": 2.183}}, {"type": "Feature", "geometry": {"type": "Point", "coordinates": [121.045458, 14.609555]}, "properties": {"elevation": 37.0, "slope": 5.23, "aspect": 193.9, "twi": 9.54, "ruggedness": 2.309}}, {"type": "Feature", "geometry": {"type": "Point", "coordinates": [121.0463, 14.609555]}, "properties": {"elevation": 37.0, "slope": 2.15, "aspect": 241.7, "twi": 10.44, "ruggedness": 1.663}}, {"type": "Feature", "geometry": {"type": "Point", "coordinates": [121.047142, 14.609555]}, "properties": {"elevation": 43.0, "slope": 2.13, "aspect": 342.8, "twi": 10.44, "ruggedness": 1.247}}, {"type": "Feature", "geometry": {"type": "Point", "coordinates": [121.047985, 14.609555]}, "properties": {"elevation": 40.0, "slope": 4.48, "aspect": 155.1, "twi": 9.7, "ruggedness": 1.563}}, {"type": "Feature", "geometry": {"type": "Point", "coordinates": [121.048827, 14.609555]}, "properties": {"elevation": 40.0, "slope": 1.26, "aspect": 270.0, "twi": 10.97, "ruggedness": 0.994}}, {"type": "Feature", "geometry": {"type": "Point", "coordinates": [121.04967, 14.609555]}, "properties": {"elevation": 41.0, "slope": 1.2, "aspect": 211.8, "twi": 11.02, "ruggedness": 0.497}}, {"type": "Feature", "geometry": {"type": "Point", "coordinates": [121.050512, 14.609555]}, "properties": {"elevation": 40.0, "slope": 3.24, "aspect": 51.1, "twi": 10.02, "ruggedness": 1.853}}, {"type": "Feature", "geometry": {"type": "Point", "coordinates": [121.051355, 14.609555]}, "properties": {"elevation": 39.0, "slope": 3.75, "aspect": 302.8, "twi": 9.88, "ruggedness": 2.299}}, {"type": "Feature", "geometry": {"type": "Point", "coordinates": [121.052197, 14.609555]}, "properties": {"elevation": 42.0, "slope": 2.03, "aspect": -0.0, "twi": 10.49, "ruggedness": 1.315}}, {"type": "Feature", "geometry": {"type": "Point", "coordinates": [121.053039, 14.609555]}, "properties": {"elevation": 47.0, "slope": 5.41, "aspect": 200.4, "twi": 9.51, "ruggedness": 2.261}}, {"type": "Feature", "geometry": {"type": "Point", "coordinates": [121.053882, 14.609555]}, "properties": {"elevation": 45.0, "slope": 2.72, "aspect": 112.0, "twi": 10.2, "ruggedness": 1.764}}, {"type": "Feature", "geometry": {"type": "Point", "coordinates": [121.054724, 14.609555]}, "properties": {"elevation": 42.0, "slope": 1.02, "aspect": -0.0, "twi": 11.18, "ruggedness": 0.629}}, {"type": "Feature", "geometry": {"type": "Point", "coordinates": [121.055567, 14.609555]}, "properties": {"elevation": 40.0, "slope": 1.2, "aspect": 148.2, "twi": 11.02, "ruggedness": 0.737}}, {"type": "Feature", "geometry": {"type": "Point", "coordinates": [121.056409, 14.609555]}, "properties": {"elevation": 42.0, "slope": 1.2, "aspect": 31.8, "twi": 11.02, "ruggedness": 1.397}}, {"type": "Feature", "geometry": {"type": "Point", "coordinates": [121.057252, 14.609555]}, "properties": {"elevation": 45.0, "slope": 6.42, "aspect": 298.3, "twi": 9.34, "ruggedness": 3.685}}, {"type": "Feature", "geometry": {"type": "Point", "coordinates": [121.058094, 14.609555]}, "properties": {"elevation": 47.0, "slope": 1.02, "aspect": 180.0, "twi": 11.18, "ruggedness": 0.816}}, {"type": "Feature", "geometry": {"type": "Point", "coordinates": [121.058936, 14.609555]}, "properties": {"elevation": 51.0, "slope": 1.62, "aspect": 308.9, "twi": 10.72, "ruggedness": 1.333}}, {"type": "Feature", "geometry": {"type": "Point", "coordinates": [121.059779, 14.609555]}, "properties": {"elevation": 51.0, "slope": 4.11, "aspect": 351.2, "twi": 9.78, "ruggedness": 1.37}}, {"type": "Feature", "geometry": {"type": "Point", "coordinates": [121.0185, 14.610064]}, "properties": {"elevation": 9.0, "slope": 2.39, "aspect": 31.8, "twi": 10.33, "ruggedness": 0.737}}, {"type": "Feature", "geometry": {"type": "Point", "coordinates": [121.019342, 14.610064]}, "properties": {"elevation": 9.0, "slope": 1.02, "aspect": -0.0, "twi": 11.18, "ruggedness": 0.916}}, {"type": "Feature", "geometry": {"type": "Point", "coordinates": [121.020185, 14.610064]}, "properties": {"elevation": 8.0, "slope": 1.02, "aspect": -0.0, "twi": 11.18, "ruggedness": 0.943}}, {"type": "Feature", "geometry": {"type": "Point", "coordinates": [121.021027, 14.610064]}, "properties": {"elevation": 8.0, "slope": 1.02, "aspect": -0.0, "twi": 11.18, "ruggedness": 0.831}}, {"type": "Feature", "geometry": {"type": "Point", "coordinates": [121.02187, 14.610064]}, "properties": {"elevation": 10.0, "slope": 1.62, "aspect": 231.1, "twi": 10.72, "ruggedness": 1.066}}, {"type": "Feature", "geometry": {"type": "Point", "coordinates": [121.022712, 14.610064]}, "properties": {"elevation": 12.0, "slope": 3.96, "aspect": 219.6, "twi": 9.82, "ruggedness": 1.853}}, {"type": "Feature", "geometry": {"type": "Point", "coordinates": [121.023555, 14.610064]}, "properties": {"elevation": 12.0, "slope": 1.2, "aspect": 31.8, "twi": 11.02, "ruggedness": 1.197}}, {"type": "Feature", "geometry": {"type": "Point", "coordinates": [121.024397, 14.610064]}, "properties": {"elevation": 13.0, "slope": 3.24, "aspect": 308.9, "twi": 10.02, "ruggedness": 1.886}}, {"type": "Feature", "geometry": {"type": "Point", "coordinates": [121.025239, 14.610064]}, "properties": {"elevation": 18.0, "slope": 1.02, "aspect": -0.0, "twi": 11.18, "ruggedness": 0.737}}, {"type": "Feature", "geometry": {"type": "Point", "coordinates": [121.026082, 14.610064]}, "properties": {"elevation": 16.0, "slope": 0.63, "aspect": 90.0, "twi": 11.66, "ruggedness": 0.916}}, {"type": "Feature", "geometry": {"type": "Point", "coordinates": [121.026924, 14.610064]}, "properties": {"elevation": 18.0, "slope": 2.39, "aspect": 211.8, "twi": 10.33, "ruggedness": 1.066}}, {"type": "Feature", "geometry": {"type": "Point", "coordinates": [121.027767, 14.610064]}, "properties": {"elevation": 19.0, "slope": 1.2, "aspect": 31.8, "twi": 11.02, "ruggedness": 1.066}}, {"type": "Feature", "geometry": {"type": "Point", "coordinates": [121.028609, 14.610064]}, "properties": {"elevation": 14.0, "slope": 4.38, "aspect": 46.0, "twi": 9.72, "ruggedness": 1.771}}, {"type": "Feature", "geometry": {"type": "Point", "coordinates": [121.029452, 14.610064]}, "properties": {"elevation": 13.0, "slope": 3.15, "aspect": 270.0, "twi": 10.05, "ruggedness": 2.096}}, {"type": "Feature", "geometry": {"type": "Point", "coordinates": [121.030294, 14.610064]}, "properties": {"elevation": 19.0, "slope": 3.59, "aspect": 328.2, "twi": 9.92, "ruggedness": 1.618}}, {"type": "Feature", "geometry": {"type": "Point", "coordinates": [121.031136, 14.610064]}, "properties": {"elevation": 23.0, "slope": 1.62, "aspect": 231.1, "twi": 10.72, "ruggedness": 1.423}}, {"type": "Feature", "geometry": {"type": "Point", "coordinates": [121.031979, 14.610064]}, "properties": {"elevation": 21.0, "slope": 4.11, "aspect": 171.2, "twi": 9.78, "ruggedness": 1.286}}, {"type": "Feature", "geometry": {"type": "Point", "coordinates": [121.032821, 14.610064]}, "properties": {"elevation": 19.0, "slope": 1.62, "aspect": 231.1, "twi": 10.72, "ruggedness": 1.931}}, {"type": "Feature", "geometry": {"type": "Point", "coordinates": [121.033664, 14.610064]}, "properties": {"elevation": 22.0, "slope": 0.0, "aspect": -0.0, "twi": 14.06, "ruggedness": 0.994}}, {"type": "Feature", "geometry": {"type": "Point", "coordinates": [121.034506, 14.610064]}, "properties": {"elevation": 25.0, "slope": 1.2, "aspect": 211.8, "twi": 11.02, "ruggedness": 1.054}}, {"type": "Feature", "geometry": {"type": "Point", "coordinates": [121.035348, 14.610064]}, "properties": {"elevation": 22.0, "slope": 4.11, "aspect": 8.8, "twi": 9.78, "ruggedness": 1.633}}, {"type": "Feature", "geometry": {"type": "Point", "coordinates": [121.036191, 14.610064]}, "properties": {"elevation": 20.0, "slope": 3.11, "aspect": 11.7, "twi": 10.06, "ruggedness": 1.423}}, {"type": "Feature", "geometry": {"type": "Point", "coordinates": [121.037033, 14.610064]}, "properties": {"elevation": 22.0, "slope": 4.25, "aspect": 342.8, "twi": 9.75, "ruggedness": 1.523}}, {"type": "Feature", "geometry": {"type": "Point", "coordinates": [121.037876, 14.610064]}, "properties": {"elevation": 23.0, "slope": 1.62, "aspect": 51.1, "twi": 10.72, "ruggedness": 1.563}}, {"type": "Feature", "geometry": {"type": "Point", "coordinates": [121.038718, 14.610064]}, "properties": {"elevation": 22.0, "slope": 2.78, "aspect": 222.9, "twi": 10.18, "ruggedness": 1.812}}, {"type": "Feature", "geometry": {"type": "Point", "coordinates": [121.039561, 14.610064]}, "properties": {"elevation": 25.0, "slope": 2.72, "aspect": 112.0, "twi": 10.2, "ruggedness": 1.499}}, {"type": "Feature", "geometry": {"type": "Point", "coordinates": [121.040403, 14.610064]}, "properties": {"elevation": 22.0, "slope": 2.72, "aspect": 248.0, "twi": 10.2, "ruggedness": 1.548}}, {"type": "Feature", "geometry": {"type": "Point", "coordinates": [121.041245, 14.610064]}, "properties": {"elevation": 27.0, "slope": 3.59, "aspect": 211.8, "twi": 9.92, "ruggedness": 1.257}}, {"type": "Feature", "geometry": {"type": "Point", "coordinates": [121.042088, 14.610064]}, "properties": {"elevation": 30.0, "slope": 2.72, "aspect": 248.0, "twi": 10.2, "ruggedness": 1.892}}, {"type": "Feature", "geometry": {"type": "Point", "coordinates": [121.04293, 14.610064]}, "properties": {"elevation": 34.0, "slope": 4.25, "aspect": 342.8, "twi": 9.75, "ruggedness": 1.37}}, {"type": "Feature", "geometry": {"type": "Point", "coordinates": [121.043773, 14.610064]}, "properties": {"elevation": 34.0, "slope": 3.11, "aspect": 168.3, "twi": 10.06, "ruggedness": 1.257}}, {"type": "Feature", "geometry": {"type": "Point", "coordinates": [121.044615, 14.610064]}, "properties": {"elevation": 32.0, "slope": 3.3, "aspect": 157.5, "twi": 10.01, "ruggedness": 1.523}}, {"type": "Feature", "geometry": {"type": "Point", "coordinates": [121.045458, 14.610064]}, "properties": {"elevation": 31.0, "slope": 2.78, "aspect": 222.9, "twi": 10.18, "ruggedness": 2.0}}, {"type": "Feature", "geometry": {"type": "Point", "coordinates": [121.0463, 14.610064]}, "properties": {"elevation": 34.0, "slope": 3.3, "aspect": 202.5, "twi": 10.01, "ruggedness": 2.149}}, {"type": "Feature", "geometry": {"type": "Point", "coordinates": [121.047142, 14.610064]}, "properties": {"elevation": 42.0, "slope": 6.21, "aspect": 191.7, "twi": 9.37, "ruggedness": 2.961}}, {"type": "Feature", "geometry": {"type": "Point", "coordinates": [121.047985, 14.610064]}, "properties": {"elevation": 37.0, "slope": 2.03, "aspect": 180.0, "twi": 10.49, "ruggedness": 1.286}}, {"type": "Feature", "geometry": {"type": "Point", "coordinates": [121.048827, 14.610064]}, "properties": {"elevation": 41.0, "slope": 2.52, "aspect": 270.0, "twi": 10.27, "ruggedness": 1.563}}, {"type": "Feature", "geometry": {"type": "Point", "coordinates": [121.04967, 14.610064]}, "properties": {"elevation": 42.0, "slope": 2.03, "aspect": -0.0, "twi": 10.49, "ruggedness": 0.667}}, {"type": "Feature", "geometry": {"type": "Point", "coordinates": [121.050512, 14.610064]}, "properties": {"elevation": 41.0, "slope": 1.62, "aspect": 51.1, "twi": 10.72, "ruggedness": 1.491}}, {"type": "Feature", "geometry": {"type": "Point", "coordinates": [121.051355, 14.610064]}, "properties": {"elevation": 42.0, "slope": 5.97, "aspect": 328.2, "twi": 9.41, "ruggedness": 2.455}}, {"type": "Feature", "geometry": {"type": "Point", "coordinates": [121.052197, 14.610064]}, "properties": {"elevation": 45.0, "slope": 2.72, "aspect": 68.0, "twi": 10.2, "ruggedness": 1.563}}, {"type": "Feature", "geometry": {"type": "Point", "coordinates": [121.053039, 14.610064]}, "properties": {"elevation": 41.0, "slope": 4.48, "aspect": 204.9, "twi": 9.7, "ruggedness": 1.988}}, {"type": "Feature", "geometry": {"type": "Point", "coordinates": [121.053882, 14.610064]}, "properties": {"elevation": 44.0, "slope": 3.3, "aspect": 157.5, "twi": 10.01, "ruggedness": 1.764}}, {"type": "Feature", "geometry": {"type": "Point", "coordinates": [121.054724, 14.610064]}, "properties": {"elevation": 41.0, "slope": 1.62, "aspect": 51.1, "twi": 10.72, "ruggedness": 0.816}}, {"type": "Feature", "geometry": {"type": "Point", "coordinates": [121.055567, 14.610064]}, "properties": {"elevation": 41.0, "slope": 4.48, "aspect": 335.1, "twi": 9.7, "ruggedness": 2.096}}, {"type": "Feature", "geometry": {"type": "Point", "coordinates": [121.056409, 14.610064]}, "properties": {"elevation": 43.0, "slope": 2.39, "aspect": 328.2, "twi": 10.33, "ruggedness": 1.663}}, {"type": "Feature", "geometry": {"type": "Point", "coordinates": [121.057252, 14.610064]}, "properties": {"elevation": 48.0, "slope": 3.96, "aspect": 320.4, "twi": 9.82, "ruggedness": 2.0}}, {"type": "Feature", "geometry": {"type": "Point", "coordinates": [121.058094, 14.610064]}, "properties": {"elevation": 48.0, "slope": 1.2, "aspect": 31.8, "twi": 11.02, "ruggedness": 0.737}}, {"type": "Feature", "geometry": {"type": "Point", "coordinates": [121.058936, 14.610064]}, "properties": {"elevation": 51.0, "slope": 3.96, "aspect": 219.6, "twi": 9.82, "ruggedness": 1.931}}, {"type": "Feature", "geometry": {"type": "Point", "coordinates": [121.059779, 14.610064]}, "properties": {"elevation": 55.0, "slope": 2.15, "aspect": 241.7, "twi": 10.44, "ruggedness": 1.343}}, {"type": "Feature", "geometry": {"type": "Point", "coordinates": [121.0185, 14.610573]}, "properties": {"elevation": 12.0, "slope": 1.02, "aspect": -0.0, "twi": 11.18, "ruggedness": 1.197}}, {"type": "Feature", "geometry": {"type": "Point", "coordinates": [121.019342, 14.610573]}, "properties": {"elevation": 11.0, "slope": 2.13, "aspect": 17.2, "twi": 10.44, "ruggedness": 1.155}}, {"type": "Feature", "geometry": {"type": "Point", "coordinates": [121.020185, 14.610573]}, "properties": {"elevation": 9.0, "slope": 2.72, "aspect": 68.0, "twi": 10.2, "ruggedness": 1.449}}, {"type": "Feature", "geometry": {"type": "Point", "coordinates": [121.021027, 14.610573]}, "properties": {"elevation": 11.0, "slope": 1.62, "aspect": 308.9, "twi": 10.72, "ruggedness": 1.449}}, {"type": "Feature", "geometry": {"type": "Point", "coordinates": [121.02187, 14.610573]}, "properties": {"elevation": 7.0, "slope": 2.39, "aspect": 148.2, "twi": 10.33, "ruggedness": 1.286}}, {"type": "Feature", "geometry": {"type": "Point", "coordinates": [121.022712, 14.610573]}, "properties": {"elevation": 11.0, "slope": 3.75, "aspect": 237.2, "twi": 9.88, "ruggedness": 2.131}}, {"type": "Feature", "geometry": {"type": "Point", "coordinates": [121.023555, 14.610573]}, "properties": {"elevation": 12.0, "slope": 3.05, "aspect": 180.0, "twi": 10.08, "ruggedness": 1.197}}, {"type": "Feature", "geometry": {"type": "Point", "coordinates": [121.024397, 14.610573]}, "properties": {"elevation": 14.0, "slope": 2.78, "aspect": 222.9, "twi": 10.18, "ruggedness": 1.7}}, {"type": "Feature", "geometry": {"type": "Point", "coordinates": [121.025239, 14.610573]}, "properties": {"elevation": 17.0, "slope": 3.05, "aspect": 180.0, "twi": 10.08, "ruggedness": 1.414}}, {"type": "Feature", "geometry": {"type": "Point", "coordinates": [121.026082, 14.610573]}, "properties": {"elevation": 17.0, "slope": 2.39, "aspect": 211.8, "twi": 10.33, "ruggedness": 0.875}}, {"type": "Feature", "geometry": {"type": "Point", "coordinates": [121.026924, 14.610573]}, "properties": {"elevation": 18.0, "slope": 1.26, "aspect": 270.0, "twi": 10.97, "ruggedness": 0.943}}, {"type": "Feature", "geometry": {"type": "Point", "coordinates": [121.027767, 14.610573]}, "properties": {"elevation": 16.0, "slope": 3.24, "aspect": 128.9, "twi": 10.02, "ruggedness": 1.491}}, {"type": "Feature", "geometry": {"type": "Point", "coordinates": [121.028609, 14.610573]}, "properties": {"elevation": 17.0, "slope": 1.26, "aspect": 270.0, "twi": 10.97, "ruggedness": 0.994}}, {"type": "Feature", "geometry": {"type": "Point", "coordinates": [121.029452, 14.610573]}, "properties": {"elevation": 14.0, "slope": 2.13, "aspect": 342.8, "twi": 10.44, "ruggedness": 1.764}}, {"type": "Feature", "geometry": {"type": "Point", "coordinates": [121.030294, 14.610573]}, "properties": {"elevation": 21.0, "slope": 1.2, "aspect": 148.2, "twi": 11.02, "ruggedness": 2.149}}, {"type": "Feature", "geometry": {"type": "Point", "coordinates": [121.031136, 14.610573]}, "properties": {"elevation": 20.0, "slope": 7.09, "aspect": 180.0, "twi": 9.24, "ruggedness": 2.582}}, {"type": "Feature", "geometry": {"type": "Point", "coordinates": [121.031979, 14.610573]}, "properties": {"elevation": 15.0, "slope": 7.2, "aspect": 169.9, "twi": 9.22, "ruggedness": 3.326}}, {"type": "Feature", "geometry": {"type": "Point", "coordinates": [121.032821, 14.610573]}, "properties": {"elevation": 17.0, "slope": 8.33, "aspect": 211.8, "twi": 9.07, "ruggedness": 4.516}}, {"type": "Feature", "geometry": {"type": "Point", "coordinates": [121.033664, 14.610573]}, "properties": {"elevation": 21.0, "slope": 5.23, "aspect": 166.1, "twi": 9.54, "ruggedness": 2.897}}, {"type": "Feature", "geometry": {"type": "Point", "coordinates": [121.034506, 14.610573]}, "properties": {"elevation": 21.0, "slope": 5.41, "aspect": 200.4, "twi": 9.51, "ruggedness": 2.0}}, {"type": "Feature", "geometry": {"type": "Point", "coordinates": [121.035348, 14.610573]}, "properties": {"elevation": 21.0, "slope": 4.78, "aspect": 211.8, "twi": 9.63, "ruggedness": 2.331}}, {"type": "Feature", "geometry": {"type": "Point", "coordinates": [121.036191, 14.610573]}, "properties": {"elevation": 27.0, "slope": 4.11, "aspect": 8.8, "twi": 9.78, "ruggedness": 1.663}}, {"type": "Feature", "geometry": {"type": "Point", "coordinates": [121.037033, 14.610573]}, "properties": {"elevation": 27.0, "slope": 6.12, "aspect": 5.9, "twi": 9.39, "ruggedness": 2.114}}, {"type": "Feature", "geometry": {"type": "Point", "coordinates": [121.037876, 14.610573]}, "properties": {"elevation": 24.0, "slope": 2.72, "aspect": 68.0, "twi": 10.2, "ruggedness": 2.108}}, {"type": "Feature", "geometry": {"type": "Point", "coordinates": [121.038718, 14.610573]}, "properties": {"elevation": 22.0, "slope": 4.48, "aspect": 335.1, "twi": 9.7, "ruggedness": 2.131}}, {"type": "Feature", "geometry": {"type": "Point", "coordinates": [121.039561, 14.610573]}, "properties": {"elevation": 26.0, "slope": 3.24, "aspect": 308.9, "twi": 10.02, "ruggedness": 2.331}}, {"type": "Feature", "geometry": {"type": "Point", "coordinates": [121.040403, 14.610573]}, "properties": {"elevation": 29.0, "slope": 10.09, "aspect": 3.5, "twi": 8.88, "ruggedness": 3.236}}, {"type": "Feature", "geometry": {"type": "Point", "coordinates": [121.041245, 14.610573]}, "properties": {"elevation": 26.0, "slope": 1.62, "aspect": 51.1, "twi": 10.72, "ruggedness": 1.197}}, {"type": "Feature", "geometry": {"type": "Point", "coordinates": [121.042088, 14.610573]}, "properties": {"elevation": 29.0, "slope": 3.78, "aspect": 270.0, "twi": 9.87, "ruggedness": 2.266}}, {"type": "Feature", "geometry": {"type": "Point", "coordinates": [121.04293, 14.610573]}, "properties": {"elevation": 34.0, "slope": 2.39, "aspect": 211.8, "twi": 10.33, "ruggedness": 1.474}}, {"type": "Feature", "geometry": {"type": "Point", "coordinates": [121.043773, 14.610573]}, "properties": {"elevation": 32.0, "slope": 1.26, "aspect": 90.0, "twi": 10.97, "ruggedness": 0.916}}, {"type": "Feature", "geometry": {"type": "Point", "coordinates": [121.044615, 14.610573]}, "properties": {"elevation": 32.0, "slope": 1.02, "aspect": -0.0, "twi": 11.18, "ruggedness": 0.737}}, {"type": "Feature", "geometry": {"type": "Point", "coordinates": [121.045458, 14.610573]}, "properties": {"elevation": 34.0, "slope": 3.24, "aspect": 308.9, "twi": 10.02, "ruggedness": 2.233}}, {"type": "Feature", "geometry": {"type": "Point", "coordinates": [121.0463, 14.610573]}, "properties": {"elevation": 35.0, "slope": 6.12, "aspect": 354.1, "twi": 9.39, "ruggedness": 2.347}}, {"type": "Feature", "geometry": {"type": "Point", "coordinates": [121.047142, 14.610573]}, "properties": {"elevation": 38.0, "slope": 1.02, "aspect": -0.0, "twi": 11.18, "ruggedness": 1.7}}, {"type": "Feature", "geometry": {"type": "Point", "coordinates": [121.047985, 14.610573]}, "properties": {"elevation": 36.0, "slope": 2.39, "aspect": 328.2, "twi": 10.33, "ruggedness": 1.257}}, {"type": "Feature", "geometry": {"type": "Point", "coordinates": [121.048827, 14.610573]}, "properties": {"elevation": 40.0, "slope": 2.52, "aspect": 270.0, "twi": 10.27, "ruggedness": 1.474}}, {"type": "Feature", "geometry": {"type": "Point", "coordinates": [121.04967, 14.610573]}, "properties": {"elevation": 44.0, "slope": 3.3, "aspect": 337.5, "twi": 10.01, "ruggedness": 1.499}}, {"type": "Feature", "geometry": {"type": "Point", "coordinates": [121.050512, 14.610573]}, "properties": {"elevation": 44.0, "slope": 3.11, "aspect": 348.3, "twi": 10.06, "ruggedness": 1.197}}, {"type": "Feature", "geometry": {"type": "Point", "coordinates": [121.051355, 14.610573]}, "properties": {"elevation": 46.0, "slope": 0.0, "aspect": -0.0, "twi": 14.06, "ruggedness": 0.786}}, {"type": "Feature", "geometry": {"type": "Point", "coordinates": [121.052197, 14.610573]}, "properties": {"elevation": 43.0, "slope": 3.59, "aspect": 148.2, "twi": 9.92, "ruggedness": 1.414}}, {"type": "Feature", "geometry": {"type": "Point", "coordinates": [121.053039, 14.610573]}, "properties": {"elevation": 40.0, "slope": 2.52, "aspect": 90.0, "twi": 10.27, "ruggedness": 1.414}}, {"type": "Feature", "geometry": {"type": "Point", "coordinates": [121.053882, 14.610573]}, "properties": {"elevation": 40.0, "slope": 3.75, "aspect": 237.2, "twi": 9.88, "ruggedness": 1.853}}, {"type": "Feature", "geometry": {"type": "Point", "coordinates": [121.054724, 14.610573]}, "properties": {"elevation": 46.0, "slope": 4.38, "aspect": 314.0, "twi": 9.72, "ruggedness": 2.439}}, {"type": "Feature", "geometry": {"type": "Point", "coordinates": [121.055567, 14.610573]}, "properties": {"elevation": 50.0, "slope": 8.09, "aspect": -0.0, "twi": 9.1, "ruggedness": 2.867}}, {"type": "Feature", "geometry": {"type": "Point", "coordinates": [121.056409, 14.610573]}, "properties": {"elevation": 45.0, "slope": 2.13, "aspect": 17.2, "twi": 10.44, "ruggedness": 1.423}}, {"type": "Feature", "geometry": {"type": "Point", "coordinates": [121.057252, 14.610573]}, "properties": {"elevation": 48.0, "slope": 3.11, "aspect": 191.7, "twi": 10.06, "ruggedness": 1.155}}, {"type": "Feature", "geometry": {"type": "Point", "coordinates": [121.058094, 14.610573]}, "properties": {"elevation": 47.0, "slope": 4.11, "aspect": 171.2, "twi": 9.78, "ruggedness": 1.333}}, {"type": "Feature", "geometry": {"type": "Point", "coordinates": [121.058936, 14.610573]}, "properties": {"elevation": 48.0, "slope": 3.31, "aspect": 287.9, "twi": 10.0, "ruggedness": 2.362}}, {"type": "Feature", "geometry": {"type": "Point", "coordinates": [121.059779, 14.610573]}, "properties": {"elevation": 53.0, "slope": 2.15, "aspect": 298.3, "twi": 10.44, "ruggedness": 1.257}}, {"type": "Feature", "geometry": {"type": "Point", "coordinates": [121.0185, 14.611082]}, "properties": {"elevation": 10.0, "slope": 3.3, "aspect": 202.5, "twi": 10.01, "ruggedness": 1.523}}, {"type": "Feature", "geometry": {"type": "Point", "coordinates": [121.019342, 14.611082]}, "properties": {"elevation": 11.0, "slope": 1.62, "aspect": 128.9, "twi": 10.72, "ruggedness": 1.499}}, {"type": "Feature", "geometry": {"type": "Point", "coordinates": [121.020185, 14.611082]}, "properties": {"elevation": 7.0, "slope": 1.02, "aspect": 180.0, "twi": 11.18, "ruggedness": 1.286}}, {"type": "Feature", "geometry": {"type": "Point", "coordinates": [121.021027, 14.611082]}, "properties": {"elevation": 10.0, "slope": 1.02, "aspect": 180.0, "twi": 11.18, "ruggedness": 1.066}}, {"type": "Feature", "geometry": {"type": "Point", "coordinates": [121.02187, 14.611082]}, "properties": {"elevation": 7.0, "slope": 1.26, "aspect": 90.0, "twi": 10.97, "ruggedness": 1.155}}, {"type": "Feature", "geometry": {"type": "Point", "coordinates": [121.022712, 14.611082]}, "properties": {"elevation": 9.0, "slope": 1.89, "aspect": 270.0, "twi": 10.56, "ruggedness": 1.663}}, {"type": "Feature", "geometry": {"type": "Point", "coordinates": [121.023555, 14.611082]}, "properties": {"elevation": 9.0, "slope": 2.39, "aspect": 148.2, "twi": 10.33, "ruggedness": 1.165}}, {"type": "Feature", "geometry": {"type": "Point", "coordinates": [121.024397, 14.611082]}, "properties": {"elevation": 9.0, "slope": 3.96, "aspect": 219.6, "twi": 9.82, "ruggedness": 1.707}}, {"type": "Feature", "geometry": {"type": "Point", "coordinates": [121.025239, 14.611082]}, "properties": {"elevation": 13.0, "slope": 3.3, "aspect": 202.5, "twi": 10.01, "ruggedness": 1.197}}, {"type": "Feature", "geometry": {"type": "Point", "coordinates": [121.026082, 14.611082]}, "properties": {"elevation": 14.0, "slope": 3.05, "aspect": 180.0, "twi": 10.08, "ruggedness": 1.247}}, {"type": "Feature", "geometry": {"type": "Point", "coordinates": [121.026924, 14.611082]}, "properties": {"elevation": 13.0, "slope": 4.11, "aspect": 188.8, "twi": 9.78, "ruggedness": 1.663}}, {"type": "Feature", "geometry": {"type": "Point", "coordinates": [121.027767, 14.611082]}, "properties": {"elevation": 17.0, "slope": 2.03, "aspect": 180.0, "twi": 10.49, "ruggedness": 1.247}}, {"type": "Feature", "geometry": {"type": "Point", "coordinates": [121.028609, 14.611082]}, "properties": {"elevation": 16.0, "slope": 1.62, "aspect": 308.9, "twi": 10.72, "ruggedness": 1.03}}, {"type": "Feature", "geometry": {"type": "Point", "coordinates": [121.029452, 14.611082]}, "properties": {"elevation": 16.0, "slope": 1.62, "aspect": 51.1, "twi": 10.72, "ruggedness": 1.03}}, {"type": "Feature", "geometry": {"type": "Point", "coordinates": [121.030294, 14.611082]}, "properties": {"elevation": 17.0, "slope": 2.03, "aspect": 180.0, "twi": 10.49, "ruggedness": 1.641}}, {"type": "Feature", "geometry": {"type": "Point", "coordinates": [121.031136, 14.611082]}, "properties": {"elevation": 15.0, "slope": 1.02, "aspect": -0.0, "twi": 11.18, "ruggedness": 0.875}}, {"type": "Feature", "geometry": {"type": "Point", "coordinates": [121.031979, 14.611082]}, "properties": {"elevation": 12.0, "slope": 2.52, "aspect": 90.0, "twi": 10.27, "ruggedness": 1.499}}, {"type": "Feature", "geometry": {"type": "Point", "coordinates": [121.032821, 14.611082]}, "properties": {"elevation": 12.0, "slope": 2.78, "aspect": 317.1, "twi": 10.18, "ruggedness": 1.7}}, {"type": "Feature", "geometry": {"type": "Point", "coordinates": [121.033664, 14.611082]}, "properties": {"elevation": 15.0, "slope": 2.39, "aspect": 211.8, "twi": 10.33, "ruggedness": 1.227}}, {"type": "Feature", "geometry": {"type": "Point", "coordinates": [121.034506, 14.611082]}, "properties": {"elevation": 19.0, "slope": 2.52, "aspect": 270.0, "twi": 10.27, "ruggedness": 1.595}}, {"type": "Feature", "geometry": {"type": "Point", "coordinates": [121.035348, 14.611082]}, "properties": {"elevation": 18.0, "slope": 3.24, "aspect": 308.9, "twi": 10.02, "ruggedness": 2.266}}, {"type": "Feature", "geometry": {"type": "Point", "coordinates": [121.036191, 14.611082]}, "properties": {"elevation": 27.0, "slope": 4.41, "aspect": 270.0, "twi": 9.71, "ruggedness": 2.872}}, {"type": "Feature", "geometry": {"type": "Point", "coordinates": [121.037033, 14.611082]}, "properties": {"elevation": 36.0, "slope": 8.09, "aspect": -0.0, "twi": 9.1, "ruggedness": 3.552}}, {"type": "Feature", "geometry": {"type": "Point", "coordinates": [121.037876, 14.611082]}, "properties": {"elevation": 29.0, "slope": 6.58, "aspect": 22.5, "twi": 9.31, "ruggedness": 2.986}}, {"type": "Feature", "geometry": {"type": "Point", "coordinates": [121.038718, 14.611082]}, "properties": {"elevation": 29.0, "slope": 7.33, "aspect": 345.1, "twi": 9.2, "ruggedness": 2.833}}, {"type": "Feature", "geometry": {"type": "Point", "coordinates": [121.039561, 14.611082]}, "properties": {"elevation": 28.0, "slope": 4.48, "aspect": 335.1, "twi": 9.7, "ruggedness": 2.357}}, {"type": "Feature", "geometry": {"type": "Point", "coordinates": [121.040403, 14.611082]}, "properties": {"elevation": 34.0, "slope": 2.15, "aspect": 61.7, "twi": 10.44, "ruggedness": 1.792}}, {"type": "Feature", "geometry": {"type": "Point", "coordinates": [121.041245, 14.611082]}, "properties": {"elevation": 26.0, "slope": 2.15, "aspect": 61.7, "twi": 10.44, "ruggedness": 1.563}}, {"type": "Feature", "geometry": {"type": "Point", "coordinates": [121.042088, 14.611082]}, "properties": {"elevation": 29.0, "slope": 1.62, "aspect": 231.1, "twi": 10.72, "ruggedness": 1.257}}, {"type": "Feature", "geometry": {"type": "Point", "coordinates": [121.04293, 14.611082]}, "properties": {"elevation": 33.0, "slope": 3.15, "aspect": 270.0, "twi": 10.05, "ruggedness": 1.931}}, {"type": "Feature", "geometry": {"type": "Point", "coordinates": [121.043773, 14.611082]}, "properties": {"elevation": 33.0, "slope": 2.39, "aspect": 31.8, "twi": 10.33, "ruggedness": 0.994}}, {"type": "Feature", "geometry": {"type": "Point", "coordinates": [121.044615, 14.611082]}, "properties": {"elevation": 32.0, "slope": 0.0, "aspect": -0.0, "twi": 14.06, "ruggedness": 0.994}}, {"type": "Feature", "geometry": {"type": "Point", "coordinates": [121.045458, 14.611082]}, "properties": {"elevation": 33.0, "slope": 2.52, "aspect": 270.0, "twi": 10.27, "ruggedness": 2.055}}, {"type": "Feature", "geometry": {"type": "Point", "coordinates": [121.0463, 14.611082]}, "properties": {"elevation": 39.0, "slope": 3.15, "aspect": 270.0, "twi": 10.05, "ruggedness": 1.707}}, {"type": "Feature", "geometry": {"type": "Point", "coordinates": [121.047142, 14.611082]}, "properties": {"elevation": 39.0, "slope": 2.15, "aspect": 61.7, "twi": 10.44, "ruggedness": 0.956}}, {"type": "Feature", "geometry": {"type": "Point", "coordinates": [121.047985, 14.611082]}, "properties": {"elevation": 41.0, "slope": 4.78, "aspect": 328.2, "twi": 9.63, "ruggedness": 2.0}}, {"type": "Feature", "geometry": {"type": "Point", "coordinates": [121.048827, 14.611082]}, "properties": {"elevation": 42.0, "slope": 4.48, "aspect": 335.1, "twi": 9.7, "ruggedness": 1.988}}, {"type": "Feature", "geometry": {"type": "Point", "coordinates": [121.04967, 14.611082]}, "properties": {"elevation": 48.0, "slope": 4.48, "aspect": 335.1, "twi": 9.7, "ruggedness": 2.558}}, {"type": "Feature", "geometry": {"type": "Point", "coordinates": [121.050512, 14.611082]}, "properties": {"elevation": 47.0, "slope": 3.11, "aspect": 11.7, "twi": 10.06, "ruggedness": 1.728}}, {"type": "Feature", "geometry": {"type": "Point", "coordinates": [121.051355, 14.611082]}, "properties": {"elevation": 44.0, "slope": 2.72, "aspect": 112.0, "twi": 10.2, "ruggedness": 1.414}}, {"type": "Feature", "geometry": {"type": "Point", "coordinates": [121.052197, 14.611082]}, "properties": {"elevation": 40.0, "slope": 2.15, "aspect": 118.3, "twi": 10.44, "ruggedness": 1.423}}, {"type": "Feature", "geometry": {"type": "Point", "coordinates": [121.053039, 14.611082]}, "properties": {"elevation": 40.0, "slope": 0.0, "aspect": -0.0, "twi": 14.06, "ruggedness": 0.471}}, {"type": "Feature", "geometry": {"type": "Point", "coordinates": [121.053882, 14.611082]}, "properties": {"elevation": 41.0, "slope": 3.24, "aspect": 308.9, "twi": 10.02, "ruggedness": 1.892}}, {"type": "Feature", "geometry": {"type": "Point", "coordinates": [121.054724, 14.611082]}, "properties": {"elevation": 45.0, "slope": 2.78, "aspect": 222.9, "twi": 10.18, "ruggedness": 1.685}}, {"type": "Feature", "geometry": {"type": "Point", "coordinates": [121.055567, 14.611082]}, "properties": {"elevation": 48.0, "slope": 6.08, "aspect": 180.0, "twi": 9.39, "ruggedness": 2.266}}, {"type": "Feature", "geometry": {"type": "Point", "coordinates": [121.056409, 14.611082]}, "properties": {"elevation": 47.0, "slope": 0.63, "aspect": 270.0, "twi": 11.66, "ruggedness": 1.155}}, {"type": "Feature", "geometry": {"type": "Point", "coordinates": [121.057252, 14.611082]}, "properties": {"elevation": 45.0, "slope": 1.89, "aspect": 90.0, "twi": 10.56, "ruggedness": 1.286}}, {"type": "Feature", "geometry": {"type": "Point", "coordinates": [121.058094, 14.611082]}, "properties": {"elevation": 40.0, "slope": 2.13, "aspect": 197.2, "twi": 10.44, "ruggedness": 2.217}}, {"type": "Feature", "geometry": {"type": "Point", "coordinates": [121.058936, 14.611082]}, "properties": {"elevation": 52.0, "slope": 7.8, "aspect": 285.0, "twi": 9.14, "ruggedness": 4.637}}, {"type": "Feature", "geometry": {"type": "Point", "coordinates": [121.059779, 14.611082]}, "properties": {"elevation": 54.0, "slope": 4.29, "aspect": 61.7, "twi": 9.74, "ruggedness": 2.404}}, {"type": "Feature", "geometry": {"type": "Point", "coordinates": [121.0185, 14.611591]}, "properties": {"elevation": 7.0, "slope": 3.24, "aspect": 231.1, "twi": 10.02, "ruggedness": 1.066}}, {"type": "Feature", "geometry": {"type": "Point", "coordinates": [121.019342, 14.611591]}, "properties": {"elevation": 12.0, "slope": 2.03, "aspect": -0.0, "twi": 10.49, "ruggedness": 1.663}}, {"type": "Feature", "geometry": {"type": "Point", "coordinates": [121.020185, 14.611591]}, "properties": {"elevation": 10.0, "slope": 4.38, "aspect": 314.0, "twi": 9.72, "ruggedness": 2.114}}, {"type": "Feature", "geometry": {"type": "Point", "coordinates": [121.021027, 14.611591]}, "properties": {"elevation": 10.0, "slope": 3.15, "aspect": 90.0, "twi": 10.05, "ruggedness": 2.006}}, {"type": "Feature", "geometry": {"type": "Point", "coordinates": [121.02187, 14.611591]}, "properties": {"elevation": 8.0, "slope": 4.11, "aspect": 351.2, "twi": 9.78, "ruggedness": 1.333}}, {"type": "Feature", "geometry": {"type": "Point", "coordinates": [121.022712, 14.611591]}, "properties": {"elevation": 9.0, "slope": 1.2, "aspect": 148.2, "twi": 11.02, "ruggedness": 0.994}}, {"type": "Feature", "geometry": {"type": "Point", "coordinates": [121.023555, 14.611591]}, "properties": {"elevation": 10.0, "slope": 1.62, "aspect": 308.9, "twi": 10.72, "ruggedness": 1.257}}, {"type": "Feature", "geometry": {"type": "Point", "coordinates": [121.024397, 14.611591]}, "properties": {"elevation": 12.0, "slope": 5.41, "aspect": 339.6, "twi": 9.51, "ruggedness": 1.853}}, {"type": "Feature", "geometry": {"type": "Point", "coordinates": [121.025239, 14.611591]}, "properties": {"elevation": 12.0, "slope": 1.62, "aspect": 128.9, "twi": 10.72, "ruggedness": 1.03}}, {"type": "Feature", "geometry": {"type": "Point", "coordinates": [121.026082, 14.611591]}, "properties": {"elevation": 12.0, "slope": 1.26, "aspect": 270.0, "twi": 10.97, "ruggedness": 0.956}}, {"type": "Feature", "geometry": {"type": "Point", "coordinates": [121.026924, 14.611591]}, "properties": {"elevation": 13.0, "slope": 1.02, "aspect": 180.0, "twi": 11.18, "ruggedness": 0.786}}, {"type": "Feature", "geometry": {"type": "Point", "coordinates": [121.027767, 14.611591]}, "properties": {"elevation": 14.0, "slope": 4.11, "aspect": 188.8, "twi": 9.78, "ruggedness": 1.315}}, {"type": "Feature", "geometry": {"type": "Point", "coordinates": [121.028609, 14.611591]}, "properties": {"elevation": 17.0, "slope": 2.15, "aspect": 241.7, "twi": 10.44, "ruggedness": 1.315}}, {"type": "Feature", "geometry": {"type": "Point", "coordinates": [121.029452, 14.611591]}, "properties": {"elevation": 15.0, "slope": 2.03, "aspect": 180.0, "twi": 10.49, "ruggedness": 1.343}}, {"type": "Feature", "geometry": {"type": "Point", "coordinates": [121.030294, 14.611591]}, "properties": {"elevation": 19.0, "slope": 1.02, "aspect": 180.0, "twi": 11.18, "ruggedness": 0.831}}, {"type": "Feature", "geometry": {"type": "Point", "coordinates": [121.031136, 14.611591]}, "properties": {"elevation": 13.0, "slope": 7.13, "aspect": 135.2, "twi": 9.23, "ruggedness": 3.435}}, {"type": "Feature", "geometry": {"type": "Point", "coordinates": [121.031979, 14.611591]}, "properties": {"elevation": 11.0, "slope": 3.92, "aspect": 255.0, "twi": 9.83, "ruggedness": 3.304}}, {"type": "Feature", "geometry": {"type": "Point", "coordinates": [121.032821, 14.611591]}, "properties": {"elevation": 16.0, "slope": 5.08, "aspect": -0.0, "twi": 9.57, "ruggedness": 1.95}}, {"type": "Feature", "geometry": {"type": "Point", "coordinates": [121.033664, 14.611591]}, "properties": {"elevation": 18.0, "slope": 6.37, "aspect": 342.8, "twi": 9.35, "ruggedness": 2.183}}, {"type": "Feature", "geometry": {"type": "Point", "coordinates": [121.034506, 14.611591]}, "properties": {"elevation": 20.0, "slope": 3.59, "aspect": 328.2, "twi": 9.92, "ruggedness": 1.95}}, {"type": "Feature", "geometry": {"type": "Point", "coordinates": [121.035348, 14.611591]}, "properties": {"elevation": 24.0, "slope": 4.25, "aspect": 342.8, "twi": 9.75, "ruggedness": 1.397}}, {"type": "Feature", "geometry": {"type": "Point", "coordinates": [121.036191, 14.611591]}, "properties": {"elevation": 28.0, "slope": 6.37, "aspect": 260.8, "twi": 9.35, "ruggedness": 3.735}}, {"type": "Feature", "geometry": {"type": "Point", "coordinates": [121.037033, 14.611591]}, "properties": {"elevation": 40.0, "slope": 5.23, "aspect": 193.9, "twi": 9.54, "ruggedness": 2.625}}, {"type": "Feature", "geometry": {"type": "Point", "coordinates": [121.037876, 14.611591]}, "properties": {"elevation": 31.0, "slope": 3.75, "aspect": 122.8, "twi": 9.88, "ruggedness": 2.16}}, {"type": "Feature", "geometry": {"type": "Point", "coordinates": [121.038718, 14.611591]}, "properties": {"elevation": 33.0, "slope": 3.78, "aspect": 270.0, "twi": 9.87, "ruggedness": 2.357}}, {"type": "Feature", "geometry": {"type": "Point", "coordinates": [121.039561, 14.611591]}, "properties": {"elevation": 32.0, "slope": 2.78, "aspect": 42.9, "twi": 10.18, "ruggedness": 1.771}}, {"type": "Feature", "geometry": {"type": "Point", "coordinates": [121.040403, 14.611591]}, "properties": {"elevation": 33.0, "slope": 2.78, "aspect": 137.1, "twi": 10.18, "ruggedness": 1.257}}, {"type": "Feature", "geometry": {"type": "Point", "coordinates": [121.041245, 14.611591]}, "properties": {"elevation": 28.0, "slope": 4.48, "aspect": 24.9, "twi": 9.7, "ruggedness": 1.707}}, {"type": "Feature", "geometry": {"type": "Point", "coordinates": [121.042088, 14.611591]}, "properties": {"elevation": 28.0, "slope": 2.15, "aspect": 298.3, "twi": 10.44, "ruggedness": 1.499}}, {"type": "Feature", "geometry": {"type": "Point", "coordinates": [121.04293, 14.611591]}, "properties": {"elevation": 33.0, "slope": 2.15, "aspect": 241.7, "twi": 10.44, "ruggedness": 1.491}}, {"type": "Feature", "geometry": {"type": "Point", "coordinates": [121.043773, 14.611591]}, "properties": {"elevation": 34.0, "slope": 2.13, "aspect": 162.8, "twi": 10.44, "ruggedness": 1.333}}, {"type": "Feature", "geometry": {"type": "Point", "coordinates": [121.044615, 14.611591]}, "properties": {"elevation": 31.0, "slope": 4.06, "aspect": 180.0, "twi": 9.8, "ruggedness": 1.663}}, {"type": "Feature", "geometry": {"type": "Point", "coordinates": [121.045458, 14.611591]}, "properties": {"elevation": 35.0, "slope": 3.59, "aspect": 328.2, "twi": 9.92, "ruggedness": 1.826}}, {"type": "Feature", "geometry": {"type": "Point", "coordinates": [121.0463, 14.611591]}, "properties": {"elevation": 37.0, "slope": 3.96, "aspect": 219.6, "twi": 9.82, "ruggedness": 1.7}}, {"type": "Feature", "geometry": {"type": "Point", "coordinates": [121.047142, 14.611591]}, "properties": {"elevation": 41.0, "slope": 1.02, "aspect": -0.0, "twi": 11.18, "ruggedness": 0.416}}, {"type": "Feature", "geometry": {"type": "Point", "coordinates": [121.047985, 14.611591]}, "properties": {"elevation": 42.0, "slope": 2.72, "aspect": 248.0, "twi": 10.2, "ruggedness": 1.826}}, {"type": "Feature", "geometry": {"type": "Point", "coordinates": [121.048827, 14.611591]}, "properties": {"elevation": 46.0, "slope": 3.3, "aspect": 337.5, "twi": 10.01, "ruggedness": 1.165}}, {"type": "Feature", "geometry": {"type": "Point", "coordinates": [121.04967, 14.611591]}, "properties": {"elevation": 51.0, "slope": 4.53, "aspect": 257.0, "twi": 9.69, "ruggedness": 2.357}}, {"type": "Feature", "geometry": {"type": "Point", "coordinates": [121.050512, 14.611591]}, "properties": {"elevation": 48.0, "slope": 5.14, "aspect": 101.4, "twi": 9.56, "ruggedness": 2.961}}, {"type": "Feature", "geometry": {"type": "Point", "coordinates": [121.051355, 14.611591]}, "properties": {"elevation": 43.0, "slope": 3.3, "aspect": 157.5, "twi": 10.01, "ruggedness": 1.764}}, {"type": "Feature", "geometry": {"type": "Point", "coordinates": [121.052197, 14.611591]}, "properties": {"elevation": 42.0, "slope": 1.26, "aspect": 90.0, "twi": 10.97, "ruggedness": 0.956}}, {"type": "Feature", "geometry": {"type": "Point", "coordinates": [121.053039, 14.611591]}, "properties": {"elevation": 40.0, "slope": 0.63, "aspect": 90.0, "twi": 11.66, "ruggedness": 0.416}}, {"type": "Feature", "geometry": {"type": "Point", "coordinates": [121.053882, 14.611591]}, "properties": {"elevation": 42.0, "slope": 2.52, "aspect": 270.0, "twi": 10.27, "ruggedness": 1.633}}, {"type": "Feature", "geometry": {"type": "Point", "coordinates": [121.054724, 14.611591]}, "properties": {"elevation": 44.0, "slope": 1.26, "aspect": 90.0, "twi": 10.97, "ruggedness": 0.831}}, {"type": "Feature", "geometry": {"type": "Point", "coordinates": [121.055567, 14.611591]}, "properties": {"elevation": 45.0, "slope": 2.78, "aspect": 222.9, "twi": 10.18, "ruggedness": 1.286}}, {"type": "Feature", "geometry": {"type": "Point", "coordinates": [121.056409, 14.611591]}, "properties": {"elevation": 44.0, "slope": 3.3, "aspect": 202.5, "twi": 10.01, "ruggedness": 1.491}}, {"type": "Feature", "geometry": {"type": "Point", "coordinates": [121.057252, 14.611591]}, "properties": {"elevation": 46.0, "slope": 1.26, "aspect": 90.0, "twi": 10.97, "ruggedness": 1.1}}, {"type": "Feature", "geometry": {"type": "Point", "coordinates": [121.058094, 14.611591]}, "properties": {"elevation": 46.0, "slope": 5.66, "aspect": 333.6, "twi": 9.46, "ruggedness": 2.025}}, {"type": "Feature", "geometry": {"type": "Point", "coordinates": [121.058936, 14.611591]}, "properties": {"elevation": 50.0, "slope": 5.88, "aspect": 238.8, "twi": 9.43, "ruggedness": 4.11}}, {"type": "Feature", "geometry": {"type": "Point", "coordinates": [121.059779, 14.611591]}, "properties": {"elevation": 57.0, "slope": 1.62, "aspect": 128.9, "twi": 10.72, "ruggedness": 2.043}}, {"type": "Feature", "geometry": {"type": "Point", "coordinates": [121.0185, 14.6121]}, "properties": {"elevation": 7.0, "slope": 2.39, "aspect": 328.2, "twi": 10.33, "ruggedness": 0.786}}, {"type": "Feature", "geometry": {"type": "Point", "coordinates": [121.019342, 14.6121]}, "properties": {"elevation": 12.0, "slope": 5.11, "aspect": 187.1, "twi": 9.57, "ruggedness": 2.16}}, {"type": "Feature", "geometry": {"type": "Point", "coordinates": [121.020185, 14.6121]}, "properties": {"elevation": 10.0, "slope": 4.78, "aspect": 211.8, "twi": 9.63, "ruggedness": 2.424}}, {"type": "Feature", "geometry": {"type": "Point", "coordinates": [121.021027, 14.6121]}, "properties": {"elevation": 9.0, "slope": 3.75, "aspect": 122.8, "twi": 9.88, "ruggedness": 2.233}}, {"type": "Feature", "geometry": {"type": "Point", "coordinates": [121.02187, 14.6121]}, "properties": {"elevation": 11.0, "slope": 2.15, "aspect": 241.7, "twi": 10.44, "ruggedness": 1.397}}, {"type": "Feature", "geometry": {"type": "Point", "coordinates": [121.022712, 14.6121]}, "properties": {"elevation": 8.0, "slope": 1.89, "aspect": 90.0, "twi": 10.56, "ruggedness": 1.286}}, {"type": "Feature", "geometry": {"type": "Point", "coordinates": [121.023555, 14.6121]}, "properties": {"elevation": 8.0, "slope": 3.24, "aspect": 231.1, "twi": 10.02, "ruggedness": 1.812}}, {"type": "Feature", "geometry": {"type": "Point", "coordinates": [121.024397, 14.6121]}, "properties": {"elevation": 14.0, "slope": 1.26, "aspect": 270.0, "twi": 10.97, "ruggedness": 1.133}}, {"type": "Feature", "geometry": {"type": "Point", "coordinates": [121.025239, 14.6121]}, "properties": {"elevation": 12.0, "slope": 2.78, "aspect": 42.9, "twi": 10.18, "ruggedness": 1.333}}, {"type": "Feature", "geometry": {"type": "Point", "coordinates": [121.026082, 14.6121]}, "properties": {"elevation": 11.0, "slope": 2.13, "aspect": 197.2, "twi": 10.44, "ruggedness": 0.831}}, {"type": "Feature", "geometry": {"type": "Point", "coordinates": [121.026924, 14.6121]}, "properties": {"elevation": 11.0, "slope": 2.39, "aspect": 148.2, "twi": 10.33, "ruggedness": 1.227}}, {"type": "Feature", "geometry": {"type": "Point", "coordinates": [121.027767, 14.6121]}, "properties": {"elevation": 9.0, "slope": 2.15, "aspect": 241.7, "twi": 10.44, "ruggedness": 1.663}}, {"type": "Feature", "geometry": {"type": "Point", "coordinates": [121.028609, 14.6121]}, "properties": {"elevation": 14.0, "slope": 4.11, "aspect": 188.8, "twi": 9.78, "ruggedness": 1.641}}, {"type": "Feature", "geometry": {"type": "Point", "coordinates": [121.029452, 14.6121]}, "properties": {"elevation": 13.0, "slope": 2.13, "aspect": 197.2, "twi": 10.44, "ruggedness": 1.764}}, {"type": "Feature", "geometry": {"type": "Point", "coordinates": [121.030294, 14.6121]}, "properties": {"elevation": 14.0, "slope": 5.08, "aspect": 180.0, "twi": 9.57, "ruggedness": 1.872}}, {"type": "Feature", "geometry": {"type": "Point", "coordinates": [121.031136, 14.6121]}, "properties": {"elevation": 12.0, "slope": 4.53, "aspect": 77.0, "twi": 9.69, "ruggedness": 2.906}}, {"type": "Feature", "geometry": {"type": "Point", "coordinates": [121.031979, 14.6121]}, "properties": {"elevation": 13.0, "slope": 6.6, "aspect": 287.9, "twi": 9.31, "ruggedness": 3.852}}, {"type": "Feature", "geometry": {"type": "Point", "coordinates": [121.032821, 14.6121]}, "properties": {"elevation": 20.0, "slope": 2.72, "aspect": 248.0, "twi": 10.2, "ruggedness": 2.2}}, {"type": "Feature", "geometry": {"type": "Point", "coordinates": [121.033664, 14.6121]}, "properties": {"elevation": 23.0, "slope": 4.11, "aspect": 351.2, "twi": 9.78, "ruggedness": 1.832}}, {"type": "Feature", "geometry": {"type": "Point", "coordinates": [121.034506, 14.6121]}, "properties": {"elevation": 22.0, "slope": 0.63, "aspect": 270.0, "twi": 11.66, "ruggedness": 1.197}}, {"type": "Feature", "geometry": {"type": "Point", "coordinates": [121.035348, 14.6121]}, "properties": {"elevation": 25.0, "slope": 1.2, "aspect": 211.8, "twi": 11.02, "ruggedness": 0.667}}, {"type": "Feature", "geometry": {"type": "Point", "coordinates": [121.036191, 14.6121]}, "properties": {"elevation": 27.0, "slope": 1.89, "aspect": 270.0, "twi": 10.56, "ruggedness": 2.2}}, {"type": "Feature", "geometry": {"type": "Point", "coordinates": [121.037033, 14.6121]}, "properties": {"elevation": 28.0, "slope": 7.2, "aspect": 190.1, "twi": 9.22, "ruggedness": 2.615}}, {"type": "Feature", "geometry": {"type": "Point", "coordinates": [121.037876, 14.6121]}, "properties": {"elevation": 28.0, "slope": 1.2, "aspect": 328.2, "twi": 11.02, "ruggedness": 1.423}}, {"type": "Feature", "geometry": {"type": "Point", "coordinates": [121.038718, 14.6121]}, "properties": {"elevation": 32.0, "slope": 2.78, "aspect": 317.1, "twi": 10.18, "ruggedness": 2.043}}, {"type": "Feature", "geometry": {"type": "Point", "coordinates": [121.039561, 14.6121]}, "properties": {"elevation": 34.0, "slope": 4.06, "aspect": -0.0, "twi": 9.8, "ruggedness": 1.523}}, {"type": "Feature", "geometry": {"type": "Point", "coordinates": [121.040403, 14.6121]}, "properties": {"elevation": 33.0, "slope": 4.25, "aspect": 342.8, "twi": 9.75, "ruggedness": 2.006}}, {"type": "Feature", "geometry": {"type": "Point", "coordinates": [121.041245, 14.6121]}, "properties": {"elevation": 37.0, "slope": 9.1, "aspect": 3.9, "twi": 8.98, "ruggedness": 3.047}}, {"type": "Feature", "geometry": {"type": "Point", "coordinates": [121.042088, 14.6121]}, "properties": {"elevation": 31.0, "slope": 5.66, "aspect": 26.4, "twi": 9.46, "ruggedness": 2.357}}, {"type": "Feature", "geometry": {"type": "Point", "coordinates": [121.04293, 14.6121]}, "properties": {"elevation": 31.0, "slope": 1.2, "aspect": 148.2, "twi": 11.02, "ruggedness": 0.567}}, {"type": "Feature", "geometry": {"type": "Point", "coordinates": [121.043773, 14.6121]}, "properties": {"elevation": 31.0, "slope": 1.2, "aspect": 148.2, "twi": 11.02, "ruggedness": 0.816}}, {"type": "Feature", "geometry": {"type": "Point", "coordinates": [121.044615, 14.6121]}, "properties": {"elevation": 26.0, "slope": 1.62, "aspect": 231.1, "twi": 10.72, "ruggedness": 1.886}}, {"type": "Feature", "geometry": {"type": "Point", "coordinates": [121.045458, 14.6121]}, "properties": {"elevation": 38.0, "slope": 5.14, "aspect": 281.4, "twi": 9.56, "ruggedness": 3.457}}, {"type": "Feature", "geometry": {"type": "Point", "coordinates": [121.0463, 14.6121]}, "properties": {"elevation": 37.0, "slope": 1.02, "aspect": -0.0, "twi": 11.18, "ruggedness": 1.197}}, {"type": "Feature", "geometry": {"type": "Point", "coordinates": [121.047142, 14.6121]}, "properties": {"elevation": 41.0, "slope": 1.2, "aspect": 211.8, "twi": 11.02, "ruggedness": 0.875}}, {"type": "Feature", "geometry": {"type": "Point", "coordinates": [121.047985, 14.6121]}, "properties": {"elevation": 41.0, "slope": 3.15, "aspect": 270.0, "twi": 10.05, "ruggedness": 2.025}}, {"type": "Feature", "geometry": {"type": "Point", "coordinates": [121.048827, 14.6121]}, "properties": {"elevation": 47.0, "slope": 1.2, "aspect": 211.8, "twi": 11.02, "ruggedness": 1.03}}, {"type": "Feature", "geometry": {"type": "Point", "coordinates": [121.04967, 14.6121]}, "properties": {"elevation": 48.0, "slope": 4.48, "aspect": 204.9, "twi": 9.7, "ruggedness": 1.892}}, {"type": "Feature", "geometry": {"type": "Point", "coordinates": [121.050512, 14.6121]}, "properties": {"elevation": 46.0, "slope": 4.53, "aspect": 103.0, "twi": 9.69, "ruggedness": 2.923}}, {"type": "Feature", "geometry": {"type": "Point", "coordinates": [121.051355, 14.6121]}, "properties": {"elevation": 40.0, "slope": 2.15, "aspect": 118.3, "twi": 10.44, "ruggedness": 1.707}}, {"type": "Feature", "geometry": {"type": "Point", "coordinates": [121.052197, 14.6121]}, "properties": {"elevation": 40.0, "slope": 3.11, "aspect": 191.7, "twi": 10.06, "ruggedness": 1.333}}, {"type": "Feature", "geometry": {"type": "Point", "coordinates": [121.053039, 14.6121]}, "properties": {"elevation": 40.0, "slope": 0.0, "aspect": -0.0, "twi": 14.06, "ruggedness": 0.314}}, {"type": "Feature", "geometry": {"type": "Point", "coordinates": [121.053882, 14.6121]}, "properties": {"elevation": 42.0, "slope": 2.72, "aspect": 248.0, "twi": 10.2, "ruggedness": 1.548}}, {"type": "Feature", "geometry": {"type": "Point", "coordinates": [121.054724, 14.6121]}, "properties": {"elevation": 44.0, "slope": 0.63, "aspect": 90.0, "twi": 11.66, "ruggedness": 0.685}}, {"type": "Feature", "geometry": {"type": "Point", "coordinates": [121.055567, 14.6121]}, "properties": {"elevation": 43.0, "slope": 0.0, "aspect": -0.0, "twi": 14.06, "ruggedness": 0.685}}, {"type": "Feature", "geometry": {"type": "Point", "coordinates": [121.056409, 14.6121]}, "properties": {"elevation": 44.0, "slope": 1.62, "aspect": 308.9, "twi": 10.72, "ruggedness": 0.875}}, {"type": "Feature", "geometry": {"type": "Point", "coordinates": [121.057252, 14.6121]}, "properties": {"elevation": 47.0, "slope": 1.62, "aspect": 308.9, "twi": 10.72, "ruggedness": 1.054}}, {"type": "Feature", "geometry": {"type": "Point", "coordinates": [121.058094, 14.6121]}, "properties": {"elevation": 47.0, "slope": 1.02, "aspect": -0.0, "twi": 11.18, "ruggedness": 0.816}}, {"type": "Feature", "geometry": {"type": "Point", "coordinates": [121.058936, 14.6121]}, "properties": {"elevation": 48.0, "slope": 2.78, "aspect": 222.9, "twi": 10.18, "ruggedness": 1.872}}, {"type": "Feature", "geometry": {"type": "Point", "coordinates": [121.059779, 14.6121]}, "properties": {"elevation": 53.0, "slope": 4.85, "aspect": 231.1, "twi": 9.62, "ruggedness": 2.211}}, {"type": "Feature", "geometry": {"type": "Point", "coordinates": [121.0185, 14.612609]}, "properties": {"elevation": 9.0, "slope": 3.96, "aspect": 39.6, "twi": 9.82, "ruggedness": 1.414}}, {"type": "Feature", "geometry": {"type": "Point", "coordinates": [121.019342, 14.612609]}, "properties": {"elevation": 6.0, "slope": 2.78, "aspect": 137.1, "twi": 10.18, "ruggedness": 1.397}}, {"type": "Feature", "geometry": {"type": "Point", "coordinates": [121.020185, 14.612609]}, "properties": {"elevation": 5.0, "slope": 3.92, "aspect": 255.0, "twi": 9.83, "ruggedness": 2.539}}, {"type": "Feature", "geometry": {"type": "Point", "coordinates": [121.021027, 14.612609]}, "properties": {"elevation": 8.0, "slope": 1.89, "aspect": 90.0, "twi": 10.56, "ruggedness": 1.423}}, {"type": "Feature", "geometry": {"type": "Point", "coordinates": [121.02187, 14.612609]}, "properties": {"elevation": 9.0, "slope": 2.15, "aspect": 241.7, "twi": 10.44, "ruggedness": 1.633}}, {"type": "Feature", "geometry": {"type": "Point", "coordinates": [121.022712, 14.612609]}, "properties": {"elevation": 9.0, "slope": 1.2, "aspect": 31.8, "twi": 11.02, "ruggedness": 1.155}}, {"type": "Feature", "geometry": {"type": "Point", "coordinates": [121.023555, 14.612609]}, "properties": {"elevation": 7.0, "slope": 1.62, "aspect": 308.9, "twi": 10.72, "ruggedness": 1.397}}, {"type": "Feature", "geometry": {"type": "Point", "coordinates": [121.024397, 14.612609]}, "properties": {"elevation": 15.0, "slope": 1.26, "aspect": 270.0, "twi": 10.97, "ruggedness": 1.892}}, {"type": "Feature", "geometry": {"type": "Point", "coordinates": [121.025239, 14.612609]}, "properties": {"elevation": 12.0, "slope": 4.25, "aspect": 162.8, "twi": 9.75, "ruggedness": 1.499}}, {"type": "Feature", "geometry": {"type": "Point", "coordinates": [121.026082, 14.612609]}, "properties": {"elevation": 10.0, "slope": 1.2, "aspect": 211.8, "twi": 11.02, "ruggedness": 1.03}}, {"type": "Feature", "geometry": {"type": "Point", "coordinates": [121.026924, 14.612609]}, "properties": {"elevation": 10.0, "slope": 2.52, "aspect": 90.0, "twi": 10.27, "ruggedness": 1.523}}, {"type": "Feature", "geometry": {"type": "Point", "coordinates": [121.027767, 14.612609]}, "properties": {"elevation": 11.0, "slope": 2.15, "aspect": 241.7, "twi": 10.44, "ruggedness": 1.333}}, {"type": "Feature", "geometry": {"type": "Point", "coordinates": [121.028609, 14.612609]}, "properties": {"elevation": 10.0, "slope": 2.13, "aspect": 162.8, "twi": 10.44, "ruggedness": 0.956}}, {"type": "Feature", "geometry": {"type": "Point", "coordinates": [121.029452, 14.612609]}, "properties": {"elevation": 11.0, "slope": 2.39, "aspect": 211.8, "twi": 10.33, "ruggedness": 1.227}}, {"type": "Feature", "geometry": {"type": "Point", "coordinates": [121.030294, 14.612609]}, "properties": {"elevation": 11.0, "slope": 3.3, "aspect": 157.5, "twi": 10.01, "ruggedness": 1.397}}, {"type": "Feature", "geometry": {"type": "Point", "coordinates": [121.031136, 14.612609]}, "properties": {"elevation": 10.0, "slope": 2.78, "aspect": 222.9, "twi": 10.18, "ruggedness": 1.227}}, {"type": "Feature", "geometry": {"type": "Point", "coordinates": [121.031979, 14.612609]}, "properties": {"elevation": 13.0, "slope": 1.2, "aspect": 328.2, "twi": 11.02, "ruggedness": 1.165}}, {"type": "Feature", "geometry": {"type": "Point", "coordinates": [121.032821, 14.612609]}, "properties": {"elevation": 17.0, "slope": 5.66, "aspect": 270.0, "twi": 9.46, "ruggedness": 3.468}}, {"type": "Feature", "geometry": {"type": "Point", "coordinates": [121.033664, 14.612609]}, "properties": {"elevation": 26.0, "slope": 2.15, "aspect": 298.3, "twi": 10.44, "ruggedness": 1.315}}, {"type": "Feature", "geometry": {"type": "Point", "coordinates": [121.034506, 14.612609]}, "properties": {"elevation": 23.0, "slope": 3.24, "aspect": 51.1, "twi": 10.02, "ruggedness": 1.563}}, {"type": "Feature", "geometry": {"type": "Point", "coordinates": [121.035348, 14.612609]}, "properties": {"elevation": 22.0, "slope": 2.15, "aspect": 241.7, "twi": 10.44, "ruggedness": 1.423}}, {"type": "Feature", "geometry": {"type": "Point", "coordinates": [121.036191, 14.612609]}, "properties": {"elevation": 28.0, "slope": 2.13, "aspect": 342.8, "twi": 10.44, "ruggedness": 1.333}}, {"type": "Feature", "geometry": {"type": "Point", "coordinates": [121.037033, 14.612609]}, "properties": {"elevation": 28.0, "slope": 4.29, "aspect": 298.3, "twi": 9.74, "ruggedness": 2.16}}, {"type": "Feature", "geometry": {"type": "Point", "coordinates": [121.037876, 14.612609]}, "properties": {"elevation": 31.0, "slope": 1.2, "aspect": 328.2, "twi": 11.02, "ruggedness": 0.956}}, {"type": "Feature", "geometry": {"type": "Point", "coordinates": [121.038718, 14.612609]}, "properties": {"elevation": 36.0, "slope": 4.85, "aspect": 294.7, "twi": 9.62, "ruggedness": 2.91}}, {"type": "Feature", "geometry": {"type": "Point", "coordinates": [121.039561, 14.612609]}, "properties": {"elevation": 40.0, "slope": 4.06, "aspect": -0.0, "twi": 9.8, "ruggedness": 1.792}}, {"type": "Feature", "geometry": {"type": "Point", "coordinates": [121.040403, 14.612609]}, "properties": {"elevation": 39.0, "slope": 4.48, "aspect": 24.9, "twi": 9.7, "ruggedness": 2.0}}, {"type": "Feature", "geometry": {"type": "Point", "coordinates": [121.041245, 14.612609]}, "properties": {"elevation": 37.0, "slope": 8.11, "aspect": 184.4, "twi": 9.1, "ruggedness": 2.131}}, {"type": "Feature", "geometry": {"type": "Point", "coordinates": [121.042088, 14.612609]}, "properties": {"elevation": 37.0, "slope": 6.58, "aspect": 22.5, "twi": 9.31, "ruggedness": 2.625}}, {"type": "Feature", "geometry": {"type": "Point", "coordinates": [121.04293, 14.612609]}, "properties": {"elevation": 33.0, "slope": 5.11, "aspect": 7.1, "twi": 9.57, "ruggedness": 2.404}}, {"type": "Feature", "geometry": {"type": "Point", "coordinates": [121.043773, 14.612609]}, "properties": {"elevation": 33.0, "slope": 3.11, "aspect": 11.7, "twi": 10.06, "ruggedness": 1.764}}, {"type": "Feature", "geometry": {"type": "Point", "coordinates": [121.044615, 14.612609]}, "properties": {"elevation": 29.0, "slope": 5.11, "aspect": 7.1, "twi": 9.57, "ruggedness": 1.886}}, {"type": "Feature", "geometry": {"type": "Point", "coordinates": [121.045458, 14.612609]}, "properties": {"elevation": 37.0, "slope": 5.99, "aspect": 227.3, "twi": 9.41, "ruggedness": 3.333}}, {"type": "Feature", "geometry": {"type": "Point", "coordinates": [121.0463, 14.612609]}, "properties": {"elevation": 37.0, "slope": 0.0, "aspect": -0.0, "twi": 14.06, "ruggedness": 0.667}}, {"type": "Feature", "geometry": {"type": "Point", "coordinates": [121.047142, 14.612609]}, "properties": {"elevation": 39.0, "slope": 1.2, "aspect": 211.8, "twi": 11.02, "ruggedness": 0.786}}, {"type": "Feature", "geometry": {"type": "Point", "coordinates": [121.047985, 14.612609]}, "properties": {"elevation": 40.0, "slope": 2.72, "aspect": 248.0, "twi": 10.2, "ruggedness": 1.764}}, {"type": "Feature", "geometry": {"type": "Point", "coordinates": [121.048827, 14.612609]}, "properties": {"elevation": 44.0, "slope": 3.11, "aspect": 191.7, "twi": 10.06, "ruggedness": 1.333}}, {"type": "Feature", "geometry": {"type": "Point", "coordinates": [121.04967, 14.612609]}, "properties": {"elevation": 43.0, "slope": 3.11, "aspect": 191.7, "twi": 10.06, "ruggedness": 1.728}}, {"type": "Feature", "geometry": {"type": "Point", "coordinates": [121.050512, 14.612609]}, "properties": {"elevation": 45.0, "slope": 3.96, "aspect": 140.4, "twi": 9.82, "ruggedness": 2.529}}, {"type": "Feature", "geometry": {"type": "Point", "coordinates": [121.051355, 14.612609]}, "properties": {"elevation": 39.0, "slope": 4.29, "aspect": 118.3, "twi": 9.74, "ruggedness": 2.494}}, {"type": "Feature", "geometry": {"type": "Point", "coordinates": [121.052197, 14.612609]}, "properties": {"elevation": 37.0, "slope": 3.31, "aspect": 252.1, "twi": 10.0, "ruggedness": 1.95}}, {"type": "Feature", "geometry": {"type": "Point", "coordinates": [121.053039, 14.612609]}, "properties": {"elevation": 39.0, "slope": 2.03, "aspect": 180.0, "twi": 10.49, "ruggedness": 0.685}}, {"type": "Feature", "geometry": {"type": "Point", "coordinates": [121.053882, 14.612609]}, "properties": {"elevation": 41.0, "slope": 1.26, "aspect": 270.0, "twi": 10.97, "ruggedness": 1.286}}, {"type": "Feature", "geometry": {"type": "Point", "coordinates": [121.054724, 14.612609]}, "properties": {"elevation": 43.0, "slope": 1.26, "aspect": 270.0, "twi": 10.97, "ruggedness": 0.831}}, {"type": "Feature", "geometry": {"type": "Point", "coordinates": [121.055567, 14.612609]}, "properties": {"elevation": 46.0, "slope": 5.23, "aspect": 346.1, "twi": 9.54, "ruggedness": 1.771}}, {"type": "Feature", "geometry": {"type": "Point", "coordinates": [121.056409, 14.612609]}, "properties": {"elevation": 45.0, "slope": 2.39, "aspect": 31.8, "twi": 10.33, "ruggedness": 1.286}}, {"type": "Feature", "geometry": {"type": "Point", "coordinates": [121.057252, 14.612609]}, "properties": {"elevation": 46.0, "slope": 3.24, "aspect": 231.1, "twi": 10.02, "ruggedness": 1.491}}, {"type": "Feature", "geometry": {"type": "Point", "coordinates": [121.058094, 14.612609]}, "properties": {"elevation": 50.0, "slope": 4.25, "aspect": 342.8, "twi": 9.75, "ruggedness": 2.043}}, {"type": "Feature", "geometry": {"type": "Point", "coordinates": [121.058936, 14.612609]}, "properties": {"elevation": 48.0, "slope": 4.06, "aspect": -0.0, "twi": 9.8, "ruggedness": 1.886}}, {"type": "Feature", "geometry": {"type": "Point", "coordinates": [121.059779, 14.612609]}, "properties": {"elevation": 52.0, "slope": 3.31, "aspect": 287.9, "twi": 10.0, "ruggedness": 1.832}}, {"type": "Feature", "geometry": {"type": "Point", "coordinates": [121.0185, 14.613118]}, "properties": {"elevation": 12.0, "slope": 2.52, "aspect": 90.0, "twi": 10.27, "ruggedness": 1.133}}, {"type": "Feature", "geometry": {"type": "Point", "coordinates": [121.019342, 14.613118]}, "properties": {"elevation": 7.0, "slope": 5.54, "aspect": 42.9, "twi": 9.48, "ruggedness": 2.789}}, {"type": "Feature", "geometry": {"type": "Point", "coordinates": [121.020185, 14.613118]}, "properties": {"elevation": 5.0, "slope": 4.29, "aspect": 241.7, "twi": 9.74, "ruggedness": 2.78}}, {"type": "Feature", "geometry": {"type": "Point", "coordinates": [121.021027, 14.613118]}, "properties": {"elevation": 8.0, "slope": 2.39, "aspect": 31.8, "twi": 10.33, "ruggedness": 1.1}}, {"type": "Feature", "geometry": {"type": "Point", "coordinates": [121.02187, 14.613118]}, "properties": {"elevation": 9.0, "slope": 3.15, "aspect": 270.0, "twi": 10.05, "ruggedness": 1.931}}, {"type": "Feature", "geometry": {"type": "Point", "coordinates": [121.022712, 14.613118]}, "properties": {"elevation": 10.0, "slope": 3.31, "aspect": 72.1, "twi": 10.0, "ruggedness": 1.728}}, {"type": "Feature", "geometry": {"type": "Point", "coordinates": [121.023555, 14.613118]}, "properties": {"elevation": 7.0, "slope": 0.63, "aspect": 90.0, "twi": 11.66, "ruggedness": 0.667}}, {"type": "Feature", "geometry": {"type": "Point", "coordinates": [121.024397, 14.613118]}, "properties": {"elevation": 13.0, "slope": 2.78, "aspect": 222.9, "twi": 10.18, "ruggedness": 2.166}}, {"type": "Feature", "geometry": {"type": "Point", "coordinates": [121.025239, 14.613118]}, "properties": {"elevation": 6.0, "slope": 2.39, "aspect": 148.2, "twi": 10.33, "ruggedness": 1.633}}, {"type": "Feature", "geometry": {"type": "Point", "coordinates": [121.026082, 14.613118]}, "properties": {"elevation": 10.0, "slope": 2.52, "aspect": 270.0, "twi": 10.27, "ruggedness": 1.728}}, {"type": "Feature", "geometry": {"type": "Point", "coordinates": [121.026924, 14.613118]}, "properties": {"elevation": 12.0, "slope": 2.39, "aspect": 31.8, "twi": 10.33, "ruggedness": 1.333}}, {"type": "Feature", "geometry": {"type": "Point", "coordinates": [121.027767, 14.613118]}, "properties": {"elevation": 8.0, "slope": 1.62, "aspect": 128.9, "twi": 10.72, "ruggedness": 1.054}}, {"type": "Feature", "geometry": {"type": "Point", "coordinates": [121.028609, 14.613118]}, "properties": {"elevation": 13.0, "slope": 5.97, "aspect": 328.2, "twi": 9.41, "ruggedness": 2.455}}, {"type": "Feature", "geometry": {"type": "Point", "coordinates": [121.029452, 14.613118]}, "properties": {"elevation": 12.0, "slope": 5.41, "aspect": 20.4, "twi": 9.51, "ruggedness": 1.886}}, {"type": "Feature", "geometry": {"type": "Point", "coordinates": [121.030294, 14.613118]}, "properties": {"elevation": 9.0, "slope": 3.11, "aspect": 348.3, "twi": 10.06, "ruggedness": 1.315}}, {"type": "Feature", "geometry": {"type": "Point", "coordinates": [121.031136, 14.613118]}, "properties": {"elevation": 11.0, "slope": 2.39, "aspect": 328.2, "twi": 10.33, "ruggedness": 1.37}}, {"type": "Feature", "geometry": {"type": "Point", "coordinates": [121.031979, 14.613118]}, "properties": {"elevation": 14.0, "slope": 2.72, "aspect": 292.0, "twi": 10.2, "ruggedness": 1.618}}, {"type": "Feature", "geometry": {"type": "Point", "coordinates": [121.032821, 14.613118]}, "properties": {"elevation": 19.0, "slope": 4.38, "aspect": 314.0, "twi": 9.72, "ruggedness": 2.543}}, {"type": "Feature", "geometry": {"type": "Point", "coordinates": [121.033664, 14.613118]}, "properties": {"elevation": 24.0, "slope": 3.59, "aspect": 211.8, "twi": 9.92, "ruggedness": 1.474}}, {"type": "Feature", "geometry": {"type": "Point", "coordinates": [121.034506, 14.613118]}, "properties": {"elevation": 26.0, "slope": 1.2, "aspect": 31.8, "twi": 11.02, "ruggedness": 1.247}}, {"type": "Feature", "geometry": {"type": "Point", "coordinates": [121.035348, 14.613118]}, "properties": {"elevation": 25.0, "slope": 1.62, "aspect": 308.9, "twi": 10.72, "ruggedness": 1.247}}, {"type": "Feature", "geometry": {"type": "Point", "coordinates": [121.036191, 14.613118]}, "properties": {"elevation": 29.0, "slope": 2.72, "aspect": 292.0, "twi": 10.2, "ruggedness": 2.16}}, {"type": "Feature", "geometry": {"type": "Point", "coordinates": [121.037033, 14.613118]}, "properties": {"elevation": 31.0, "slope": 3.59, "aspect": 328.2, "twi": 9.92, "ruggedness": 1.563}}, {"type": "Feature", "geometry": {"type": "Point", "coordinates": [121.037876, 14.613118]}, "properties": {"elevation": 31.0, "slope": 1.2, "aspect": 31.8, "twi": 11.02, "ruggedness": 0.567}}, {"type": "Feature", "geometry": {"type": "Point", "coordinates": [121.038718, 14.613118]}, "properties": {"elevation": 34.0, "slope": 4.29, "aspect": 241.7, "twi": 9.74, "ruggedness": 2.846}}, {"type": "Feature", "geometry": {"type": "Point", "coordinates": [121.039561, 14.613118]}, "properties": {"elevation": 40.0, "slope": 2.15, "aspect": 241.7, "twi": 10.44, "ruggedness": 1.1}}, {"type": "Feature", "geometry": {"type": "Point", "coordinates": [121.040403, 14.613118]}, "properties": {"elevation": 40.0, "slope": 6.6, "aspect": 107.9, "twi": 9.31, "ruggedness": 4.263}}, {"type": "Feature", "geometry": {"type": "Point", "coordinates": [121.041245, 14.613118]}, "properties": {"elevation": 29.0, "slope": 4.29, "aspect": 241.7, "twi": 9.74, "ruggedness": 3.742}}, {"type": "Feature", "geometry": {"type": "Point", "coordinates": [121.042088, 14.613118]}, "properties": {"elevation": 41.0, "slope": 1.26, "aspect": 270.0, "twi": 10.97, "ruggedness": 1.155}}, {"type": "Feature", "geometry": {"type": "Point", "coordinates": [121.04293, 14.613118]}, "properties": {"elevation": 37.0, "slope": 0.63, "aspect": 90.0, "twi": 11.66, "ruggedness": 1.155}}, {"type": "Feature", "geometry": {"type": "Point", "coordinates": [121.043773, 14.613118]}, "properties": {"elevation": 36.0, "slope": 2.39, "aspect": 31.8, "twi": 10.33, "ruggedness": 1.247}}, {"type": "Feature", "geometry": {"type": "Point", "coordinates": [121.044615, 14.613118]}, "properties": {"elevation": 35.0, "slope": 4.78, "aspect": 31.8, "twi": 9.63, "ruggedness": 2.079}}, {"type": "Feature", "geometry": {"type": "Point", "coordinates": [121.045458, 14.613118]}, "properties": {"elevation": 32.0, "slope": 3.59, "aspect": 211.8, "twi": 9.92, "ruggedness": 1.912}}, {"type": "Feature", "geometry": {"type": "Point", "coordinates": [121.0463, 14.613118]}, "properties": {"elevation": 38.0, "slope": 3.31, "aspect": 287.9, "twi": 10.0, "ruggedness": 2.061}}, {"type": "Feature", "geometry": {"type": "Point", "coordinates": [121.047142, 14.613118]}, "properties": {"elevation": 40.0, "slope": 1.89, "aspect": 90.0, "twi": 10.56, "ruggedness": 1.315}}, {"type": "Feature", "geometry": {"type": "Point", "coordinates": [121.047985, 14.613118]}, "properties": {"elevation": 39.0, "slope": 3.24, "aspect": 231.1, "twi": 10.02, "ruggedness": 1.595}}, {"type": "Feature", "geometry": {"type": "Point", "coordinates": [121.048827, 14.613118]}, "properties": {"elevation": 43.0, "slope": 2.03, "aspect": 180.0, "twi": 10.49, "ruggedness": 1.066}}, {"type": "Feature", "geometry": {"type": "Point", "coordinates": [121.04967, 14.613118]}, "properties": {"elevation": 41.0, "slope": 3.59, "aspect": 148.2, "twi": 9.92, "ruggedness": 2.261}}, {"type": "Feature", "geometry": {"type": "Point", "coordinates": [121.050512, 14.613118]}, "properties": {"elevation": 39.0, "slope": 6.12, "aspect": 174.1, "twi": 9.39, "ruggedness": 2.357}}, {"type": "Feature", "geometry": {"type": "Point", "coordinates": [121.051355, 14.613118]}, "properties": {"elevation": 37.0, "slope": 1.62, "aspect": 128.9, "twi": 10.72, "ruggedness": 1.414}}, {"type": "Feature", "geometry": {"type": "Point", "coordinates": [121.052197, 14.613118]}, "properties": {"elevation": 37.0, "slope": 2.52, "aspect": 270.0, "twi": 10.27, "ruggedness": 1.523}}, {"type": "Feature", "geometry": {"type": "Point", "coordinates": [121.053039, 14.613118]}, "properties": {"elevation": 38.0, "slope": 1.02, "aspect": -0.0, "twi": 11.18, "ruggedness": 0.816}}, {"type": "Feature", "geometry": {"type": "Point", "coordinates": [121.053882, 14.613118]}, "properties": {"elevation": 40.0, "slope": 3.15, "aspect": 270.0, "twi": 10.05, "ruggedness": 1.872}}, {"type": "Feature", "geometry": {"type": "Point", "coordinates": [121.054724, 14.613118]}, "properties": {"elevation": 46.0, "slope": 2.78, "aspect": 317.1, "twi": 10.18, "ruggedness": 1.37}}, {"type": "Feature", "geometry": {"type": "Point", "coordinates": [121.055567, 14.613118]}, "properties": {"elevation": 50.0, "slope": 1.62, "aspect": 231.1, "twi": 10.72, "ruggedness": 1.37}}, {"type": "Feature", "geometry": {"type": "Point", "coordinates": [121.056409, 14.613118]}, "properties": {"elevation": 47.0, "slope": 1.62, "aspect": 51.1, "twi": 10.72, "ruggedness": 1.247}}, {"type": "Feature", "geometry": {"type": "Point", "coordinates": [121.057252, 14.613118]}, "properties": {"elevation": 47.0, "slope": 4.11, "aspect": 351.2, "twi": 9.78, "ruggedness": 1.499}}, {"type": "Feature", "geometry": {"type": "Point", "coordinates": [121.058094, 14.613118]}, "properties": {"elevation": 53.0, "slope": 3.78, "aspect": 270.0, "twi": 9.87, "ruggedness": 2.211}}, {"type": "Feature", "geometry": {"type": "Point", "coordinates": [121.058936, 14.613118]}, "properties": {"elevation": 55.0, "slope": 3.11, "aspect": 11.7, "twi": 10.06, "ruggedness": 1.397}}, {"type": "Feature", "geometry": {"type": "Point", "coordinates": [121.059779, 14.613118]}, "properties": {"elevation": 54.0, "slope": 2.13, "aspect": 342.8, "twi": 10.44, "ruggedness": 1.155}}, {"type": "Feature", "geometry": {"type": "Point", "coordinates": [121.0185, 14.613627]}, "properties": {"elevation": 10.0, "slope": 3.3, "aspect": 157.5, "twi": 10.01, "ruggedness": 1.872}}, {"type": "Feature", "geometry": {"type": "Point", "coordinates": [121.019342, 14.613627]}, "properties": {"elevation": 11.0, "slope": 1.2, "aspect": 148.2, "twi": 11.02, "ruggedness": 2.671}}, {"type": "Feature", "geometry": {"type": "Point", "coordinates": [121.020185, 14.613627]}, "properties": {"elevation": 5.0, "slope": 6.21, "aspect": 348.3, "twi": 9.37, "ruggedness": 2.981}}, {"type": "Feature", "geometry": {"type": "Point", "coordinates": [121.021027, 14.613627]}, "properties": {"elevation": 12.0, "slope": 1.26, "aspect": 270.0, "twi": 10.97, "ruggedness": 0.956}}, {"type": "Feature", "geometry": {"type": "Point", "coordinates": [121.02187, 14.613627]}, "properties": {"elevation": 10.0, "slope": 2.13, "aspect": 17.2, "twi": 10.44, "ruggedness": 1.133}}, {"type": "Feature", "geometry": {"type": "Point", "coordinates": [121.022712, 14.613627]}, "properties": {"elevation": 11.0, "slope": 3.11, "aspect": 11.7, "twi": 10.06, "ruggedness": 1.37}}, {"type": "Feature", "geometry": {"type": "Point", "coordinates": [121.023555, 14.613627]}, "properties": {"elevation": 8.0, "slope": 0.0, "aspect": -0.0, "twi": 14.06, "ruggedness": 1.1}}, {"type": "Feature", "geometry": {"type": "Point", "coordinates": [121.024397, 14.613627]}, "properties": {"elevation": 11.0, "slope": 4.06, "aspect": 180.0, "twi": 9.8, "ruggedness": 1.286}}, {"type": "Feature", "geometry": {"type": "Point", "coordinates": [121.025239, 14.613627]}, "properties": {"elevation": 9.0, "slope": 3.3, "aspect": 22.5, "twi": 10.01, "ruggedness": 1.333}}, {"type": "Feature", "geometry": {"type": "Point", "coordinates": [121.026082, 14.613627]}, "properties": {"elevation": 9.0, "slope": 2.72, "aspect": 292.0, "twi": 10.2, "ruggedness": 1.75}}, {"type": "Feature", "geometry": {"type": "Point", "coordinates": [121.026924, 14.613627]}, "properties": {"elevation": 12.0, "slope": 1.2, "aspect": 31.8, "twi": 11.02, "ruggedness": 0.567}}, {"type": "Feature", "geometry": {"type": "Point", "coordinates": [121.027767, 14.613627]}, "properties": {"elevation": 9.0, "slope": 2.13, "aspect": 342.8, "twi": 10.44, "ruggedness": 1.343}}, {"type": "Feature", "geometry": {"type": "Point", "coordinates": [121.028609, 14.613627]}, "properties": {"elevation": 16.0, "slope": 3.31, "aspect": 252.1, "twi": 10.0, "ruggedness": 2.183}}, {"type": "Feature", "geometry": {"type": "Point", "coordinates": [121.029452, 14.613627]}, "properties": {"elevation": 17.0, "slope": 2.03, "aspect": -0.0, "twi": 10.49, "ruggedness": 1.853}}, {"type": "Feature", "geometry": {"type": "Point", "coordinates": [121.030294, 14.613627]}, "properties": {"elevation": 15.0, "slope": 7.2, "aspect": 10.1, "twi": 9.22, "ruggedness": 2.529}}, {"type": "Feature", "geometry": {"type": "Point", "coordinates": [121.031136, 14.613627]}, "properties": {"elevation": 11.0, "slope": 2.13, "aspect": 162.8, "twi": 10.44, "ruggedness": 1.75}}, {"type": "Feature", "geometry": {"type": "Point", "coordinates": [121.031979, 14.613627]}, "properties": {"elevation": 18.0, "slope": 6.96, "aspect": 305.6, "twi": 9.26, "ruggedness": 3.725}}, {"type": "Feature", "geometry": {"type": "Point", "coordinates": [121.032821, 14.613627]}, "properties": {"elevation": 24.0, "slope": 5.11, "aspect": 352.9, "twi": 9.57, "ruggedness": 2.261}}, {"type": "Feature", "geometry": {"type": "Point", "coordinates": [121.033664, 14.613627]}, "properties": {"elevation": 24.0, "slope": 1.2, "aspect": 31.8, "twi": 11.02, "ruggedness": 0.685}}, {"type": "Feature", "geometry": {"type": "Point", "coordinates": [121.034506, 14.613627]}, "properties": {"elevation": 22.0, "slope": 3.11, "aspect": 168.3, "twi": 10.06, "ruggedness": 1.03}}, {"type": "Feature", "geometry": {"type": "Point", "coordinates": [121.035348, 14.613627]}, "properties": {"elevation": 24.0, "slope": 3.31, "aspect": 287.9, "twi": 10.0, "ruggedness": 1.685}}, {"type": "Feature", "geometry": {"type": "Point", "coordinates": [121.036191, 14.613627]}, "properties": {"elevation": 30.0, "slope": 3.92, "aspect": 285.0, "twi": 9.83, "ruggedness": 2.749}}, {"type": "Feature", "geometry": {"type": "Point", "coordinates": [121.037033, 14.613627]}, "properties": {"elevation": 33.0, "slope": 1.2, "aspect": 31.8, "twi": 11.02, "ruggedness": 0.831}}, {"type": "Feature", "geometry": {"type": "Point", "coordinates": [121.037876, 14.613627]}, "properties": {"elevation": 31.0, "slope": 2.13, "aspect": 162.8, "twi": 10.44, "ruggedness": 0.786}}, {"type": "Feature", "geometry": {"type": "Point", "coordinates": [121.038718, 14.613627]}, "properties": {"elevation": 34.0, "slope": 4.41, "aspect": 270.0, "twi": 9.71, "ruggedness": 2.625}}, {"type": "Feature", "geometry": {"type": "Point", "coordinates": [121.039561, 14.613627]}, "properties": {"elevation": 39.0, "slope": 3.3, "aspect": 202.5, "twi": 10.01, "ruggedness": 1.641}}, {"type": "Feature", "geometry": {"type": "Point", "coordinates": [121.040403, 14.613627]}, "properties": {"elevation": 38.0, "slope": 5.14, "aspect": 101.4, "twi": 9.56, "ruggedness": 3.801}}, {"type": "Feature", "geometry": {"type": "Point", "coordinates": [121.041245, 14.613627]}, "properties": {"elevation": 35.0, "slope": 8.02, "aspect": 332.0, "twi": 9.11, "ruggedness": 3.5}}, {"type": "Feature", "geometry": {"type": "Point", "coordinates": [121.042088, 14.613627]}, "properties": {"elevation": 40.0, "slope": 1.2, "aspect": 328.2, "twi": 11.02, "ruggedness": 0.943}}, {"type": "Feature", "geometry": {"type": "Point", "coordinates": [121.04293, 14.613627]}, "properties": {"elevation": 36.0, "slope": 2.15, "aspect": 61.7, "twi": 10.44, "ruggedness": 1.423}}, {"type": "Feature", "geometry": {"type": "Point", "coordinates": [121.043773, 14.613627]}, "properties": {"elevation": 36.0, "slope": 2.13, "aspect": 342.8, "twi": 10.44, "ruggedness": 0.994}}, {"type": "Feature", "geometry": {"type": "Point", "coordinates": [121.044615, 14.613627]}, "properties": {"elevation": 35.0, "slope": 4.41, "aspect": 90.0, "twi": 9.71, "ruggedness": 3.055}}, {"type": "Feature", "geometry": {"type": "Point", "coordinates": [121.045458, 14.613627]}, "properties": {"elevation": 33.0, "slope": 3.75, "aspect": 302.8, "twi": 9.88, "ruggedness": 2.0}}, {"type": "Feature", "geometry": {"type": "Point", "coordinates": [121.0463, 14.613627]}, "properties": {"elevation": 37.0, "slope": 3.24, "aspect": 231.1, "twi": 10.02, "ruggedness": 2.211}}, {"type": "Feature", "geometry": {"type": "Point", "coordinates": [121.047142, 14.613627]}, "properties": {"elevation": 36.0, "slope": 5.66, "aspect": 153.6, "twi": 9.46, "ruggedness": 2.357}}, {"type": "Feature", "geometry": {"type": "Point", "coordinates": [121.047985, 14.613627]}, "properties": {"elevation": 36.0, "slope": 3.59, "aspect": 211.8, "twi": 9.92, "ruggedness": 1.944}}, {"type": "Feature", "geometry": {"type": "Point", "coordinates": [121.048827, 14.613627]}, "properties": {"elevation": 37.0, "slope": 9.08, "aspect": 180.0, "twi": 8.99, "ruggedness": 2.793}}, {"type": "Feature", "geometry": {"type": "Point", "coordinates": [121.04967, 14.613627]}, "properties": {"elevation": 38.0, "slope": 2.15, "aspect": 118.3, "twi": 10.44, "ruggedness": 1.633}}, {"type": "Feature", "geometry": {"type": "Point", "coordinates": [121.050512, 14.613627]}, "properties": {"elevation": 35.0, "slope": 3.11, "aspect": 191.7, "twi": 10.06, "ruggedness": 0.943}}, {"type": "Feature", "geometry": {"type": "Point", "coordinates": [121.051355, 14.613627]}, "properties": {"elevation": 38.0, "slope": 2.13, "aspect": 342.8, "twi": 10.44, "ruggedness": 0.943}}, {"type": "Feature", "geometry": {"type": "Point", "coordinates": [121.052197, 14.613627]}, "properties": {"elevation": 38.0, "slope": 3.11, "aspect": 348.3, "twi": 10.06, "ruggedness": 1.197}}, {"type": "Feature", "geometry": {"type": "Point", "coordinates": [121.053039, 14.613627]}, "properties": {"elevation": 41.0, "slope": 5.66, "aspect": 333.6, "twi": 9.46, "ruggedness": 2.494}}, {"type": "Feature", "geometry": {"type": "Point", "coordinates": [121.053882, 14.613627]}, "properties": {"elevation": 42.0, "slope": 0.63, "aspect": 270.0, "twi": 11.66, "ruggedness": 1.491}}, {"type": "Feature", "geometry": {"type": "Point", "coordinates": [121.054724, 14.613627]}, "properties": {"elevation": 46.0, "slope": 1.89, "aspect": 270.0, "twi": 10.56, "ruggedness": 1.37}}, {"type": "Feature", "geometry": {"type": "Point", "coordinates": [121.055567, 14.613627]}, "properties": {"elevation": 47.0, "slope": 1.2, "aspect": 211.8, "twi": 11.02, "ruggedness": 0.943}}, {"type": "Feature", "geometry": {"type": "Point", "coordinates": [121.056409, 14.613627]}, "properties": {"elevation": 47.0, "slope": 2.15, "aspect": 298.3, "twi": 10.44, "ruggedness": 1.333}}, {"type": "Feature", "geometry": {"type": "Point", "coordinates": [121.057252, 14.613627]}, "properties": {"elevation": 52.0, "slope": 4.11, "aspect": 351.2, "twi": 9.78, "ruggedness": 1.414}}, {"type": "Feature", "geometry": {"type": "Point", "coordinates": [121.058094, 14.613627]}, "properties": {"elevation": 52.0, "slope": 0.63, "aspect": 270.0, "twi": 11.66, "ruggedness": 1.054}}, {"type": "Feature", "geometry": {"type": "Point", "coordinates": [121.058936, 14.613627]}, "properties": {"elevation": 52.0, "slope": 1.26, "aspect": 270.0, "twi": 10.97, "ruggedness": 1.054}}, {"type": "Feature", "geometry": {"type": "Point", "coordinates": [121.059779, 14.613627]}, "properties": {"elevation": 55.0, "slope": 0.63, "aspect": 270.0, "twi": 11.66, "ruggedness": 0.497}}, {"type": "Feature", "geometry": {"type": "Point", "coordinates": [121.0185, 14.614136]}, "properties": {"elevation": 7.0, "slope": 1.02, "aspect": 180.0, "twi": 11.18, "ruggedness": 1.03}}, {"type": "Feature", "geometry": {"type": "Point", "coordinates": [121.019342, 14.614136]}, "properties": {"elevation": 9.0, "slope": 5.54, "aspect": 317.1, "twi": 9.48, "ruggedness": 2.998}}, {"type": "Feature", "geometry": {"type": "Point", "coordinates": [121.020185, 14.614136]}, "properties": {"elevation": 10.0, "slope": 2.78, "aspect": 42.9, "twi": 10.18, "ruggedness": 1.633}}, {"type": "Feature", "geometry": {"type": "Point", "coordinates": [121.021027, 14.614136]}, "properties": {"elevation": 9.0, "slope": 1.2, "aspect": 148.2, "twi": 11.02, "ruggedness": 0.786}}, {"type": "Feature", "geometry": {"type": "Point", "coordinates": [121.02187, 14.614136]}, "properties": {"elevation": 11.0, "slope": 2.15, "aspect": 241.7, "twi": 10.44, "ruggedness": 1.133}}, {"type": "Feature", "geometry": {"type": "Point", "coordinates": [121.022712, 14.614136]}, "properties": {"elevation": 13.0, "slope": 1.02, "aspect": 180.0, "twi": 11.18, "ruggedness": 0.629}}, {"type": "Feature", "geometry": {"type": "Point", "coordinates": [121.023555, 14.614136]}, "properties": {"elevation": 12.0, "slope": 7.2, "aspect": 10.1, "twi": 9.22, "ruggedness": 2.166}}, {"type": "Feature", "geometry": {"type": "Point", "coordinates": [121.024397, 14.614136]}, "properties": {"elevation": 8.0, "slope": 5.11, "aspect": 352.9, "twi": 9.57, "ruggedness": 2.0}}, {"type": "Feature", "geometry": {"type": "Point", "coordinates": [121.025239, 14.614136]}, "properties": {"elevation": 10.0, "slope": 1.89, "aspect": 90.0, "twi": 10.56, "ruggedness": 1.1}}, {"type": "Feature", "geometry": {"type": "Point", "coordinates": [121.026082, 14.614136]}, "properties": {"elevation": 10.0, "slope": 3.31, "aspect": 287.9, "twi": 10.0, "ruggedness": 1.633}}, {"type": "Feature", "geometry": {"type": "Point", "coordinates": [121.026924, 14.614136]}, "properties": {"elevation": 14.0, "slope": 2.03, "aspect": -0.0, "twi": 10.49, "ruggedness": 1.054}}, {"type": "Feature", "geometry": {"type": "Point", "coordinates": [121.027767, 14.614136]}, "properties": {"elevation": 11.0, "slope": 4.06, "aspect": -0.0, "twi": 9.8, "ruggedness": 1.618}}, {"type": "Feature", "geometry": {"type": "Point", "coordinates": [121.028609, 14.614136]}, "properties": {"elevation": 12.0, "slope": 1.62, "aspect": 231.1, "twi": 10.72, "ruggedness": 1.37}}, {"type": "Feature", "geometry": {"type": "Point", "coordinates": [121.029452, 14.614136]}, "properties": {"elevation": 17.0, "slope": 3.24, "aspect": 308.9, "twi": 10.02, "ruggedness": 1.95}}, {"type": "Feature", "geometry": {"type": "Point", "coordinates": [121.030294, 14.614136]}, "properties": {"elevation": 19.0, "slope": 2.15, "aspect": 61.7, "twi": 10.44, "ruggedness": 1.826}}, {"type": "Feature", "geometry": {"type": "Point", "coordinates": [121.031136, 14.614136]}, "properties": {"elevation": 13.0, "slope": 6.12, "aspect": 354.1, "twi": 9.39, "ruggedness": 2.449}}, {"type": "Feature", "geometry": {"type": "Point", "coordinates": [121.031979, 14.614136]}, "properties": {"elevation": 19.0, "slope": 5.43, "aspect": 292.0, "twi": 9.51, "ruggedness": 3.37}}, {"type": "Feature", "geometry": {"type": "Point", "coordinates": [121.032821, 14.614136]}, "properties": {"elevation": 26.0, "slope": 1.2, "aspect": 211.8, "twi": 11.02, "ruggedness": 0.943}}, {"type": "Feature", "geometry": {"type": "Point", "coordinates": [121.033664, 14.614136]}, "properties": {"elevation": 26.0, "slope": 3.11, "aspect": 11.7, "twi": 10.06, "ruggedness": 1.155}}, {"type": "Feature", "geometry": {"type": "Point", "coordinates": [121.034506, 14.614136]}, "properties": {"elevation": 25.0, "slope": 7.2, "aspect": 349.9, "twi": 9.22, "ruggedness": 2.404}}, {"type": "Feature", "geometry": {"type": "Point", "coordinates": [121.035348, 14.614136]}, "properties": {"elevation": 28.0, "slope": 5.97, "aspect": 328.2, "twi": 9.41, "ruggedness": 2.833}}, {"type": "Feature", "geometry": {"type": "Point", "coordinates": [121.036191, 14.614136]}, "properties": {"elevation": 31.0, "slope": 1.2, "aspect": 328.2, "twi": 11.02, "ruggedness": 1.633}}, {"type": "Feature", "geometry": {"type": "Point", "coordinates": [121.037033, 14.614136]}, "properties": {"elevation": 33.0, "slope": 2.39, "aspect": 148.2, "twi": 10.33, "ruggedness": 1.286}}, {"type": "Feature", "geometry": {"type": "Point", "coordinates": [121.037876, 14.614136]}, "properties": {"elevation": 31.0, "slope": 1.02, "aspect": -0.0, "twi": 11.18, "ruggedness": 0.875}}, {"type": "Feature", "geometry": {"type": "Point", "coordinates": [121.038718, 14.614136]}, "properties": {"elevation": 34.0, "slope": 1.26, "aspect": 270.0, "twi": 10.97, "ruggedness": 1.523}}, {"type": "Feature", "geometry": {"type": "Point", "coordinates": [121.039561, 14.614136]}, "properties": {"elevation": 35.0, "slope": 6.71, "aspect": 221.0, "twi": 9.29, "ruggedness": 3.071}}, {"type": "Feature", "geometry": {"type": "Point", "coordinates": [121.040403, 14.614136]}, "properties": {"elevation": 36.0, "slope": 6.37, "aspect": 80.8, "twi": 9.35, "ruggedness": 3.131}}, {"type": "Feature", "geometry": {"type": "Point", "coordinates": [121.041245, 14.614136]}, "properties": {"elevation": 33.0, "slope": 7.13, "aspect": 224.8, "twi": 9.23, "ruggedness": 2.667}}, {"type": "Feature", "geometry": {"type": "Point", "coordinates": [121.042088, 14.614136]}, "properties": {"elevation": 42.0, "slope": 2.15, "aspect": 298.3, "twi": 10.44, "ruggedness": 2.166}}, {"type": "Feature", "geometry": {"type": "Point", "coordinates": [121.04293, 14.614136]}, "properties": {"elevation": 38.0, "slope": 5.08, "aspect": -0.0, "twi": 9.57, "ruggedness": 1.912}}, {"type": "Feature", "geometry": {"type": "Point", "coordinates": [121.043773, 14.614136]}, "properties": {"elevation": 42.0, "slope": 3.05, "aspect": -0.0, "twi": 10.08, "ruggedness": 1.792}}, {"type": "Feature", "geometry": {"type": "Point", "coordinates": [121.044615, 14.614136]}, "properties": {"elevation": 36.0, "slope": 6.6, "aspect": 107.9, "twi": 9.31, "ruggedness": 3.665}}, {"type": "Feature", "geometry": {"type": "Point", "coordinates": [121.045458, 14.614136]}, "properties": {"elevation": 33.0, "slope": 3.15, "aspect": 270.0, "twi": 10.05, "ruggedness": 2.079}}, {"type": "Feature", "geometry": {"type": "Point", "coordinates": [121.0463, 14.614136]}, "properties": {"elevation": 35.0, "slope": 2.15, "aspect": 118.3, "twi": 10.44, "ruggedness": 0.943}}, {"type": "Feature", "geometry": {"type": "Point", "coordinates": [121.047142, 14.614136]}, "properties": {"elevation": 35.0, "slope": 2.78, "aspect": 317.1, "twi": 10.18, "ruggedness": 1.155}}, {"type": "Feature", "geometry": {"type": "Point", "coordinates": [121.047985, 14.614136]}, "properties": {"elevation": 36.0, "slope": 2.39, "aspect": 31.8, "twi": 10.33, "ruggedness": 0.943}}, {"type": "Feature", "geometry": {"type": "Point", "coordinates": [121.048827, 14.614136]}, "properties": {"elevation": 32.0, "slope": 2.13, "aspect": 342.8, "twi": 10.44, "ruggedness": 1.414}}, {"type": "Feature", "geometry": {"type": "Point", "coordinates": [121.04967, 14.614136]}, "properties": {"elevation": 39.0, "slope": 2.52, "aspect": 270.0, "twi": 10.27, "ruggedness": 1.563}}, {"type": "Feature", "geometry": {"type": "Point", "coordinates": [121.050512, 14.614136]}, "properties": {"elevation": 35.0, "slope": 3.3, "aspect": 22.5, "twi": 10.01, "ruggedness": 1.7}}, {"type": "Feature", "geometry": {"type": "Point", "coordinates": [121.051355, 14.614136]}, "properties": {"elevation": 38.0, "slope": 1.02, "aspect": -0.0, "twi": 11.18, "ruggedness": 1.227}}, {"type": "Feature", "geometry": {"type": "Point", "coordinates": [121.052197, 14.614136]}, "properties": {"elevation": 41.0, "slope": 3.31, "aspect": 252.1, "twi": 10.0, "ruggedness": 1.826}}, {"type": "Feature", "geometry": {"type": "Point", "coordinates": [121.053039, 14.614136]}, "properties": {"elevation": 44.0, "slope": 2.39, "aspect": 211.8, "twi": 10.33, "ruggedness": 1.548}}, {"type": "Feature", "geometry": {"type": "Point", "coordinates": [121.053882, 14.614136]}, "properties": {"elevation": 42.0, "slope": 2.39, "aspect": 31.8, "twi": 10.33, "ruggedness": 1.1}}, {"type": "Feature", "geometry": {"type": "Point", "coordinates": [121.054724, 14.614136]}, "properties": {"elevation": 46.0, "slope": 3.24, "aspect": 231.1, "twi": 10.02, "ruggedness": 1.499}}, {"type": "Feature", "geometry": {"type": "Point", "coordinates": [121.055567, 14.614136]}, "properties": {"elevation": 47.0, "slope": 1.62, "aspect": 308.9, "twi": 10.72, "ruggedness": 1.054}}, {"type": "Feature", "geometry": {"type": "Point", "coordinates": [121.056409, 14.614136]}, "properties": {"elevation": 50.0, "slope": 2.78, "aspect": 317.1, "twi": 10.18, "ruggedness": 1.499}}, {"type": "Feature", "geometry": {"type": "Point", "coordinates": [121.057252, 14.614136]}, "properties": {"elevation": 53.0, "slope": 0.0, "aspect": -0.0, "twi": 14.06, "ruggedness": 1.03}}, {"type": "Feature", "geometry": {"type": "Point", "coordinates": [121.058094, 14.614136]}, "properties": {"elevation": 52.0, "slope": 1.26, "aspect": 270.0, "twi": 10.97, "ruggedness": 0.875}}, {"type": "Feature", "geometry": {"type": "Point", "coordinates": [121.058936, 14.614136]}, "properties": {"elevation": 55.0, "slope": 1.26, "aspect": 270.0, "twi": 10.97, "ruggedness": 0.994}}, {"type": "Feature", "geometry": {"type": "Point", "coordinates": [121.059779, 14.614136]}, "properties": {"elevation": 54.0, "slope": 2.39, "aspect": 148.2, "twi": 10.33, "ruggedness": 0.994}}, {"type": "Feature", "geometry": {"type": "Point", "coordinates": [121.0185, 14.614645]}, "properties": {"elevation": 7.0, "slope": 2.72, "aspect": 248.0, "twi": 10.2, "ruggedness": 1.03}}, {"type": "Feature", "geometry": {"type": "Point", "coordinates": [121.019342, 14.614645]}, "properties": {"elevation": 14.0, "slope": 4.41, "aspect": 270.0, "twi": 9.71, "ruggedness": 2.936}}, {"type": "Feature", "geometry": {"type": "Point", "coordinates": [121.020185, 14.614645]}, "properties": {"elevation": 13.0, "slope": 3.75, "aspect": 122.8, "twi": 9.88, "ruggedness": 2.16}}, {"type": "Feature", "geometry": {"type": "Point", "coordinates": [121.021027, 14.614645]}, "properties": {"elevation": 11.0, "slope": 3.05, "aspect": -0.0, "twi": 10.08, "ruggedness": 1.474}}, {"type": "Feature", "geometry": {"type": "Point", "coordinates": [121.02187, 14.614645]}, "properties": {"elevation": 11.0, "slope": 1.02, "aspect": -0.0, "twi": 11.18, "ruggedness": 1.286}}, {"type": "Feature", "geometry": {"type": "Point", "coordinates": [121.022712, 14.614645]}, "properties": {"elevation": 11.0, "slope": 1.2, "aspect": 211.8, "twi": 11.02, "ruggedness": 0.667}}, {"type": "Feature", "geometry": {"type": "Point", "coordinates": [121.023555, 14.614645]}, "properties": {"elevation": 14.0, "slope": 3.59, "aspect": 211.8, "twi": 9.92, "ruggedness": 1.165}}, {"type": "Feature", "geometry": {"type": "Point", "coordinates": [121.024397, 14.614645]}, "properties": {"elevation": 16.0, "slope": 3.3, "aspect": 22.5, "twi": 10.01, "ruggedness": 1.333}}, {"type": "Feature", "geometry": {"type": "Point", "coordinates": [121.025239, 14.614645]}, "properties": {"elevation": 9.0, "slope": 2.13, "aspect": 162.8, "twi": 10.44, "ruggedness": 1.7}}, {"type": "Feature", "geometry": {"type": "Point", "coordinates": [121.026082, 14.614645]}, "properties": {"elevation": 13.0, "slope": 3.11, "aspect": 348.3, "twi": 10.06, "ruggedness": 1.155}}, {"type": "Feature", "geometry": {"type": "Point", "coordinates": [121.026924, 14.614645]}, "properties": {"elevation": 15.0, "slope": 1.62, "aspect": 231.1, "twi": 10.72, "ruggedness": 0.875}}, {"type": "Feature", "geometry": {"type": "Point", "coordinates": [121.027767, 14.614645]}, "properties": {"elevation": 15.0, "slope": 1.02, "aspect": -0.0, "twi": 11.18, "ruggedness": 0.471}}, {"type": "Feature", "geometry": {"type": "Point", "coordinates": [121.028609, 14.614645]}, "properties": {"elevation": 13.0, "slope": 1.62, "aspect": 308.9, "twi": 10.72, "ruggedness": 2.079}}, {"type": "Feature", "geometry": {"type": "Point", "coordinates": [121.029452, 14.614645]}, "properties": {"elevation": 21.0, "slope": 5.14, "aspect": 322.2, "twi": 9.56, "ruggedness": 2.449}}, {"type": "Feature", "geometry": {"type": "Point", "coordinates": [121.030294, 14.614645]}, "properties": {"elevation": 21.0, "slope": 2.72, "aspect": 68.0, "twi": 10.2, "ruggedness": 1.633}}, {"type": "Feature", "geometry": {"type": "Point", "coordinates": [121.031136, 14.614645]}, "properties": {"elevation": 18.0, "slope": 5.23, "aspect": 346.1, "twi": 9.54, "ruggedness": 1.912}}, {"type": "Feature", "geometry": {"type": "Point", "coordinates": [121.031979, 14.614645]}, "properties": {"elevation": 22.0, "slope": 2.78, "aspect": 317.1, "twi": 10.18, "ruggedness": 1.633}}, {"type": "Feature", "geometry": {"type": "Point", "coordinates": [121.032821, 14.614645]}, "properties": {"elevation": 24.0, "slope": 3.24, "aspect": 231.1, "twi": 10.02, "ruggedness": 1.595}}, {"type": "Feature", "geometry": {"type": "Point", "coordinates": [121.033664, 14.614645]}, "properties": {"elevation": 27.0, "slope": 1.89, "aspect": 90.0, "twi": 10.56, "ruggedness": 1.133}}, {"type": "Feature", "geometry": {"type": "Point", "coordinates": [121.034506, 14.614645]}, "properties": {"elevation": 30.0, "slope": 4.53, "aspect": 257.0, "twi": 9.69, "ruggedness": 2.601}}, {"type": "Feature", "geometry": {"type": "Point", "coordinates": [121.035348, 14.614645]}, "properties": {"elevation": 30.0, "slope": 1.2, "aspect": 211.8, "twi": 11.02, "ruggedness": 1.133}}, {"type": "Feature", "geometry": {"type": "Point", "coordinates": [121.036191, 14.614645]}, "properties": {"elevation": 32.0, "slope": 1.26, "aspect": 90.0, "twi": 10.97, "ruggedness": 0.956}}, {"type": "Feature", "geometry": {"type": "Point", "coordinates": [121.037033, 14.614645]}, "properties": {"elevation": 30.0, "slope": 2.13, "aspect": 162.8, "twi": 10.44, "ruggedness": 0.916}}, {"type": "Feature", "geometry": {"type": "Point", "coordinates": [121.037876, 14.614645]}, "properties": {"elevation": 30.0, "slope": 2.72, "aspect": 248.0, "twi": 10.2, "ruggedness": 2.108}}, {"type": "Feature", "geometry": {"type": "Point", "coordinates": [121.038718, 14.614645]}, "properties": {"elevation": 35.0, "slope": 1.62, "aspect": 128.9, "twi": 10.72, "ruggedness": 1.812}}, {"type": "Feature", "geometry": {"type": "Point", "coordinates": [121.039561, 14.614645]}, "properties": {"elevation": 29.0, "slope": 4.41, "aspect": 270.0, "twi": 9.71, "ruggedness": 4.031}}, {"type": "Feature", "geometry": {"type": "Point", "coordinates": [121.040403, 14.614645]}, "properties": {"elevation": 39.0, "slope": 3.31, "aspect": 287.9, "twi": 10.0, "ruggedness": 1.872}}, {"type": "Feature", "geometry": {"type": "Point", "coordinates": [121.041245, 14.614645]}, "properties": {"elevation": 37.0, "slope": 9.6, "aspect": 19.0, "twi": 8.93, "ruggedness": 3.281}}, {"type": "Feature", "geometry": {"type": "Point", "coordinates": [121.042088, 14.614645]}, "properties": {"elevation": 39.0, "slope": 6.12, "aspect": 174.1, "twi": 9.39, "ruggedness": 2.108}}, {"type": "Feature", "geometry": {"type": "Point", "coordinates": [121.04293, 14.614645]}, "properties": {"elevation": 43.0, "slope": 3.78, "aspect": 270.0, "twi": 9.87, "ruggedness": 2.572}}, {"type": "Feature", "geometry": {"type": "Point", "coordinates": [121.043773, 14.614645]}, "properties": {"elevation": 38.0, "slope": 5.36, "aspect": 124.6, "twi": 9.52, "ruggedness": 2.449}}, {"type": "Feature", "geometry": {"type": "Point", "coordinates": [121.044615, 14.614645]}, "properties": {"elevation": 34.0, "slope": 3.59, "aspect": 31.8, "twi": 9.92, "ruggedness": 2.261}}, {"type": "Feature", "geometry": {"type": "Point", "coordinates": [121.045458, 14.614645]}, "properties": {"elevation": 35.0, "slope": 3.3, "aspect": 337.5, "twi": 10.01, "ruggedness": 1.548}}, {"type": "Feature", "geometry": {"type": "Point", "coordinates": [121.0463, 14.614645]}, "properties": {"elevation": 35.0, "slope": 1.2, "aspect": 328.2, "twi": 11.02, "ruggedness": 0.497}}, {"type": "Feature", "geometry": {"type": "Point", "coordinates": [121.047142, 14.614645]}, "properties": {"elevation": 37.0, "slope": 2.78, "aspect": 317.1, "twi": 10.18, "ruggedness": 1.333}}, {"type": "Feature", "geometry": {"type": "Point", "coordinates": [121.047985, 14.614645]}, "properties": {"elevation": 39.0, "slope": 4.11, "aspect": 351.2, "twi": 9.78, "ruggedness": 1.853}}, {"type": "Feature", "geometry": {"type": "Point", "coordinates": [121.048827, 14.614645]}, "properties": {"elevation": 39.0, "slope": 8.18, "aspect": 8.8, "twi": 9.09, "ruggedness": 2.944}}, {"type": "Feature", "geometry": {"type": "Point", "coordinates": [121.04967, 14.614645]}, "properties": {"elevation": 39.0, "slope": 3.11, "aspect": 348.3, "twi": 10.06, "ruggedness": 1.969}}, {"type": "Feature", "geometry": {"type": "Point", "coordinates": [121.050512, 14.614645]}, "properties": {"elevation": 38.0, "slope": 3.3, "aspect": 337.5, "twi": 10.01, "ruggedness": 1.7}}, {"type": "Feature", "geometry": {"type": "Point", "coordinates": [121.051355, 14.614645]}, "properties": {"elevation": 43.0, "slope": 6.21, "aspect": 11.7, "twi": 9.37, "ruggedness": 2.615}}, {"type": "Feature", "geometry": {"type": "Point", "coordinates": [121.052197, 14.614645]}, "properties": {"elevation": 39.0, "slope": 2.39, "aspect": 328.2, "twi": 10.33, "ruggedness": 1.75}}, {"type": "Feature", "geometry": {"type": "Point", "coordinates": [121.053039, 14.614645]}, "properties": {"elevation": 43.0, "slope": 4.25, "aspect": 342.8, "twi": 9.75, "ruggedness": 1.595}}, {"type": "Feature", "geometry": {"type": "Point", "coordinates": [121.053882, 14.614645]}, "properties": {"elevation": 43.0, "slope": 1.02, "aspect": -0.0, "twi": 11.18, "ruggedness": 0.831}}, {"type": "Feature", "geometry": {"type": "Point", "coordinates": [121.054724, 14.614645]}, "properties": {"elevation": 44.0, "slope": 2.78, "aspect": 317.1, "twi": 10.18, "ruggedness": 1.227}}, {"type": "Feature", "geometry": {"type": "Point", "coordinates": [121.055567, 14.614645]}, "properties": {"elevation": 47.0, "slope": 1.02, "aspect": 180.0, "twi": 11.18, "ruggedness": 0.956}}, {"type": "Feature", "geometry": {"type": "Point", "coordinates": [121.056409, 14.614645]}, "properties": {"elevation": 48.0, "slope": 4.38, "aspect": 226.0, "twi": 9.72, "ruggedness": 2.217}}, {"type": "Feature", "geometry": {"type": "Point", "coordinates": [121.057252, 14.614645]}, "properties": {"elevation": 52.0, "slope": 1.2, "aspect": 148.2, "twi": 11.02, "ruggedness": 1.1}}, {"type": "Feature", "geometry": {"type": "Point", "coordinates": [121.058094, 14.614645]}, "properties": {"elevation": 51.0, "slope": 2.78, "aspect": 222.9, "twi": 10.18, "ruggedness": 1.197}}, {"type": "Feature", "geometry": {"type": "Point", "coordinates": [121.058936, 14.614645]}, "properties": {"elevation": 54.0, "slope": 2.78, "aspect": 317.1, "twi": 10.18, "ruggedness": 1.618}}, {"type": "Feature", "geometry": {"type": "Point", "coordinates": [121.059779, 14.614645]}, "properties": {"elevation": 53.0, "slope": 3.31, "aspect": 72.1, "twi": 10.0, "ruggedness": 1.633}}]}