{
  "type": "FeatureCollection",
  "generator": "overpass-turbo",
  "copyright": "The data included in this document is from www.openstreetmap.org. The data is made available under ODbL.",
  "timestamp": "2026-02-20T02:36:33Z",
  "features": [
    {
      "type": "Feature",
      "properties": {
        "@id": "relation/10699539",
        "name": "Manggahan Floodway",
        "type": "waterway",
        "waterway": "river",
        "wikidata": "Q16894592",
        "wikimedia_commons": "Category:Manggahan Floodway"
      },
      "geometry": {
        "type": "LineString",
        "coordinates": [
          [
            121.0900354,
            14.5993213
          ],
          [
            121.0904573,
            14.5979394
          ],
          [
            121.0907744,
            14.5970461
          ],
          [
            121.0913733,
            14.594871
          ],
          [
            121.0927353,
            14.5900874
          ],
          [
            121.0937359,
            14.5868148
          ],
          [
            121.09453,
            14.5848641
          ],
          [
            121.0953037,
            14.5831104
          ],
          [
            121.0972204,
            14.5804243
          ],
          [
            121.0979957,
            14.5793379
          ],
          [
            121.0999508,
            14.5766011
          ],
          [
            121.1009214,
            14.575239
          ],
          [
            121.1014994,
            14.5744278
          ],
          [
            121.1089036,
            14.564051
          ],
          [
            121.1094226,
            14.563315
          ],
          [
            121.1147737,
            14.5557121
          ],
          [
            121.1175762,
            14.5518009
          ],
          [
            121.1193467,
            14.5493332
          ],
          [
            121.129651,
            14.5348215
          ],
          [
            121.130324,
            14.5338736
          ],
          [
            121.1337036,
            14.528664
          ],
          [
            121.1340093,
            14.5281927
          ],
          [
            121.1372709,
            14.5236852
          ],
          [
            121.139524,
            14.5186999
          ],
          [
            121.1410303,
            14.5127066
          ],
          [
            121.1414766,
            14.5109309
          ],
          [
            121.1429182,
            14.5088794
          ],
          [
            121.1441052,
            14.5079707
          ],
          [
            121.149609,
            14.5045015
          ]
        ]
      },
      "id": "relation/10699539"
    },
    {
      "type": "Feature",
      "properties": {
        "@id": "relation/11957846",
        "destination": "Marikina River",
        "name": "Puray River",
        "type": "waterway",
        "waterway": "river",
        "wikidata": "Q35314303"
      },
      "geometry": {
        "type": "LineString",
        "coordinates": [
          [
            121.2286756,
            14.811165
          ],
          [
            121.228289,
            14.810722
          ],
          [
            121.2279339,
            14.8102354
          ],
          [
            121.2277633,
            14.809913
          ],
          [
            121.2275693,
            14.8093665
          ],
          [
            121.2274429,
            14.8089998
          ],
          [
            121.227426,
            14.8086551
          ],
          [
            121.2274039,
            14.8083727
          ],
          [
            121.2272698,
            14.8081289
          ],
          [
            121.2270011,
            14.8078948
          ],
          [
            121.2266206,
            14.8076154
          ],
          [
            121.2262987,
            14.807533
          ],
          [
            121.2258586,
            14.8074608
          ],
          [
            121.2255717,
            14.8071297
          ],
          [
            121.2255148,
            14.8066591
          ],
          [
            121.2252177,
            14.8063657
          ],
          [
            121.2245888,
            14.8062736
          ],
          [
            121.2243944,
            14.8061685
          ],
          [
            121.2243676,
            14.8060026
          ],
          [
            121.2244402,
            14.805834
          ],
          [
            121.2246614,
            14.8055529
          ],
          [
            121.2247021,
            14.8050626
          ],
          [
            121.2246036,
            14.8049082
          ],
          [
            121.2244116,
            14.8048409
          ],
          [
            121.2241747,
            14.8049234
          ],
          [
            121.2237626,
            14.804881
          ],
          [
            121.2233876,
            14.8046527
          ],
          [
            121.2231124,
            14.8043026
          ],
          [
            121.2230426,
            14.8039747
          ],
          [
            121.2229407,
            14.803705
          ],
          [
            121.2226564,
            14.8034872
          ],
          [
            121.2225974,
            14.803259
          ],
          [
            121.2226675,
            14.8030255
          ],
          [
            121.2228687,
            14.8026409
          ],
          [
            121.2230138,
            14.8020263
          ],
          [
            121.2227947,
            14.8016391
          ],
          [
            121.2223876,
            14.8011324
          ],
          [
            121.2218985,
            14.8005637
          ],
          [
            121.2216968,
            14.8000483
          ],
          [
            121.2216788,
            14.7993247
          ],
          [
            121.2216425,
            14.7991098
          ],
          [
            121.2215674,
            14.7988816
          ],
          [
            121.2213577,
            14.7987127
          ],
          [
            121.2210363,
            14.7986171
          ],
          [
            121.2206876,
            14.7984356
          ],
          [
            121.220516,
            14.7982074
          ],
          [
            121.2204194,
            14.7979066
          ],
          [
            121.2203872,
            14.7974761
          ],
          [
            121.2203497,
            14.7972375
          ],
          [
            121.2202048,
            14.7970664
          ],
          [
            121.2198776,
            14.7969004
          ],
          [
            121.2195879,
            14.7968226
          ],
          [
            121.2193465,
            14.7966826
          ],
          [
            121.2192392,
            14.7964544
          ],
          [
            121.2192553,
            14.7962158
          ],
          [
            121.2193519,
            14.7959668
          ],
          [
            121.2194753,
            14.7957542
          ],
          [
            121.2195986,
            14.7956193
          ],
          [
            121.2196791,
            14.7953652
          ],
          [
            121.2196523,
            14.7951577
          ],
          [
            121.2195933,
            14.7949503
          ],
          [
            121.2195182,
            14.7946857
          ],
          [
            121.2195396,
            14.7944524
          ],
          [
            121.2195772,
            14.7941204
          ],
          [
            121.219486,
            14.7939078
          ],
          [
            121.2192178,
            14.7937937
          ],
          [
            121.2188691,
            14.7937885
          ],
          [
            121.2185794,
            14.7939078
          ],
          [
            121.2183595,
            14.794136
          ],
          [
            121.2181395,
            14.7943642
          ],
          [
            121.2179196,
            14.7944057
          ],
          [
            121.2176675,
            14.7943019
          ],
          [
            121.2175977,
            14.79411
          ],
          [
            121.2174743,
            14.7938766
          ],
          [
            121.2172979,
            14.7936704
          ],
          [
            121.2171712,
            14.7934974
          ],
          [
            121.2169362,
            14.793171
          ],
          [
            121.216726,
            14.7929586
          ],
          [
            121.2164805,
            14.7927688
          ],
          [
            121.2162995,
            14.7927019
          ],
          [
            121.2160501,
            14.7926656
          ],
          [
            121.2158516,
            14.7925618
          ],
          [
            121.2157053,
            14.7923832
          ],
          [
            121.2155881,
            14.7917785
          ],
          [
            121.2151501,
            14.791319
          ],
          [
            121.2147975,
            14.790913
          ],
          [
            121.2145517,
            14.7905284
          ],
          [
            121.2143915,
            14.7901331
          ],
          [
            121.2142739,
            14.7897377
          ],
          [
            121.2141885,
            14.7894172
          ],
          [
            121.2138786,
            14.7889791
          ],
          [
            121.2137611,
            14.7883274
          ],
          [
            121.2137611,
            14.7878038
          ],
          [
            121.2136222,
            14.787291
          ],
          [
            121.2132803,
            14.7868743
          ],
          [
            121.2129277,
            14.7865217
          ],
          [
            121.2127995,
            14.7862439
          ],
          [
            121.2128102,
            14.7859448
          ],
          [
            121.2129811,
            14.785667
          ],
          [
            121.2132269,
            14.7855174
          ],
          [
            121.2136099,
            14.7854025
          ],
          [
            121.2136542,
            14.7853892
          ],
          [
            121.2137931,
            14.7853144
          ],
          [
            121.2140068,
            14.7848549
          ],
          [
            121.2139908,
            14.7842775
          ],
          [
            121.2140175,
            14.7838079
          ],
          [
            121.2139961,
            14.7832416
          ],
          [
            121.2142419,
            14.7830279
          ],
          [
            121.2145945,
            14.7828463
          ],
          [
            121.2149364,
            14.7827181
          ],
          [
            121.2150966,
            14.7825685
          ],
          [
            121.2153637,
            14.7822052
          ],
          [
            121.2155561,
            14.781671
          ],
          [
            121.2156415,
            14.781265
          ],
          [
            121.2156516,
            14.7811287
          ],
          [
            121.2156843,
            14.780688
          ],
          [
            121.2156415,
            14.7801752
          ],
          [
            121.2155561,
            14.7797371
          ],
          [
            121.2154172,
            14.7793631
          ],
          [
            121.2151501,
            14.7790747
          ],
          [
            121.2150244,
            14.7785986
          ],
          [
            121.2148509,
            14.7783374
          ],
          [
            121.2146875,
            14.7780877
          ],
          [
            121.2143915,
            14.7778566
          ],
          [
            121.2143557,
            14.777839
          ],
          [
            121.2140469,
            14.7776873
          ],
          [
            121.213689,
            14.7774319
          ],
          [
            121.2128713,
            14.7770553
          ],
          [
            121.2123084,
            14.7769833
          ],
          [
            121.2118163,
            14.7768812
          ],
          [
            121.2115644,
            14.7768236
          ],
          [
            121.2111068,
            14.7766124
          ],
          [
            121.2109042,
            14.7764757
          ],
          [
            121.2108023,
            14.7763141
          ],
          [
            121.2107694,
            14.776083
          ],
          [
            121.2107801,
            14.7756129
          ],
          [
            121.2107401,
            14.7749768
          ],
          [
            121.2106993,
            14.7746101
          ],
          [
            121.2106964,
            14.7742704
          ],
          [
            121.2106628,
            14.7740703
          ],
          [
            121.2105918,
            14.7739281
          ],
          [
            121.2104362,
            14.773744
          ],
          [
            121.2102271,
            14.7736868
          ],
          [
            121.2100339,
            14.7736765
          ],
          [
            121.2097755,
            14.7737283
          ],
          [
            121.2093722,
            14.7738456
          ],
          [
            121.2091454,
            14.7739461
          ],
          [
            121.2086646,
            14.7741919
          ],
          [
            121.2083657,
            14.7743835
          ],
          [
            121.2080342,
            14.774662
          ],
          [
            121.2077992,
            14.7748864
          ],
          [
            121.2075591,
            14.7752021
          ],
          [
            121.2073466,
            14.7754799
          ],
          [
            121.2070866,
            14.7758268
          ],
          [
            121.2069019,
            14.7761154
          ],
          [
            121.2066926,
            14.7763591
          ],
          [
            121.2065983,
            14.7764276
          ],
          [
            121.2064338,
            14.7764483
          ],
          [
            121.2060615,
            14.776449
          ],
          [
            121.2057584,
            14.7763422
          ],
          [
            121.2054822,
            14.7761755
          ],
          [
            121.2053004,
            14.7760528
          ],
          [
            121.2049863,
            14.775749
          ],
          [
            121.2048572,
            14.7754271
          ],
          [
            121.2048176,
            14.7750597
          ],
          [
            121.2048814,
            14.7748021
          ],
          [
            121.2050158,
            14.7746754
          ],
          [
            121.2052083,
            14.7745936
          ],
          [
            121.2054312,
            14.7746024
          ],
          [
            121.2056784,
            14.7746419
          ],
          [
            121.2061217,
            14.7748329
          ],
          [
            121.2065401,
            14.7748972
          ],
          [
            121.2066927,
            14.7748795
          ],
          [
            121.2067948,
            14.7748004
          ],
          [
            121.2069551,
            14.7745979
          ],
          [
            121.207094,
            14.7743094
          ],
          [
            121.2072436,
            14.7738393
          ],
          [
            121.2072819,
            14.7735209
          ],
          [
            121.2072543,
            14.7732516
          ],
          [
            121.207103,
            14.7730906
          ],
          [
            121.2069118,
            14.7730389
          ],
          [
            121.206732,
            14.7730413
          ],
          [
            121.2064702,
            14.7730812
          ],
          [
            121.2061895,
            14.7731586
          ],
          [
            121.2058683,
            14.7732684
          ],
          [
            121.205502,
            14.7733851
          ],
          [
            121.2050319,
            14.7735081
          ],
          [
            121.2047741,
            14.7735235
          ],
          [
            121.2044817,
            14.773482
          ],
          [
            121.2042678,
            14.7734121
          ],
          [
            121.2041368,
            14.7733313
          ],
          [
            121.2041129,
            14.7731967
          ],
          [
            121.2041314,
            14.7729833
          ],
          [
            121.2041022,
            14.7726993
          ],
          [
            121.2039421,
            14.7723541
          ],
          [
            121.2036329,
            14.7719666
          ],
          [
            121.203476,
            14.7718075
          ],
          [
            121.203373,
            14.7716504
          ],
          [
            121.2033055,
            14.7714758
          ],
          [
            121.2032719,
            14.7713571
          ],
          [
            121.2032439,
            14.7712478
          ],
          [
            121.2032197,
            14.7710885
          ],
          [
            121.2031727,
            14.7709367
          ],
          [
            121.2030351,
            14.7707756
          ],
          [
            121.2028607,
            14.7706264
          ],
          [
            121.202689,
            14.7705434
          ],
          [
            121.2025259,
            14.7704936
          ],
          [
            121.2021998,
            14.7704272
          ],
          [
            121.2020305,
            14.7703892
          ],
          [
            121.2018979,
            14.7704128
          ],
          [
            121.201752,
            14.7704856
          ],
          [
            121.201607,
            14.7705683
          ],
          [
            121.2014718,
            14.7707211
          ],
          [
            121.2014033,
            14.770824
          ],
          [
            121.2012936,
            14.7709705
          ],
          [
            121.2011346,
            14.7710532
          ],
          [
            121.2009316,
            14.7710558
          ],
          [
            121.2006951,
            14.7710614
          ],
          [
            121.200628,
            14.7710272
          ],
          [
            121.2005426,
            14.7706972
          ],
          [
            121.20049,
            14.7703619
          ],
          [
            121.200466,
            14.7700818
          ],
          [
            121.2004315,
            14.7697929
          ],
          [
            121.2004369,
            14.7695787
          ],
          [
            121.2005131,
            14.7694093
          ],
          [
            121.2006872,
            14.7692284
          ],
          [
            121.2011014,
            14.7690159
          ],
          [
            121.2012525,
            14.7689606
          ],
          [
            121.2013947,
            14.7689219
          ],
          [
            121.201743,
            14.7688792
          ],
          [
            121.2019932,
            14.7688083
          ],
          [
            121.2022523,
            14.7687109
          ],
          [
            121.2023972,
            14.7685682
          ],
          [
            121.2025002,
            14.7684354
          ],
          [
            121.2025173,
            14.7682362
          ],
          [
            121.2024487,
            14.7680121
          ],
          [
            121.2023011,
            14.7679021
          ],
          [
            121.2021139,
            14.7678409
          ],
          [
            121.2019144,
            14.7678051
          ],
          [
            121.2016387,
            14.767816
          ],
          [
            121.2013157,
            14.7678544
          ],
          [
            121.2007406,
            14.7680038
          ],
          [
            121.2002686,
            14.7680951
          ],
          [
            121.1999207,
            14.7680748
          ],
          [
            121.1997248,
            14.7679398
          ],
          [
            121.1996678,
            14.767721
          ],
          [
            121.1996334,
            14.7672485
          ],
          [
            121.1996163,
            14.766958
          ],
          [
            121.1995476,
            14.7667423
          ],
          [
            121.1994961,
            14.7665182
          ],
          [
            121.1994103,
            14.7663273
          ],
          [
            121.1993522,
            14.7661458
          ],
          [
            121.199307,
            14.7660072
          ],
          [
            121.1991803,
            14.765912
          ],
          [
            121.1991184,
            14.7658459
          ],
          [
            121.1989708,
            14.7657925
          ],
          [
            121.1987306,
            14.7657835
          ],
          [
            121.1987148,
            14.7660111
          ],
          [
            121.1987655,
            14.7662396
          ],
          [
            121.1986705,
            14.7663331
          ],
          [
            121.1985906,
            14.7664471
          ],
          [
            121.1984661,
            14.7666261
          ],
          [
            121.197934,
            14.767456
          ],
          [
            121.1976743,
            14.7678124
          ],
          [
            121.1974552,
            14.7681854
          ],
          [
            121.1974168,
            14.7683104
          ],
          [
            121.1973825,
            14.7686673
          ],
          [
            121.1973482,
            14.7691403
          ],
          [
            121.1972108,
            14.7693976
          ],
          [
            121.1969126,
            14.7695724
          ],
          [
            121.1966808,
            14.769672
          ],
          [
            121.1963032,
            14.7697052
          ],
          [
            121.1961144,
            14.7696554
          ],
          [
            121.1958655,
            14.7695392
          ],
          [
            121.1956165,
            14.7693815
          ],
          [
            121.1955666,
            14.7692319
          ],
          [
            121.1955307,
            14.7691242
          ],
          [
            121.1953247,
            14.7688171
          ],
          [
            121.1952217,
            14.7684603
          ],
          [
            121.1951215,
            14.768207
          ],
          [
            121.1951215,
            14.7679685
          ],
          [
            121.1951516,
            14.7676801
          ],
          [
            121.195196,
            14.7673398
          ],
          [
            121.1951187,
            14.7671821
          ],
          [
            121.1950597,
            14.7669132
          ],
          [
            121.1949573,
            14.7666915
          ],
          [
            121.194873,
            14.7665286
          ],
          [
            121.1947625,
            14.7663818
          ],
          [
            121.1945474,
            14.7660643
          ],
          [
            121.1944547,
            14.7658127
          ],
          [
            121.194423,
            14.7654407
          ],
          [
            121.1943998,
            14.76524
          ],
          [
            121.1943288,
            14.7649427
          ],
          [
            121.1942327,
            14.7647942
          ],
          [
            121.194086,
            14.7647143
          ],
          [
            121.1938696,
            14.7646961
          ],
          [
            121.1936194,
            14.7647125
          ],
          [
            121.1932085,
            14.764772
          ],
          [
            121.1929536,
            14.7648457
          ],
          [
            121.1926436,
            14.7649687
          ],
          [
            121.1923118,
            14.7651028
          ],
          [
            121.1920986,
            14.7652052
          ],
          [
            121.1918351,
            14.7652785
          ],
          [
            121.1916339,
            14.7652837
          ],
          [
            121.1914811,
            14.7652396
          ],
          [
            121.1913764,
            14.7651073
          ],
          [
            121.1913174,
            14.7647857
          ],
          [
            121.1912692,
            14.7644641
          ],
          [
            121.191237,
            14.7641243
          ],
          [
            121.1911377,
            14.7639557
          ],
          [
            121.191017,
            14.7638727
          ],
          [
            121.1907515,
            14.7638675
          ],
          [
            121.1904511,
            14.763839
          ],
          [
            121.190199,
            14.7637534
          ],
          [
            121.1898959,
            14.7635433
          ],
          [
            121.1897162,
            14.7633307
          ],
          [
            121.1895794,
            14.7630739
          ],
          [
            121.1894791,
            14.7627475
          ],
          [
            121.1894625,
            14.7625421
          ],
          [
            121.1894727,
            14.7623584
          ],
          [
            121.1895054,
            14.7622106
          ],
          [
            121.1895419,
            14.7619279
          ],
          [
            121.1895633,
            14.7617252
          ],
          [
            121.1895284,
            14.7615021
          ],
          [
            121.1894265,
            14.7611701
          ],
          [
            121.189279,
            14.76089
          ],
          [
            121.1890188,
            14.7605658
          ],
          [
            121.1887506,
            14.7602805
          ],
          [
            121.1884367,
            14.7600263
          ],
          [
            121.1879942,
            14.7596424
          ],
          [
            121.1877394,
            14.7594531
          ],
          [
            121.1874175,
            14.7593208
          ],
          [
            121.187101,
            14.7592689
          ],
          [
            121.1866853,
            14.7592586
          ],
          [
            121.1862776,
            14.7593571
          ],
          [
            121.1858932,
            14.7595696
          ],
          [
            121.1857436,
            14.7597384
          ],
          [
            121.1855631,
            14.7600379
          ],
          [
            121.1853498,
            14.7604786
          ],
          [
            121.1852747,
            14.7607815
          ],
          [
            121.185193,
            14.7613083
          ],
          [
            121.1851741,
            14.7614101
          ],
          [
            121.1851296,
            14.7615345
          ],
          [
            121.1850602,
            14.7616806
          ],
          [
            121.1849102,
            14.7619523
          ],
          [
            121.1847246,
            14.7622258
          ],
          [
            121.1843759,
            14.7626458
          ],
          [
            121.1837494,
            14.7634863
          ],
          [
            121.183306,
            14.763943
          ],
          [
            121.1829959,
            14.7642255
          ],
          [
            121.1828135,
            14.7643759
          ],
          [
            121.182729,
            14.7644031
          ],
          [
            121.1826338,
            14.7643902
          ],
          [
            121.1825513,
            14.7643373
          ],
          [
            121.1823625,
            14.7641479
          ],
          [
            121.1820961,
            14.7638908
          ],
          [
            121.1817326,
            14.763513
          ],
          [
            121.1815569,
            14.763437
          ],
          [
            121.1813423,
            14.763398
          ],
          [
            121.1810714,
            14.7634111
          ],
          [
            121.1807639,
            14.7634968
          ],
          [
            121.1804037,
            14.7636879
          ],
          [
            121.1801227,
            14.7638658
          ],
          [
            121.1797673,
            14.7641998
          ],
          [
            121.1795027,
            14.7645276
          ],
          [
            121.1792772,
            14.7647802
          ],
          [
            121.1791188,
            14.7650039
          ],
          [
            121.1789756,
            14.7650995
          ],
          [
            121.1788049,
            14.7651281
          ],
          [
            121.1786842,
            14.7651332
          ],
          [
            121.178581,
            14.765071
          ],
          [
            121.1785224,
            14.7649785
          ],
          [
            121.1784078,
            14.7648087
          ],
          [
            121.1783261,
            14.7646306
          ],
          [
            121.1781869,
            14.7643934
          ],
          [
            121.1779623,
            14.7640844
          ],
          [
            121.1777554,
            14.7638879
          ],
          [
            121.1773565,
            14.7636173
          ],
          [
            121.1768509,
            14.7633332
          ],
          [
            121.1766659,
            14.7632827
          ],
          [
            121.1764151,
            14.7632321
          ],
          [
            121.1762917,
            14.7632347
          ],
          [
            121.1762059,
            14.7632126
          ],
          [
            121.1761697,
            14.7631413
          ],
          [
            121.1761831,
            14.7630428
          ],
          [
            121.176234,
            14.762939
          ],
          [
            121.1762394,
            14.7628054
          ],
          [
            121.1761643,
            14.762585
          ],
          [
            121.1761522,
            14.7623995
          ],
          [
            121.1761858,
            14.7620961
          ],
          [
            121.1762314,
            14.761672
          ],
          [
            121.176214,
            14.7615734
          ],
          [
            121.1761643,
            14.7614957
          ],
          [
            121.1760731,
            14.7614321
          ],
          [
            121.1759376,
            14.7613659
          ],
          [
            121.1757875,
            14.7613088
          ],
          [
            121.175565,
            14.7612557
          ],
          [
            121.1751907,
            14.7611481
          ],
          [
            121.1747239,
            14.7610365
          ],
          [
            121.1740762,
            14.7608342
          ],
          [
            121.1737128,
            14.7606825
          ],
          [
            121.1734413,
            14.760544
          ],
          [
            121.1731656,
            14.7603752
          ],
          [
            121.1730731,
            14.7603181
          ],
          [
            121.1728049,
            14.760064
          ],
          [
            121.1726546,
            14.7598694
          ],
          [
            121.1726197,
            14.7597643
          ],
          [
            121.1726195,
            14.7596497
          ],
          [
            121.1726426,
            14.7595387
          ],
          [
            121.1726828,
            14.7594481
          ],
          [
            121.1727888,
            14.7591896
          ],
          [
            121.1728595,
            14.7589984
          ],
          [
            121.1729175,
            14.7587995
          ],
          [
            121.1729336,
            14.758675
          ],
          [
            121.1728853,
            14.758579
          ],
          [
            121.1727995,
            14.7585116
          ],
          [
            121.1726466,
            14.7584753
          ],
          [
            121.1724454,
            14.7584727
          ],
          [
            121.1721772,
            14.758509
          ],
          [
            121.1719797,
            14.7585295
          ],
          [
            121.1714707,
            14.7584564
          ],
          [
            121.1712585,
            14.7583618
          ],
          [
            121.171016,
            14.758131
          ],
          [
            121.1709956,
            14.7580224
          ],
          [
            121.1710611,
            14.7572312
          ],
          [
            121.171055,
            14.7569118
          ],
          [
            121.1710557,
            14.7566399
          ],
          [
            121.1710454,
            14.7563907
          ],
          [
            121.1710255,
            14.7561931
          ],
          [
            121.1709907,
            14.7559057
          ],
          [
            121.1709247,
            14.7557049
          ],
          [
            121.1708458,
            14.7554435
          ],
          [
            121.1707826,
            14.7552993
          ],
          [
            121.1706742,
            14.7551436
          ],
          [
            121.1705991,
            14.7549424
          ],
          [
            121.1705004,
            14.7547307
          ],
          [
            121.1703358,
            14.7542793
          ],
          [
            121.1702005,
            14.7536114
          ],
          [
            121.1699865,
            14.7527184
          ],
          [
            121.1697932,
            14.7521184
          ],
          [
            121.1696623,
            14.751576
          ],
          [
            121.1695497,
            14.7512025
          ],
          [
            121.1692727,
            14.7508533
          ],
          [
            121.1690255,
            14.7506853
          ],
          [
            121.1687752,
            14.7505851
          ],
          [
            121.1685211,
            14.7505345
          ],
          [
            121.1681808,
            14.7504614
          ],
          [
            121.1679061,
            14.7503784
          ],
          [
            121.1673397,
            14.7502622
          ],
          [
            121.1671594,
            14.7502622
          ],
          [
            121.1669878,
            14.7502539
          ],
          [
            121.1667989,
            14.7502954
          ],
          [
            121.1664041,
            14.7504033
          ],
          [
            121.166138,
            14.7505029
          ],
          [
            121.1659235,
            14.7506357
          ],
          [
            121.165623,
            14.7508847
          ],
          [
            121.1654171,
            14.750976
          ],
          [
            121.1650308,
            14.7510175
          ],
          [
            121.164754,
            14.7510909
          ],
          [
            121.1645279,
            14.7511429
          ],
          [
            121.1642216,
            14.751263
          ],
          [
            121.1638482,
            14.7514526
          ],
          [
            121.1634311,
            14.751705
          ],
          [
            121.1632391,
            14.751808
          ],
          [
            121.1631419,
            14.751927
          ],
          [
            121.1629542,
            14.7521171
          ],
          [
            121.162886,
            14.7522269
          ],
          [
            121.1628131,
            14.7524442
          ],
          [
            121.1626458,
            14.7528675
          ],
          [
            121.1624382,
            14.753366
          ],
          [
            121.1623142,
            14.75367
          ],
          [
            121.1622086,
            14.7539797
          ],
          [
            121.1621222,
            14.7541224
          ],
          [
            121.1620406,
            14.7542201
          ],
          [
            121.1618706,
            14.75443
          ],
          [
            121.1616426,
            14.7545293
          ],
          [
            121.1614717,
            14.7545644
          ],
          [
            121.1612403,
            14.7545545
          ],
          [
            121.1610471,
            14.7544873
          ],
          [
            121.1609372,
            14.7543659
          ],
          [
            121.1608328,
            14.7541217
          ],
          [
            121.1607607,
            14.7538111
          ],
          [
            121.1607138,
            14.7536435
          ],
          [
            121.1605088,
            14.7534337
          ],
          [
            121.1603144,
            14.7532467
          ],
          [
            121.1602371,
            14.753089
          ],
          [
            121.1600341,
            14.7529035
          ],
          [
            121.1598359,
            14.7526605
          ],
          [
            121.159602,
            14.7525163
          ],
          [
            121.1592672,
            14.7522507
          ],
          [
            121.1589411,
            14.7519436
          ],
          [
            121.158572,
            14.7516946
          ],
          [
            121.1582867,
            14.7515234
          ],
          [
            121.1579545,
            14.7513725
          ],
          [
            121.1576386,
            14.7512791
          ],
          [
            121.1574176,
            14.7512381
          ],
          [
            121.1571901,
            14.75118
          ],
          [
            121.1569597,
            14.751129
          ],
          [
            121.1566482,
            14.7510341
          ],
          [
            121.1564561,
            14.7509488
          ],
          [
            121.1562958,
            14.7507951
          ],
          [
            121.1562117,
            14.7505741
          ],
          [
            121.1561602,
            14.7503749
          ],
          [
            121.1560314,
            14.7500263
          ],
          [
            121.1557739,
            14.7495946
          ],
          [
            121.1555678,
            14.7491936
          ],
          [
            121.1554528,
            14.749089
          ],
          [
            121.1553794,
            14.7489913
          ],
          [
            121.155278,
            14.7488352
          ],
          [
            121.1551342,
            14.748659
          ],
          [
            121.1550291,
            14.7484311
          ],
          [
            121.1549485,
            14.7482539
          ],
          [
            121.1548586,
            14.7480798
          ],
          [
            121.154665,
            14.7477228
          ],
          [
            121.1544391,
            14.7472373
          ],
          [
            121.154319,
            14.7471275
          ],
          [
            121.1542055,
            14.7470738
          ],
          [
            121.1540002,
            14.7471008
          ],
          [
            121.1535908,
            14.7472649
          ],
          [
            121.153277,
            14.7473324
          ],
          [
            121.1530221,
            14.7473454
          ],
          [
            121.1528429,
            14.7473338
          ],
          [
            121.1524527,
            14.7472514
          ],
          [
            121.1520452,
            14.7471981
          ],
          [
            121.1516353,
            14.7471571
          ],
          [
            121.1512243,
            14.7471522
          ],
          [
            121.1501951,
            14.7472212
          ],
          [
            121.1497843,
            14.7472031
          ],
          [
            121.1493897,
            14.7471184
          ],
          [
            121.1491897,
            14.7470116
          ],
          [
            121.1487562,
            14.7467601
          ],
          [
            121.1484108,
            14.7464329
          ],
          [
            121.1482083,
            14.7461878
          ],
          [
            121.1479748,
            14.7458267
          ],
          [
            121.147787,
            14.7454648
          ],
          [
            121.1474754,
            14.7448845
          ],
          [
            121.1473114,
            14.7446175
          ],
          [
            121.1472492,
            14.7444654
          ],
          [
            121.147124,
            14.7442853
          ],
          [
            121.1470161,
            14.7441302
          ],
          [
            121.1468656,
            14.7440015
          ],
          [
            121.1466567,
            14.743836
          ],
          [
            121.1465049,
            14.7437355
          ],
          [
            121.1461332,
            14.743438
          ],
          [
            121.1458919,
            14.7432553
          ],
          [
            121.1457983,
            14.7431727
          ],
          [
            121.1457338,
            14.7430924
          ],
          [
            121.1456902,
            14.7430178
          ],
          [
            121.1456688,
            14.7429466
          ],
          [
            121.145645,
            14.742849
          ],
          [
            121.1456661,
            14.7427956
          ],
          [
            121.14576,
            14.7426394
          ],
          [
            121.1463306,
            14.7419716
          ],
          [
            121.1464252,
            14.7418236
          ],
          [
            121.1465098,
            14.7416915
          ],
          [
            121.1466999,
            14.7414214
          ],
          [
            121.146915,
            14.7411044
          ],
          [
            121.1469906,
            14.7409191
          ],
          [
            121.1470479,
            14.7407811
          ],
          [
            121.1470765,
            14.7406442
          ],
          [
            121.1471311,
            14.7405334
          ],
          [
            121.1471907,
            14.740313
          ],
          [
            121.1472653,
            14.7400202
          ],
          [
            121.1474355,
            14.7393845
          ],
          [
            121.1475619,
            14.7386522
          ],
          [
            121.1476022,
            14.7382706
          ],
          [
            121.1476164,
            14.7380332
          ],
          [
            121.1476033,
            14.7378364
          ],
          [
            121.1475667,
            14.7375458
          ],
          [
            121.1475355,
            14.7373331
          ],
          [
            121.1474969,
            14.7371319
          ],
          [
            121.1474663,
            14.7369882
          ],
          [
            121.1473887,
            14.7366338
          ]
        ]
      },
      "id": "relation/11957846"
    },
    {
      "type": "Feature",
      "properties": {
        "@id": "relation/11963824",
        "destination": "Pasig River",
        "name": "Marikina River",
        "name:en": "Marikina River",
        "name:tl": "Ilog Marikina",
        "type": "waterway",
        "waterway": "river",
        "wikidata": "Q3551251",
        "wikipedia": "en:Marikina River"
      },
      "geometry": {
        "type": "MultiLineString",
        "coordinates": [
          [
            [
              121.210576,
              14.7034846
            ],
            [
              121.2096373,
              14.7032305
            ],
            [
              121.2091985,
              14.703093
            ],
            [
              121.209023,
              14.7030005
            ],
            [
              121.2089101,
              14.702896
            ],
            [
              121.2088752,
              14.7027369
            ],
            [
              121.2088993,
              14.7025709
            ],
            [
              121.2089501,
              14.7023302
            ],
            [
              121.2089664,
              14.7020753
            ],
            [
              121.2089198,
              14.7017914
            ],
            [
              121.2088062,
              14.7014485
            ],
            [
              121.2085748,
              14.7009442
            ],
            [
              121.2082797,
              14.700472
            ],
            [
              121.2079779,
              14.7000357
            ],
            [
              121.207687,
              14.6997144
            ],
            [
              121.2073764,
              14.699393
            ],
            [
              121.2070674,
              14.699193
            ],
            [
              121.2064853,
              14.6989984
            ],
            [
              121.2059623,
              14.6989128
            ],
            [
              121.2055144,
              14.6989128
            ],
            [
              121.2049829,
              14.6990573
            ],
            [
              121.20461,
              14.6992545
            ],
            [
              121.2041143,
              14.6995614
            ],
            [
              121.2034849,
              14.6999765
            ],
            [
              121.2025071,
              14.7005997
            ],
            [
              121.2010722,
              14.7014878
            ],
            [
              121.200672,
              14.7017046
            ],
            [
              121.2001576,
              14.7019848
            ],
            [
              121.1998625,
              14.7021535
            ],
            [
              121.1996698,
              14.7022505
            ],
            [
              121.1995015,
              14.702305
            ],
            [
              121.1991448,
              14.7024013
            ],
            [
              121.1989483,
              14.7024788
            ],
            [
              121.1987542,
              14.7025998
            ],
            [
              121.1985611,
              14.7028073
            ],
            [
              121.1984463,
              14.7030668
            ],
            [
              121.1984002,
              14.7034341
            ],
            [
              121.1983819,
              14.7040095
            ],
            [
              121.1984432,
              14.7045273
            ],
            [
              121.1985,
              14.7048993
            ],
            [
              121.1985832,
              14.7050851
            ],
            [
              121.1987123,
              14.7052742
            ],
            [
              121.198942,
              14.7054188
            ],
            [
              121.1992382,
              14.705537
            ],
            [
              121.1996028,
              14.7056322
            ],
            [
              121.200032,
              14.7057057
            ],
            [
              121.200327,
              14.7057645
            ],
            [
              121.2005674,
              14.7058396
            ],
            [
              121.200791,
              14.7059591
            ],
            [
              121.2009392,
              14.7060886
            ],
            [
              121.2010485,
              14.706286
            ],
            [
              121.2010664,
              14.7064763
            ],
            [
              121.2010351,
              14.7068446
            ],
            [
              121.2008947,
              14.7075285
            ],
            [
              121.2007809,
              14.7081651
            ],
            [
              121.2007015,
              14.7085102
            ],
            [
              121.2005766,
              14.7087634
            ],
            [
              121.2004745,
              14.7089452
            ],
            [
              121.2003169,
              14.7091795
            ],
            [
              121.2000104,
              14.7095224
            ],
            [
              121.1996172,
              14.7098998
            ],
            [
              121.1992648,
              14.7102436
            ],
            [
              121.1990422,
              14.7104323
            ],
            [
              121.1988752,
              14.7105464
            ],
            [
              121.1986627,
              14.7106768
            ],
            [
              121.1983811,
              14.7108183
            ],
            [
              121.19809,
              14.710948
            ],
            [
              121.197913,
              14.711018
            ],
            [
              121.1976421,
              14.7111555
            ],
            [
              121.1974356,
              14.7114046
            ],
            [
              121.1972344,
              14.7117444
            ],
            [
              121.1970976,
              14.7119701
            ],
            [
              121.1969849,
              14.7122191
            ],
            [
              121.1968857,
              14.7125253
            ],
            [
              121.1968402,
              14.7128073
            ],
            [
              121.1967973,
              14.7130606
            ],
            [
              121.1966899,
              14.7133996
            ],
            [
              121.1965531,
              14.7137472
            ],
            [
              121.1964084,
              14.7140786
            ],
            [
              121.1963385,
              14.7146552
            ],
            [
              121.1963526,
              14.7151421
            ],
            [
              121.1964235,
              14.7154929
            ],
            [
              121.1965618,
              14.7159464
            ],
            [
              121.196651,
              14.7161546
            ],
            [
              121.1967838,
              14.7163388
            ],
            [
              121.1969447,
              14.7164556
            ],
            [
              121.197052,
              14.7165139
            ],
            [
              121.1972773,
              14.7166229
            ],
            [
              121.1975174,
              14.7167389
            ],
            [
              121.1978352,
              14.71692
            ],
            [
              121.1984012,
              14.7173298
            ],
            [
              121.1986479,
              14.7175633
            ],
            [
              121.1987337,
              14.7177164
            ],
            [
              121.1987767,
              14.7178435
            ],
            [
              121.1987887,
              14.7180011
            ],
            [
              121.1987986,
              14.7182395
            ],
            [
              121.1987001,
              14.7195971
            ],
            [
              121.1986506,
              14.7201108
            ],
            [
              121.1985316,
              14.720569
            ],
            [
              121.1984069,
              14.720873
            ],
            [
              121.1982724,
              14.7211271
            ],
            [
              121.1981071,
              14.7213305
            ],
            [
              121.1980031,
              14.7214417
            ],
            [
              121.1979222,
              14.7215549
            ],
            [
              121.1977513,
              14.7218353
            ],
            [
              121.1973978,
              14.7225905
            ],
            [
              121.1970178,
              14.7230612
            ],
            [
              121.1968044,
              14.7232723
            ],
            [
              121.1964861,
              14.7235247
            ],
            [
              121.1961981,
              14.7237036
            ],
            [
              121.1958349,
              14.7238561
            ],
            [
              121.1955875,
              14.7239683
            ],
            [
              121.1954095,
              14.7241725
            ],
            [
              121.1952871,
              14.724386
            ],
            [
              121.1952113,
              14.7245816
            ],
            [
              121.1951651,
              14.7247569
            ],
            [
              121.1951275,
              14.7250137
            ],
            [
              121.1950926,
              14.725159
            ],
            [
              121.1950417,
              14.7253082
            ],
            [
              121.1949706,
              14.7254275
            ],
            [
              121.1948888,
              14.7255468
            ],
            [
              121.1948378,
              14.7256415
            ],
            [
              121.1947896,
              14.7257907
            ],
            [
              121.1947855,
              14.7258983
            ],
            [
              121.1948271,
              14.7260138
            ],
            [
              121.1948494,
              14.7260812
            ],
            [
              121.1948687,
              14.7261396
            ],
            [
              121.1948767,
              14.726242
            ],
            [
              121.1948553,
              14.7263263
            ],
            [
              121.1948284,
              14.7264288
            ],
            [
              121.1947574,
              14.7265494
            ],
            [
              121.1945415,
              14.7268205
            ],
            [
              121.1943993,
              14.7270151
            ],
            [
              121.1942692,
              14.7271396
            ],
            [
              121.1941043,
              14.7272239
            ],
            [
              121.1936979,
              14.7273847
            ],
            [
              121.1934029,
              14.727469
            ],
            [
              121.1931185,
              14.7275274
            ],
            [
              121.1927135,
              14.7275767
            ],
            [
              121.1929214,
              14.7274353
            ],
            [
              121.1930612,
              14.7273013
            ],
            [
              121.1931963,
              14.7271565
            ],
            [
              121.1933753,
              14.7269566
            ],
            [
              121.1936272,
              14.7265204
            ],
            [
              121.1937824,
              14.7263328
            ],
            [
              121.1939245,
              14.7262005
            ],
            [
              121.1941327,
              14.7260454
            ],
            [
              121.1943524,
              14.7258555
            ],
            [
              121.1945914,
              14.725523
            ],
            [
              121.194638,
              14.7254872
            ],
            [
              121.1946876,
              14.7254625
            ],
            [
              121.1947949,
              14.7254456
            ],
            [
              121.1948861,
              14.7254405
            ],
            [
              121.1949706,
              14.7254275
            ]
          ],
          [
            [
              121.1927135,
              14.7275767
            ],
            [
              121.1924465,
              14.7276339
            ],
            [
              121.1922334,
              14.7277077
            ],
            [
              121.192051,
              14.7277868
            ],
            [
              121.191882,
              14.727886
            ],
            [
              121.1917501,
              14.7279648
            ],
            [
              121.191683,
              14.7280049
            ],
            [
              121.1914542,
              14.7281448
            ],
            [
              121.1912182,
              14.7282706
            ],
            [
              121.1910184,
              14.7283614
            ],
            [
              121.1907354,
              14.7284768
            ],
            [
              121.1902518,
              14.7286425
            ],
            [
              121.1899633,
              14.7287553
            ],
            [
              121.1898369,
              14.7288128
            ],
            [
              121.189687,
              14.7288912
            ],
            [
              121.1893826,
              14.7290992
            ],
            [
              121.1888065,
              14.729515
            ],
            [
              121.1885454,
              14.7296927
            ],
            [
              121.1883022,
              14.7299105
            ],
            [
              121.1881074,
              14.730092
            ],
            [
              121.1879887,
              14.7302353
            ],
            [
              121.1878659,
              14.7304241
            ],
            [
              121.1877051,
              14.7306959
            ],
            [
              121.1875897,
              14.7308502
            ],
            [
              121.1872872,
              14.7311203
            ],
            [
              121.186969,
              14.7313529
            ],
            [
              121.1867948,
              14.731428
            ],
            [
              121.1864912,
              14.7314553
            ],
            [
              121.1861077,
              14.7315079
            ],
            [
              121.1858169,
              14.7316082
            ],
            [
              121.1855847,
              14.7316864
            ],
            [
              121.1854273,
              14.7317013
            ],
            [
              121.1852878,
              14.7316857
            ],
            [
              121.1851689,
              14.7316228
            ],
            [
              121.1850643,
              14.7314984
            ],
            [
              121.1848898,
              14.731367
            ],
            [
              121.1846543,
              14.7312847
            ],
            [
              121.1843675,
              14.7312648
            ],
            [
              121.1840218,
              14.7313069
            ],
            [
              121.1838301,
              14.7314194
            ],
            [
              121.1836678,
              14.7315936
            ],
            [
              121.18356,
              14.7317859
            ],
            [
              121.1834458,
              14.7319869
            ],
            [
              121.1833117,
              14.7321597
            ],
            [
              121.1830294,
              14.7323575
            ],
            [
              121.1824977,
              14.7326329
            ],
            [
              121.1821523,
              14.7328841
            ],
            [
              121.1819024,
              14.7331205
            ],
            [
              121.181281,
              14.7336963
            ],
            [
              121.1808518,
              14.734045
            ],
            [
              121.1805077,
              14.7342582
            ],
            [
              121.1801853,
              14.7343542
            ],
            [
              121.1798436,
              14.7344061
            ],
            [
              121.1789853,
              14.7345472
            ],
            [
              121.1785179,
              14.7345832
            ],
            [
              121.1781189,
              14.7345602
            ],
            [
              121.1775678,
              14.7344748
            ],
            [
              121.1769237,
              14.7342972
            ],
            [
              121.1762789,
              14.7341107
            ],
            [
              121.1749479,
              14.7336826
            ],
            [
              121.1745644,
              14.7336497
            ],
            [
              121.1743444,
              14.7336572
            ],
            [
              121.1742025,
              14.7337253
            ],
            [
              121.1740869,
              14.7338751
            ],
            [
              121.1740489,
              14.7340606
            ],
            [
              121.1740399,
              14.7344348
            ],
            [
              121.174058,
              14.7347692
            ],
            [
              121.1740052,
              14.7352937
            ],
            [
              121.1738993,
              14.7357801
            ],
            [
              121.1737925,
              14.7362352
            ],
            [
              121.1736874,
              14.7367043
            ],
            [
              121.1735844,
              14.7371469
            ],
            [
              121.1734647,
              14.7374859
            ],
            [
              121.1732357,
              14.737881
            ],
            [
              121.1730945,
              14.7379969
            ],
            [
              121.1729299,
              14.7380377
            ],
            [
              121.1727223,
              14.7380221
            ],
            [
              121.172276,
              14.737881
            ],
            [
              121.1717954,
              14.737632
            ],
            [
              121.171452,
              14.7373332
            ],
            [
              121.1711087,
              14.7368019
            ],
            [
              121.1707225,
              14.7361244
            ],
            [
              121.1705142,
              14.735805
            ],
            [
              121.1703077,
              14.735613
            ],
            [
              121.1700857,
              14.7354842
            ],
            [
              121.1696405,
              14.7353415
            ],
            [
              121.1685358,
              14.7351208
            ],
            [
              121.168052,
              14.7350657
            ],
            [
              121.1675289,
              14.7349412
            ],
            [
              121.1671173,
              14.7347928
            ],
            [
              121.1662462,
              14.7343841
            ],
            [
              121.1658961,
              14.7342637
            ],
            [
              121.1652502,
              14.7340644
            ],
            [
              121.1647066,
              14.7339354
            ],
            [
              121.1641286,
              14.7338084
            ],
            [
              121.1635127,
              14.733714
            ],
            [
              121.1630235,
              14.7336154
            ],
            [
              121.1625943,
              14.733631
            ],
            [
              121.1622252,
              14.7338136
            ],
            [
              121.1618014,
              14.7340015
            ],
            [
              121.1613551,
              14.7342339
            ],
            [
              121.1602146,
              14.7351524
            ],
            [
              121.1597184,
              14.7355181
            ],
            [
              121.1594515,
              14.7356939
            ],
            [
              121.159206,
              14.7358076
            ],
            [
              121.1588993,
              14.7358889
            ],
            [
              121.158447,
              14.7359399
            ],
            [
              121.1573279,
              14.7362438
            ],
            [
              121.1564893,
              14.7365298
            ],
            [
              121.1560314,
              14.7366913
            ],
            [
              121.1556613,
              14.7368837
            ],
            [
              121.154824,
              14.7372348
            ],
            [
              121.1545825,
              14.7373146
            ],
            [
              121.1543378,
              14.737351
            ],
            [
              121.1541313,
              14.737351
            ],
            [
              121.1533749,
              14.7373354
            ],
            [
              121.1529402,
              14.7372773
            ],
            [
              121.1512867,
              14.7370401
            ],
            [
              121.1498514,
              14.7368294
            ],
            [
              121.1480031,
              14.7366603
            ],
            [
              121.1473887,
              14.7366338
            ],
            [
              121.146711,
              14.7366188
            ],
            [
              121.146284,
              14.7366327
            ],
            [
              121.1446204,
              14.736848
            ],
            [
              121.1438207,
              14.7368605
            ],
            [
              121.1433182,
              14.7368474
            ],
            [
              121.1427546,
              14.7367624
            ],
            [
              121.1420844,
              14.7364867
            ],
            [
              121.1412935,
              14.7362221
            ],
            [
              121.1405694,
              14.7361116
            ],
            [
              121.1397046,
              14.7361674
            ],
            [
              121.1388011,
              14.7362148
            ],
            [
              121.1375434,
              14.736318
            ],
            [
              121.1367193,
              14.7364916
            ],
            [
              121.1361562,
              14.736657
            ],
            [
              121.1354855,
              14.7366792
            ],
            [
              121.1351518,
              14.7366573
            ],
            [
              121.1342622,
              14.7365964
            ],
            [
              121.1335342,
              14.7364801
            ],
            [
              121.132674,
              14.7361391
            ],
            [
              121.1318997,
              14.7355853
            ],
            [
              121.1313869,
              14.7351734
            ],
            [
              121.1311997,
              14.7349875
            ],
            [
              121.1306358,
              14.7341939
            ],
            [
              121.1303882,
              14.733564
            ],
            [
              121.1302011,
              14.732843
            ],
            [
              121.1299797,
              14.7316093
            ],
            [
              121.1297769,
              14.7300438
            ],
            [
              121.1297457,
              14.7290604
            ],
            [
              121.1297426,
              14.7286351
            ],
            [
              121.1299048,
              14.7279081
            ],
            [
              121.1303476,
              14.7270168
            ],
            [
              121.1303791,
              14.7268724
            ],
            [
              121.1303142,
              14.7267242
            ],
            [
              121.1303005,
              14.7265189
            ],
            [
              121.1301904,
              14.7261959
            ],
            [
              121.1300725,
              14.7259032
            ],
            [
              121.1299075,
              14.7255878
            ],
            [
              121.1297385,
              14.7249797
            ],
            [
              121.129601,
              14.7244704
            ],
            [
              121.1293,
              14.7240182
            ],
            [
              121.1289163,
              14.7239272
            ],
            [
              121.1284682,
              14.7238218
            ],
            [
              121.1281984,
              14.7236447
            ],
            [
              121.1280449,
              14.7233885
            ],
            [
              121.1278518,
              14.7232903
            ],
            [
              121.127686,
              14.7232017
            ],
            [
              121.1273419,
              14.7229216
            ],
            [
              121.1272032,
              14.7227301
            ],
            [
              121.1271636,
              14.7225649
            ],
            [
              121.127275,
              14.7222297
            ],
            [
              121.1272528,
              14.7221243
            ],
            [
              121.1271017,
              14.7220333
            ],
            [
              121.1268839,
              14.7219328
            ],
            [
              121.1264878,
              14.7217388
            ],
            [
              121.1260404,
              14.7214226
            ],
            [
              121.1256864,
              14.7211104
            ],
            [
              121.1253402,
              14.7207168
            ],
            [
              121.1250544,
              14.7202066
            ],
            [
              121.1250004,
              14.7197075
            ],
            [
              121.1250714,
              14.7193201
            ],
            [
              121.1252177,
              14.7189718
            ],
            [
              121.1254073,
              14.7185703
            ],
            [
              121.1255361,
              14.7183609
            ],
            [
              121.1259188,
              14.7176745
            ],
            [
              121.1259052,
              14.7173955
            ],
            [
              121.1258634,
              14.7171936
            ],
            [
              121.1257298,
              14.7168725
            ],
            [
              121.1256826,
              14.7167589
            ],
            [
              121.1250601,
              14.7161318
            ],
            [
              121.1245844,
              14.7159682
            ],
            [
              121.1240554,
              14.7155468
            ],
            [
              121.1240173,
              14.7152947
            ],
            [
              121.124039,
              14.7150523
            ],
            [
              121.1247239,
              14.7137321
            ],
            [
              121.1248675,
              14.7133545
            ],
            [
              121.1248027,
              14.712421
            ],
            [
              121.1248456,
              14.7102874
            ],
            [
              121.1247993,
              14.7091458
            ],
            [
              121.1246188,
              14.708328
            ],
            [
              121.1243536,
              14.7077441
            ],
            [
              121.1241065,
              14.7072132
            ],
            [
              121.1237894,
              14.706847
            ],
            [
              121.1227327,
              14.7065202
            ],
            [
              121.1224383,
              14.7064339
            ],
            [
              121.1222323,
              14.706474
            ],
            [
              121.1218856,
              14.7067919
            ],
            [
              121.1215806,
              14.7071305
            ],
            [
              121.1211309,
              14.7076078
            ],
            [
              121.1209982,
              14.7077969
            ],
            [
              121.1206827,
              14.7080263
            ],
            [
              121.1204385,
              14.7081222
            ],
            [
              121.1201645,
              14.7081449
            ],
            [
              121.1200397,
              14.7080208
            ],
            [
              121.1199763,
              14.7076263
            ],
            [
              121.1204638,
              14.7073069
            ],
            [
              121.1202777,
              14.7063653
            ],
            [
              121.1200699,
              14.7057931
            ],
            [
              121.1200929,
              14.705355
            ],
            [
              121.1201063,
              14.7050994
            ],
            [
              121.1197941,
              14.7042974
            ],
            [
              121.1191931,
              14.7031837
            ],
            [
              121.1191234,
              14.7026311
            ],
            [
              121.1191769,
              14.7024046
            ],
            [
              121.1193781,
              14.7021579
            ],
            [
              121.1201061,
              14.7016524
            ],
            [
              121.1205071,
              14.7012328
            ],
            [
              121.1206308,
              14.7007831
            ],
            [
              121.1207485,
              14.7005421
            ],
            [
              121.1207666,
              14.7002683
            ],
            [
              121.1207271,
              14.6999453
            ],
            [
              121.1206332,
              14.6995925
            ],
            [
              121.1204508,
              14.6991904
            ],
            [
              121.1200887,
              14.6985041
            ],
            [
              121.1200055,
              14.6983939
            ],
            [
              121.1199036,
              14.698294
            ],
            [
              121.1197829,
              14.6982019
            ],
            [
              121.119567,
              14.6980657
            ],
            [
              121.1188602,
              14.6976635
            ],
            [
              121.1185732,
              14.6975234
            ],
            [
              121.1184204,
              14.6974793
            ],
            [
              121.1182393,
              14.6974534
            ],
            [
              121.118014,
              14.6974482
            ],
            [
              121.1177619,
              14.6974599
            ],
            [
              121.1172321,
              14.6977219
            ],
            [
              121.1161459,
              14.6976933
            ],
            [
              121.1156225,
              14.6976829
            ],
            [
              121.1151768,
              14.697722
            ],
            [
              121.1146224,
              14.6977894
            ],
            [
              121.1142027,
              14.697898
            ],
            [
              121.1139464,
              14.6980592
            ],
            [
              121.1136835,
              14.6981078
            ],
            [
              121.1132035,
              14.6978983
            ],
            [
              121.112718,
              14.6977972
            ],
            [
              121.1124859,
              14.6976077
            ],
            [
              121.1121494,
              14.696915
            ],
            [
              121.1121743,
              14.6964194
            ],
            [
              121.1114141,
              14.6957288
            ],
            [
              121.1114034,
              14.6951533
            ],
            [
              121.1115761,
              14.693783
            ],
            [
              121.1115295,
              14.6930258
            ],
            [
              121.1113873,
              14.6912424
            ],
            [
              121.1113484,
              14.6894359
            ],
            [
              121.1113444,
              14.6892498
            ],
            [
              121.1121855,
              14.6852978
            ],
            [
              121.1121169,
              14.6846502
            ],
            [
              121.1119916,
              14.6844409
            ],
            [
              121.1116706,
              14.6834048
            ],
            [
              121.1101685,
              14.6808973
            ],
            [
              121.1088846,
              14.6787885
            ],
            [
              121.1079596,
              14.6772824
            ],
            [
              121.1066178,
              14.6757895
            ],
            [
              121.105877,
              14.6752513
            ],
            [
              121.1050187,
              14.6744874
            ],
            [
              121.1036883,
              14.6727604
            ],
            [
              121.103246,
              14.6723195
            ],
            [
              121.1002379,
              14.6700618
            ],
            [
              121.0993176,
              14.6692092
            ],
            [
              121.0989231,
              14.66828
            ],
            [
              121.0987592,
              14.6678005
            ],
            [
              121.0986737,
              14.6673511
            ],
            [
              121.0986873,
              14.6671562
            ],
            [
              121.0988218,
              14.6670317
            ],
            [
              121.0988701,
              14.6668294
            ],
            [
              121.0988355,
              14.666584
            ],
            [
              121.0987418,
              14.6661076
            ],
            [
              121.0983993,
              14.6651508
            ],
            [
              121.098272,
              14.6648377
            ],
            [
              121.0980536,
              14.6642888
            ],
            [
              121.0979135,
              14.6640424
            ],
            [
              121.0977901,
              14.6637829
            ],
            [
              121.0976735,
              14.6635755
            ],
            [
              121.0974382,
              14.6631897
            ],
            [
              121.0971918,
              14.6629036
            ],
            [
              121.09689,
              14.6626171
            ],
            [
              121.0967957,
              14.6624945
            ],
            [
              121.0966498,
              14.662317
            ],
            [
              121.0964444,
              14.6620648
            ],
            [
              121.0962982,
              14.6618339
            ],
            [
              121.0962313,
              14.6616572
            ],
            [
              121.0962122,
              14.6615013
            ],
            [
              121.0961316,
              14.6612537
            ],
            [
              121.0960087,
              14.660955
            ],
            [
              121.0960236,
              14.660928
            ],
            [
              121.0959307,
              14.6604088
            ],
            [
              121.0959768,
              14.6599881
            ],
            [
              121.0959893,
              14.6598735
            ],
            [
              121.0961556,
              14.6586539
            ],
            [
              121.0964699,
              14.6571665
            ],
            [
              121.0964699,
              14.6563029
            ],
            [
              121.0960236,
              14.6551154
            ],
            [
              121.0956374,
              14.6542269
            ],
            [
              121.0951424,
              14.6538804
            ],
            [
              121.0950108,
              14.6537619
            ],
            [
              121.09338,
              14.6529149
            ],
            [
              121.092364,
              14.6525895
            ],
            [
              121.0910798,
              14.6520347
            ],
            [
              121.0902816,
              14.6515198
            ],
            [
              121.0894243,
              14.6508306
            ],
            [
              121.0891969,
              14.6500251
            ],
            [
              121.0891834,
              14.6488802
            ],
            [
              121.0892353,
              14.6487054
            ],
            [
              121.0896603,
              14.6468726
            ],
            [
              121.0898107,
              14.6459671
            ],
            [
              121.0904365,
              14.6445902
            ],
            [
              121.0911101,
              14.6428677
            ],
            [
              121.0917155,
              14.640602
            ],
            [
              121.0926006,
              14.6378862
            ],
            [
              121.0931247,
              14.635682
            ],
            [
              121.0934878,
              14.6342293
            ],
            [
              121.0940434,
              14.6299092
            ],
            [
              121.0941489,
              14.6290511
            ],
            [
              121.0941097,
              14.6282078
            ],
            [
              121.0940483,
              14.6270965
            ],
            [
              121.0937747,
              14.6259627
            ],
            [
              121.093479,
              14.6252354
            ],
            [
              121.0932826,
              14.6249293
            ],
            [
              121.0930732,
              14.6246502
            ],
            [
              121.0927817,
              14.6243998
            ],
            [
              121.0922727,
              14.6242149
            ],
            [
              121.0916773,
              14.6241534
            ],
            [
              121.0907987,
              14.6243094
            ],
            [
              121.0898914,
              14.6247158
            ],
            [
              121.088828,
              14.625615
            ],
            [
              121.087615,
              14.6268599
            ],
            [
              121.0871539,
              14.6274443
            ],
            [
              121.0864432,
              14.6284669
            ],
            [
              121.0856008,
              14.6295102
            ],
            [
              121.0850764,
              14.6299354
            ],
            [
              121.0845898,
              14.6301652
            ],
            [
              121.0840462,
              14.6301758
            ],
            [
              121.0838604,
              14.6301401
            ],
            [
              121.0836171,
              14.6299944
            ],
            [
              121.0834465,
              14.6298109
            ],
            [
              121.0831275,
              14.6292719
            ],
            [
              121.0828842,
              14.6284933
            ],
            [
              121.0825339,
              14.6276417
            ],
            [
              121.08228,
              14.62647
            ],
            [
              121.0820177,
              14.6254078
            ],
            [
              121.0819277,
              14.6247328
            ],
            [
              121.0819084,
              14.6236464
            ],
            [
              121.0816072,
              14.6210353
            ],
            [
              121.0814327,
              14.6204643
            ],
            [
              121.0813273,
              14.6202958
            ],
            [
              121.0810977,
              14.6199708
            ],
            [
              121.0803899,
              14.6195474
            ],
            [
              121.0801964,
              14.6194061
            ],
            [
              121.0798534,
              14.619101
            ],
            [
              121.0788822,
              14.6177381
            ],
            [
              121.0786891,
              14.6173291
            ],
            [
              121.0784541,
              14.616765
            ],
            [
              121.078399,
              14.6160455
            ],
            [
              121.0784392,
              14.6155269
            ],
            [
              121.0788997,
              14.6141584
            ],
            [
              121.079012,
              14.6138249
            ],
            [
              121.0799561,
              14.6124462
            ],
            [
              121.0810672,
              14.6115981
            ],
            [
              121.082733,
              14.6104304
            ],
            [
              121.0846661,
              14.6090753
            ],
            [
              121.0866938,
              14.6076539
            ],
            [
              121.0869916,
              14.607435
            ],
            [
              121.0873671,
              14.6069989
            ],
            [
              121.0876246,
              14.6066771
            ],
            [
              121.0880242,
              14.6060925
            ],
            [
              121.0883546,
              14.6054058
            ],
            [
              121.0889512,
              14.6041655
            ],
            [
              121.0900155,
              14.6024379
            ],
            [
              121.0904275,
              14.6011754
            ],
            [
              121.0904543,
              14.6001564
            ],
            [
              121.0902434,
              14.5996752
            ],
            [
              121.0900354,
              14.5993213
            ],
            [
              121.0892784,
              14.5991854
            ],
            [
              121.0885861,
              14.5991661
            ],
            [
              121.0879788,
              14.5994192
            ],
            [
              121.0874234,
              14.6003282
            ],
            [
              121.0870479,
              14.6014334
            ],
            [
              121.0863878,
              14.6022288
            ],
            [
              121.0856732,
              14.6028411
            ],
            [
              121.0846416,
              14.6033011
            ],
            [
              121.083786,
              14.6033745
            ],
            [
              121.0832517,
              14.6032684
            ],
            [
              121.0828519,
              14.6030984
            ],
            [
              121.0824594,
              14.6026332
            ],
            [
              121.0823594,
              14.6023855
            ],
            [
              121.0823531,
              14.6017929
            ],
            [
              121.082531,
              14.5989494
            ],
            [
              121.0824407,
              14.5972293
            ],
            [
              121.0823855,
              14.596288
            ],
            [
              121.0823165,
              14.5951453
            ],
            [
              121.0827285,
              14.5921634
            ],
            [
              121.0830518,
              14.5903997
            ],
            [
              121.0836468,
              14.5873457
            ],
            [
              121.0833893,
              14.5856014
            ],
            [
              121.0828314,
              14.5830679
            ],
            [
              121.082212,
              14.5815659
            ],
            [
              121.0812436,
              14.5792468
            ],
            [
              121.0809288,
              14.5788478
            ],
            [
              121.0802959,
              14.5780454
            ],
            [
              121.0784656,
              14.5764063
            ],
            [
              121.0775665,
              14.575678
            ],
            [
              121.0765274,
              14.574735
            ],
            [
              121.0762131,
              14.5743929
            ],
            [
              121.075906,
              14.5739957
            ],
            [
              121.0756418,
              14.5735765
            ],
            [
              121.0754285,
              14.5731361
            ],
            [
              121.0744251,
              14.5702951
            ],
            [
              121.0741071,
              14.5691406
            ],
            [
              121.0736316,
              14.5666214
            ],
            [
              121.073394,
              14.5648305
            ],
            [
              121.0730897,
              14.5625497
            ],
            [
              121.0728202,
              14.5615616
            ],
            [
              121.0726712,
              14.5610154
            ],
            [
              121.07245,
              14.560446
            ],
            [
              121.0722085,
              14.5600335
            ],
            [
              121.0719364,
              14.55972
            ],
            [
              121.0716346,
              14.5594153
            ],
            [
              121.0713449,
              14.559205
            ],
            [
              121.0706971,
              14.5588296
            ],
            [
              121.0696954,
              14.5583457
            ],
            [
              121.0694419,
              14.5582871
            ],
            [
              121.0690919,
              14.5582782
            ],
            [
              121.0685513,
              14.5583493
            ],
            [
              121.0681609,
              14.558406
            ],
            [
              121.0678191,
              14.5584401
            ],
            [
              121.067512,
              14.5585378
            ],
            [
              121.0672706,
              14.5586936
            ],
            [
              121.0669318,
              14.5590928
            ]
          ]
        ]
      },
      "id": "relation/11963824"
    },
    {
      "type": "Feature",
      "properties": {
        "@id": "relation/12548411",
        "name": "Napindan Channel",
        "type": "waterway",
        "waterway": "river"
      },
      "geometry": {
        "type": "LineString",
        "coordinates": [
          [
            121.1084498,
            14.5261723
          ],
          [
            121.1079168,
            14.5262505
          ],
          [
            121.1073519,
            14.5263165
          ],
          [
            121.1067796,
            14.5265725
          ],
          [
            121.1062842,
            14.5268807
          ],
          [
            121.10605,
            14.5270866
          ],
          [
            121.1058943,
            14.5273252
          ],
          [
            121.1058193,
            14.5275799
          ],
          [
            121.1058086,
            14.5278448
          ],
          [
            121.1058336,
            14.5281649
          ],
          [
            121.1059607,
            14.5289786
          ],
          [
            121.1061519,
            14.5296934
          ],
          [
            121.1063523,
            14.5302796
          ],
          [
            121.1064392,
            14.5308831
          ],
          [
            121.1064309,
            14.5312591
          ],
          [
            121.1063813,
            14.53167
          ],
          [
            121.1062351,
            14.5319938
          ],
          [
            121.1059661,
            14.5323348
          ],
          [
            121.1056262,
            14.5327312
          ],
          [
            121.1051059,
            14.5331207
          ],
          [
            121.1040832,
            14.5338787
          ],
          [
            121.1033661,
            14.5344058
          ],
          [
            121.1027159,
            14.5349437
          ],
          [
            121.1025753,
            14.5350627
          ],
          [
            121.1023432,
            14.535255
          ],
          [
            121.1019847,
            14.5355934
          ],
          [
            121.1017269,
            14.5357651
          ],
          [
            121.1010718,
            14.5362181
          ],
          [
            121.1005837,
            14.5363713
          ],
          [
            121.0999466,
            14.5367551
          ],
          [
            121.0994225,
            14.5369866
          ],
          [
            121.0992793,
            14.5370879
          ],
          [
            121.0990146,
            14.5372753
          ],
          [
            121.0986764,
            14.5376144
          ],
          [
            121.0985228,
            14.5378199
          ],
          [
            121.0982797,
            14.5382459
          ],
          [
            121.0980772,
            14.5387781
          ],
          [
            121.0979551,
            14.5390663
          ],
          [
            121.097774,
            14.5393449
          ],
          [
            121.0974884,
            14.539692
          ],
          [
            121.0972033,
            14.539991
          ],
          [
            121.096835,
            14.5402595
          ],
          [
            121.0965653,
            14.5404485
          ],
          [
            121.0963889,
            14.54061
          ],
          [
            121.0962844,
            14.540749
          ],
          [
            121.0961877,
            14.5409431
          ],
          [
            121.0961428,
            14.5411748
          ],
          [
            121.0961541,
            14.5413932
          ],
          [
            121.0961669,
            14.5416482
          ],
          [
            121.0962033,
            14.5419892
          ],
          [
            121.0963219,
            14.542457
          ],
          [
            121.0964133,
            14.5428665
          ],
          [
            121.0963921,
            14.5432131
          ],
          [
            121.0962908,
            14.5436138
          ],
          [
            121.0961738,
            14.543857
          ],
          [
            121.0958944,
            14.5441587
          ],
          [
            121.0955441,
            14.5444017
          ],
          [
            121.0951646,
            14.5446097
          ],
          [
            121.0948958,
            14.5448014
          ],
          [
            121.0947346,
            14.5449541
          ],
          [
            121.094676,
            14.5450495
          ],
          [
            121.0945978,
            14.5451806
          ],
          [
            121.094551,
            14.5453353
          ],
          [
            121.0943623,
            14.5463956
          ],
          [
            121.0943234,
            14.546977
          ],
          [
            121.0942832,
            14.5476781
          ],
          [
            121.0940409,
            14.548593
          ],
          [
            121.0932841,
            14.5509844
          ],
          [
            121.093114,
            14.551833
          ],
          [
            121.0929989,
            14.5521324
          ],
          [
            121.0928393,
            14.5525475
          ],
          [
            121.0923072,
            14.552805
          ],
          [
            121.0916634,
            14.5526804
          ],
          [
            121.0907708,
            14.552265
          ],
          [
            121.0897666,
            14.5520906
          ],
          [
            121.0890027,
            14.5521903
          ],
          [
            121.0883675,
            14.5527635
          ],
          [
            121.0881005,
            14.552926
          ],
          [
            121.087535,
            14.5532703
          ],
          [
            121.0864621,
            14.5534198
          ],
          [
            121.0845051,
            14.5531914
          ],
          [
            121.0829173,
            14.55337
          ],
          [
            121.0825335,
            14.5534766
          ],
          [
            121.0820765,
            14.5536034
          ],
          [
            121.0817896,
            14.5536831
          ],
          [
            121.0808144,
            14.5537937
          ],
          [
            121.0795463,
            14.5538269
          ],
          [
            121.0789893,
            14.5537377
          ],
          [
            121.0779133,
            14.5534863
          ],
          [
            121.0766431,
            14.5535693
          ],
          [
            121.0754243,
            14.5540512
          ],
          [
            121.0742452,
            14.5546659
          ],
          [
            121.073663,
            14.5549872
          ],
          [
            121.0722791,
            14.5554796
          ],
          [
            121.0717162,
            14.5556798
          ],
          [
            121.0713678,
            14.5558332
          ],
          [
            121.0709878,
            14.5560374
          ],
          [
            121.0701851,
            14.5562713
          ],
          [
            121.0693645,
            14.5564573
          ],
          [
            121.0683363,
            14.5566888
          ],
          [
            121.0677588,
            14.5568036
          ],
          [
            121.0674503,
            14.5568711
          ],
          [
            121.0672516,
            14.5569807
          ],
          [
            121.0670909,
            14.5571645
          ],
          [
            121.0669675,
            14.5574449
          ],
          [
            121.0669281,
            14.5577153
          ]
        ]
      },
      "id": "relation/12548411"
    },
    {
      "type": "Feature",
      "properties": {
        "@id": "relation/15246527",
        "name": "Angono River",
        "type": "waterway",
        "waterway": "river",
        "wikidata": "Q31850644"
      },
      "geometry": {
        "type": "MultiLineString",
        "coordinates": [
          [
            [
              121.1728261,
              14.5415199
            ],
            [
              121.1724828,
              14.5414317
            ],
            [
              121.172212,
              14.5413615
            ],
            [
              121.1717009,
              14.5412622
            ],
            [
              121.1715255,
              14.5411333
            ],
            [
              121.1713576,
              14.5410871
            ],
            [
              121.1706485,
              14.541137
            ],
            [
              121.1702574,
              14.5411395
            ],
            [
              121.1699243,
              14.5411655
            ],
            [
              121.1695981,
              14.5412486
            ],
            [
              121.1691518,
              14.5414895
            ],
            [
              121.1687398,
              14.5417471
            ],
            [
              121.1685338,
              14.5417969
            ],
            [
              121.1683621,
              14.5417803
            ],
            [
              121.1680102,
              14.5417554
            ],
            [
              121.1673493,
              14.5416225
            ],
            [
              121.1671701,
              14.5415556
            ],
            [
              121.1668601,
              14.5414397
            ],
            [
              121.166491,
              14.5412486
            ],
            [
              121.1662507,
              14.5410575
            ],
            [
              121.1660876,
              14.540775
            ],
            [
              121.1659271,
              14.5405126
            ],
            [
              121.1658263,
              14.5401976
            ],
            [
              121.1658784,
              14.5399608
            ],
            [
              121.1660838,
              14.5398741
            ],
            [
              121.1662979,
              14.5398107
            ],
            [
              121.1663744,
              14.5397033
            ],
            [
              121.1663022,
              14.5395672
            ],
            [
              121.1661735,
              14.5394457
            ],
            [
              121.1660876,
              14.5393627
            ],
            [
              121.1659589,
              14.5391965
            ],
            [
              121.165813,
              14.5390137
            ],
            [
              121.1654267,
              14.5388226
            ],
            [
              121.1653151,
              14.5387395
            ],
            [
              121.1652894,
              14.5385401
            ],
            [
              121.1652293,
              14.5382161
            ],
            [
              121.1650748,
              14.5378506
            ],
            [
              121.1650076,
              14.5377716
            ],
            [
              121.1649199,
              14.5376002
            ],
            [
              121.1647801,
              14.5373808
            ],
            [
              121.1648173,
              14.5371194
            ],
            [
              121.1648439,
              14.5367878
            ],
            [
              121.1647347,
              14.5366862
            ],
            [
              121.164627,
              14.536634
            ],
            [
              121.1644892,
              14.5366106
            ],
            [
              121.164354,
              14.5366359
            ],
            [
              121.1640015,
              14.536463
            ],
            [
              121.1635015,
              14.5362016
            ],
            [
              121.1633125,
              14.5361294
            ],
            [
              121.1628557,
              14.5359786
            ],
            [
              121.1627709,
              14.5359618
            ],
            [
              121.1625107,
              14.5359014
            ],
            [
              121.1623233,
              14.5358187
            ],
            [
              121.1622314,
              14.5357746
            ],
            [
              121.1621888,
              14.5356193
            ],
            [
              121.162188,
              14.535489
            ],
            [
              121.1622937,
              14.5353499
            ],
            [
              121.1624921,
              14.5350954
            ],
            [
              121.1627566,
              14.5347907
            ],
            [
              121.1631371,
              14.5346923
            ],
            [
              121.1633793,
              14.534508
            ],
            [
              121.1635938,
              14.5342172
            ],
            [
              121.1635938,
              14.5339929
            ],
            [
              121.1635423,
              14.5337436
            ],
            [
              121.1634805,
              14.5336326
            ],
            [
              121.1633758,
              14.5335556
            ],
            [
              121.1632677,
              14.5335359
            ],
            [
              121.1630274,
              14.5335359
            ],
            [
              121.1629103,
              14.5336017
            ],
            [
              121.1626737,
              14.5337156
            ],
            [
              121.1623836,
              14.5337021
            ],
            [
              121.1620575,
              14.5337021
            ],
            [
              121.1617763,
              14.5336059
            ],
            [
              121.1613017,
              14.5335331
            ],
            [
              121.1609048,
              14.5334989
            ],
            [
              121.160543,
              14.5334781
            ],
            [
              121.1603237,
              14.5333697
            ],
            [
              121.1602693,
              14.5332861
            ],
            [
              121.1602666,
              14.5330826
            ],
            [
              121.1603412,
              14.5328151
            ],
            [
              121.1603831,
              14.5327152
            ],
            [
              121.1605962,
              14.5323791
            ],
            [
              121.1608712,
              14.5322065
            ],
            [
              121.1609507,
              14.5321194
            ],
            [
              121.1609924,
              14.5319591
            ],
            [
              121.1608174,
              14.5316903
            ],
            [
              121.1606054,
              14.5313182
            ],
            [
              121.1604675,
              14.5312384
            ],
            [
              121.1603752,
              14.531184
            ],
            [
              121.1601225,
              14.5312055
            ],
            [
              121.1599737,
              14.5312641
            ],
            [
              121.1597878,
              14.5314098
            ],
            [
              121.1596597,
              14.5315686
            ],
            [
              121.1595343,
              14.5316768
            ],
            [
              121.1594013,
              14.5316856
            ],
            [
              121.1591471,
              14.5315482
            ],
            [
              121.1590437,
              14.5314374
            ],
            [
              121.1588153,
              14.5310153
            ],
            [
              121.158685,
              14.5308038
            ],
            [
              121.1585022,
              14.5304822
            ],
            [
              121.158313,
              14.5300859
            ],
            [
              121.1582068,
              14.5300102
            ],
            [
              121.1579767,
              14.5299656
            ],
            [
              121.1576674,
              14.5297468
            ],
            [
              121.157411,
              14.5295742
            ],
            [
              121.1572024,
              14.5294725
            ],
            [
              121.1569719,
              14.5294259
            ],
            [
              121.1566459,
              14.5294601
            ],
            [
              121.1564811,
              14.5294557
            ],
            [
              121.1562592,
              14.5294084
            ],
            [
              121.1560575,
              14.5293112
            ],
            [
              121.1560155,
              14.5292807
            ],
            [
              121.156,
              14.5292197
            ],
            [
              121.156001,
              14.5291387
            ],
            [
              121.1561052,
              14.5284207
            ],
            [
              121.1562038,
              14.5279193
            ],
            [
              121.1561266,
              14.5277282
            ],
            [
              121.1559978,
              14.527587
            ],
            [
              121.1557489,
              14.5273876
            ],
            [
              121.1555515,
              14.5272713
            ],
            [
              121.1554571,
              14.5271383
            ],
            [
              121.1554142,
              14.5269306
            ],
            [
              121.155294,
              14.5265567
            ],
            [
              121.155191,
              14.5263324
            ],
            [
              121.1550794,
              14.5261662
            ],
            [
              121.154882,
              14.5260333
            ],
            [
              121.1546846,
              14.5259751
            ],
            [
              121.1545561,
              14.5258934
            ],
            [
              121.1545645,
              14.5257757
            ],
            [
              121.1547275,
              14.525568
            ],
            [
              121.1547772,
              14.5254468
            ],
            [
              121.1547504,
              14.5252907
            ],
            [
              121.1546678,
              14.5252198
            ],
            [
              121.1545029,
              14.5251234
            ],
            [
              121.1544603,
              14.5250781
            ],
            [
              121.1542678,
              14.5249924
            ],
            [
              121.1540495,
              14.5249531
            ],
            [
              121.1537405,
              14.5249781
            ],
            [
              121.1534572,
              14.5249365
            ],
            [
              121.1532169,
              14.5248036
            ],
            [
              121.1531466,
              14.5247357
            ],
            [
              121.1528052,
              14.5245784
            ],
            [
              121.1526333,
              14.5244937
            ],
            [
              121.1523053,
              14.5242338
            ],
            [
              121.1521699,
              14.5242148
            ],
            [
              121.151969,
              14.524381
            ],
            [
              121.1517088,
              14.5245266
            ],
            [
              121.1515772,
              14.5245308
            ],
            [
              121.1510873,
              14.5244589
            ],
            [
              121.1508496,
              14.5243525
            ],
            [
              121.1506739,
              14.5241986
            ],
            [
              121.1505351,
              14.5240881
            ],
            [
              121.1504336,
              14.5240397
            ],
            [
              121.1503307,
              14.524048
            ],
            [
              121.1501888,
              14.524081
            ],
            [
              121.1501228,
              14.5240972
            ],
            [
              121.1500281,
              14.5241057
            ],
            [
              121.1499651,
              14.524104
            ],
            [
              121.1498535,
              14.5240935
            ],
            [
              121.149694,
              14.5240702
            ],
            [
              121.1495103,
              14.5240078
            ],
            [
              121.1490104,
              14.5237497
            ],
            [
              121.1483253,
              14.5233896
            ],
            [
              121.1478479,
              14.5230275
            ],
            [
              121.1474112,
              14.5222706
            ],
            [
              121.1472478,
              14.5219231
            ],
            [
              121.1471704,
              14.5217377
            ],
            [
              121.1470729,
              14.5212975
            ],
            [
              121.1472797,
              14.5209019
            ],
            [
              121.1473268,
              14.5207116
            ],
            [
              121.146989,
              14.5200726
            ],
            [
              121.1467474,
              14.5198583
            ],
            [
              121.1462134,
              14.5190748
            ],
            [
              121.146162,
              14.5186785
            ],
            [
              121.1461265,
              14.5185875
            ],
            [
              121.1460591,
              14.5184188
            ],
            [
              121.1460204,
              14.5183253
            ],
            [
              121.1457173,
              14.5174684
            ],
            [
              121.1457901,
              14.5173039
            ],
            [
              121.1457457,
              14.5166302
            ],
            [
              121.1457028,
              14.5160237
            ],
            [
              121.1454658,
              14.5152893
            ],
            [
              121.1450806,
              14.5138967
            ],
            [
              121.1449366,
              14.5135342
            ],
            [
              121.1444002,
              14.5115333
            ],
            [
              121.1441696,
              14.5108945
            ],
            [
              121.1439282,
              14.5103804
            ],
            [
              121.1429182,
              14.5088794
            ]
          ],
          [
            [
              121.1457173,
              14.5174684
            ],
            [
              121.1456174,
              14.5172958
            ],
            [
              121.1448878,
              14.5165826
            ],
            [
              121.1436304,
              14.515114
            ],
            [
              121.1423725,
              14.5138754
            ],
            [
              121.1410303,
              14.5127066
            ]
          ]
        ]
      },
      "id": "relation/15246527"
    },
    {
      "type": "Feature",
      "properties": {
        "@id": "relation/18100986",
        "destination": "Marikina River",
        "name": "Wawa River",
        "type": "waterway",
        "waterway": "river",
        "wikidata": "Q34846310"
      },
      "geometry": {
        "type": "LineString",
        "coordinates": [
          [
            121.2242258,
            14.7655429
          ],
          [
            121.224269,
            14.7654645
          ],
          [
            121.2244333,
            14.7652863
          ],
          [
            121.2245395,
            14.7651403
          ],
          [
            121.2245999,
            14.7649796
          ],
          [
            121.2246037,
            14.7648402
          ],
          [
            121.224575,
            14.7646973
          ],
          [
            121.2244887,
            14.7645555
          ],
          [
            121.2243851,
            14.7644708
          ],
          [
            121.2242014,
            14.7641929
          ],
          [
            121.2240366,
            14.7639574
          ],
          [
            121.2238341,
            14.7637784
          ],
          [
            121.2235609,
            14.7636466
          ],
          [
            121.2233678,
            14.7635948
          ],
          [
            121.2231135,
            14.763397
          ],
          [
            121.2228734,
            14.7633437
          ],
          [
            121.222673,
            14.7632434
          ],
          [
            121.2224452,
            14.7632434
          ],
          [
            121.2222265,
            14.7632708
          ],
          [
            121.2220898,
            14.7631888
          ],
          [
            121.2220716,
            14.7630339
          ],
          [
            121.2222356,
            14.7627241
          ],
          [
            121.2222994,
            14.7624598
          ],
          [
            121.222263,
            14.7622502
          ],
          [
            121.2220443,
            14.7621591
          ],
          [
            121.2217162,
            14.7620225
          ],
          [
            121.221534,
            14.7619678
          ],
          [
            121.2214338,
            14.7618038
          ],
          [
            121.2213973,
            14.7615122
          ],
          [
            121.2212515,
            14.7607195
          ],
          [
            121.2213336,
            14.7602639
          ],
          [
            121.2214611,
            14.7598447
          ],
          [
            121.2216251,
            14.7594985
          ],
          [
            121.2215431,
            14.7591522
          ],
          [
            121.2213518,
            14.7587422
          ],
          [
            121.2212151,
            14.7584598
          ],
          [
            121.2212333,
            14.7581955
          ],
          [
            121.2213518,
            14.7580133
          ],
          [
            121.2217071,
            14.7578766
          ],
          [
            121.22178,
            14.7576761
          ],
          [
            121.22178,
            14.7575121
          ],
          [
            121.2216525,
            14.7573846
          ],
          [
            121.2213518,
            14.7573937
          ],
          [
            121.2210055,
            14.7574848
          ],
          [
            121.2207868,
            14.7574848
          ],
          [
            121.220714,
            14.7573846
          ],
          [
            121.2208506,
            14.7572023
          ],
          [
            121.2208597,
            14.757011
          ],
          [
            121.2206684,
            14.7566647
          ],
          [
            121.2206866,
            14.7563549
          ],
          [
            121.2206593,
            14.7560816
          ],
          [
            121.2205317,
            14.7558264
          ],
          [
            121.2203859,
            14.7556442
          ],
          [
            121.219903,
            14.755462
          ],
          [
            121.2197937,
            14.7553709
          ],
          [
            121.2196297,
            14.7551066
          ],
          [
            121.219739,
            14.7546693
          ],
          [
            121.2199212,
            14.7542592
          ],
          [
            121.2198939,
            14.7539676
          ],
          [
            121.2196388,
            14.7535758
          ],
          [
            121.219247,
            14.7531111
          ],
          [
            121.21901,
            14.752446
          ],
          [
            121.21901,
            14.7521908
          ],
          [
            121.2192925,
            14.7521453
          ],
          [
            121.2194748,
            14.7522546
          ],
          [
            121.2197117,
            14.7523731
          ],
          [
            121.2199941,
            14.7523913
          ],
          [
            121.2201581,
            14.7523184
          ],
          [
            121.2203495,
            14.7521817
          ],
          [
            121.220477,
            14.7520268
          ],
          [
            121.2205317,
            14.7519175
          ],
          [
            121.2205408,
            14.7516806
          ],
          [
            121.2202675,
            14.7512341
          ],
          [
            121.2201217,
            14.7509425
          ],
          [
            121.2200852,
            14.7507056
          ],
          [
            121.2202219,
            14.7504869
          ],
          [
            121.2204679,
            14.7503047
          ],
          [
            121.2206593,
            14.7500314
          ],
          [
            121.220714,
            14.7497762
          ],
          [
            121.220714,
            14.7494209
          ],
          [
            121.2205773,
            14.7488468
          ],
          [
            121.220313,
            14.7483821
          ],
          [
            121.2202493,
            14.7481452
          ],
          [
            121.2202766,
            14.7480085
          ],
          [
            121.2203677,
            14.7477899
          ],
          [
            121.2204042,
            14.7475165
          ],
          [
            121.2202766,
            14.7470427
          ],
          [
            121.2201308,
            14.7467511
          ],
          [
            121.2200852,
            14.7466509
          ],
          [
            121.2200944,
            14.7464778
          ],
          [
            121.2203039,
            14.7461862
          ],
          [
            121.2204588,
            14.7460313
          ],
          [
            121.2206684,
            14.7458308
          ],
          [
            121.2207322,
            14.7455028
          ],
          [
            121.2206957,
            14.7453388
          ],
          [
            121.2204224,
            14.7450837
          ],
          [
            121.2203586,
            14.7448285
          ],
          [
            121.2202857,
            14.7441178
          ],
          [
            121.2201672,
            14.743234
          ],
          [
            121.2202401,
            14.7430153
          ],
          [
            121.2204224,
            14.7428331
          ],
          [
            121.2206228,
            14.7426964
          ],
          [
            121.2206684,
            14.7426144
          ],
          [
            121.2207595,
            14.7424595
          ],
          [
            121.2207413,
            14.7422863
          ],
          [
            121.220714,
            14.7420859
          ],
          [
            121.2205955,
            14.7419037
          ],
          [
            121.2204133,
            14.7417579
          ],
          [
            121.2203281,
            14.7417403
          ],
          [
            121.220149,
            14.7417032
          ],
          [
            121.2198939,
            14.7416667
          ],
          [
            121.2196114,
            14.7417214
          ],
          [
            121.2193654,
            14.7418308
          ],
          [
            121.2189463,
            14.7420494
          ],
          [
            121.2185545,
            14.7422499
          ],
          [
            121.2183449,
            14.7423592
          ],
          [
            121.2181262,
            14.7424412
          ],
          [
            121.2179349,
            14.742423
          ],
          [
            121.21778,
            14.7423228
          ],
          [
            121.217698,
            14.7422135
          ],
          [
            121.2175522,
            14.7419583
          ],
          [
            121.2174519,
            14.7417214
          ],
          [
            121.2172788,
            14.7416212
          ],
          [
            121.2170692,
            14.741603
          ],
          [
            121.2167686,
            14.7416667
          ],
          [
            121.2163585,
            14.7418216
          ],
          [
            121.2159667,
            14.7418581
          ],
          [
            121.2155931,
            14.7417852
          ],
          [
            121.2153418,
            14.741559
          ],
          [
            121.2153198,
            14.7415392
          ],
          [
            121.215092,
            14.7412112
          ],
          [
            121.2150647,
            14.7408831
          ],
          [
            121.2152104,
            14.740464
          ],
          [
            121.2153653,
            14.7402544
          ],
          [
            121.2154511,
            14.7401944
          ],
          [
            121.2155476,
            14.7401269
          ],
          [
            121.215584,
            14.7399264
          ],
          [
            121.215584,
            14.7396986
          ],
          [
            121.2154565,
            14.7394526
          ],
          [
            121.2151831,
            14.739243
          ],
          [
            121.2148551,
            14.7388512
          ],
          [
            121.2144612,
            14.7386577
          ],
          [
            121.2143357,
            14.7385961
          ],
          [
            121.2134883,
            14.7383318
          ],
          [
            121.2131512,
            14.7382863
          ],
          [
            121.212814,
            14.7381587
          ],
          [
            121.2126591,
            14.7380767
          ],
          [
            121.2125407,
            14.73794
          ],
          [
            121.2124769,
            14.7376211
          ],
          [
            121.2125225,
            14.7373022
          ],
          [
            121.2127503,
            14.7371746
          ],
          [
            121.2130874,
            14.7370562
          ],
          [
            121.2131967,
            14.7370197
          ],
          [
            121.2133514,
            14.7368994
          ],
          [
            121.2134428,
            14.7368284
          ],
          [
            121.2134701,
            14.7366735
          ],
          [
            121.2134792,
            14.7364457
          ],
          [
            121.2133334,
            14.7362088
          ],
          [
            121.2132241,
            14.7358625
          ],
          [
            121.213215,
            14.7355892
          ],
          [
            121.2132605,
            14.7353249
          ],
          [
            121.2132714,
            14.7353001
          ],
          [
            121.2133607,
            14.7350972
          ],
          [
            121.2135359,
            14.7350041
          ],
          [
            121.2136523,
            14.7349423
          ],
          [
            121.2138254,
            14.7347418
          ],
          [
            121.2139439,
            14.7344776
          ],
          [
            121.2139986,
            14.7341769
          ],
          [
            121.2139986,
            14.7337759
          ],
          [
            121.2138619,
            14.7336302
          ],
          [
            121.213625,
            14.7335299
          ],
          [
            121.2133686,
            14.7334875
          ],
          [
            121.2130236,
            14.7335482
          ],
          [
            121.2128687,
            14.7335755
          ],
          [
            121.2125954,
            14.7335482
          ],
          [
            121.2124496,
            14.7334753
          ],
          [
            121.2124301,
            14.7333713
          ],
          [
            121.2124222,
            14.7333295
          ],
          [
            121.2125407,
            14.7332384
          ],
          [
            121.2125498,
            14.7329103
          ],
          [
            121.2125771,
            14.7326552
          ],
          [
            121.2124222,
            14.7325823
          ],
          [
            121.2122764,
            14.7325641
          ],
          [
            121.2121033,
            14.7325003
          ],
          [
            121.2119666,
            14.7324001
          ],
          [
            121.2118573,
            14.7321085
          ],
          [
            121.2117571,
            14.73199
          ],
          [
            121.2115566,
            14.7317805
          ],
          [
            121.2113926,
            14.7316894
          ],
          [
            121.2109644,
            14.7315436
          ],
          [
            121.2104632,
            14.7315709
          ],
          [
            121.210117,
            14.731498
          ],
          [
            121.2100044,
            14.731415
          ],
          [
            121.2099438,
            14.7313704
          ],
          [
            121.2097798,
            14.7311973
          ],
          [
            121.2096158,
            14.730842
          ],
          [
            121.2097069,
            14.7306597
          ],
          [
            121.2098709,
            14.7304684
          ],
          [
            121.2098892,
            14.7301768
          ],
          [
            121.20988,
            14.729867
          ],
          [
            121.2098072,
            14.7296848
          ],
          [
            121.2096249,
            14.7296301
          ],
          [
            121.2094609,
            14.7296756
          ],
          [
            121.2092878,
            14.7296848
          ],
          [
            121.2091147,
            14.7296392
          ],
          [
            121.2088686,
            14.7291654
          ],
          [
            121.2088413,
            14.72881
          ],
          [
            121.2087502,
            14.7284273
          ],
          [
            121.2087775,
            14.7280538
          ],
          [
            121.2087957,
            14.7274888
          ],
          [
            121.2090782,
            14.7272701
          ],
          [
            121.2092604,
            14.7270879
          ],
          [
            121.2094765,
            14.7266637
          ],
          [
            121.2094894,
            14.726552
          ],
          [
            121.2094814,
            14.7263679
          ],
          [
            121.209388,
            14.7260765
          ],
          [
            121.2094153,
            14.7253476
          ],
          [
            121.2092604,
            14.72481
          ],
          [
            121.2091147,
            14.7246915
          ],
          [
            121.2089324,
            14.7246733
          ],
          [
            121.2086135,
            14.7247735
          ],
          [
            121.2083766,
            14.7249102
          ],
          [
            121.2083037,
            14.7250286
          ],
          [
            121.2082126,
            14.7253202
          ],
          [
            121.2080759,
            14.7254387
          ],
          [
            121.2079028,
            14.7254751
          ],
          [
            121.2076841,
            14.7253658
          ],
          [
            121.2075201,
            14.7251653
          ],
          [
            121.2072376,
            14.7248282
          ],
          [
            121.2068185,
            14.7244728
          ],
          [
            121.2064449,
            14.7241812
          ],
          [
            121.2060713,
            14.723917
          ],
          [
            121.2055155,
            14.723671
          ],
          [
            121.2050781,
            14.7237257
          ],
          [
            121.2048321,
            14.7235616
          ],
          [
            121.2046134,
            14.723261
          ],
          [
            121.2047592,
            14.7228327
          ],
          [
            121.2050508,
            14.722368
          ],
          [
            121.2051237,
            14.7218304
          ],
          [
            121.205069,
            14.7212746
          ],
          [
            121.204823,
            14.7209375
          ],
          [
            121.2045223,
            14.7208008
          ],
          [
            121.2042216,
            14.7207917
          ],
          [
            121.2039665,
            14.7208463
          ],
          [
            121.2037478,
            14.7209283
          ],
          [
            121.203438,
            14.7213293
          ],
          [
            121.2032649,
            14.7216846
          ],
          [
            121.2031829,
            14.7219489
          ],
          [
            121.2031738,
            14.722122
          ],
          [
            121.2032376,
            14.7224682
          ],
          [
            121.2034836,
            14.7228965
          ],
          [
            121.203684,
            14.7232154
          ],
          [
            121.2037843,
            14.7234796
          ],
          [
            121.2037707,
            14.723593
          ],
          [
            121.2037569,
            14.7237074
          ],
          [
            121.2037205,
            14.7238714
          ],
          [
            121.2036385,
            14.7239443
          ],
          [
            121.203356,
            14.7238897
          ],
          [
            121.2028731,
            14.7236528
          ],
          [
            121.2026238,
            14.7233857
          ],
          [
            121.202618,
            14.7233794
          ],
          [
            121.2023993,
            14.7232883
          ],
          [
            121.2022535,
            14.7233703
          ],
          [
            121.2021988,
            14.7235434
          ],
          [
            121.2022808,
            14.7237074
          ],
          [
            121.2023628,
            14.7239443
          ],
          [
            121.2023355,
            14.7242086
          ],
          [
            121.2022524,
            14.7243488
          ],
          [
            121.20212,
            14.7245454
          ],
          [
            121.2019899,
            14.724635
          ],
          [
            121.2018321,
            14.7246718
          ],
          [
            121.2016179,
            14.7246524
          ],
          [
            121.2011209,
            14.7245857
          ],
          [
            121.200803,
            14.7244885
          ],
          [
            121.2005764,
            14.7244119
          ],
          [
            121.2004268,
            14.7242556
          ],
          [
            121.2003925,
            14.7240592
          ],
          [
            121.2004494,
            14.7238714
          ],
          [
            121.2006134,
            14.7236072
          ],
          [
            121.2007357,
            14.7233792
          ],
          [
            121.2007575,
            14.7231843
          ],
          [
            121.200675,
            14.7229223
          ],
          [
            121.2004547,
            14.7226591
          ],
          [
            121.2003074,
            14.7225561
          ],
          [
            121.200166,
            14.7225493
          ],
          [
            121.1998978,
            14.7225675
          ],
          [
            121.1996752,
            14.7225675
          ],
          [
            121.1995505,
            14.7225545
          ],
          [
            121.1994777,
            14.7225376
          ],
          [
            121.1994298,
            14.7225273
          ],
          [
            121.1992313,
            14.7224611
          ],
          [
            121.1990248,
            14.7223586
          ],
          [
            121.1988048,
            14.7222691
          ],
          [
            121.1986358,
            14.7222406
          ],
          [
            121.19855,
            14.7222484
          ],
          [
            121.1984722,
            14.7222497
          ],
          [
            121.1984464,
            14.7222409
          ],
          [
            121.1984203,
            14.7222178
          ],
          [
            121.1984109,
            14.7221757
          ],
          [
            121.1984226,
            14.7221368
          ],
          [
            121.1984642,
            14.7220862
          ],
          [
            121.1985044,
            14.722024
          ],
          [
            121.1985245,
            14.7219423
          ],
          [
            121.1985031,
            14.7218203
          ],
          [
            121.1984474,
            14.721725
          ],
          [
            121.1983824,
            14.7216504
          ],
          [
            121.1983051,
            14.7215959
          ],
          [
            121.1981296,
            14.7215642
          ],
          [
            121.1979222,
            14.7215549
          ]
        ]
      },
      "id": "relation/18100986"
    },
    {
      "type": "Feature",
      "properties": {
        "@id": "relation/18120987",
        "destination": "Marikina River",
        "name": "Manggahan River",
        "type": "waterway",
        "waterway": "river"
      },
      "geometry": {
        "type": "LineString",
        "coordinates": [
          [
            121.1924193,
            14.6837528
          ],
          [
            121.1923189,
            14.683729
          ],
          [
            121.1922163,
            14.6836784
          ],
          [
            121.1921305,
            14.68362
          ],
          [
            121.1919219,
            14.6835636
          ],
          [
            121.191756,
            14.6835749
          ],
          [
            121.1916017,
            14.6836544
          ],
          [
            121.1915158,
            14.6838158
          ],
          [
            121.191456,
            14.6839227
          ],
          [
            121.1913991,
            14.6840218
          ],
          [
            121.1912651,
            14.6841317
          ],
          [
            121.1911244,
            14.6842347
          ],
          [
            121.191011,
            14.6843171
          ],
          [
            121.1909218,
            14.6844167
          ],
          [
            121.1908531,
            14.6845575
          ],
          [
            121.1908565,
            14.684688
          ],
          [
            121.1909115,
            14.6848391
          ],
          [
            121.191005,
            14.6850009
          ],
          [
            121.1910333,
            14.685122
          ],
          [
            121.1910328,
            14.6851809
          ],
          [
            121.1909983,
            14.685241
          ],
          [
            121.1909344,
            14.6852977
          ],
          [
            121.1907762,
            14.6854585
          ],
          [
            121.1906413,
            14.6855752
          ],
          [
            121.190439,
            14.6857826
          ],
          [
            121.1903223,
            14.6858864
          ],
          [
            121.190146,
            14.6859279
          ],
          [
            121.1899437,
            14.6858734
          ],
          [
            121.1898244,
            14.6858371
          ],
          [
            121.1896221,
            14.6858164
          ],
          [
            121.1894483,
            14.685863
          ],
          [
            121.1892772,
            14.6858656
          ],
          [
            121.1891215,
            14.685819
          ],
          [
            121.1889945,
            14.6857334
          ],
          [
            121.1889374,
            14.6856089
          ],
          [
            121.1889089,
            14.685391
          ],
          [
            121.1888025,
            14.6852665
          ],
          [
            121.1887092,
            14.685225
          ],
          [
            121.1885095,
            14.6851758
          ],
          [
            121.1883694,
            14.6851991
          ],
          [
            121.1881983,
            14.6852743
          ],
          [
            121.1880323,
            14.6853651
          ],
          [
            121.1878844,
            14.6854792
          ],
          [
            121.1878274,
            14.6855752
          ],
          [
            121.1877859,
            14.685723
          ],
          [
            121.1877833,
            14.6858708
          ],
          [
            121.1878248,
            14.686042
          ],
          [
            121.1878015,
            14.6861431
          ],
          [
            121.1877133,
            14.6862573
          ],
          [
            121.1874695,
            14.6864621
          ],
          [
            121.187279,
            14.6865529
          ],
          [
            121.1871238,
            14.6865866
          ],
          [
            121.1870184,
            14.6865633
          ],
          [
            121.1869482,
            14.6864777
          ],
          [
            121.1868989,
            14.6863143
          ],
          [
            121.1867926,
            14.6861976
          ],
          [
            121.1866733,
            14.6861276
          ],
          [
            121.1865488,
            14.686055
          ],
          [
            121.1864321,
            14.6860368
          ],
          [
            121.1863595,
            14.6860653
          ],
          [
            121.1862972,
            14.6861587
          ],
          [
            121.1862739,
            14.6862417
          ],
          [
            121.1862531,
            14.6864155
          ],
          [
            121.1862998,
            14.6866229
          ],
          [
            121.1862583,
            14.6869419
          ],
          [
            121.1862116,
            14.6872921
          ],
          [
            121.1862168,
            14.6874606
          ],
          [
            121.1861727,
            14.687694
          ],
          [
            121.1860896,
            14.6878445
          ],
          [
            121.1859877,
            14.6879586
          ],
          [
            121.1858667,
            14.6880779
          ],
          [
            121.1857137,
            14.6881894
          ],
          [
            121.1855996,
            14.6882024
          ],
          [
            121.1854368,
            14.6882128
          ],
          [
            121.1853244,
            14.688262
          ],
          [
            121.1852443,
            14.6883606
          ],
          [
            121.1852002,
            14.688524
          ],
          [
            121.1852002,
            14.6886796
          ],
          [
            121.1852313,
            14.6889519
          ],
          [
            121.1852806,
            14.6890556
          ],
          [
            121.1853428,
            14.6892553
          ],
          [
            121.1853506,
            14.6893746
          ],
          [
            121.1853117,
            14.6895432
          ],
          [
            121.1852443,
            14.6896859
          ],
          [
            121.1851302,
            14.6898129
          ],
          [
            121.1850109,
            14.6899893
          ],
          [
            121.1849486,
            14.690093
          ],
          [
            121.1849434,
            14.6902927
          ],
          [
            121.1849434,
            14.6904821
          ],
          [
            121.1850186,
            14.6908062
          ],
          [
            121.1849823,
            14.6911201
          ],
          [
            121.1848993,
            14.6914339
          ],
          [
            121.1848215,
            14.6915635
          ],
          [
            121.1847619,
            14.6916517
          ],
          [
            121.1846581,
            14.6917295
          ],
          [
            121.184544,
            14.6917399
          ],
          [
            121.1843754,
            14.6917295
          ],
          [
            121.184168,
            14.6916284
          ],
          [
            121.1838204,
            14.6914754
          ],
          [
            121.1836363,
            14.691395
          ],
          [
            121.183447,
            14.6913587
          ],
          [
            121.183268,
            14.6914313
          ],
          [
            121.1830994,
            14.6915143
          ],
          [
            121.182879,
            14.6916258
          ],
          [
            121.1826404,
            14.6916828
          ],
          [
            121.1824874,
            14.691688
          ],
          [
            121.1823188,
            14.6916569
          ],
          [
            121.182145,
            14.6916569
          ],
          [
            121.1819557,
            14.6917425
          ],
          [
            121.1818909,
            14.6917736
          ],
          [
            121.181826,
            14.6917762
          ],
          [
            121.181605,
            14.6917749
          ],
          [
            121.1814067,
            14.6917334
          ],
          [
            121.1812862,
            14.6916842
          ],
          [
            121.1811358,
            14.6915856
          ],
          [
            121.1808491,
            14.6913872
          ],
          [
            121.1806227,
            14.6912316
          ],
          [
            121.1805085,
            14.6911667
          ],
          [
            121.1803918,
            14.6910863
          ],
          [
            121.1802855,
            14.6910656
          ],
          [
            121.1801973,
            14.691076
          ],
          [
            121.1800962,
            14.6911693
          ],
          [
            121.1800236,
            14.6913223
          ],
          [
            121.180008,
            14.6914598
          ],
          [
            121.1799639,
            14.691631
          ],
          [
            121.1799691,
            14.6917918
          ],
          [
            121.1799017,
            14.6921004
          ],
          [
            121.1798939,
            14.6921886
          ],
          [
            121.1799069,
            14.6922949
          ],
          [
            121.1799717,
            14.6923909
          ],
          [
            121.1800495,
            14.6924505
          ],
          [
            121.1801662,
            14.6924972
          ],
          [
            121.1803039,
            14.6925517
          ],
          [
            121.1803402,
            14.6926969
          ],
          [
            121.1802596,
            14.6927903
          ],
          [
            121.1802155,
            14.692824
          ],
          [
            121.1801405,
            14.6928616
          ],
          [
            121.1800655,
            14.6928783
          ],
          [
            121.1799561,
            14.6929096
          ],
          [
            121.1798213,
            14.692977
          ],
          [
            121.1797046,
            14.6930781
          ],
          [
            121.1796631,
            14.693143
          ],
          [
            121.1796657,
            14.6932441
          ],
          [
            121.1797279,
            14.6933608
          ],
          [
            121.1798161,
            14.6934309
          ],
          [
            121.1799458,
            14.6934905
          ],
          [
            121.1800625,
            14.6934931
          ],
          [
            121.1800865,
            14.6934896
          ],
          [
            121.1802751,
            14.693462
          ],
          [
            121.1804593,
            14.6934412
          ],
          [
            121.1805993,
            14.6934724
          ],
          [
            121.1808198,
            14.6935398
          ],
          [
            121.1809572,
            14.6936046
          ],
          [
            121.1810713,
            14.6936721
          ],
          [
            121.1811543,
            14.6937758
          ],
          [
            121.1811647,
            14.6938354
          ],
          [
            121.1811154,
            14.6939262
          ],
          [
            121.1810039,
            14.6940118
          ],
          [
            121.1808457,
            14.6941207
          ],
          [
            121.1807446,
            14.6941674
          ],
          [
            121.1805939,
            14.6941998
          ],
          [
            121.1804774,
            14.6942322
          ],
          [
            121.1803296,
            14.6942919
          ],
          [
            121.180231,
            14.6943749
          ],
          [
            121.1800754,
            14.6944423
          ],
          [
            121.1798565,
            14.6945634
          ],
          [
            121.179855,
            14.6945642
          ],
          [
            121.1797487,
            14.6946394
          ],
          [
            121.1794879,
            14.6947626
          ],
          [
            121.1792232,
            14.6949105
          ],
          [
            121.1791476,
            14.6949687
          ],
          [
            121.1790968,
            14.6950712
          ],
          [
            121.1791076,
            14.6951867
          ],
          [
            121.1791697,
            14.6952619
          ],
          [
            121.1794193,
            14.695363
          ],
          [
            121.1798368,
            14.6955835
          ],
          [
            121.180021,
            14.6956924
          ],
          [
            121.1803449,
            14.6957689
          ],
          [
            121.1804713,
            14.6957903
          ],
          [
            121.1805593,
            14.6958026
          ],
          [
            121.1806556,
            14.6958661
          ],
          [
            121.1807446,
            14.6959699
          ],
          [
            121.1808068,
            14.6961462
          ],
          [
            121.1808379,
            14.696333
          ],
          [
            121.1807861,
            14.6964808
          ],
          [
            121.1806207,
            14.6966105
          ],
          [
            121.1805207,
            14.6966623
          ],
          [
            121.1804158,
            14.6967077
          ],
          [
            121.1802674,
            14.696735
          ],
          [
            121.1800625,
            14.696722
          ],
          [
            121.1798861,
            14.6966831
          ],
          [
            121.1796988,
            14.6966196
          ],
          [
            121.1795258,
            14.6965444
          ],
          [
            121.1794109,
            14.6964705
          ],
          [
            121.1793401,
            14.6964077
          ],
          [
            121.1792458,
            14.6963231
          ],
          [
            121.1791656,
            14.6962798
          ],
          [
            121.1790804,
            14.6962397
          ],
          [
            121.178992,
            14.696215
          ],
          [
            121.1788898,
            14.6961955
          ],
          [
            121.1787997,
            14.6961865
          ],
          [
            121.1786824,
            14.6961891
          ],
          [
            121.1785686,
            14.6962059
          ],
          [
            121.1784778,
            14.6962707
          ],
          [
            121.1783923,
            14.6963952
          ],
          [
            121.1783378,
            14.6965249
          ],
          [
            121.1783015,
            14.6967272
          ],
          [
            121.1782496,
            14.6968802
          ],
          [
            121.1781718,
            14.6971162
          ],
          [
            121.178177,
            14.6972537
          ],
          [
            121.1782263,
            14.6973963
          ],
          [
            121.1783378,
            14.6975364
          ],
          [
            121.1785521,
            14.6977153
          ],
          [
            121.178969,
            14.6979241
          ],
          [
            121.1791399,
            14.6979986
          ],
          [
            121.1792616,
            14.698046
          ],
          [
            121.1795377,
            14.6981601
          ],
          [
            121.1796786,
            14.6982159
          ],
          [
            121.1797927,
            14.6983014
          ],
          [
            121.1798887,
            14.6984259
          ],
          [
            121.1799198,
            14.6985141
          ],
          [
            121.179912,
            14.6986464
          ],
          [
            121.1798498,
            14.6987553
          ],
          [
            121.1797953,
            14.6988331
          ],
          [
            121.1796367,
            14.6988935
          ],
          [
            121.1795567,
            14.6989239
          ],
          [
            121.1793078,
            14.6990743
          ],
          [
            121.1791522,
            14.6992014
          ],
          [
            121.1790432,
            14.6993181
          ],
          [
            121.1787683,
            14.6994685
          ],
          [
            121.1785556,
            14.6995645
          ],
          [
            121.1784753,
            14.6996008
          ],
          [
            121.1782911,
            14.6996345
          ],
          [
            121.1781666,
            14.6997382
          ],
          [
            121.1780966,
            14.6998316
          ],
          [
            121.1780629,
            14.6999353
          ],
          [
            121.1780214,
            14.7000806
          ],
          [
            121.1779773,
            14.7002647
          ],
          [
            121.1779332,
            14.7003425
          ],
          [
            121.1778588,
            14.7004151
          ],
          [
            121.1777324,
            14.7004618
          ],
          [
            121.177604,
            14.7004346
          ],
          [
            121.177526,
            14.7003088
          ],
          [
            121.1775338,
            14.7001299
          ],
          [
            121.177609,
            14.6998913
          ],
          [
            121.1776557,
            14.699733
          ],
          [
            121.1777024,
            14.6994504
          ],
          [
            121.177679,
            14.6992662
          ],
          [
            121.1775338,
            14.6989732
          ],
          [
            121.1773445,
            14.6986775
          ],
          [
            121.1772226,
            14.6985426
          ],
          [
            121.1771318,
            14.6984648
          ],
          [
            121.1770021,
            14.6984493
          ],
          [
            121.1769217,
            14.6984804
          ],
          [
            121.1768725,
            14.6985349
          ],
          [
            121.1768102,
            14.6986801
          ],
          [
            121.1767765,
            14.6988201
          ],
          [
            121.1767272,
            14.6989602
          ],
          [
            121.1766287,
            14.6991495
          ],
          [
            121.1765794,
            14.6992195
          ],
          [
            121.1763693,
            14.6992947
          ],
          [
            121.1761826,
            14.6993207
          ],
          [
            121.17604,
            14.6993207
          ],
          [
            121.1758662,
            14.6993077
          ],
          [
            121.175648,
            14.6992915
          ],
          [
            121.1754486,
            14.6993129
          ],
          [
            121.1753708,
            14.6993492
          ],
          [
            121.1752904,
            14.6993985
          ],
          [
            121.1752139,
            14.6995126
          ],
          [
            121.1750986,
            14.6996891
          ],
          [
            121.1749804,
            14.6998652
          ],
          [
            121.1747593,
            14.7001148
          ],
          [
            121.1746627,
            14.7002103
          ],
          [
            121.1744811,
            14.700301
          ],
          [
            121.1740322,
            14.7004617
          ],
          [
            121.1739445,
            14.700527
          ],
          [
            121.1738632,
            14.7005876
          ],
          [
            121.1737151,
            14.7007517
          ],
          [
            121.1735541,
            14.7009389
          ],
          [
            121.1733702,
            14.701144
          ],
          [
            121.1731584,
            14.7013875
          ],
          [
            121.1731098,
            14.7015019
          ],
          [
            121.1731359,
            14.7015569
          ],
          [
            121.173085,
            14.7016512
          ],
          [
            121.1730673,
            14.7017728
          ],
          [
            121.1730096,
            14.7018682
          ],
          [
            121.1729527,
            14.7020032
          ],
          [
            121.1729424,
            14.7020236
          ],
          [
            121.172838,
            14.7022299
          ],
          [
            121.1727236,
            14.7023693
          ],
          [
            121.1726598,
            14.7024024
          ],
          [
            121.1725538,
            14.7024676
          ],
          [
            121.1723321,
            14.7025677
          ],
          [
            121.1722695,
            14.7026269
          ],
          [
            121.1722267,
            14.70268
          ],
          [
            121.1722091,
            14.7027423
          ],
          [
            121.1721675,
            14.7027902
          ],
          [
            121.1721454,
            14.7029185
          ],
          [
            121.1722239,
            14.7029981
          ],
          [
            121.1722548,
            14.7030668
          ],
          [
            121.1722565,
            14.7030706
          ],
          [
            121.1722013,
            14.7032617
          ],
          [
            121.1722067,
            14.7034236
          ],
          [
            121.1721481,
            14.7034863
          ],
          [
            121.172115,
            14.7035633
          ],
          [
            121.1720238,
            14.7035879
          ],
          [
            121.1719134,
            14.7037356
          ],
          [
            121.171901,
            14.7039066
          ],
          [
            121.1718444,
            14.7040652
          ],
          [
            121.1717076,
            14.7042741
          ],
          [
            121.171605,
            14.7044689
          ],
          [
            121.1715421,
            14.7045701
          ],
          [
            121.1715325,
            14.7045855
          ],
          [
            121.1714158,
            14.7046114
          ],
          [
            121.1713457,
            14.7045984
          ],
          [
            121.1712057,
            14.7045621
          ],
          [
            121.1710751,
            14.7045346
          ],
          [
            121.1710579,
            14.704531
          ],
          [
            121.1708693,
            14.7045048
          ],
          [
            121.170853,
            14.7045025
          ],
          [
            121.1707337,
            14.7044791
          ],
          [
            121.1706109,
            14.7044688
          ],
          [
            121.170457,
            14.7044791
          ],
          [
            121.1703135,
            14.7045206
          ],
          [
            121.1702176,
            14.7045544
          ],
          [
            121.1700645,
            14.704544
          ],
          [
            121.1699504,
            14.704474
          ],
          [
            121.1697896,
            14.7043754
          ],
          [
            121.1696444,
            14.7043132
          ],
          [
            121.1695433,
            14.7043158
          ],
          [
            121.1693617,
            14.7043339
          ],
          [
            121.1692502,
            14.7043287
          ],
          [
            121.1690868,
            14.7043106
          ],
          [
            121.1689053,
            14.7043002
          ],
          [
            121.1687775,
            14.7043029
          ],
          [
            121.1687056,
            14.704378
          ],
          [
            121.1686648,
            14.7044341
          ],
          [
            121.1686226,
            14.7045016
          ],
          [
            121.1686226,
            14.7045965
          ],
          [
            121.1685847,
            14.7046345
          ],
          [
            121.1685488,
            14.7046197
          ],
          [
            121.1685088,
            14.7046239
          ],
          [
            121.1684729,
            14.7046619
          ],
          [
            121.1684476,
            14.7047125
          ],
          [
            121.1684097,
            14.704742
          ],
          [
            121.1683063,
            14.7047441
          ],
          [
            121.1681883,
            14.7047905
          ],
          [
            121.1680807,
            14.7048495
          ],
          [
            121.1679078,
            14.704936
          ],
          [
            121.1677792,
            14.7050688
          ],
          [
            121.1677656,
            14.7050751
          ],
          [
            121.1676801,
            14.7051152
          ],
          [
            121.1675156,
            14.705111
          ],
          [
            121.1672541,
            14.7052059
          ],
          [
            121.1670538,
            14.7052291
          ],
          [
            121.1668705,
            14.7052268
          ],
          [
            121.1667185,
            14.7052249
          ],
          [
            121.1666089,
            14.7052143
          ],
          [
            121.166436,
            14.7052755
          ],
          [
            121.1663158,
            14.7052987
          ],
          [
            121.1661302,
            14.7053071
          ],
          [
            121.1657907,
            14.7053261
          ],
          [
            121.1656769,
            14.705333
          ],
          [
            121.1655841,
            14.7053387
          ],
          [
            121.1653226,
            14.7053366
          ],
          [
            121.1651307,
            14.705343
          ],
          [
            121.1648904,
            14.7052649
          ],
          [
            121.1646458,
            14.7052734
          ],
          [
            121.1645699,
            14.7052903
          ],
          [
            121.1644961,
            14.7053619
          ],
          [
            121.1644476,
            14.7054315
          ],
          [
            121.1643231,
            14.7054969
          ],
          [
            121.164243,
            14.7055117
          ],
          [
            121.1641671,
            14.7054842
          ],
          [
            121.1640364,
            14.7055264
          ],
          [
            121.1639478,
            14.7055918
          ],
          [
            121.1639373,
            14.7056972
          ],
          [
            121.1639647,
            14.7058237
          ],
          [
            121.163933,
            14.705946
          ],
          [
            121.1638677,
            14.7059987
          ],
          [
            121.1638065,
            14.7061
          ],
          [
            121.1637918,
            14.7062012
          ],
          [
            121.1637222,
            14.7063678
          ],
          [
            121.163583,
            14.7065111
          ],
          [
            121.1634755,
            14.7066124
          ],
          [
            121.1633384,
            14.7068085
          ],
          [
            121.1632161,
            14.7069961
          ],
          [
            121.1631718,
            14.7070868
          ],
          [
            121.1631339,
            14.7071374
          ],
          [
            121.1631212,
            14.7071901
          ],
          [
            121.1631423,
            14.7072808
          ],
          [
            121.1631423,
            14.7073926
          ],
          [
            121.1631423,
            14.7074664
          ],
          [
            121.1631634,
            14.7075423
          ],
          [
            121.1632161,
            14.7076793
          ],
          [
            121.1632899,
            14.707808
          ],
          [
            121.1633578,
            14.7079359
          ],
          [
            121.1633782,
            14.708032
          ],
          [
            121.1633679,
            14.7081158
          ],
          [
            121.1633425,
            14.7081618
          ],
          [
            121.1633282,
            14.7081876
          ],
          [
            121.1632693,
            14.7082176
          ],
          [
            121.1632079,
            14.7082469
          ],
          [
            121.1631225,
            14.7082545
          ],
          [
            121.1630179,
            14.708261
          ],
          [
            121.1629019,
            14.7082462
          ],
          [
            121.1628197,
            14.7081896
          ],
          [
            121.1627421,
            14.7081292
          ],
          [
            121.1626122,
            14.708004
          ],
          [
            121.1625032,
            14.7079563
          ],
          [
            121.1623665,
            14.7079335
          ],
          [
            121.1622633,
            14.7079042
          ],
          [
            121.1621516,
            14.7079197
          ],
          [
            121.1619746,
            14.7079386
          ],
          [
            121.1618839,
            14.7079497
          ],
          [
            121.1618199,
            14.7079575
          ],
          [
            121.1615947,
            14.7079592
          ],
          [
            121.1614537,
            14.708028
          ],
          [
            121.1613437,
            14.7081569
          ],
          [
            121.1613312,
            14.7081836
          ],
          [
            121.161275,
            14.708303
          ],
          [
            121.1612131,
            14.7084577
          ],
          [
            121.1612114,
            14.7085797
          ],
          [
            121.1612578,
            14.7087173
          ],
          [
            121.1614022,
            14.7089871
          ],
          [
            121.1614383,
            14.7090937
          ],
          [
            121.1614555,
            14.7091934
          ],
          [
            121.1614898,
            14.7093274
          ],
          [
            121.1615586,
            14.7094598
          ],
          [
            121.1616256,
            14.7097056
          ],
          [
            121.1616772,
            14.7098379
          ],
          [
            121.1617786,
            14.7100184
          ],
          [
            121.1619127,
            14.7102058
          ],
          [
            121.1619917,
            14.7102917
          ],
          [
            121.1620657,
            14.7104172
          ],
          [
            121.1621086,
            14.7105289
          ],
          [
            121.1621413,
            14.7106475
          ],
          [
            121.1621396,
            14.710828
          ],
          [
            121.1621082,
            14.7109246
          ],
          [
            121.1620411,
            14.7110362
          ],
          [
            121.1618775,
            14.7111737
          ],
          [
            121.1617058,
            14.7112878
          ],
          [
            121.1616793,
            14.7112968
          ],
          [
            121.1614698,
            14.7113682
          ],
          [
            121.1611855,
            14.7114046
          ],
          [
            121.1608663,
            14.7114253
          ],
          [
            121.1606376,
            14.7114027
          ],
          [
            121.1602494,
            14.7113286
          ],
          [
            121.1600456,
            14.7113008
          ],
          [
            121.1600156,
            14.7112971
          ],
          [
            121.159824,
            14.7112731
          ],
          [
            121.1590816,
            14.7110837
          ],
          [
            121.1587586,
            14.7110264
          ],
          [
            121.1585838,
            14.7110121
          ],
          [
            121.1583459,
            14.7109914
          ],
          [
            121.1578732,
            14.7110012
          ],
          [
            121.1576299,
            14.711059
          ],
          [
            121.1574601,
            14.7111252
          ],
          [
            121.1573344,
            14.711206
          ],
          [
            121.1572322,
            14.7112508
          ],
          [
            121.15721,
            14.7112605
          ],
          [
            121.1569732,
            14.7113224
          ],
          [
            121.1566848,
            14.7113344
          ],
          [
            121.1566584,
            14.7113355
          ],
          [
            121.1565266,
            14.7113279
          ],
          [
            121.1560432,
            14.7113586
          ],
          [
            121.1557624,
            14.7113643
          ],
          [
            121.1554697,
            14.7114227
          ],
          [
            121.1554528,
            14.7114304
          ],
          [
            121.1552981,
            14.7115006
          ],
          [
            121.1551023,
            14.7117107
          ],
          [
            121.1549252,
            14.7120479
          ],
          [
            121.1549169,
            14.7120614
          ],
          [
            121.1547884,
            14.7122711
          ],
          [
            121.1546919,
            14.7123878
          ],
          [
            121.154598,
            14.7124345
          ],
          [
            121.15448,
            14.7124241
          ],
          [
            121.1543995,
            14.7123619
          ],
          [
            121.1543901,
            14.7123468
          ],
          [
            121.1543217,
            14.7122373
          ],
          [
            121.1541823,
            14.7120765
          ],
          [
            121.1541584,
            14.7120579
          ],
          [
            121.1540589,
            14.7119805
          ],
          [
            121.1538175,
            14.7118923
          ],
          [
            121.1536285,
            14.711862
          ],
          [
            121.1532437,
            14.7117971
          ],
          [
            121.1530692,
            14.7117783
          ],
          [
            121.1529081,
            14.7117676
          ],
          [
            121.1527898,
            14.711742
          ],
          [
            121.1527647,
            14.7117366
          ],
          [
            121.1526692,
            14.7116656
          ],
          [
            121.152637,
            14.7115931
          ],
          [
            121.1526185,
            14.7114941
          ],
          [
            121.1526427,
            14.7113708
          ],
          [
            121.1527442,
            14.7110125
          ],
          [
            121.1527805,
            14.7108944
          ],
          [
            121.1528168,
            14.7107339
          ],
          [
            121.1527981,
            14.7106431
          ],
          [
            121.1527443,
            14.7105559
          ],
          [
            121.1526666,
            14.7105014
          ],
          [
            121.1525726,
            14.7104835
          ],
          [
            121.1524569,
            14.7104605
          ],
          [
            121.1522837,
            14.7104898
          ],
          [
            121.1522556,
            14.7104945
          ],
          [
            121.1519603,
            14.7105744
          ],
          [
            121.1519362,
            14.7105809
          ],
          [
            121.1517214,
            14.7107474
          ],
          [
            121.1515496,
            14.7108601
          ],
          [
            121.1513966,
            14.7109756
          ],
          [
            121.1513634,
            14.7109961
          ],
          [
            121.151257,
            14.7110615
          ],
          [
            121.1510568,
            14.7111217
          ],
          [
            121.150885,
            14.7111581
          ],
          [
            121.1506969,
            14.7111777
          ],
          [
            121.150529,
            14.711176
          ],
          [
            121.1502579,
            14.7111793
          ],
          [
            121.1499224,
            14.7111651
          ],
          [
            121.1495467,
            14.7111659
          ],
          [
            121.1494098,
            14.7111662
          ],
          [
            121.1491305,
            14.7111948
          ],
          [
            121.1488621,
            14.7112916
          ],
          [
            121.1487037,
            14.7113885
          ],
          [
            121.1486151,
            14.711536
          ],
          [
            121.1486098,
            14.7116315
          ],
          [
            121.1487011,
            14.7117228
          ],
          [
            121.1488917,
            14.7118122
          ],
          [
            121.1491494,
            14.7118828
          ],
          [
            121.1495709,
            14.7119394
          ],
          [
            121.1497427,
            14.7119475
          ],
          [
            121.1498796,
            14.7120253
          ],
          [
            121.1500919,
            14.7123203
          ],
          [
            121.1502527,
            14.7126311
          ],
          [
            121.1503119,
            14.712805
          ],
          [
            121.1503319,
            14.7129391
          ],
          [
            121.1503065,
            14.7130857
          ],
          [
            121.1502595,
            14.7132063
          ],
          [
            121.1501643,
            14.7133101
          ],
          [
            121.1500597,
            14.7133451
          ],
          [
            121.1499672,
            14.7133477
          ],
          [
            121.1498103,
            14.7133282
          ],
          [
            121.1496265,
            14.7132945
          ],
          [
            121.1495232,
            14.7132815
          ],
          [
            121.1495005,
            14.7134177
          ],
          [
            121.1494656,
            14.7135734
          ],
          [
            121.1494548,
            14.7136732
          ],
          [
            121.149483,
            14.7137394
          ],
          [
            121.1495125,
            14.7138367
          ],
          [
            121.1495192,
            14.7139936
          ],
          [
            121.1495353,
            14.714218
          ],
          [
            121.1495528,
            14.7143802
          ],
          [
            121.1495769,
            14.7145903
          ],
          [
            121.1496587,
            14.714829
          ],
          [
            121.1497607,
            14.7148964
          ],
          [
            121.1498129,
            14.7149587
          ],
          [
            121.1497982,
            14.7150469
          ],
          [
            121.1497392,
            14.7151559
          ],
          [
            121.1496211,
            14.715353
          ],
          [
            121.1495903,
            14.7154776
          ],
          [
            121.1495876,
            14.7155632
          ],
          [
            121.1496346,
            14.7156514
          ],
          [
            121.1497325,
            14.7157979
          ],
          [
            121.1497741,
            14.7159341
          ],
          [
            121.1498103,
            14.7161092
          ],
          [
            121.1498438,
            14.7162506
          ],
          [
            121.1498263,
            14.7163661
          ],
          [
            121.1498022,
            14.7164828
          ],
          [
            121.1497191,
            14.716606
          ],
          [
            121.1495434,
            14.7166981
          ],
          [
            121.1493824,
            14.716737
          ],
          [
            121.1492202,
            14.7168226
          ],
          [
            121.1490659,
            14.7169757
          ],
          [
            121.1489305,
            14.717169
          ],
          [
            121.1487508,
            14.7174608
          ],
          [
            121.1485952,
            14.7177747
          ],
          [
            121.1484678,
            14.718064
          ],
          [
            121.1484029,
            14.7181778
          ],
          [
            121.1483614,
            14.7182612
          ],
          [
            121.1483601,
            14.7183531
          ],
          [
            121.1484052,
            14.7184519
          ],
          [
            121.1484622,
            14.7185284
          ],
          [
            121.1485214,
            14.7185769
          ],
          [
            121.1485861,
            14.7186365
          ],
          [
            121.1486406,
            14.7187489
          ],
          [
            121.1486389,
            14.7189464
          ],
          [
            121.1486303,
            14.7191882
          ],
          [
            121.1485997,
            14.7193074
          ],
          [
            121.1485322,
            14.7194143
          ],
          [
            121.1484504,
            14.7194882
          ],
          [
            121.1482626,
            14.7195686
          ],
          [
            121.1481258,
            14.7196828
          ],
          [
            121.1480319,
            14.7198021
          ],
          [
            121.1479756,
            14.7199811
          ],
          [
            121.1479327,
            14.7202794
          ],
          [
            121.1479273,
            14.7205654
          ],
          [
            121.1479086,
            14.7207073
          ],
          [
            121.1478348,
            14.7208566
          ],
          [
            121.1477496,
            14.7209824
          ],
          [
            121.1476705,
            14.7210551
          ],
          [
            121.1475538,
            14.7211011
          ],
          [
            121.1474352,
            14.7211102
          ],
          [
            121.1473071,
            14.7210797
          ],
          [
            121.1471388,
            14.7210194
          ],
          [
            121.1468966,
            14.7208885
          ],
          [
            121.1467829,
            14.7208204
          ],
          [
            121.1466392,
            14.7207226
          ],
          [
            121.1465286,
            14.7206395
          ],
          [
            121.1464402,
            14.7206018
          ],
          [
            121.1463548,
            14.7205727
          ],
          [
            121.1462307,
            14.7205881
          ],
          [
            121.146136,
            14.7206115
          ],
          [
            121.1460183,
            14.720651
          ],
          [
            121.1459727,
            14.7207897
          ],
          [
            121.1457943,
            14.7210071
          ],
          [
            121.1455878,
            14.7211893
          ],
          [
            121.1453799,
            14.7213618
          ],
          [
            121.1450928,
            14.7215864
          ],
          [
            121.1447807,
            14.7217759
          ],
          [
            121.144677,
            14.7218338
          ],
          [
            121.1445639,
            14.7218686
          ],
          [
            121.1442916,
            14.7218897
          ],
          [
            121.1441736,
            14.7218781
          ],
          [
            121.1440523,
            14.7219177
          ],
          [
            121.1439334,
            14.7220327
          ],
          [
            121.1438285,
            14.7221277
          ],
          [
            121.143407,
            14.7225432
          ],
          [
            121.1432573,
            14.7226989
          ],
          [
            121.1429481,
            14.7229702
          ],
          [
            121.1426267,
            14.7232616
          ],
          [
            121.1424402,
            14.7234134
          ],
          [
            121.1423255,
            14.7234793
          ],
          [
            121.142223,
            14.7235044
          ],
          [
            121.1420803,
            14.7235122
          ],
          [
            121.1418685,
            14.7235153
          ],
          [
            121.141473,
            14.7235357
          ],
          [
            121.1411694,
            14.7235408
          ],
          [
            121.1408709,
            14.7235613
          ],
          [
            121.1407739,
            14.7235562
          ],
          [
            121.1406744,
            14.7234898
          ],
          [
            121.140603,
            14.7234566
          ],
          [
            121.1405469,
            14.7234541
          ],
          [
            121.1404627,
            14.7234209
          ],
          [
            121.1403478,
            14.7233138
          ],
          [
            121.1401386,
            14.7230586
          ],
          [
            121.1398962,
            14.7226478
          ],
          [
            121.1395824,
            14.7215278
          ],
          [
            121.1394242,
            14.7210379
          ],
          [
            121.1392176,
            14.7204485
          ],
          [
            121.1390577,
            14.7201208
          ],
          [
            121.1390109,
            14.720025
          ],
          [
            121.1386767,
            14.7196244
          ],
          [
            121.1385941,
            14.7195648
          ],
          [
            121.1384893,
            14.7195431
          ],
          [
            121.1383174,
            14.7195587
          ],
          [
            121.1379833,
            14.7195932
          ],
          [
            121.1375998,
            14.7196629
          ],
          [
            121.1371367,
            14.7197702
          ],
          [
            121.1369461,
            14.7198266
          ],
          [
            121.1367608,
            14.7198715
          ],
          [
            121.1365828,
            14.7199021
          ],
          [
            121.1364416,
            14.7198881
          ],
          [
            121.1363182,
            14.7198529
          ],
          [
            121.1361966,
            14.7197705
          ],
          [
            121.1360185,
            14.7195785
          ],
          [
            121.1358576,
            14.7193884
          ],
          [
            121.1357059,
            14.7191886
          ],
          [
            121.1355878,
            14.7190135
          ],
          [
            121.1354993,
            14.7189706
          ],
          [
            121.1353357,
            14.7189538
          ],
          [
            121.1351399,
            14.7190186
          ],
          [
            121.1349776,
            14.719103
          ],
          [
            121.1349186,
            14.7191821
          ],
          [
            121.1349079,
            14.7192586
          ],
          [
            121.1349123,
            14.7193915
          ],
          [
            121.1348958,
            14.7194726
          ],
          [
            121.1348355,
            14.7195336
          ],
          [
            121.1347416,
            14.7195569
          ],
          [
            121.1345766,
            14.7195816
          ],
          [
            121.1344506,
            14.7196309
          ],
          [
            121.1343406,
            14.7197126
          ],
          [
            121.1341622,
            14.7198592
          ],
          [
            121.1340255,
            14.7199292
          ],
          [
            121.1339436,
            14.7199538
          ],
          [
            121.1338565,
            14.7199435
          ],
          [
            121.1337921,
            14.7198929
          ],
          [
            121.1337438,
            14.7198099
          ],
          [
            121.1337344,
            14.7196879
          ],
          [
            121.1337237,
            14.7195427
          ],
          [
            121.1336929,
            14.7194363
          ],
          [
            121.1336003,
            14.7193805
          ],
          [
            121.1334568,
            14.7193416
          ],
          [
            121.1333169,
            14.7193105
          ],
          [
            121.1331871,
            14.7192867
          ],
          [
            121.1330947,
            14.7192466
          ],
          [
            121.1330493,
            14.7192116
          ],
          [
            121.1329805,
            14.7191451
          ],
          [
            121.1328903,
            14.7190172
          ],
          [
            121.1327574,
            14.7188381
          ],
          [
            121.1325297,
            14.7185607
          ],
          [
            121.132361,
            14.7183435
          ],
          [
            121.1322697,
            14.7182649
          ],
          [
            121.1321669,
            14.7181101
          ],
          [
            121.1316613,
            14.7173563
          ],
          [
            121.1315082,
            14.7170989
          ],
          [
            121.1314453,
            14.7170038
          ],
          [
            121.1313754,
            14.7169238
          ],
          [
            121.131303,
            14.716859
          ],
          [
            121.1312059,
            14.7168014
          ],
          [
            121.131071,
            14.7167474
          ],
          [
            121.1309007,
            14.71668
          ],
          [
            121.1308193,
            14.7166205
          ],
          [
            121.1307463,
            14.7165538
          ],
          [
            121.1306459,
            14.7163466
          ],
          [
            121.130603,
            14.7161598
          ],
          [
            121.1305225,
            14.7158848
          ],
          [
            121.1304903,
            14.7157448
          ],
          [
            121.1304193,
            14.7155268
          ],
          [
            121.1303652,
            14.7154419
          ],
          [
            121.1302988,
            14.7153959
          ],
          [
            121.1302227,
            14.7153813
          ],
          [
            121.1301376,
            14.7153945
          ],
          [
            121.1298104,
            14.7155061
          ],
          [
            121.1297245,
            14.7155528
          ],
          [
            121.1296789,
            14.7156111
          ],
          [
            121.1296011,
            14.7156708
          ],
          [
            121.1295019,
            14.715733
          ],
          [
            121.1291895,
            14.7158952
          ],
          [
            121.1289797,
            14.7160161
          ],
          [
            121.1288582,
            14.7160768
          ],
          [
            121.1287603,
            14.716095
          ],
          [
            121.1287053,
            14.7161248
          ],
          [
            121.1286087,
            14.716165
          ],
          [
            121.1285564,
            14.7162467
          ],
          [
            121.1285413,
            14.716392
          ],
          [
            121.1285335,
            14.7165454
          ],
          [
            121.1285501,
            14.7166769
          ],
          [
            121.1285152,
            14.7167592
          ],
          [
            121.1285006,
            14.7168581
          ],
          [
            121.1284371,
            14.7169199
          ],
          [
            121.1283184,
            14.716959
          ],
          [
            121.128204,
            14.7169852
          ],
          [
            121.1281201,
            14.7169994
          ],
          [
            121.12803,
            14.7170322
          ],
          [
            121.1279544,
            14.7170722
          ],
          [
            121.1278785,
            14.717108
          ],
          [
            121.1277735,
            14.7171246
          ],
          [
            121.1276832,
            14.7172038
          ],
          [
            121.1276474,
            14.7172786
          ],
          [
            121.1276238,
            14.717344
          ],
          [
            121.1275582,
            14.7174158
          ],
          [
            121.1274619,
            14.7174463
          ],
          [
            121.1273778,
            14.717523
          ],
          [
            121.1273109,
            14.7175771
          ],
          [
            121.127259,
            14.7176363
          ],
          [
            121.1271989,
            14.7176894
          ],
          [
            121.1271211,
            14.7178084
          ],
          [
            121.1269415,
            14.7178571
          ],
          [
            121.1268242,
            14.717853
          ],
          [
            121.1267064,
            14.7178346
          ],
          [
            121.1266096,
            14.7178339
          ],
          [
            121.1264605,
            14.7178836
          ],
          [
            121.1263858,
            14.7178996
          ],
          [
            121.12628,
            14.7179086
          ],
          [
            121.1261814,
            14.7179057
          ],
          [
            121.1260839,
            14.717875
          ],
          [
            121.1260042,
            14.7178179
          ],
          [
            121.1259188,
            14.7176745
          ]
        ]
      },
      "id": "relation/18120987"
    },
    {
      "type": "Feature",
      "properties": {
        "@id": "way/28921776",
        "alt_name": "Montalban Dam;Lower Wawa Dam;Old Wawa Dam",
        "height": "13",
        "material": "concrete",
        "name": "Wawa Dam",
        "start_date": "1909",
        "waterway": "dam",
        "wikidata": "Q7975576",
        "wikipedia": "en:Wawa Dam"
      },
      "geometry": {
        "type": "Polygon",
        "coordinates": [
          [
            [
              121.1917907,
              14.7283821
            ],
            [
              121.1916988,
              14.7284235
            ],
            [
              121.1917141,
              14.7283638
            ],
            [
              121.1917304,
              14.7282998
            ],
            [
              121.1917373,
              14.7282393
            ],
            [
              121.1917359,
              14.7281785
            ],
            [
              121.1917261,
              14.7281183
            ],
            [
              121.1917083,
              14.72806
            ],
            [
              121.191683,
              14.7280049
            ],
            [
              121.1916512,
              14.7279547
            ],
            [
              121.1916135,
              14.7279092
            ],
            [
              121.1915701,
              14.7278688
            ],
            [
              121.1914948,
              14.7278144
            ],
            [
              121.1915651,
              14.7277698
            ],
            [
              121.1916214,
              14.7278105
            ],
            [
              121.1916719,
              14.7278577
            ],
            [
              121.1917159,
              14.7279107
            ],
            [
              121.1917501,
              14.7279648
            ],
            [
              121.1917825,
              14.7280335
            ],
            [
              121.1918033,
              14.7281015
            ],
            [
              121.1918147,
              14.7281717
            ],
            [
              121.1918163,
              14.7282426
            ],
            [
              121.1918083,
              14.7283132
            ],
            [
              121.1917907,
              14.7283821
            ]
          ]
        ]
      },
      "id": "way/28921776"
    },
    {
      "type": "Feature",
      "properties": {
        "@id": "way/287218304",
        "building": "yes",
        "layer": "1",
        "name": "Manggahan Floodgate",
        "waterway": "flow_control"
      },
      "geometry": {
        "type": "Polygon",
        "coordinates": [
          [
            [
              121.0894572,
              14.5987005
            ],
            [
              121.0894725,
              14.5986606
            ],
            [
              121.0909052,
              14.5991757
            ],
            [
              121.0908899,
              14.5992156
            ],
            [
              121.0894572,
              14.5987005
            ]
          ]
        ]
      },
      "id": "way/287218304"
    },
    {
      "type": "Feature",
      "properties": {
        "@id": "way/4304724",
        "boat": "no",
        "name": "Estero de Paco",
        "source": "Bing",
        "waterway": "river"
      },
      "geometry": {
        "type": "LineString",
        "coordinates": [
          [
            120.9931702,
            14.587374
          ],
          [
            120.9925007,
            14.5878641
          ],
          [
            120.9920887,
            14.5884372
          ],
          [
            120.9919085,
            14.5887695
          ],
          [
            120.9915237,
            14.5891604
          ],
          [
            120.9914315,
            14.5892773
          ]
        ]
      },
      "id": "way/4304724"
    },
    {
      "type": "Feature",
      "properties": {
        "@id": "way/4443915",
        "boat": "yes",
        "name": "Pasig River",
        "name:es": "Río Pasig",
        "source": "Bing",
        "waterway": "river",
        "wikipedia": "en:Manila's 6th congressional district"
      },
      "geometry": {
        "type": "LineString",
        "coordinates": [
          [
            120.9928282,
            14.5912614
          ],
          [
            120.9914379,
            14.5902686
          ],
          [
            120.9905321,
            14.5897209
          ]
        ]
      },
      "id": "way/4443915"
    },
    {
      "type": "Feature",
      "properties": {
        "@id": "way/4744706",
        "name": "Marikina River",
        "name:en": "Marikina River",
        "name:tl": "Ilog Marikina",
        "waterway": "river",
        "wikidata": "Q3551251",
        "wikipedia": "en:Marikina River",
        "@relations": [
          {
            "role": "main_stream",
            "rel": 11963824,
            "reltags": {
              "destination": "Pasig River",
              "name": "Marikina River",
              "name:en": "Marikina River",
              "name:tl": "Ilog Marikina",
              "type": "waterway",
              "waterway": "river",
              "wikidata": "Q3551251",
              "wikipedia": "en:Marikina River"
            }
          }
        ]
      },
      "geometry": {
        "type": "LineString",
        "coordinates": [
          [
            121.191683,
            14.7280049
          ],
          [
            121.1914542,
            14.7281448
          ],
          [
            121.1912182,
            14.7282706
          ],
          [
            121.1910184,
            14.7283614
          ],
          [
            121.1907354,
            14.7284768
          ],
          [
            121.1902518,
            14.7286425
          ],
          [
            121.1899633,
            14.7287553
          ],
          [
            121.1898369,
            14.7288128
          ],
          [
            121.189687,
            14.7288912
          ],
          [
            121.1893826,
            14.7290992
          ],
          [
            121.1888065,
            14.729515
          ],
          [
            121.1885454,
            14.7296927
          ],
          [
            121.1883022,
            14.7299105
          ],
          [
            121.1881074,
            14.730092
          ],
          [
            121.1879887,
            14.7302353
          ],
          [
            121.1878659,
            14.7304241
          ],
          [
            121.1877051,
            14.7306959
          ],
          [
            121.1875897,
            14.7308502
          ],
          [
            121.1872872,
            14.7311203
          ],
          [
            121.186969,
            14.7313529
          ],
          [
            121.1867948,
            14.731428
          ],
          [
            121.1864912,
            14.7314553
          ],
          [
            121.1861077,
            14.7315079
          ],
          [
            121.1858169,
            14.7316082
          ],
          [
            121.1855847,
            14.7316864
          ],
          [
            121.1854273,
            14.7317013
          ],
          [
            121.1852878,
            14.7316857
          ],
          [
            121.1851689,
            14.7316228
          ],
          [
            121.1850643,
            14.7314984
          ],
          [
            121.1848898,
            14.731367
          ],
          [
            121.1846543,
            14.7312847
          ],
          [
            121.1843675,
            14.7312648
          ],
          [
            121.1840218,
            14.7313069
          ],
          [
            121.1838301,
            14.7314194
          ],
          [
            121.1836678,
            14.7315936
          ],
          [
            121.18356,
            14.7317859
          ],
          [
            121.1834458,
            14.7319869
          ],
          [
            121.1833117,
            14.7321597
          ],
          [
            121.1830294,
            14.7323575
          ],
          [
            121.1824977,
            14.7326329
          ],
          [
            121.1821523,
            14.7328841
          ],
          [
            121.1819024,
            14.7331205
          ],
          [
            121.181281,
            14.7336963
          ],
          [
            121.1808518,
            14.734045
          ],
          [
            121.1805077,
            14.7342582
          ],
          [
            121.1801853,
            14.7343542
          ],
          [
            121.1798436,
            14.7344061
          ],
          [
            121.1789853,
            14.7345472
          ],
          [
            121.1785179,
            14.7345832
          ],
          [
            121.1781189,
            14.7345602
          ],
          [
            121.1775678,
            14.7344748
          ],
          [
            121.1769237,
            14.7342972
          ],
          [
            121.1762789,
            14.7341107
          ],
          [
            121.1749479,
            14.7336826
          ],
          [
            121.1745644,
            14.7336497
          ],
          [
            121.1743444,
            14.7336572
          ],
          [
            121.1742025,
            14.7337253
          ],
          [
            121.1740869,
            14.7338751
          ],
          [
            121.1740489,
            14.7340606
          ],
          [
            121.1740399,
            14.7344348
          ],
          [
            121.174058,
            14.7347692
          ],
          [
            121.1740052,
            14.7352937
          ],
          [
            121.1738993,
            14.7357801
          ],
          [
            121.1737925,
            14.7362352
          ],
          [
            121.1736874,
            14.7367043
          ],
          [
            121.1735844,
            14.7371469
          ],
          [
            121.1734647,
            14.7374859
          ],
          [
            121.1732357,
            14.737881
          ],
          [
            121.1730945,
            14.7379969
          ],
          [
            121.1729299,
            14.7380377
          ],
          [
            121.1727223,
            14.7380221
          ],
          [
            121.172276,
            14.737881
          ],
          [
            121.1717954,
            14.737632
          ],
          [
            121.171452,
            14.7373332
          ],
          [
            121.1711087,
            14.7368019
          ],
          [
            121.1707225,
            14.7361244
          ],
          [
            121.1705142,
            14.735805
          ],
          [
            121.1703077,
            14.735613
          ],
          [
            121.1700857,
            14.7354842
          ],
          [
            121.1696405,
            14.7353415
          ],
          [
            121.1685358,
            14.7351208
          ],
          [
            121.168052,
            14.7350657
          ],
          [
            121.1675289,
            14.7349412
          ],
          [
            121.1671173,
            14.7347928
          ],
          [
            121.1662462,
            14.7343841
          ],
          [
            121.1658961,
            14.7342637
          ],
          [
            121.1652502,
            14.7340644
          ],
          [
            121.1647066,
            14.7339354
          ],
          [
            121.1641286,
            14.7338084
          ],
          [
            121.1635127,
            14.733714
          ],
          [
            121.1630235,
            14.7336154
          ],
          [
            121.1625943,
            14.733631
          ],
          [
            121.1622252,
            14.7338136
          ],
          [
            121.1618014,
            14.7340015
          ],
          [
            121.1613551,
            14.7342339
          ],
          [
            121.1602146,
            14.7351524
          ],
          [
            121.1597184,
            14.7355181
          ],
          [
            121.1594515,
            14.7356939
          ],
          [
            121.159206,
            14.7358076
          ],
          [
            121.1588993,
            14.7358889
          ],
          [
            121.158447,
            14.7359399
          ],
          [
            121.1573279,
            14.7362438
          ],
          [
            121.1564893,
            14.7365298
          ],
          [
            121.1560314,
            14.7366913
          ],
          [
            121.1556613,
            14.7368837
          ],
          [
            121.154824,
            14.7372348
          ],
          [
            121.1545825,
            14.7373146
          ],
          [
            121.1543378,
            14.737351
          ],
          [
            121.1541313,
            14.737351
          ],
          [
            121.1533749,
            14.7373354
          ],
          [
            121.1529402,
            14.7372773
          ],
          [
            121.1512867,
            14.7370401
          ],
          [
            121.1498514,
            14.7368294
          ],
          [
            121.1480031,
            14.7366603
          ],
          [
            121.1473887,
            14.7366338
          ]
        ]
      },
      "id": "way/4744706"
    },
    {
      "type": "Feature",
      "properties": {
        "@id": "way/4928845",
        "name": "Marikina River",
        "name:en": "Marikina River",
        "name:tl": "Ilog Marikina",
        "waterway": "river",
        "wikidata": "Q3551251",
        "wikipedia": "en:Marikina River",
        "@relations": [
          {
            "role": "main_stream",
            "rel": 11963824,
            "reltags": {
              "destination": "Pasig River",
              "name": "Marikina River",
              "name:en": "Marikina River",
              "name:tl": "Ilog Marikina",
              "type": "waterway",
              "waterway": "river",
              "wikidata": "Q3551251",
              "wikipedia": "en:Marikina River"
            }
          }
        ]
      },
      "geometry": {
        "type": "LineString",
        "coordinates": [
          [
            121.2025071,
            14.7005997
          ],
          [
            121.2010722,
            14.7014878
          ],
          [
            121.200672,
            14.7017046
          ],
          [
            121.2001576,
            14.7019848
          ],
          [
            121.1998625,
            14.7021535
          ],
          [
            121.1996698,
            14.7022505
          ],
          [
            121.1995015,
            14.702305
          ],
          [
            121.1991448,
            14.7024013
          ],
          [
            121.1989483,
            14.7024788
          ],
          [
            121.1987542,
            14.7025998
          ],
          [
            121.1985611,
            14.7028073
          ],
          [
            121.1984463,
            14.7030668
          ],
          [
            121.1984002,
            14.7034341
          ],
          [
            121.1983819,
            14.7040095
          ],
          [
            121.1984432,
            14.7045273
          ],
          [
            121.1985,
            14.7048993
          ],
          [
            121.1985832,
            14.7050851
          ],
          [
            121.1987123,
            14.7052742
          ],
          [
            121.198942,
            14.7054188
          ],
          [
            121.1992382,
            14.705537
          ],
          [
            121.1996028,
            14.7056322
          ],
          [
            121.200032,
            14.7057057
          ],
          [
            121.200327,
            14.7057645
          ],
          [
            121.2005674,
            14.7058396
          ],
          [
            121.200791,
            14.7059591
          ],
          [
            121.2009392,
            14.7060886
          ],
          [
            121.2010485,
            14.706286
          ],
          [
            121.2010664,
            14.7064763
          ],
          [
            121.2010351,
            14.7068446
          ],
          [
            121.2008947,
            14.7075285
          ],
          [
            121.2007809,
            14.7081651
          ],
          [
            121.2007015,
            14.7085102
          ],
          [
            121.2005766,
            14.7087634
          ],
          [
            121.2004745,
            14.7089452
          ],
          [
            121.2003169,
            14.7091795
          ],
          [
            121.2000104,
            14.7095224
          ],
          [
            121.1996172,
            14.7098998
          ],
          [
            121.1992648,
            14.7102436
          ],
          [
            121.1990422,
            14.7104323
          ],
          [
            121.1988752,
            14.7105464
          ],
          [
            121.1986627,
            14.7106768
          ],
          [
            121.1983811,
            14.7108183
          ],
          [
            121.19809,
            14.710948
          ],
          [
            121.197913,
            14.711018
          ],
          [
            121.1976421,
            14.7111555
          ],
          [
            121.1974356,
            14.7114046
          ],
          [
            121.1972344,
            14.7117444
          ],
          [
            121.1970976,
            14.7119701
          ],
          [
            121.1969849,
            14.7122191
          ],
          [
            121.1968857,
            14.7125253
          ],
          [
            121.1968402,
            14.7128073
          ],
          [
            121.1967973,
            14.7130606
          ],
          [
            121.1966899,
            14.7133996
          ],
          [
            121.1965531,
            14.7137472
          ],
          [
            121.1964084,
            14.7140786
          ],
          [
            121.1963385,
            14.7146552
          ],
          [
            121.1963526,
            14.7151421
          ],
          [
            121.1964235,
            14.7154929
          ],
          [
            121.1965618,
            14.7159464
          ],
          [
            121.196651,
            14.7161546
          ],
          [
            121.1967838,
            14.7163388
          ],
          [
            121.1969447,
            14.7164556
          ],
          [
            121.197052,
            14.7165139
          ],
          [
            121.1972773,
            14.7166229
          ],
          [
            121.1975174,
            14.7167389
          ],
          [
            121.1978352,
            14.71692
          ],
          [
            121.1984012,
            14.7173298
          ],
          [
            121.1986479,
            14.7175633
          ],
          [
            121.1987337,
            14.7177164
          ],
          [
            121.1987767,
            14.7178435
          ],
          [
            121.1987887,
            14.7180011
          ],
          [
            121.1987986,
            14.7182395
          ],
          [
            121.1987001,
            14.7195971
          ],
          [
            121.1986506,
            14.7201108
          ],
          [
            121.1985316,
            14.720569
          ],
          [
            121.1984069,
            14.720873
          ],
          [
            121.1982724,
            14.7211271
          ],
          [
            121.1981071,
            14.7213305
          ],
          [
            121.1980031,
            14.7214417
          ],
          [
            121.1979222,
            14.7215549
          ],
          [
            121.1977513,
            14.7218353
          ],
          [
            121.1973978,
            14.7225905
          ],
          [
            121.1970178,
            14.7230612
          ],
          [
            121.1968044,
            14.7232723
          ],
          [
            121.1964861,
            14.7235247
          ],
          [
            121.1961981,
            14.7237036
          ],
          [
            121.1958349,
            14.7238561
          ],
          [
            121.1955875,
            14.7239683
          ],
          [
            121.1954095,
            14.7241725
          ],
          [
            121.1952871,
            14.724386
          ],
          [
            121.1952113,
            14.7245816
          ],
          [
            121.1951651,
            14.7247569
          ],
          [
            121.1951275,
            14.7250137
          ],
          [
            121.1950926,
            14.725159
          ],
          [
            121.1950417,
            14.7253082
          ],
          [
            121.1949706,
            14.7254275
          ]
        ]
      },
      "id": "way/4928845"
    },
    {
      "type": "Feature",
      "properties": {
        "@id": "way/4989996",
        "name": "Tumana Creek",
        "waterway": "river"
      },
      "geometry": {
        "type": "LineString",
        "coordinates": [
          [
            121.101386,
            14.6510452
          ],
          [
            121.1008281,
            14.650821
          ],
          [
            121.0992917,
            14.6506715
          ],
          [
            121.0989999,
            14.6506964
          ],
          [
            121.0988797,
            14.6507795
          ],
          [
            121.098811,
            14.6509538
          ],
          [
            121.098193,
            14.6517012
          ],
          [
            121.0978583,
            14.6521496
          ],
          [
            121.0977896,
            14.6523489
          ],
          [
            121.0959443,
            14.6535364
          ],
          [
            121.0957245,
            14.6536784
          ],
          [
            121.0955435,
            14.6537873
          ],
          [
            121.0954653,
            14.6538634
          ],
          [
            121.0951424,
            14.6538804
          ]
        ]
      },
      "id": "way/4989996"
    },
    {
      "type": "Feature",
      "properties": {
        "@id": "way/5055440",
        "boat": "no",
        "name": "Estero de Pandacan",
        "old_name": "Estero de Pandacan",
        "waterway": "river"
      },
      "geometry": {
        "type": "LineString",
        "coordinates": [
          [
            121.0046801,
            14.5819665
          ],
          [
            121.0045457,
            14.5820313
          ],
          [
            121.0043769,
            14.5820748
          ],
          [
            121.0041301,
            14.5820645
          ],
          [
            121.0038834,
            14.5820956
          ],
          [
            121.0036902,
            14.5820956
          ],
          [
            121.0033544,
            14.5820772
          ],
          [
            121.0026817,
            14.5821891
          ],
          [
            121.0022286,
            14.5822967
          ],
          [
            121.0018178,
            14.5823987
          ],
          [
            121.0015964,
            14.5824223
          ],
          [
            121.0013993,
            14.5824664
          ],
          [
            121.001199,
            14.5825594
          ],
          [
            121.0010329,
            14.5826902
          ],
          [
            121.0008783,
            14.582884
          ],
          [
            121.000748,
            14.5831157
          ],
          [
            121.0005946,
            14.5833703
          ],
          [
            120.9996504,
            14.5845415
          ],
          [
            120.9992745,
            14.5850697
          ],
          [
            120.9989911,
            14.5855725
          ],
          [
            120.9987742,
            14.5860765
          ],
          [
            120.9986226,
            14.586674
          ],
          [
            120.9985169,
            14.5872232
          ],
          [
            120.9984375,
            14.5875089
          ],
          [
            120.9983718,
            14.5879271
          ],
          [
            120.9983514,
            14.5880341
          ]
        ]
      },
      "id": "way/5055440"
    },
    {
      "type": "Feature",
      "properties": {
        "@id": "way/5172405",
        "boat": "no",
        "name": "Culiat Creek",
        "waterway": "river"
      },
      "geometry": {
        "type": "LineString",
        "coordinates": [
          [
            121.0362651,
            14.6645755
          ],
          [
            121.0361459,
            14.6644696
          ],
          [
            121.0360874,
            14.6643996
          ],
          [
            121.0360162,
            14.6643248
          ],
          [
            121.0359482,
            14.6642606
          ],
          [
            121.0359031,
            14.6642285
          ],
          [
            121.0358507,
            14.664214
          ],
          [
            121.0357978,
            14.6642064
          ],
          [
            121.0357283,
            14.6642153
          ],
          [
            121.0356688,
            14.6642369
          ],
          [
            121.0356076,
            14.6642692
          ],
          [
            121.0355282,
            14.6643192
          ],
          [
            121.035422,
            14.6643961
          ],
          [
            121.0352747,
            14.664513
          ],
          [
            121.0352048,
            14.6645733
          ],
          [
            121.0344861,
            14.6654107
          ],
          [
            121.0344237,
            14.665472
          ],
          [
            121.0343524,
            14.6655253
          ],
          [
            121.0342855,
            14.6655631
          ],
          [
            121.0342271,
            14.6655914
          ],
          [
            121.0341524,
            14.6656195
          ],
          [
            121.0340669,
            14.6656439
          ],
          [
            121.0339714,
            14.6656572
          ],
          [
            121.0338152,
            14.6656606
          ],
          [
            121.0336267,
            14.6656609
          ],
          [
            121.0334988,
            14.665644
          ],
          [
            121.0332283,
            14.6655884
          ],
          [
            121.0331518,
            14.6655715
          ],
          [
            121.0330773,
            14.6655565
          ],
          [
            121.0330235,
            14.6655523
          ],
          [
            121.0329802,
            14.6655654
          ],
          [
            121.0329465,
            14.6655895
          ],
          [
            121.0329086,
            14.6656218
          ],
          [
            121.0328714,
            14.6656593
          ],
          [
            121.0328257,
            14.6657145
          ],
          [
            121.0327988,
            14.6657606
          ],
          [
            121.0327798,
            14.6658051
          ],
          [
            121.0327536,
            14.6658537
          ],
          [
            121.0327123,
            14.6658997
          ],
          [
            121.0326883,
            14.6659261
          ],
          [
            121.0326531,
            14.6659395
          ],
          [
            121.0326078,
            14.665938
          ]
        ]
      },
      "id": "way/5172405"
    },
    {
      "type": "Feature",
      "properties": {
        "@id": "way/5450344",
        "name": "Mariblo Creek",
        "waterway": "river"
      },
      "geometry": {
        "type": "LineString",
        "coordinates": [
          [
            121.0258741,
            14.6424955
          ],
          [
            121.0258843,
            14.6423971
          ],
          [
            121.025876,
            14.6422908
          ],
          [
            121.0258251,
            14.6420433
          ],
          [
            121.0257246,
            14.6419142
          ],
          [
            121.0254118,
            14.6416147
          ],
          [
            121.0251401,
            14.6414333
          ],
          [
            121.0248041,
            14.6413782
          ],
          [
            121.024505,
            14.6413472
          ],
          [
            121.0241588,
            14.6412732
          ],
          [
            121.0238205,
            14.6411325
          ],
          [
            121.0233353,
            14.6410325
          ],
          [
            121.0231574,
            14.640907
          ],
          [
            121.0229514,
            14.640741
          ],
          [
            121.0229123,
            14.6405313
          ],
          [
            121.0227365,
            14.6403629
          ],
          [
            121.0225223,
            14.6401264
          ],
          [
            121.0223128,
            14.6400593
          ],
          [
            121.0217787,
            14.6397615
          ],
          [
            121.0215671,
            14.639587
          ],
          [
            121.0213764,
            14.6393748
          ]
        ]
      },
      "id": "way/5450344"
    },
    {
      "type": "Feature",
      "properties": {
        "@id": "way/5450361",
        "boat": "no",
        "name": "Mariblo Creek",
        "waterway": "river"
      },
      "geometry": {
        "type": "LineString",
        "coordinates": [
          [
            121.0213764,
            14.6393748
          ],
          [
            121.0209663,
            14.6393707
          ],
          [
            121.0204623,
            14.6393541
          ],
          [
            121.0201362,
            14.639188
          ],
          [
            121.0200503,
            14.6391341
          ],
          [
            121.0199511,
            14.6390212
          ],
          [
            121.0198773,
            14.6387514
          ],
          [
            121.0197338,
            14.6384075
          ],
          [
            121.0196202,
            14.6380384
          ],
          [
            121.0195123,
            14.6378541
          ]
        ]
      },
      "id": "way/5450361"
    },
    {
      "type": "Feature",
      "properties": {
        "@id": "way/5451044",
        "boat": "no",
        "name": "Tanque Creek",
        "waterway": "river"
      },
      "geometry": {
        "type": "LineString",
        "coordinates": [
          [
            121.0258609,
            14.6378386
          ],
          [
            121.0255272,
            14.6379322
          ],
          [
            121.025353,
            14.6379793
          ],
          [
            121.0251733,
            14.6380117
          ],
          [
            121.0250929,
            14.6380299
          ],
          [
            121.0249005,
            14.638079
          ],
          [
            121.0247012,
            14.6381259
          ],
          [
            121.0245026,
            14.6381658
          ],
          [
            121.024429,
            14.6381752
          ],
          [
            121.0243941,
            14.6382388
          ],
          [
            121.0243674,
            14.6383197
          ],
          [
            121.0243673,
            14.6383997
          ],
          [
            121.024398,
            14.6384588
          ],
          [
            121.0244384,
            14.6385282
          ],
          [
            121.0244911,
            14.6386028
          ],
          [
            121.0245162,
            14.6386644
          ],
          [
            121.0245148,
            14.6387059
          ],
          [
            121.0243901,
            14.6390414
          ],
          [
            121.0241611,
            14.6392312
          ],
          [
            121.0239041,
            14.639296
          ],
          [
            121.0236431,
            14.6392808
          ],
          [
            121.0233001,
            14.6391724
          ],
          [
            121.0228828,
            14.6392545
          ],
          [
            121.0220931,
            14.6392462
          ],
          [
            121.0217412,
            14.6391797
          ],
          [
            121.0215352,
            14.6392628
          ],
          [
            121.0213764,
            14.6393748
          ]
        ]
      },
      "id": "way/5451044"
    },
    {
      "type": "Feature",
      "properties": {
        "@id": "way/5452243",
        "name": "Mariblo Creek",
        "waterway": "river"
      },
      "geometry": {
        "type": "LineString",
        "coordinates": [
          [
            121.0250534,
            14.644218
          ],
          [
            121.0251348,
            14.6441025
          ],
          [
            121.0252946,
            14.6440067
          ],
          [
            121.0254298,
            14.6438335
          ],
          [
            121.025612,
            14.6435237
          ],
          [
            121.0257238,
            14.6432406
          ],
          [
            121.0258784,
            14.6429405
          ],
          [
            121.0258979,
            14.642799
          ],
          [
            121.0258699,
            14.6426296
          ],
          [
            121.0258741,
            14.6424955
          ]
        ]
      },
      "id": "way/5452243"
    },
    {
      "type": "Feature",
      "properties": {
        "@id": "way/5545095",
        "alt_name": "Lagarian Creek",
        "boat": "no",
        "name": "Diliman Creek",
        "waterway": "river"
      },
      "geometry": {
        "type": "LineString",
        "coordinates": [
          [
            121.0239462,
            14.6262161
          ],
          [
            121.0236581,
            14.626252
          ],
          [
            121.0234727,
            14.6262171
          ],
          [
            121.0229749,
            14.6259679
          ],
          [
            121.0222196,
            14.6258018
          ],
          [
            121.0216702,
            14.6257105
          ],
          [
            121.0211151,
            14.6254564
          ],
          [
            121.0208979,
            14.6254016
          ],
          [
            121.0204974,
            14.6253636
          ],
          [
            121.0202203,
            14.6253694
          ],
          [
            121.0201001,
            14.6254099
          ]
        ]
      },
      "id": "way/5545095"
    },
    {
      "type": "Feature",
      "properties": {
        "@id": "way/8104187",
        "boat": "no",
        "description": "Former \"Matalahib Creek\"",
        "name": "Talayan Creek",
        "waterway": "stream"
      },
      "geometry": {
        "type": "LineString",
        "coordinates": [
          [
            121.0087702,
            14.6358633
          ],
          [
            121.0089071,
            14.6342256
          ],
          [
            121.0090354,
            14.6331584
          ],
          [
            121.0090717,
            14.6329449
          ],
          [
            121.0091458,
            14.6327179
          ],
          [
            121.0092495,
            14.6324963
          ],
          [
            121.0094226,
            14.6322021
          ],
          [
            121.0095993,
            14.6319582
          ],
          [
            121.0098827,
            14.6315712
          ],
          [
            121.0101686,
            14.631286
          ],
          [
            121.011098,
            14.6305555
          ]
        ]
      },
      "id": "way/8104187"
    },
    {
      "type": "Feature",
      "properties": {
        "@id": "way/8104195",
        "boat": "no",
        "layer": "-1",
        "name": "Talayan Creek",
        "tunnel": "culvert",
        "waterway": "stream"
      },
      "geometry": {
        "type": "LineString",
        "coordinates": [
          [
            121.0070074,
            14.638876
          ],
          [
            121.0072164,
            14.6387034
          ],
          [
            121.0076175,
            14.6383773
          ],
          [
            121.0078203,
            14.6382208
          ],
          [
            121.0081223,
            14.6379545
          ],
          [
            121.0082714,
            14.6377948
          ],
          [
            121.0083839,
            14.637632
          ],
          [
            121.0084629,
            14.6374858
          ],
          [
            121.0084986,
            14.6373351
          ],
          [
            121.0085596,
            14.6371487
          ],
          [
            121.0086145,
            14.6369341
          ],
          [
            121.0087702,
            14.6358633
          ]
        ]
      },
      "id": "way/8104195"
    },
    {
      "type": "Feature",
      "properties": {
        "@id": "way/11624641",
        "boat": "no",
        "name": "Culiat Creek",
        "waterway": "river"
      },
      "geometry": {
        "type": "LineString",
        "coordinates": [
          [
            121.02634,
            14.6628356
          ],
          [
            121.0262855,
            14.662724
          ],
          [
            121.0262358,
            14.6626401
          ],
          [
            121.0261534,
            14.6625474
          ],
          [
            121.0260698,
            14.6624672
          ],
          [
            121.0259688,
            14.662382
          ],
          [
            121.0258694,
            14.6623155
          ],
          [
            121.0257155,
            14.6622236
          ],
          [
            121.0255934,
            14.6622046
          ],
          [
            121.0254978,
            14.6622104
          ],
          [
            121.0253979,
            14.6622366
          ],
          [
            121.0252791,
            14.6622983
          ],
          [
            121.0251584,
            14.6623799
          ],
          [
            121.02494,
            14.6625433
          ],
          [
            121.0248099,
            14.662658
          ],
          [
            121.024695,
            14.6627664
          ],
          [
            121.0246045,
            14.6628448
          ],
          [
            121.0244935,
            14.6629226
          ],
          [
            121.024364,
            14.6629962
          ],
          [
            121.024226,
            14.6630349
          ],
          [
            121.0241237,
            14.6630394
          ],
          [
            121.023981,
            14.663017
          ],
          [
            121.0238685,
            14.6629639
          ],
          [
            121.0237749,
            14.6628906
          ],
          [
            121.0237183,
            14.6628323
          ],
          [
            121.0236247,
            14.6627175
          ],
          [
            121.0233797,
            14.6623568
          ],
          [
            121.0232917,
            14.6622443
          ],
          [
            121.0232137,
            14.6621595
          ],
          [
            121.023149,
            14.662094
          ],
          [
            121.0230538,
            14.6620297
          ],
          [
            121.0229463,
            14.661962
          ],
          [
            121.0228379,
            14.661908
          ],
          [
            121.0225168,
            14.6617741
          ],
          [
            121.0222126,
            14.6616791
          ],
          [
            121.0220537,
            14.6616416
          ]
        ]
      },
      "id": "way/11624641"
    },
    {
      "type": "Feature",
      "properties": {
        "@id": "way/12805235",
        "boat": "no",
        "name": "Estero de Aviles",
        "waterway": "stream"
      },
      "geometry": {
        "type": "LineString",
        "coordinates": [
          [
            120.9962387,
            14.5988215
          ],
          [
            120.9962764,
            14.5987803
          ],
          [
            120.9963887,
            14.5986576
          ],
          [
            120.9965542,
            14.5986519
          ],
          [
            120.9966359,
            14.598683
          ],
          [
            120.9968706,
            14.5987613
          ],
          [
            120.9969975,
            14.5987705
          ],
          [
            120.9972993,
            14.598543
          ],
          [
            120.9974315,
            14.5985169
          ]
        ]
      },
      "id": "way/12805235"
    },
    {
      "type": "Feature",
      "properties": {
        "@id": "way/13346385",
        "boat": "no",
        "name": "Tandang Sora Creek",
        "waterway": "river"
      },
      "geometry": {
        "type": "LineString",
        "coordinates": [
          [
            121.0533032,
            14.6710596
          ],
          [
            121.0532215,
            14.6710458
          ],
          [
            121.0531408,
            14.6710528
          ],
          [
            121.0529164,
            14.6712599
          ],
          [
            121.0526613,
            14.6713602
          ],
          [
            121.0519097,
            14.671919
          ],
          [
            121.0517192,
            14.6722287
          ],
          [
            121.0515421,
            14.6724144
          ],
          [
            121.0513504,
            14.6724065
          ],
          [
            121.0510439,
            14.6723636
          ],
          [
            121.0509697,
            14.672387
          ],
          [
            121.0509367,
            14.6724314
          ],
          [
            121.050978,
            14.6727635
          ],
          [
            121.0509757,
            14.6728234
          ],
          [
            121.0509232,
            14.672972
          ],
          [
            121.050767,
            14.6730604
          ],
          [
            121.0506493,
            14.673066
          ]
        ]
      },
      "id": "way/13346385"
    },
    {
      "type": "Feature",
      "properties": {
        "@id": "way/13348233",
        "boat": "no",
        "name": "Culiat Creek",
        "waterway": "river"
      },
      "geometry": {
        "type": "LineString",
        "coordinates": [
          [
            121.0474932,
            14.658402
          ],
          [
            121.0473001,
            14.6585992
          ],
          [
            121.047107,
            14.6586926
          ],
          [
            121.0467744,
            14.6586926
          ],
          [
            121.0466698,
            14.6589936
          ],
          [
            121.0463909,
            14.6596474
          ],
          [
            121.0462057,
            14.6597306
          ],
          [
            121.0460702,
            14.659628
          ],
          [
            121.04592,
            14.6597111
          ],
          [
            121.0460019,
            14.6598655
          ],
          [
            121.046081,
            14.6599913
          ],
          [
            121.0462446,
            14.660195
          ],
          [
            121.0463206,
            14.6605715
          ],
          [
            121.0461843,
            14.6608204
          ],
          [
            121.0459951,
            14.6610189
          ],
          [
            121.0458844,
            14.6612556
          ],
          [
            121.0456658,
            14.6612678
          ],
          [
            121.0454785,
            14.6611438
          ],
          [
            121.045321,
            14.6609474
          ],
          [
            121.0450992,
            14.6610248
          ],
          [
            121.044921,
            14.6612919
          ],
          [
            121.0447564,
            14.6616008
          ]
        ]
      },
      "id": "way/13348233"
    },
    {
      "type": "Feature",
      "properties": {
        "@id": "way/22751040",
        "boat": "no",
        "name": "Estero de Binondo",
        "waterway": "river",
        "wikidata": "Q31212067"
      },
      "geometry": {
        "type": "LineString",
        "coordinates": [
          [
            120.9720748,
            14.6033578
          ],
          [
            120.9718691,
            14.6032832
          ],
          [
            120.9716264,
            14.6029547
          ],
          [
            120.9714075,
            14.6026973
          ],
          [
            120.9712032,
            14.6024795
          ],
          [
            120.9713902,
            14.602257
          ],
          [
            120.9717426,
            14.6018744
          ],
          [
            120.9723411,
            14.6014016
          ],
          [
            120.972995,
            14.6004004
          ],
          [
            120.9742063,
            14.5978895
          ],
          [
            120.9746914,
            14.5967931
          ],
          [
            120.9747758,
            14.5963532
          ],
          [
            120.9747948,
            14.5958856
          ],
          [
            120.974771,
            14.5952797
          ]
        ]
      },
      "id": "way/22751040"
    },
    {
      "type": "Feature",
      "properties": {
        "@id": "way/22952867",
        "boat": "no",
        "name": "Tandang Sora Creek",
        "waterway": "river"
      },
      "geometry": {
        "type": "LineString",
        "coordinates": [
          [
            121.066194,
            14.6690045
          ],
          [
            121.0657736,
            14.668994
          ],
          [
            121.0645804,
            14.668947
          ],
          [
            121.0641881,
            14.6689224
          ],
          [
            121.063943,
            14.6689371
          ],
          [
            121.063635,
            14.6690568
          ],
          [
            121.0633474,
            14.6690287
          ],
          [
            121.0631333,
            14.6690108
          ],
          [
            121.0629625,
            14.6690477
          ],
          [
            121.0623012,
            14.6697969
          ],
          [
            121.0621423,
            14.6699758
          ],
          [
            121.0620631,
            14.6700673
          ],
          [
            121.0619677,
            14.6700975
          ],
          [
            121.0605856,
            14.6701717
          ],
          [
            121.060241,
            14.6704576
          ],
          [
            121.0598094,
            14.6705792
          ],
          [
            121.059613,
            14.6705652
          ],
          [
            121.0594282,
            14.6704011
          ],
          [
            121.0593809,
            14.67038
          ],
          [
            121.0592777,
            14.6703735
          ],
          [
            121.0591124,
            14.6703807
          ],
          [
            121.0589861,
            14.6703848
          ],
          [
            121.0588685,
            14.6704466
          ],
          [
            121.0586881,
            14.6705453
          ],
          [
            121.0583423,
            14.6707287
          ],
          [
            121.0581376,
            14.6708371
          ],
          [
            121.0580045,
            14.6708862
          ],
          [
            121.0576997,
            14.6710275
          ],
          [
            121.0573735,
            14.6712935
          ],
          [
            121.0572728,
            14.6713046
          ],
          [
            121.057188,
            14.67129
          ],
          [
            121.0569408,
            14.6710201
          ],
          [
            121.056845,
            14.6709748
          ],
          [
            121.0567136,
            14.6709823
          ],
          [
            121.056501,
            14.6710295
          ],
          [
            121.0559132,
            14.6712517
          ],
          [
            121.0557065,
            14.6713019
          ],
          [
            121.0554898,
            14.6712543
          ],
          [
            121.0547383,
            14.6709953
          ],
          [
            121.0544421,
            14.6709057
          ],
          [
            121.0543103,
            14.6708968
          ],
          [
            121.0542308,
            14.6709109
          ],
          [
            121.0541466,
            14.6709431
          ],
          [
            121.0540625,
            14.6709928
          ],
          [
            121.0540267,
            14.671019
          ],
          [
            121.0540012,
            14.671056
          ],
          [
            121.0539258,
            14.6712599
          ],
          [
            121.0538971,
            14.6713322
          ],
          [
            121.0538211,
            14.6713747
          ],
          [
            121.0537342,
            14.6713624
          ],
          [
            121.0536156,
            14.6712882
          ],
          [
            121.0534617,
            14.6711454
          ],
          [
            121.0533032,
            14.6710596
          ]
        ]
      },
      "id": "way/22952867"
    },
    {
      "type": "Feature",
      "properties": {
        "@id": "way/22993702",
        "boat": "no",
        "name": "Valencia Creek",
        "waterway": "river"
      },
      "geometry": {
        "type": "LineString",
        "coordinates": [
          [
            121.0440616,
            14.612148
          ],
          [
            121.043764,
            14.6118929
          ],
          [
            121.0435873,
            14.6119334
          ],
          [
            121.0433298,
            14.6121743
          ],
          [
            121.0431443,
            14.6121737
          ],
          [
            121.0429301,
            14.6120547
          ],
          [
            121.0426997,
            14.6117109
          ],
          [
            121.0425487,
            14.611467
          ],
          [
            121.0423992,
            14.6111468
          ],
          [
            121.042241,
            14.6108703
          ],
          [
            121.0420976,
            14.6107484
          ],
          [
            121.0419264,
            14.6106961
          ],
          [
            121.0416917,
            14.6106409
          ],
          [
            121.0414184,
            14.6104473
          ]
        ]
      },
      "id": "way/22993702"
    },
    {
      "type": "Feature",
      "properties": {
        "@id": "way/23033511",
        "boat": "no",
        "layer": "-1",
        "name": "Balisampan Creek",
        "tunnel": "yes",
        "waterway": "stream",
        "width": "4"
      },
      "geometry": {
        "type": "LineString",
        "coordinates": [
          [
            121.0407993,
            14.5594607
          ],
          [
            121.0409048,
            14.5597114
          ],
          [
            121.0426085,
            14.5611435
          ],
          [
            121.04213,
            14.5618191
          ]
        ]
      },
      "id": "way/23033511"
    },
    {
      "type": "Feature",
      "properties": {
        "@id": "way/23090413",
        "name": "Katipunan Creek",
        "waterway": "river"
      },
      "geometry": {
        "type": "LineString",
        "coordinates": [
          [
            121.0848741,
            14.6516211
          ],
          [
            121.0849772,
            14.6513894
          ],
          [
            121.0850584,
            14.6513277
          ],
          [
            121.0851703,
            14.6513044
          ],
          [
            121.0853774,
            14.6513492
          ],
          [
            121.0858339,
            14.6512074
          ],
          [
            121.0859989,
            14.6511147
          ],
          [
            121.0860914,
            14.6503868
          ],
          [
            121.0860407,
            14.6503673
          ],
          [
            121.0862367,
            14.6497945
          ],
          [
            121.0861902,
            14.6497619
          ],
          [
            121.0863384,
            14.6496011
          ],
          [
            121.0862909,
            14.6495759
          ],
          [
            121.0866033,
            14.6494758
          ],
          [
            121.0868205,
            14.6493446
          ]
        ]
      },
      "id": "way/23090413"
    },
    {
      "type": "Feature",
      "properties": {
        "@id": "way/23090436",
        "name": "Mariblo Creek",
        "waterway": "river"
      },
      "geometry": {
        "type": "LineString",
        "coordinates": [
          [
            121.0277637,
            14.6507614
          ],
          [
            121.0281652,
            14.6505587
          ],
          [
            121.0282354,
            14.6502396
          ],
          [
            121.0281178,
            14.6498372
          ],
          [
            121.0280173,
            14.6495039
          ],
          [
            121.0280128,
            14.6492962
          ],
          [
            121.0280037,
            14.6491414
          ],
          [
            121.0279622,
            14.6489766
          ],
          [
            121.0278921,
            14.6487498
          ],
          [
            121.0278321,
            14.6486347
          ],
          [
            121.0277925,
            14.6485199
          ],
          [
            121.0277663,
            14.6483618
          ],
          [
            121.0277771,
            14.648239
          ],
          [
            121.027822,
            14.6481034
          ],
          [
            121.0278331,
            14.6479349
          ],
          [
            121.0278274,
            14.6478322
          ],
          [
            121.0278056,
            14.6477312
          ],
          [
            121.0277267,
            14.6474573
          ],
          [
            121.0276744,
            14.6473304
          ],
          [
            121.027481,
            14.6472636
          ],
          [
            121.0274153,
            14.6472182
          ],
          [
            121.0272515,
            14.6469783
          ],
          [
            121.0272384,
            14.6469105
          ],
          [
            121.0272515,
            14.6466999
          ],
          [
            121.0272316,
            14.6466108
          ],
          [
            121.0271662,
            14.646499
          ],
          [
            121.0270433,
            14.6464521
          ]
        ]
      },
      "id": "way/23090436"
    },
    {
      "type": "Feature",
      "properties": {
        "@id": "way/23090449",
        "name": "Mariblo Creek",
        "waterway": "river"
      },
      "geometry": {
        "type": "LineString",
        "coordinates": [
          [
            121.0263914,
            14.6458394
          ],
          [
            121.026142,
            14.6458761
          ],
          [
            121.0259143,
            14.6458036
          ],
          [
            121.0257231,
            14.6456759
          ],
          [
            121.0257078,
            14.6455285
          ],
          [
            121.0258451,
            14.6449887
          ],
          [
            121.0259041,
            14.644534
          ],
          [
            121.0258175,
            14.6444546
          ],
          [
            121.0256694,
            14.6444172
          ],
          [
            121.0253975,
            14.6444325
          ],
          [
            121.0252024,
            14.6443455
          ],
          [
            121.0251033,
            14.6442887
          ],
          [
            121.0250534,
            14.644218
          ]
        ]
      },
      "id": "way/23090449"
    },
    {
      "type": "Feature",
      "properties": {
        "@id": "way/23172461",
        "name": "Pasong Tamo Creek",
        "waterway": "stream"
      },
      "geometry": {
        "type": "LineString",
        "coordinates": [
          [
            121.0516608,
            14.6850853
          ],
          [
            121.0513737,
            14.6849441
          ],
          [
            121.0510976,
            14.6848083
          ],
          [
            121.0509299,
            14.6847182
          ],
          [
            121.0508213,
            14.6846488
          ],
          [
            121.0507751,
            14.6846144
          ],
          [
            121.0507596,
            14.6845898
          ],
          [
            121.0507566,
            14.6845662
          ],
          [
            121.0507831,
            14.6843977
          ],
          [
            121.0507938,
            14.6843374
          ],
          [
            121.0507925,
            14.6843043
          ],
          [
            121.0507798,
            14.6842748
          ],
          [
            121.0506599,
            14.6841349
          ],
          [
            121.0499476,
            14.683345
          ],
          [
            121.0498437,
            14.6831958
          ],
          [
            121.0496633,
            14.6828514
          ],
          [
            121.049463,
            14.6827751
          ],
          [
            121.0490059,
            14.6823404
          ],
          [
            121.0490464,
            14.6817136
          ],
          [
            121.0489721,
            14.6815276
          ],
          [
            121.0488264,
            14.6814036
          ],
          [
            121.0487802,
            14.6813131
          ],
          [
            121.048813,
            14.6810825
          ],
          [
            121.0488854,
            14.6808516
          ],
          [
            121.0482915,
            14.6806229
          ],
          [
            121.048569,
            14.6803353
          ],
          [
            121.0487016,
            14.6798906
          ],
          [
            121.0486759,
            14.6796161
          ],
          [
            121.0484851,
            14.6792933
          ],
          [
            121.0483596,
            14.6790928
          ],
          [
            121.0485481,
            14.6787139
          ],
          [
            121.0487473,
            14.6783591
          ],
          [
            121.0488649,
            14.6780035
          ],
          [
            121.0492735,
            14.6776547
          ],
          [
            121.0493655,
            14.6776154
          ],
          [
            121.0495657,
            14.6777161
          ],
          [
            121.0497603,
            14.6778167
          ],
          [
            121.0500435,
            14.6779011
          ],
          [
            121.0502198,
            14.6777237
          ],
          [
            121.050427,
            14.6774234
          ],
          [
            121.0505928,
            14.6771498
          ]
        ]
      },
      "id": "way/23172461"
    },
    {
      "type": "Feature",
      "properties": {
        "@id": "way/23172463",
        "waterway": "river"
      },
      "geometry": {
        "type": "LineString",
        "coordinates": [
          [
            121.0520138,
            14.6771067
          ],
          [
            121.0513957,
            14.6773513
          ],
          [
            121.0508708,
            14.6772688
          ],
          [
            121.0505928,
            14.6771498
          ]
        ]
      },
      "id": "way/23172463"
    },
    {
      "type": "Feature",
      "properties": {
        "@id": "way/23212005",
        "name": "Pasong Tamo Creek",
        "waterway": "stream"
      },
      "geometry": {
        "type": "LineString",
        "coordinates": [
          [
            121.0561605,
            14.6876215
          ],
          [
            121.0559455,
            14.6875083
          ],
          [
            121.0557683,
            14.6873527
          ],
          [
            121.0555074,
            14.6869416
          ],
          [
            121.0553078,
            14.6867474
          ],
          [
            121.0550127,
            14.6865814
          ],
          [
            121.0546824,
            14.6864269
          ],
          [
            121.0544302,
            14.6863397
          ],
          [
            121.0543491,
            14.6863035
          ],
          [
            121.0542767,
            14.6862568
          ],
          [
            121.0542231,
            14.6861936
          ],
          [
            121.0541266,
            14.6859583
          ],
          [
            121.0540742,
            14.6859117
          ],
          [
            121.0540263,
            14.6859025
          ],
          [
            121.0539512,
            14.6859238
          ],
          [
            121.0538502,
            14.6859895
          ],
          [
            121.0537751,
            14.6860648
          ],
          [
            121.0536969,
            14.6861258
          ],
          [
            121.0535247,
            14.6861861
          ],
          [
            121.053295,
            14.686201
          ],
          [
            121.0532199,
            14.6862088
          ],
          [
            121.0531369,
            14.6862006
          ],
          [
            121.0530066,
            14.6861724
          ],
          [
            121.0528896,
            14.6860947
          ],
          [
            121.0528098,
            14.6860157
          ],
          [
            121.052774,
            14.6860006
          ],
          [
            121.0527257,
            14.6859876
          ],
          [
            121.052662,
            14.685985
          ],
          [
            121.0524518,
            14.6859868
          ],
          [
            121.0523488,
            14.6859863
          ],
          [
            121.0519337,
            14.6859518
          ],
          [
            121.0518603,
            14.6859384
          ],
          [
            121.0518037,
            14.6859149
          ],
          [
            121.0517708,
            14.6858883
          ],
          [
            121.0517601,
            14.685843
          ],
          [
            121.0517668,
            14.6858008
          ],
          [
            121.051799,
            14.6857482
          ],
          [
            121.051851,
            14.6856879
          ],
          [
            121.0522029,
            14.6853641
          ],
          [
            121.0522469,
            14.6853113
          ],
          [
            121.0522643,
            14.6852767
          ],
          [
            121.052267,
            14.6852397
          ],
          [
            121.0522614,
            14.6852096
          ],
          [
            121.0522328,
            14.6851865
          ],
          [
            121.0521933,
            14.6851735
          ],
          [
            121.0521462,
            14.6851685
          ],
          [
            121.0519722,
            14.6851739
          ],
          [
            121.0519107,
            14.6851734
          ],
          [
            121.0518701,
            14.6851683
          ],
          [
            121.0518195,
            14.6851566
          ]
        ]
      },
      "id": "way/23212005"
    },
    {
      "type": "Feature",
      "properties": {
        "@id": "way/23395486",
        "boat": "yes",
        "name": "Pasig River (Napindan Channel)",
        "name:tl": "Ilog Napindan",
        "waterway": "river",
        "@relations": [
          {
            "role": "",
            "rel": 12548411,
            "reltags": {
              "name": "Napindan Channel",
              "type": "waterway",
              "waterway": "river"
            }
          }
        ]
      },
      "geometry": {
        "type": "LineString",
        "coordinates": [
          [
            121.0701851,
            14.5562713
          ],
          [
            121.0693645,
            14.5564573
          ],
          [
            121.0683363,
            14.5566888
          ],
          [
            121.0677588,
            14.5568036
          ],
          [
            121.0674503,
            14.5568711
          ],
          [
            121.0672516,
            14.5569807
          ],
          [
            121.0670909,
            14.5571645
          ],
          [
            121.0669675,
            14.5574449
          ],
          [
            121.0669281,
            14.5577153
          ]
        ]
      },
      "id": "way/23395486"
    },
    {
      "type": "Feature",
      "properties": {
        "@id": "way/23395494",
        "boat": "yes",
        "name": "Marikina River",
        "name:tl": "Ilog Marikina",
        "waterway": "river",
        "wikidata": "Q3551251",
        "@relations": [
          {
            "role": "main_stream",
            "rel": 11963824,
            "reltags": {
              "destination": "Pasig River",
              "name": "Marikina River",
              "name:en": "Marikina River",
              "name:tl": "Ilog Marikina",
              "type": "waterway",
              "waterway": "river",
              "wikidata": "Q3551251",
              "wikipedia": "en:Marikina River"
            }
          }
        ]
      },
      "geometry": {
        "type": "LineString",
        "coordinates": [
          [
            121.0722085,
            14.5600335
          ],
          [
            121.0719364,
            14.55972
          ],
          [
            121.0716346,
            14.5594153
          ],
          [
            121.0713449,
            14.559205
          ],
          [
            121.0706971,
            14.5588296
          ],
          [
            121.0696954,
            14.5583457
          ],
          [
            121.0694419,
            14.5582871
          ],
          [
            121.0690919,
            14.5582782
          ],
          [
            121.0685513,
            14.5583493
          ],
          [
            121.0681609,
            14.558406
          ],
          [
            121.0678191,
            14.5584401
          ],
          [
            121.067512,
            14.5585378
          ],
          [
            121.0672706,
            14.5586936
          ],
          [
            121.0669318,
            14.5590928
          ]
        ]
      },
      "id": "way/23395494"
    },
    {
      "type": "Feature",
      "properties": {
        "@id": "way/24158853",
        "fixme": "improve shape",
        "name": "Bona Creek",
        "waterway": "river"
      },
      "geometry": {
        "type": "LineString",
        "coordinates": [
          [
            121.1036893,
            14.6999312
          ],
          [
            121.1032935,
            14.700545
          ],
          [
            121.1032043,
            14.7008287
          ],
          [
            121.1033219,
            14.7010806
          ],
          [
            121.1033878,
            14.7012013
          ],
          [
            121.1034588,
            14.7012772
          ],
          [
            121.1036071,
            14.7014253
          ],
          [
            121.1037685,
            14.7015408
          ],
          [
            121.1039875,
            14.7016063
          ],
          [
            121.1042243,
            14.7016285
          ],
          [
            121.1044667,
            14.7015727
          ],
          [
            121.1047035,
            14.7014776
          ],
          [
            121.1049402,
            14.701396
          ],
          [
            121.1051964,
            14.7013165
          ],
          [
            121.105545,
            14.7014148
          ],
          [
            121.1056195,
            14.7014397
          ],
          [
            121.1059291,
            14.7013941
          ],
          [
            121.1060462,
            14.701341
          ],
          [
            121.1063036,
            14.7012151
          ],
          [
            121.1065496,
            14.7010085
          ],
          [
            121.1068711,
            14.7007792
          ],
          [
            121.1071324,
            14.7005907
          ],
          [
            121.1072697,
            14.7005187
          ],
          [
            121.1074987,
            14.7004709
          ],
          [
            121.1077365,
            14.7005277
          ],
          [
            121.1078695,
            14.7005652
          ],
          [
            121.1078852,
            14.700653
          ],
          [
            121.1078819,
            14.7007158
          ],
          [
            121.1079187,
            14.7007874
          ],
          [
            121.1080226,
            14.7007757
          ],
          [
            121.108126,
            14.7007134
          ],
          [
            121.1082192,
            14.7006692
          ],
          [
            121.1082942,
            14.7006423
          ],
          [
            121.1083908,
            14.7006202
          ],
          [
            121.1084988,
            14.700657
          ],
          [
            121.1086761,
            14.7006645
          ],
          [
            121.1087813,
            14.7006168
          ],
          [
            121.1088466,
            14.7008775
          ],
          [
            121.1089612,
            14.7010941
          ],
          [
            121.1091882,
            14.7011914
          ],
          [
            121.1094205,
            14.7011088
          ],
          [
            121.1098196,
            14.701057
          ],
          [
            121.110241,
            14.701041
          ],
          [
            121.1104438,
            14.7013067
          ],
          [
            121.1105557,
            14.7013349
          ],
          [
            121.1107072,
            14.7013588
          ],
          [
            121.1108441,
            14.7012246
          ],
          [
            121.1109305,
            14.700988
          ],
          [
            121.1109809,
            14.7007601
          ],
          [
            121.1108879,
            14.7005412
          ],
          [
            121.1109159,
            14.7004526
          ],
          [
            121.1111498,
            14.7002385
          ],
          [
            121.1113304,
            14.6999194
          ],
          [
            121.1115322,
            14.699814
          ],
          [
            121.111625,
            14.6997676
          ],
          [
            121.111691,
            14.6997845
          ],
          [
            121.1118114,
            14.699896
          ],
          [
            121.111951,
            14.6999243
          ],
          [
            121.1122024,
            14.6999115
          ],
          [
            121.1124695,
            14.6999155
          ],
          [
            121.1128523,
            14.6998078
          ],
          [
            121.1129062,
            14.6997011
          ],
          [
            121.1130036,
            14.6995844
          ],
          [
            121.1129426,
            14.6993814
          ],
          [
            121.1129735,
            14.6992372
          ],
          [
            121.1131154,
            14.6989985
          ],
          [
            121.1132998,
            14.6987155
          ],
          [
            121.1135213,
            14.6984587
          ],
          [
            121.1136835,
            14.6981078
          ]
        ]
      },
      "id": "way/24158853"
    },
    {
      "type": "Feature",
      "properties": {
        "@id": "way/27011398",
        "boat": "no",
        "name": "Estero de la Reina",
        "waterway": "canal",
        "wikidata": "Q31212084"
      },
      "geometry": {
        "type": "LineString",
        "coordinates": [
          [
            120.9720748,
            14.6033578
          ],
          [
            120.9724139,
            14.6033582
          ],
          [
            120.9725342,
            14.6033231
          ],
          [
            120.9726542,
            14.6031755
          ],
          [
            120.9727915,
            14.6027934
          ],
          [
            120.972843,
            14.6025941
          ],
          [
            120.9729719,
            14.602343
          ],
          [
            120.9731177,
            14.6021289
          ],
          [
            120.973358,
            14.6019794
          ],
          [
            120.9737014,
            14.6018216
          ],
          [
            120.9740502,
            14.6017765
          ],
          [
            120.9744988,
            14.601769
          ],
          [
            120.9746757,
            14.6016098
          ],
          [
            120.9747959,
            14.6015267
          ],
          [
            120.974916,
            14.6015101
          ],
          [
            120.9751134,
            14.6015184
          ],
          [
            120.9752765,
            14.6015267
          ],
          [
            120.9754053,
            14.6014935
          ],
          [
            120.9756758,
            14.6013148
          ],
          [
            120.9760825,
            14.6009276
          ],
          [
            120.9763666,
            14.6006629
          ],
          [
            120.9764605,
            14.6005965
          ]
        ]
      },
      "id": "way/27011398"
    },
    {
      "type": "Feature",
      "properties": {
        "@id": "way/27258848",
        "boat": "no",
        "description": "It has grown weeds because it is too low and full of mud.",
        "intermittent": "no",
        "name": "Sucol Creek",
        "tidal": "no",
        "tunnel": "no",
        "waterway": "river"
      },
      "geometry": {
        "type": "LineString",
        "coordinates": [
          [
            121.0902407,
            14.5448804
          ],
          [
            121.0905227,
            14.5449897
          ],
          [
            121.0907292,
            14.5450235
          ],
          [
            121.0909398,
            14.545017
          ],
          [
            121.0918128,
            14.5447106
          ],
          [
            121.0921133,
            14.5446535
          ],
          [
            121.0923392,
            14.5446411
          ],
          [
            121.0932854,
            14.5446743
          ],
          [
            121.0942884,
            14.544712
          ],
          [
            121.0947346,
            14.5449541
          ]
        ]
      },
      "id": "way/27258848"
    },
    {
      "type": "Feature",
      "properties": {
        "@id": "way/27275946",
        "boat": "no",
        "name": "Estero de Quiapo",
        "waterway": "river"
      },
      "geometry": {
        "type": "LineString",
        "coordinates": [
          [
            120.9855045,
            14.5973121
          ],
          [
            120.9857777,
            14.5958025
          ],
          [
            120.9857895,
            14.5955382
          ],
          [
            120.9858066,
            14.595329
          ]
        ]
      },
      "id": "way/27275946"
    },
    {
      "type": "Feature",
      "properties": {
        "@id": "way/27276016",
        "boat": "no",
        "name": "Estero de Uli-Uli",
        "source": "Bing",
        "waterway": "stream"
      },
      "geometry": {
        "type": "LineString",
        "coordinates": [
          [
            120.9962674,
            14.5990981
          ],
          [
            120.9962981,
            14.5990217
          ],
          [
            120.9962387,
            14.5988215
          ],
          [
            120.9960604,
            14.5987369
          ],
          [
            120.9955561,
            14.5983008
          ],
          [
            120.9954059,
            14.5981451
          ],
          [
            120.9953675,
            14.5980189
          ],
          [
            120.9953952,
            14.597844
          ],
          [
            120.995481,
            14.5977506
          ],
          [
            120.9956212,
            14.597723
          ],
          [
            120.9957171,
            14.5977713
          ],
          [
            120.9957852,
            14.5978953
          ],
          [
            120.9959209,
            14.5979582
          ],
          [
            120.9961074,
            14.5980106
          ],
          [
            120.9962428,
            14.597979
          ],
          [
            120.996393,
            14.5978544
          ],
          [
            120.996419,
            14.5977153
          ],
          [
            120.9963214,
            14.597616
          ],
          [
            120.9961608,
            14.597537
          ],
          [
            120.9960006,
            14.597436
          ],
          [
            120.9959586,
            14.5972715
          ],
          [
            120.9959915,
            14.5972014
          ],
          [
            120.9962001,
            14.5971437
          ],
          [
            120.9963429,
            14.5971807
          ],
          [
            120.9965804,
            14.5972871
          ],
          [
            120.9967798,
            14.5973453
          ],
          [
            120.9968707,
            14.597342
          ],
          [
            120.9969057,
            14.5972318
          ],
          [
            120.9968236,
            14.5970696
          ],
          [
            120.9967738,
            14.5969744
          ],
          [
            120.9967778,
            14.5968391
          ],
          [
            120.996971,
            14.5965252
          ],
          [
            120.9973291,
            14.5960958
          ]
        ]
      },
      "id": "way/27276016"
    },
    {
      "type": "Feature",
      "properties": {
        "@id": "way/27276489",
        "boat": "yes",
        "name": "Perlita Creek",
        "waterway": "stream"
      },
      "geometry": {
        "type": "LineString",
        "coordinates": [
          [
            121.0061055,
            14.594969
          ],
          [
            121.0061107,
            14.5949799
          ],
          [
            121.0061536,
            14.5952124
          ],
          [
            121.0058903,
            14.5964066
          ],
          [
            121.0059358,
            14.5965634
          ],
          [
            121.0063408,
            14.5971942
          ]
        ]
      },
      "id": "way/27276489"
    },
    {
      "type": "Feature",
      "properties": {
        "@id": "way/27296235",
        "boat": "yes",
        "motorboat": "yes",
        "name": "Pasig River",
        "name:en": "Pasig River",
        "name:es": "Río Pasig",
        "name:tl": "Ilog Pasig",
        "source": "Bing",
        "waterway": "river"
      },
      "geometry": {
        "type": "LineString",
        "coordinates": [
          [
            121.0078165,
            14.5830022
          ],
          [
            121.007574,
            14.5835272
          ],
          [
            121.0071368,
            14.5844477
          ],
          [
            121.0070042,
            14.5851192
          ],
          [
            121.007035,
            14.5857479
          ],
          [
            121.0071991,
            14.5864586
          ],
          [
            121.0075306,
            14.5869564
          ],
          [
            121.0081622,
            14.5874792
          ],
          [
            121.0086627,
            14.5877831
          ],
          [
            121.0091082,
            14.587914
          ],
          [
            121.0096889,
            14.5878771
          ],
          [
            121.0105438,
            14.5880289
          ],
          [
            121.0109622,
            14.5881309
          ],
          [
            121.0113938,
            14.5883069
          ],
          [
            121.0122031,
            14.5887127
          ],
          [
            121.0128549,
            14.5894544
          ]
        ]
      },
      "id": "way/27296235"
    },
    {
      "type": "Feature",
      "properties": {
        "@id": "way/27323169",
        "boat": "no",
        "name": "Estero de Balete",
        "waterway": "river"
      },
      "geometry": {
        "type": "LineString",
        "coordinates": [
          [
            120.9829807,
            14.5859761
          ],
          [
            120.9833092,
            14.5860744
          ],
          [
            120.9842705,
            14.5861492
          ],
          [
            120.9849917,
            14.5862391
          ],
          [
            120.9852893,
            14.586288
          ],
          [
            120.9855269,
            14.586326
          ],
          [
            120.9857754,
            14.5863755
          ],
          [
            120.985953,
            14.586445
          ],
          [
            120.9862103,
            14.5865645
          ],
          [
            120.9864764,
            14.5867721
          ],
          [
            120.9866394,
            14.5871293
          ],
          [
            120.9867596,
            14.5874782
          ],
          [
            120.9869594,
            14.5875753
          ]
        ]
      },
      "id": "way/27323169"
    },
    {
      "type": "Feature",
      "properties": {
        "@id": "way/27323219",
        "boat": "no",
        "name": "Estero de Concordia",
        "waterway": "river"
      },
      "geometry": {
        "type": "LineString",
        "coordinates": [
          [
            120.9931702,
            14.587374
          ],
          [
            120.9932992,
            14.5873832
          ],
          [
            120.9935832,
            14.5874034
          ],
          [
            120.993758,
            14.5874418
          ],
          [
            120.9939351,
            14.5875696
          ],
          [
            120.9941915,
            14.5877918
          ],
          [
            120.9943557,
            14.5878644
          ],
          [
            120.9944898,
            14.5878332
          ],
          [
            120.9946045,
            14.5875446
          ],
          [
            120.9946989,
            14.5872041
          ],
          [
            120.9948019,
            14.58693
          ],
          [
            120.9950908,
            14.5867286
          ],
          [
            120.9952654,
            14.586606
          ],
          [
            120.9955154,
            14.5864212
          ],
          [
            120.995583,
            14.5862156
          ],
          [
            120.9955261,
            14.58593
          ],
          [
            120.9955476,
            14.5857483
          ],
          [
            120.995686,
            14.5854099
          ],
          [
            120.9959006,
            14.5851358
          ],
          [
            120.996084,
            14.5849987
          ],
          [
            120.9962611,
            14.5849884
          ],
          [
            120.9964413,
            14.5850776
          ],
          [
            120.9965722,
            14.5853092
          ],
          [
            120.9966493,
            14.5855304
          ],
          [
            120.9967492,
            14.5856061
          ],
          [
            120.997128,
            14.585684
          ],
          [
            120.9974112,
            14.585792
          ],
          [
            120.9975968,
            14.585954
          ],
          [
            120.9976716,
            14.5862145
          ],
          [
            120.9975906,
            14.586451
          ],
          [
            120.9972953,
            14.5866756
          ],
          [
            120.9972709,
            14.5867877
          ],
          [
            120.9973093,
            14.5868869
          ],
          [
            120.9974348,
            14.5869881
          ],
          [
            120.9978146,
            14.5870878
          ],
          [
            120.9979172,
            14.5871816
          ],
          [
            120.997968,
            14.5873103
          ],
          [
            120.9979766,
            14.5877309
          ],
          [
            120.9980612,
            14.5878892
          ],
          [
            120.9981508,
            14.5879755
          ],
          [
            120.9983514,
            14.5880341
          ]
        ]
      },
      "id": "way/27323219"
    },
    {
      "type": "Feature",
      "properties": {
        "@id": "way/27440809",
        "admin_level": "10",
        "boat": "no",
        "boundary": "administrative",
        "name": "San Francisco River",
        "waterway": "river"
      },
      "geometry": {
        "type": "LineString",
        "coordinates": [
          [
            121.0140511,
            14.6345266
          ],
          [
            121.0141477,
            14.6342645
          ],
          [
            121.0139975,
            14.6339323
          ],
          [
            121.01368,
            14.6336615
          ],
          [
            121.0136199,
            14.633512
          ],
          [
            121.01368,
            14.6333376
          ],
          [
            121.0138087,
            14.633213
          ],
          [
            121.0141004,
            14.6330427
          ],
          [
            121.0144373,
            14.6328361
          ],
          [
            121.0147117,
            14.6326856
          ],
          [
            121.0150843,
            14.632489
          ]
        ]
      },
      "id": "way/27440809"
    },
    {
      "type": "Feature",
      "properties": {
        "@id": "way/28185588",
        "boat": "no",
        "name": "Daang Paa Creek",
        "waterway": "drain"
      },
      "geometry": {
        "type": "LineString",
        "coordinates": [
          [
            121.0810743,
            14.547543
          ],
          [
            121.0810998,
            14.5482806
          ],
          [
            121.0810795,
            14.5487913
          ],
          [
            121.0810399,
            14.5493291
          ],
          [
            121.0809028,
            14.5500265
          ],
          [
            121.0808182,
            14.5502264
          ],
          [
            121.0803931,
            14.5506071
          ],
          [
            121.0802893,
            14.5506727
          ],
          [
            121.0801307,
            14.5508323
          ],
          [
            121.0801302,
            14.5509635
          ],
          [
            121.0802932,
            14.5514726
          ],
          [
            121.0804379,
            14.55212
          ],
          [
            121.0803876,
            14.5523449
          ],
          [
            121.0803754,
            14.5524367
          ],
          [
            121.0802861,
            14.5525096
          ],
          [
            121.0798297,
            14.552619
          ],
          [
            121.0794006,
            14.5527769
          ],
          [
            121.0791688,
            14.5529679
          ],
          [
            121.0791,
            14.5530802
          ],
          [
            121.0790578,
            14.5534648
          ],
          [
            121.0789893,
            14.5537377
          ]
        ]
      },
      "id": "way/28185588"
    },
    {
      "type": "Feature",
      "properties": {
        "@id": "way/28186792",
        "boat": "no",
        "name": "Ermitaño Creek",
        "waterway": "river"
      },
      "geometry": {
        "type": "LineString",
        "coordinates": [
          [
            121.0392688,
            14.5975715
          ],
          [
            121.0395395,
            14.5979697
          ],
          [
            121.039669,
            14.5982874
          ],
          [
            121.0397205,
            14.5985615
          ],
          [
            121.0396947,
            14.5988272
          ],
          [
            121.0397462,
            14.5991097
          ],
          [
            121.0397462,
            14.599201
          ],
          [
            121.0400037,
            14.599201
          ],
          [
            121.0404329,
            14.5989934
          ],
          [
            121.0407762,
            14.5989352
          ],
          [
            121.0412139,
            14.599093
          ],
          [
            121.0413341,
            14.5993173
          ],
          [
            121.041377,
            14.5995914
          ],
          [
            121.0415229,
            14.5998074
          ],
          [
            121.0418148,
            14.6000316
          ],
          [
            121.0419521,
            14.6002393
          ],
          [
            121.0418062,
            14.6004884
          ],
          [
            121.0415916,
            14.6009453
          ],
          [
            121.0415229,
            14.6010865
          ],
          [
            121.0416173,
            14.6014021
          ],
          [
            121.04148,
            14.6017842
          ],
          [
            121.0413084,
            14.6020582
          ],
          [
            121.040965,
            14.6020084
          ],
          [
            121.0407934,
            14.6021994
          ],
          [
            121.0405101,
            14.6025649
          ],
          [
            121.040287,
            14.6027476
          ],
          [
            121.0399351,
            14.6029137
          ],
          [
            121.0398063,
            14.6030549
          ],
          [
            121.0393428,
            14.602947
          ],
          [
            121.0392255,
            14.6028561
          ],
          [
            121.0390779,
            14.6029356
          ],
          [
            121.0389756,
            14.6031017
          ],
          [
            121.0389039,
            14.6033347
          ],
          [
            121.0388193,
            14.6036197
          ],
          [
            121.0386752,
            14.6037237
          ]
        ]
      },
      "id": "way/28186792"
    },
    {
      "type": "Feature",
      "properties": {
        "@id": "way/28663927",
        "boat": "no",
        "name": "Buaya Creek",
        "waterway": "stream"
      },
      "geometry": {
        "type": "LineString",
        "coordinates": [
          [
            121.0754392,
            14.6147725
          ],
          [
            121.0755122,
            14.6147816
          ],
          [
            121.0755329,
            14.6148583
          ],
          [
            121.0755474,
            14.6148714
          ],
          [
            121.0756349,
            14.6149993
          ],
          [
            121.0759709,
            14.6148832
          ],
          [
            121.0761008,
            14.6148023
          ],
          [
            121.0761719,
            14.6147421
          ],
          [
            121.0762555,
            14.6147031
          ],
          [
            121.0763244,
            14.6146568
          ],
          [
            121.0764589,
            14.6145911
          ],
          [
            121.0765239,
            14.6145589
          ],
          [
            121.0767278,
            14.6145737
          ],
          [
            121.0769106,
            14.6146635
          ],
          [
            121.077034,
            14.6146778
          ],
          [
            121.077125,
            14.6145599
          ],
          [
            121.077256,
            14.614604
          ],
          [
            121.0773005,
            14.6146737
          ],
          [
            121.0773144,
            14.6148901
          ],
          [
            121.0773504,
            14.6149391
          ],
          [
            121.0773741,
            14.6149542
          ],
          [
            121.0774677,
            14.6149525
          ],
          [
            121.0775093,
            14.614926
          ],
          [
            121.0775584,
            14.614862
          ],
          [
            121.0776646,
            14.6147686
          ],
          [
            121.0778114,
            14.6147953
          ],
          [
            121.0781263,
            14.6150309
          ],
          [
            121.0784392,
            14.6155269
          ]
        ]
      },
      "id": "way/28663927"
    },
    {
      "type": "Feature",
      "properties": {
        "@id": "way/28723077",
        "boat": "no",
        "name": "Ermitaño Creek",
        "waterway": "river"
      },
      "geometry": {
        "type": "LineString",
        "coordinates": [
          [
            121.0431929,
            14.5939659
          ],
          [
            121.0429084,
            14.5938803
          ],
          [
            121.0426555,
            14.5937507
          ]
        ]
      },
      "id": "way/28723077"
    },
    {
      "type": "Feature",
      "properties": {
        "@id": "way/28757083",
        "boat": "no",
        "name": "Ermitaño Creek",
        "waterway": "river"
      },
      "geometry": {
        "type": "LineString",
        "coordinates": [
          [
            121.0426555,
            14.5937507
          ],
          [
            121.0424548,
            14.5940079
          ],
          [
            121.0422597,
            14.5943304
          ],
          [
            121.0422872,
            14.595077
          ],
          [
            121.0420731,
            14.5952547
          ],
          [
            121.0420643,
            14.5955362
          ],
          [
            121.0419882,
            14.5956878
          ],
          [
            121.0418421,
            14.5958816
          ],
          [
            121.0416878,
            14.5960302
          ],
          [
            121.0417044,
            14.5962703
          ],
          [
            121.0415511,
            14.5964113
          ],
          [
            121.0413891,
            14.5963681
          ],
          [
            121.041105,
            14.5962046
          ],
          [
            121.040905,
            14.5960292
          ],
          [
            121.0406644,
            14.5959051
          ],
          [
            121.0403221,
            14.5960475
          ],
          [
            121.0401521,
            14.5961537
          ],
          [
            121.0400619,
            14.5962873
          ],
          [
            121.0400129,
            14.5964317
          ],
          [
            121.039749,
            14.5965763
          ],
          [
            121.0394799,
            14.5968258
          ],
          [
            121.0393143,
            14.5969626
          ],
          [
            121.0392145,
            14.5972413
          ],
          [
            121.039201,
            14.5973341
          ]
        ]
      },
      "id": "way/28757083"
    },
    {
      "type": "Feature",
      "properties": {
        "@id": "way/28993822",
        "name": "Buayang Bato Creek",
        "waterway": "stream"
      },
      "geometry": {
        "type": "LineString",
        "coordinates": [
          [
            121.0514627,
            14.5736148
          ],
          [
            121.0508961,
            14.5732469
          ]
        ]
      },
      "id": "way/28993822"
    },
    {
      "type": "Feature",
      "properties": {
        "@id": "way/29170743",
        "boat": "no",
        "name": "Estero de San Miguel",
        "waterway": "canal"
      },
      "geometry": {
        "type": "LineString",
        "coordinates": [
          [
            120.9913208,
            14.6000825
          ],
          [
            120.9912341,
            14.5998413
          ],
          [
            120.9911468,
            14.5995393
          ],
          [
            120.9910785,
            14.5992472
          ],
          [
            120.9910157,
            14.5988663
          ],
          [
            120.9909425,
            14.5985559
          ],
          [
            120.9907862,
            14.5982233
          ],
          [
            120.9906804,
            14.5980546
          ],
          [
            120.9906352,
            14.5977261
          ],
          [
            120.9905292,
            14.5973302
          ],
          [
            120.9905551,
            14.5971665
          ],
          [
            120.9906459,
            14.5967601
          ],
          [
            120.9907382,
            14.5965981
          ],
          [
            120.9907992,
            14.596434
          ],
          [
            120.9909162,
            14.5962872
          ],
          [
            120.9909508,
            14.5959884
          ],
          [
            120.9910443,
            14.595434
          ],
          [
            120.9907815,
            14.594523
          ],
          [
            120.9905852,
            14.5939654
          ],
          [
            120.990508,
            14.5937744
          ],
          [
            120.9904518,
            14.5936195
          ],
          [
            120.9903819,
            14.5935236
          ],
          [
            120.9902698,
            14.5934202
          ],
          [
            120.990114,
            14.5933463
          ],
          [
            120.9895865,
            14.59326
          ],
          [
            120.9892386,
            14.5933661
          ],
          [
            120.9889747,
            14.5935404
          ],
          [
            120.9887241,
            14.5937798
          ],
          [
            120.9883195,
            14.5941907
          ],
          [
            120.9879365,
            14.5944759
          ],
          [
            120.9868221,
            14.5951854
          ],
          [
            120.9861836,
            14.5953208
          ],
          [
            120.9859933,
            14.595335
          ],
          [
            120.9858066,
            14.595329
          ]
        ]
      },
      "id": "way/29170743"
    },
    {
      "type": "Feature",
      "properties": {
        "@id": "way/29256039",
        "name": "Buayang Bato Creek",
        "waterway": "drain"
      },
      "geometry": {
        "type": "LineString",
        "coordinates": [
          [
            121.0552834,
            14.5768586
          ],
          [
            121.0548325,
            14.5766646
          ],
          [
            121.0547604,
            14.5765932
          ],
          [
            121.054741,
            14.5764775
          ],
          [
            121.0547165,
            14.5763814
          ],
          [
            121.0545395,
            14.576197
          ],
          [
            121.0541727,
            14.5758794
          ],
          [
            121.0540354,
            14.5757141
          ]
        ]
      },
      "id": "way/29256039"
    },
    {
      "type": "Feature",
      "properties": {
        "@id": "way/29490364",
        "boat": "yes",
        "name": "Ermitaño Creek",
        "waterway": "river"
      },
      "geometry": {
        "type": "LineString",
        "coordinates": [
          [
            121.0356082,
            14.6086928
          ],
          [
            121.0353238,
            14.6088145
          ],
          [
            121.0352143,
            14.6089671
          ],
          [
            121.0348568,
            14.6094131
          ],
          [
            121.0346766,
            14.609438
          ],
          [
            121.0343474,
            14.6094571
          ],
          [
            121.0339011,
            14.6095485
          ],
          [
            121.0336672,
            14.6096889
          ],
          [
            121.0334107,
            14.6099756
          ],
          [
            121.0328741,
            14.6107088
          ],
          [
            121.0327126,
            14.6108919
          ]
        ]
      },
      "id": "way/29490364"
    },
    {
      "type": "Feature",
      "properties": {
        "@id": "way/32527744",
        "boat": "no",
        "name": "Maytunas Creek",
        "waterway": "stream"
      },
      "geometry": {
        "type": "LineString",
        "coordinates": [
          [
            121.0358182,
            14.5897624
          ],
          [
            121.0357035,
            14.5898153
          ],
          [
            121.0355928,
            14.5897507
          ],
          [
            121.0355204,
            14.5897156
          ],
          [
            121.0354358,
            14.589739
          ],
          [
            121.0353714,
            14.5897935
          ],
          [
            121.0353634,
            14.5898676
          ],
          [
            121.0353554,
            14.5900357
          ],
          [
            121.035294,
            14.5900864
          ],
          [
            121.0352652,
            14.5901196
          ],
          [
            121.0351074,
            14.5902537
          ]
        ]
      },
      "id": "way/32527744"
    },
    {
      "type": "Feature",
      "properties": {
        "@id": "way/34546491",
        "boat": "no",
        "name": "Estero de la Reina",
        "waterway": "canal",
        "wikidata": "Q31212084"
      },
      "geometry": {
        "type": "LineString",
        "coordinates": [
          [
            120.9720748,
            14.6033578
          ],
          [
            120.9720238,
            14.6035409
          ],
          [
            120.9717528,
            14.6046424
          ],
          [
            120.9716962,
            14.6047373
          ],
          [
            120.9711513,
            14.6050787
          ],
          [
            120.9708024,
            14.6059452
          ]
        ]
      },
      "id": "way/34546491"
    },
    {
      "type": "Feature",
      "properties": {
        "@id": "way/35002349",
        "boat": "no",
        "name": "Estero de la Reina",
        "waterway": "canal",
        "wikidata": "Q31212084"
      },
      "geometry": {
        "type": "LineString",
        "coordinates": [
          [
            120.9764605,
            14.6005965
          ],
          [
            120.9766069,
            14.6004553
          ],
          [
            120.9767528,
            14.600339
          ],
          [
            120.9770446,
            14.6002393
          ],
          [
            120.9773107,
            14.6002061
          ],
          [
            120.977963,
            14.6000649
          ],
          [
            120.9787533,
            14.5998648
          ],
          [
            120.9788453,
            14.5998381
          ],
          [
            120.9789425,
            14.5997875
          ],
          [
            120.9790113,
            14.5997439
          ],
          [
            120.9790776,
            14.5996897
          ],
          [
            120.9791687,
            14.5995791
          ],
          [
            120.9792942,
            14.599439
          ],
          [
            120.9794642,
            14.599267
          ],
          [
            120.9795738,
            14.5991622
          ],
          [
            120.9796468,
            14.5990898
          ],
          [
            120.9797616,
            14.5989416
          ],
          [
            120.9798505,
            14.5988172
          ],
          [
            120.9799835,
            14.5986126
          ],
          [
            120.9801162,
            14.5984043
          ],
          [
            120.9801422,
            14.5983458
          ],
          [
            120.9801491,
            14.5983005
          ],
          [
            120.9801473,
            14.5982524
          ],
          [
            120.9801297,
            14.5981877
          ],
          [
            120.9800845,
            14.5981127
          ],
          [
            120.9800243,
            14.5980105
          ]
        ]
      },
      "id": "way/35002349"
    },
    {
      "type": "Feature",
      "properties": {
        "@id": "way/35066846",
        "name": "Estero del Provisor",
        "source": "Bing",
        "waterway": "river"
      },
      "geometry": {
        "type": "LineString",
        "coordinates": [
          [
            120.9905871,
            14.5875738
          ],
          [
            120.9895836,
            14.5875016
          ],
          [
            120.9889591,
            14.5875591
          ],
          [
            120.9879806,
            14.5873777
          ],
          [
            120.9876306,
            14.587552
          ],
          [
            120.9874192,
            14.5877113
          ],
          [
            120.9873159,
            14.5877751
          ]
        ]
      },
      "id": "way/35066846"
    },
    {
      "type": "Feature",
      "properties": {
        "@id": "way/35066854",
        "boat": "no",
        "name": "Estero de Balete",
        "waterway": "river"
      },
      "geometry": {
        "type": "LineString",
        "coordinates": [
          [
            120.9869594,
            14.5875753
          ],
          [
            120.9870758,
            14.5876186
          ],
          [
            120.9872797,
            14.587697
          ],
          [
            120.9873159,
            14.5877751
          ],
          [
            120.9872167,
            14.5879004
          ],
          [
            120.9871671,
            14.5881166
          ],
          [
            120.98722,
            14.58851
          ],
          [
            120.9872972,
            14.5886595
          ],
          [
            120.9881899,
            14.589816
          ]
        ]
      },
      "id": "way/35066854"
    },
    {
      "type": "Feature",
      "properties": {
        "@id": "way/35067375",
        "admin_level": "8",
        "boat": "yes",
        "boundary": "administrative",
        "name": "San Juan River",
        "waterway": "river"
      },
      "geometry": {
        "type": "LineString",
        "coordinates": [
          [
            121.0211941,
            14.5894835
          ],
          [
            121.0203823,
            14.589102
          ],
          [
            121.0195376,
            14.5887894
          ],
          [
            121.018781,
            14.5886087
          ],
          [
            121.0180816,
            14.5884694
          ],
          [
            121.0171399,
            14.5884263
          ],
          [
            121.0162988,
            14.5884543
          ],
          [
            121.0157278,
            14.5885373
          ],
          [
            121.0153648,
            14.5886826
          ],
          [
            121.0150748,
            14.5888722
          ],
          [
            121.0148195,
            14.5891336
          ],
          [
            121.0145946,
            14.589423
          ],
          [
            121.0145867,
            14.5895246
          ],
          [
            121.0145744,
            14.5896955
          ],
          [
            121.014488,
            14.5901854
          ]
        ]
      },
      "id": "way/35067375"
    },
    {
      "type": "Feature",
      "properties": {
        "@id": "way/35067400",
        "boat": "yes",
        "name": "Pasig River",
        "name:en": "Pasig River",
        "name:tl": "Ilog Pasig",
        "waterway": "river"
      },
      "geometry": {
        "type": "LineString",
        "coordinates": [
          [
            120.9995656,
            14.5965586
          ],
          [
            120.9991564,
            14.5966601
          ],
          [
            120.9990909,
            14.5966627
          ],
          [
            120.9985353,
            14.5966841
          ],
          [
            120.9981063,
            14.5966036
          ],
          [
            120.9976724,
            14.5963593
          ],
          [
            120.9973291,
            14.5960958
          ],
          [
            120.9962409,
            14.5951773
          ]
        ]
      },
      "id": "way/35067400"
    },
    {
      "type": "Feature",
      "properties": {
        "@id": "way/35067461",
        "boat": "no",
        "name": "Buhangin Creek",
        "waterway": "drain",
        "width": "5"
      },
      "geometry": {
        "type": "LineString",
        "coordinates": [
          [
            121.0239359,
            14.5875975
          ],
          [
            121.0233579,
            14.5884293
          ],
          [
            121.0230856,
            14.5886496
          ],
          [
            121.0226822,
            14.5888785
          ]
        ]
      },
      "id": "way/35067461"
    },
    {
      "type": "Feature",
      "properties": {
        "@id": "way/35067509",
        "boat": "yes",
        "motorboat": "yes",
        "name": "Pasig River",
        "name:en": "Pasig River",
        "name:tl": "Ilog Pasig",
        "source": "Bing",
        "waterway": "river"
      },
      "geometry": {
        "type": "LineString",
        "coordinates": [
          [
            121.0181727,
            14.5868312
          ],
          [
            121.016212,
            14.5864596
          ],
          [
            121.0149714,
            14.5861372
          ],
          [
            121.0142808,
            14.585784
          ],
          [
            121.0139007,
            14.5854247
          ],
          [
            121.0126868,
            14.5840051
          ],
          [
            121.0125003,
            14.5837821
          ]
        ]
      },
      "id": "way/35067509"
    },
    {
      "type": "Feature",
      "properties": {
        "@id": "way/35067519",
        "boat": "yes",
        "name": "Pasig River",
        "name:en": "Pasig River",
        "name:tl": "Ilog Pasig",
        "source": "Bing",
        "waterway": "river",
        "wikidata": "Q1156477",
        "wikipedia": "en:Pasig River"
      },
      "geometry": {
        "type": "LineString",
        "coordinates": [
          [
            121.0179149,
            14.5792635
          ],
          [
            121.0176707,
            14.5794322
          ]
        ]
      },
      "id": "way/35067519"
    },
    {
      "type": "Feature",
      "properties": {
        "@id": "way/35067526",
        "boat": "yes",
        "name": "Pasig River",
        "name:en": "Pasig River",
        "name:tl": "Ilog Pasig",
        "source": "Bing",
        "waterway": "river"
      },
      "geometry": {
        "type": "LineString",
        "coordinates": [
          [
            121.0176707,
            14.5794322
          ],
          [
            121.0174307,
            14.5796172
          ],
          [
            121.0172846,
            14.5797867
          ],
          [
            121.0170704,
            14.5806055
          ],
          [
            121.0171617,
            14.5811598
          ],
          [
            121.0177288,
            14.5818013
          ],
          [
            121.0185249,
            14.582516
          ],
          [
            121.0195256,
            14.5837935
          ]
        ]
      },
      "id": "way/35067526"
    },
    {
      "type": "Feature",
      "properties": {
        "@id": "way/35067557",
        "boat": "yes",
        "name": "Pasig River",
        "name:en": "Pasig River",
        "name:tl": "Ilog Pasig",
        "source": "Bing",
        "waterway": "river",
        "wikidata": "Q1156477",
        "wikipedia": "en:Pasig River"
      },
      "geometry": {
        "type": "LineString",
        "coordinates": [
          [
            121.0195256,
            14.5837935
          ],
          [
            121.0197617,
            14.584126
          ],
          [
            121.0200669,
            14.5847398
          ],
          [
            121.0203133,
            14.5854576
          ],
          [
            121.0203561,
            14.5857665
          ]
        ]
      },
      "id": "way/35067557"
    },
    {
      "type": "Feature",
      "properties": {
        "@id": "way/35068267",
        "name": "Nangka River",
        "waterway": "river"
      },
      "geometry": {
        "type": "LineString",
        "coordinates": [
          [
            121.1202293,
            14.6687475
          ],
          [
            121.1201048,
            14.6689639
          ],
          [
            121.1200846,
            14.669058
          ],
          [
            121.1200721,
            14.6692314
          ],
          [
            121.1200928,
            14.6693875
          ],
          [
            121.1201872,
            14.6696304
          ],
          [
            121.1203288,
            14.6699327
          ],
          [
            121.1204167,
            14.6702428
          ],
          [
            121.1204503,
            14.6704323
          ],
          [
            121.1204257,
            14.6705457
          ],
          [
            121.1203015,
            14.6706913
          ],
          [
            121.120186,
            14.6708406
          ],
          [
            121.1200315,
            14.6710058
          ],
          [
            121.1198666,
            14.6712521
          ],
          [
            121.1198496,
            14.671327
          ],
          [
            121.1198399,
            14.6713687
          ],
          [
            121.1195591,
            14.6717952
          ],
          [
            121.1193191,
            14.6722589
          ],
          [
            121.1192572,
            14.6723396
          ],
          [
            121.1191815,
            14.6723837
          ],
          [
            121.1189966,
            14.672437
          ],
          [
            121.1187939,
            14.6724369
          ],
          [
            121.118281,
            14.6723003
          ],
          [
            121.1176504,
            14.672091
          ],
          [
            121.1173273,
            14.67191
          ],
          [
            121.117268,
            14.6719103
          ],
          [
            121.1171706,
            14.6719723
          ],
          [
            121.1170493,
            14.6720943
          ],
          [
            121.1168904,
            14.6722805
          ],
          [
            121.1168165,
            14.6726367
          ],
          [
            121.1167958,
            14.6730031
          ],
          [
            121.1166517,
            14.6733867
          ],
          [
            121.1165524,
            14.6735254
          ],
          [
            121.1162659,
            14.6738664
          ],
          [
            121.1161071,
            14.6739709
          ],
          [
            121.1159295,
            14.6740089
          ],
          [
            121.1155589,
            14.6740025
          ],
          [
            121.1150917,
            14.6738639
          ],
          [
            121.1146919,
            14.6736559
          ],
          [
            121.1146302,
            14.6735872
          ],
          [
            121.1145929,
            14.6734931
          ],
          [
            121.1146175,
            14.6733767
          ],
          [
            121.1147439,
            14.67316
          ],
          [
            121.1152189,
            14.6727183
          ],
          [
            121.1152801,
            14.6725824
          ],
          [
            121.11523,
            14.6724071
          ],
          [
            121.1150413,
            14.6721701
          ],
          [
            121.1147981,
            14.6720271
          ],
          [
            121.1142788,
            14.6718327
          ],
          [
            121.1137561,
            14.671716
          ],
          [
            121.1133069,
            14.671734
          ],
          [
            121.1131835,
            14.6717619
          ],
          [
            121.1130459,
            14.6718241
          ],
          [
            121.1126198,
            14.6723063
          ],
          [
            121.112438,
            14.6725634
          ],
          [
            121.1123439,
            14.6727075
          ],
          [
            121.1122635,
            14.6728003
          ],
          [
            121.1121579,
            14.6728696
          ],
          [
            121.1120614,
            14.6729001
          ],
          [
            121.1119521,
            14.6728982
          ],
          [
            121.1117879,
            14.6728558
          ],
          [
            121.1115227,
            14.6726747
          ],
          [
            121.1113861,
            14.672539
          ],
          [
            121.1113639,
            14.672358
          ],
          [
            121.1115946,
            14.6716803
          ],
          [
            121.1118185,
            14.6712818
          ],
          [
            121.111806,
            14.670875
          ],
          [
            121.1117253,
            14.6706773
          ],
          [
            121.1115793,
            14.6704511
          ],
          [
            121.1111426,
            14.6700626
          ],
          [
            121.1107881,
            14.6699901
          ],
          [
            121.1103497,
            14.6700263
          ],
          [
            121.109958,
            14.670343
          ],
          [
            121.1098272,
            14.6705056
          ],
          [
            121.109754,
            14.6706505
          ],
          [
            121.1097384,
            14.6709124
          ],
          [
            121.1098395,
            14.6713371
          ],
          [
            121.1105403,
            14.6727291
          ],
          [
            121.1105497,
            14.6727924
          ],
          [
            121.1104521,
            14.6729642
          ],
          [
            121.1102165,
            14.673209
          ],
          [
            121.1098669,
            14.6734556
          ],
          [
            121.1087853,
            14.6742424
          ],
          [
            121.108541,
            14.6744485
          ],
          [
            121.1082893,
            14.6746547
          ],
          [
            121.1075156,
            14.6751222
          ],
          [
            121.1071204,
            14.6753545
          ],
          [
            121.1066178,
            14.6757895
          ]
        ]
      },
      "id": "way/35068267"
    },
    {
      "type": "Feature",
      "properties": {
        "@id": "way/35068269",
        "name": "Nangka River",
        "waterway": "river"
      },
      "geometry": {
        "type": "LineString",
        "coordinates": [
          [
            121.1214125,
            14.6668014
          ],
          [
            121.1211774,
            14.6672068
          ],
          [
            121.1210397,
            14.6676189
          ],
          [
            121.1208589,
            14.6679466
          ],
          [
            121.1206458,
            14.6682422
          ],
          [
            121.120424,
            14.6685259
          ],
          [
            121.1202293,
            14.6687475
          ]
        ]
      },
      "id": "way/35068269"
    },
    {
      "type": "Feature",
      "properties": {
        "@id": "way/35129631",
        "boat": "yes",
        "name": "Pasig River",
        "name:tl": "Ilog Pasig",
        "waterway": "river"
      },
      "geometry": {
        "type": "LineString",
        "coordinates": [
          [
            121.0529018,
            14.5670806
          ],
          [
            121.0520715,
            14.5675983
          ],
          [
            121.0515762,
            14.567896
          ]
        ]
      },
      "id": "way/35129631"
    },
    {
      "type": "Feature",
      "properties": {
        "@id": "way/35129708",
        "boat": "yes",
        "name": "Pasig River",
        "name:en": "Pasig River",
        "name:tl": "Ilog Pasig",
        "waterway": "river"
      },
      "geometry": {
        "type": "LineString",
        "coordinates": [
          [
            121.0669318,
            14.5590928
          ],
          [
            121.066786,
            14.5597138
          ],
          [
            121.066395,
            14.5604251
          ],
          [
            121.0661892,
            14.5605747
          ]
        ]
      },
      "id": "way/35129708"
    },
    {
      "type": "Feature",
      "properties": {
        "@id": "way/35129970",
        "boat": "no",
        "name": "Pateros River",
        "waterway": "river"
      },
      "geometry": {
        "type": "LineString",
        "coordinates": [
          [
            121.0644329,
            14.5526178
          ],
          [
            121.0646177,
            14.5534831
          ],
          [
            121.0648794,
            14.5539929
          ],
          [
            121.0653722,
            14.5552207
          ],
          [
            121.0656714,
            14.5559996
          ],
          [
            121.0660171,
            14.5564299
          ],
          [
            121.0661898,
            14.5567195
          ],
          [
            121.0664687,
            14.5572337
          ]
        ]
      },
      "id": "way/35129970"
    },
    {
      "type": "Feature",
      "properties": {
        "@id": "way/35153257",
        "boat": "yes",
        "name": "Ermitaño Creek",
        "waterway": "river"
      },
      "geometry": {
        "type": "LineString",
        "coordinates": [
          [
            121.0377321,
            14.6063141
          ],
          [
            121.0376133,
            14.6064446
          ],
          [
            121.0372834,
            14.6067543
          ],
          [
            121.0370345,
            14.6076347
          ],
          [
            121.0368916,
            14.6079957
          ],
          [
            121.0368975,
            14.608417
          ],
          [
            121.0368149,
            14.608499
          ],
          [
            121.0363622,
            14.6086678
          ],
          [
            121.0362119,
            14.6086815
          ],
          [
            121.0359383,
            14.6086822
          ],
          [
            121.0356082,
            14.6086928
          ]
        ]
      },
      "id": "way/35153257"
    },
    {
      "type": "Feature",
      "properties": {
        "@id": "way/35153258",
        "boat": "yes",
        "name": "Ermitaño Creek",
        "waterway": "river"
      },
      "geometry": {
        "type": "LineString",
        "coordinates": [
          [
            121.0312621,
            14.6122656
          ],
          [
            121.0310722,
            14.6126096
          ],
          [
            121.0308805,
            14.6129253
          ],
          [
            121.0304507,
            14.6129786
          ],
          [
            121.0301013,
            14.6131495
          ],
          [
            121.0298162,
            14.6131828
          ],
          [
            121.0294838,
            14.6130842
          ],
          [
            121.0293482,
            14.6129809
          ]
        ]
      },
      "id": "way/35153258"
    },
    {
      "type": "Feature",
      "properties": {
        "@id": "way/35153260",
        "boat": "yes",
        "name": "Ermitaño Creek",
        "waterway": "river"
      },
      "geometry": {
        "type": "LineString",
        "coordinates": [
          [
            121.0293482,
            14.6129809
          ],
          [
            121.0292359,
            14.6128516
          ],
          [
            121.0292577,
            14.612472
          ],
          [
            121.0289744,
            14.6121481
          ],
          [
            121.0288587,
            14.6120778
          ],
          [
            121.0286223,
            14.6120554
          ],
          [
            121.0281632,
            14.6122481
          ]
        ]
      },
      "id": "way/35153260"
    },
    {
      "type": "Feature",
      "properties": {
        "@id": "way/35153261",
        "boat": "yes",
        "description": "Local name: Salapan River",
        "name": "Ermitaño Creek",
        "waterway": "river",
        "width": "8"
      },
      "geometry": {
        "type": "LineString",
        "coordinates": [
          [
            121.0281632,
            14.6122481
          ],
          [
            121.0275067,
            14.6123474
          ],
          [
            121.0269145,
            14.6123391
          ],
          [
            121.0259875,
            14.6123059
          ],
          [
            121.0255013,
            14.6123868
          ],
          [
            121.0253272,
            14.6125184
          ],
          [
            121.0252071,
            14.6127011
          ],
          [
            121.0250526,
            14.6131828
          ],
          [
            121.0249404,
            14.6134936
          ],
          [
            121.0243076,
            14.6137399
          ],
          [
            121.0237484,
            14.6138698
          ],
          [
            121.0236239,
            14.6138471
          ],
          [
            121.0235014,
            14.6138021
          ],
          [
            121.0234014,
            14.6137345
          ],
          [
            121.0232946,
            14.6135373
          ],
          [
            121.0232654,
            14.6133529
          ],
          [
            121.0232341,
            14.613178
          ],
          [
            121.0230435,
            14.6120983
          ],
          [
            121.0225558,
            14.6113174
          ],
          [
            121.0219307,
            14.6104505
          ],
          [
            121.0214352,
            14.6095448
          ],
          [
            121.0212748,
            14.6094049
          ]
        ]
      },
      "id": "way/35153261"
    },
    {
      "type": "Feature",
      "properties": {
        "@id": "way/35153279",
        "boat": "yes",
        "name": "San Juan River",
        "waterway": "river",
        "wikidata": "Q7414612"
      },
      "geometry": {
        "type": "LineString",
        "coordinates": [
          [
            121.0219135,
            14.6088317
          ],
          [
            121.0220838,
            14.6085433
          ],
          [
            121.0222199,
            14.6082751
          ],
          [
            121.022237,
            14.6077435
          ]
        ]
      },
      "id": "way/35153279"
    },
    {
      "type": "Feature",
      "properties": {
        "@id": "way/35153282",
        "boat": "yes",
        "name": "San Juan River",
        "waterway": "river",
        "wikidata": "Q7414612"
      },
      "geometry": {
        "type": "LineString",
        "coordinates": [
          [
            121.022237,
            14.6077435
          ],
          [
            121.0219474,
            14.6071501
          ],
          [
            121.0213826,
            14.6064302
          ],
          [
            121.0209541,
            14.6058371
          ],
          [
            121.0205743,
            14.6052367
          ]
        ]
      },
      "id": "way/35153282"
    },
    {
      "type": "Feature",
      "properties": {
        "@id": "way/35153285",
        "boat": "yes",
        "name": "San Juan River",
        "waterway": "river",
        "wikidata": "Q7414612"
      },
      "geometry": {
        "type": "LineString",
        "coordinates": [
          [
            121.0205743,
            14.6052367
          ],
          [
            121.0201956,
            14.6045802
          ],
          [
            121.0198942,
            14.603941
          ],
          [
            121.0196633,
            14.6031741
          ],
          [
            121.0195915,
            14.6028204
          ]
        ]
      },
      "id": "way/35153285"
    },
    {
      "type": "Feature",
      "properties": {
        "@id": "way/35153286",
        "boat": "yes",
        "name": "San Juan River",
        "waterway": "river",
        "wikidata": "Q7414612"
      },
      "geometry": {
        "type": "LineString",
        "coordinates": [
          [
            121.0195915,
            14.6028204
          ],
          [
            121.0195402,
            14.6025269
          ],
          [
            121.019571,
            14.602336
          ],
          [
            121.0196368,
            14.6021785
          ],
          [
            121.0197807,
            14.6019775
          ],
          [
            121.0199877,
            14.6018355
          ],
          [
            121.0202572,
            14.60162
          ]
        ]
      },
      "id": "way/35153286"
    },
    {
      "type": "Feature",
      "properties": {
        "@id": "way/35153288",
        "boat": "yes",
        "name": "San Juan River",
        "waterway": "river"
      },
      "geometry": {
        "type": "LineString",
        "coordinates": [
          [
            121.0259967,
            14.5950248
          ],
          [
            121.0261672,
            14.5943767
          ],
          [
            121.0261243,
            14.5937869
          ],
          [
            121.0259204,
            14.593219
          ],
          [
            121.0257022,
            14.5928543
          ],
          [
            121.0253792,
            14.5924867
          ]
        ]
      },
      "id": "way/35153288"
    },
    {
      "type": "Feature",
      "properties": {
        "@id": "way/35153369",
        "boat": "yes",
        "name": "San Juan River",
        "waterway": "river",
        "wikidata": "Q7414612"
      },
      "geometry": {
        "type": "LineString",
        "coordinates": [
          [
            121.0212748,
            14.6094049
          ],
          [
            121.0214532,
            14.6092493
          ],
          [
            121.0217177,
            14.609016
          ],
          [
            121.0219135,
            14.6088317
          ]
        ]
      },
      "id": "way/35153369"
    },
    {
      "type": "Feature",
      "properties": {
        "@id": "way/35154328",
        "boat": "yes",
        "name": "Pasig River",
        "source": "Bing",
        "waterway": "river"
      },
      "geometry": {
        "type": "LineString",
        "coordinates": [
          [
            120.979747,
            14.5970416
          ],
          [
            120.9795671,
            14.5970039
          ],
          [
            120.978363,
            14.5963841
          ]
        ]
      },
      "id": "way/35154328"
    },
    {
      "type": "Feature",
      "properties": {
        "@id": "way/35154549",
        "boat": "yes",
        "name": "Pasig River",
        "name:en": "Pasig River",
        "name:es": "Río Pasig",
        "name:tl": "Ilog Pasig",
        "waterway": "river"
      },
      "geometry": {
        "type": "LineString",
        "coordinates": [
          [
            120.9928282,
            14.5912614
          ],
          [
            120.9909858,
            14.5911127
          ],
          [
            120.9901665,
            14.5912937
          ],
          [
            120.9887453,
            14.5913675
          ],
          [
            120.9877703,
            14.5913548
          ],
          [
            120.9867475,
            14.5914155
          ],
          [
            120.9862513,
            14.5913461
          ]
        ]
      },
      "id": "way/35154549"
    },
    {
      "type": "Feature",
      "properties": {
        "@id": "way/35154557",
        "boat": "yes",
        "name": "Pasig River",
        "name:en": "Pasig River",
        "name:tl": "Ilog Pasig",
        "waterway": "river"
      },
      "geometry": {
        "type": "LineString",
        "coordinates": [
          [
            120.9807601,
            14.5968237
          ],
          [
            120.980275,
            14.5969952
          ],
          [
            120.979747,
            14.5970416
          ]
        ]
      },
      "id": "way/35154557"
    },
    {
      "type": "Feature",
      "properties": {
        "@id": "way/35154641",
        "boat": "yes",
        "name": "Pasig River",
        "source": "Bing",
        "waterway": "river"
      },
      "geometry": {
        "type": "LineString",
        "coordinates": [
          [
            120.9773389,
            14.5957838
          ],
          [
            120.9769412,
            14.5956029
          ],
          [
            120.9758194,
            14.5953511
          ],
          [
            120.974771,
            14.5952797
          ]
        ]
      },
      "id": "way/35154641"
    },
    {
      "type": "Feature",
      "properties": {
        "@id": "way/35154646",
        "boat": "yes",
        "name": "Pasig River",
        "source": "Bing",
        "waterway": "river"
      },
      "geometry": {
        "type": "LineString",
        "coordinates": [
          [
            120.974771,
            14.5952797
          ],
          [
            120.9730159,
            14.5953105
          ],
          [
            120.9714972,
            14.5955037
          ],
          [
            120.9703434,
            14.5957956
          ],
          [
            120.9703038,
            14.5958054
          ],
          [
            120.9695916,
            14.5959824
          ],
          [
            120.9684298,
            14.5960191
          ],
          [
            120.967321,
            14.5959404
          ]
        ]
      },
      "id": "way/35154646"
    },
    {
      "type": "Feature",
      "properties": {
        "@id": "way/35154659",
        "boat": "yes",
        "name": "Pasig River",
        "source": "Bing",
        "waterway": "river"
      },
      "geometry": {
        "type": "LineString",
        "coordinates": [
          [
            120.967321,
            14.5959404
          ],
          [
            120.9670053,
            14.5959095
          ],
          [
            120.9659065,
            14.5958536
          ],
          [
            120.9629324,
            14.5958351
          ]
        ]
      },
      "id": "way/35154659"
    },
    {
      "type": "Feature",
      "properties": {
        "@id": "way/35270936",
        "boat": "yes",
        "name": "Marikina River",
        "name:en": "Marikina River",
        "name:tl": "Ilog Marikina",
        "waterway": "river",
        "wikidata": "Q3551251",
        "wikipedia": "en:Marikina River",
        "@relations": [
          {
            "role": "main_stream",
            "rel": 11963824,
            "reltags": {
              "destination": "Pasig River",
              "name": "Marikina River",
              "name:en": "Marikina River",
              "name:tl": "Ilog Marikina",
              "type": "waterway",
              "waterway": "river",
              "wikidata": "Q3551251",
              "wikipedia": "en:Marikina River"
            }
          }
        ]
      },
      "geometry": {
        "type": "LineString",
        "coordinates": [
          [
            121.087615,
            14.6268599
          ],
          [
            121.0871539,
            14.6274443
          ],
          [
            121.0864432,
            14.6284669
          ],
          [
            121.0856008,
            14.6295102
          ],
          [
            121.0850764,
            14.6299354
          ],
          [
            121.0845898,
            14.6301652
          ],
          [
            121.0840462,
            14.6301758
          ]
        ]
      },
      "id": "way/35270936"
    },
    {
      "type": "Feature",
      "properties": {
        "@id": "way/35352473",
        "boat": "yes",
        "name": "Marikina River",
        "name:tl": "Ilog Marikina",
        "waterway": "river",
        "wikidata": "Q3551251",
        "@relations": [
          {
            "role": "main_stream",
            "rel": 11963824,
            "reltags": {
              "destination": "Pasig River",
              "name": "Marikina River",
              "name:en": "Marikina River",
              "name:tl": "Ilog Marikina",
              "type": "waterway",
              "waterway": "river",
              "wikidata": "Q3551251",
              "wikipedia": "en:Marikina River"
            }
          }
        ]
      },
      "geometry": {
        "type": "LineString",
        "coordinates": [
          [
            121.0786891,
            14.6173291
          ],
          [
            121.0784541,
            14.616765
          ],
          [
            121.078399,
            14.6160455
          ],
          [
            121.0784392,
            14.6155269
          ]
        ]
      },
      "id": "way/35352473"
    },
    {
      "type": "Feature",
      "properties": {
        "@id": "way/35352477",
        "boat": "yes",
        "name": "Marikina River",
        "name:tl": "Ilog Marikina",
        "waterway": "river",
        "wikidata": "Q3551251",
        "@relations": [
          {
            "role": "main_stream",
            "rel": 11963824,
            "reltags": {
              "destination": "Pasig River",
              "name": "Marikina River",
              "name:en": "Marikina River",
              "name:tl": "Ilog Marikina",
              "type": "waterway",
              "waterway": "river",
              "wikidata": "Q3551251",
              "wikipedia": "en:Marikina River"
            }
          }
        ]
      },
      "geometry": {
        "type": "LineString",
        "coordinates": [
          [
            121.0788822,
            14.6177381
          ],
          [
            121.0786891,
            14.6173291
          ]
        ]
      },
      "id": "way/35352477"
    },
    {
      "type": "Feature",
      "properties": {
        "@id": "way/35352482",
        "boat": "yes",
        "name": "Marikina River",
        "name:tl": "Ilog Marikina",
        "waterway": "river",
        "wikidata": "Q3551251",
        "@relations": [
          {
            "role": "main_stream",
            "rel": 11963824,
            "reltags": {
              "destination": "Pasig River",
              "name": "Marikina River",
              "name:en": "Marikina River",
              "name:tl": "Ilog Marikina",
              "type": "waterway",
              "waterway": "river",
              "wikidata": "Q3551251",
              "wikipedia": "en:Marikina River"
            }
          }
        ]
      },
      "geometry": {
        "type": "LineString",
        "coordinates": [
          [
            121.0813273,
            14.6202958
          ],
          [
            121.0810977,
            14.6199708
          ],
          [
            121.0803899,
            14.6195474
          ],
          [
            121.0801964,
            14.6194061
          ],
          [
            121.0798534,
            14.619101
          ],
          [
            121.0788822,
            14.6177381
          ]
        ]
      },
      "id": "way/35352482"
    },
    {
      "type": "Feature",
      "properties": {
        "@id": "way/35354652",
        "boat": "yes",
        "name": "Marikina River",
        "name:tl": "Ilog Marikina",
        "waterway": "river",
        "wikidata": "Q3551251",
        "@relations": [
          {
            "role": "main_stream",
            "rel": 11963824,
            "reltags": {
              "destination": "Pasig River",
              "name": "Marikina River",
              "name:en": "Marikina River",
              "name:tl": "Ilog Marikina",
              "type": "waterway",
              "waterway": "river",
              "wikidata": "Q3551251",
              "wikipedia": "en:Marikina River"
            }
          }
        ]
      },
      "geometry": {
        "type": "LineString",
        "coordinates": [
          [
            121.0809288,
            14.5788478
          ],
          [
            121.0802959,
            14.5780454
          ],
          [
            121.0784656,
            14.5764063
          ]
        ]
      },
      "id": "way/35354652"
    },
    {
      "type": "Feature",
      "properties": {
        "@id": "way/35354656",
        "boat": "yes",
        "name": "Marikina River",
        "name:tl": "Ilog Marikina",
        "waterway": "river",
        "wikidata": "Q3551251",
        "@relations": [
          {
            "role": "main_stream",
            "rel": 11963824,
            "reltags": {
              "destination": "Pasig River",
              "name": "Marikina River",
              "name:en": "Marikina River",
              "name:tl": "Ilog Marikina",
              "type": "waterway",
              "waterway": "river",
              "wikidata": "Q3551251",
              "wikipedia": "en:Marikina River"
            }
          }
        ]
      },
      "geometry": {
        "type": "LineString",
        "coordinates": [
          [
            121.0823531,
            14.6017929
          ],
          [
            121.082531,
            14.5989494
          ],
          [
            121.0824407,
            14.5972293
          ],
          [
            121.0823855,
            14.596288
          ]
        ]
      },
      "id": "way/35354656"
    },
    {
      "type": "Feature",
      "properties": {
        "@id": "way/35354667",
        "boat": "yes",
        "name": "Marikina River",
        "name:tl": "Ilog Marikina",
        "waterway": "river",
        "wikidata": "Q3551251",
        "@relations": [
          {
            "role": "main_stream",
            "rel": 11963824,
            "reltags": {
              "destination": "Pasig River",
              "name": "Marikina River",
              "name:en": "Marikina River",
              "name:tl": "Ilog Marikina",
              "type": "waterway",
              "waterway": "river",
              "wikidata": "Q3551251",
              "wikipedia": "en:Marikina River"
            }
          }
        ]
      },
      "geometry": {
        "type": "LineString",
        "coordinates": [
          [
            121.0883546,
            14.6054058
          ],
          [
            121.0889512,
            14.6041655
          ],
          [
            121.0900155,
            14.6024379
          ],
          [
            121.0904275,
            14.6011754
          ],
          [
            121.0904543,
            14.6001564
          ],
          [
            121.0902434,
            14.5996752
          ],
          [
            121.0900354,
            14.5993213
          ],
          [
            121.0892784,
            14.5991854
          ],
          [
            121.0885861,
            14.5991661
          ],
          [
            121.0879788,
            14.5994192
          ],
          [
            121.0874234,
            14.6003282
          ],
          [
            121.0870479,
            14.6014334
          ],
          [
            121.0863878,
            14.6022288
          ],
          [
            121.0856732,
            14.6028411
          ],
          [
            121.0846416,
            14.6033011
          ],
          [
            121.083786,
            14.6033745
          ],
          [
            121.0832517,
            14.6032684
          ],
          [
            121.0828519,
            14.6030984
          ],
          [
            121.0824594,
            14.6026332
          ],
          [
            121.0823594,
            14.6023855
          ],
          [
            121.0823531,
            14.6017929
          ]
        ]
      },
      "id": "way/35354667"
    },
    {
      "type": "Feature",
      "properties": {
        "@id": "way/35354714",
        "name": "Libis Creek",
        "waterway": "drain"
      },
      "geometry": {
        "type": "LineString",
        "coordinates": [
          [
            121.0791791,
            14.6061208
          ],
          [
            121.0803029,
            14.6060813
          ],
          [
            121.0808856,
            14.606059
          ],
          [
            121.0809473,
            14.6060371
          ],
          [
            121.0809955,
            14.6059968
          ],
          [
            121.0810243,
            14.6059314
          ],
          [
            121.0811145,
            14.6055441
          ]
        ]
      },
      "id": "way/35354714"
    },
    {
      "type": "Feature",
      "properties": {
        "@id": "way/35354739",
        "boat": "yes",
        "name": "Pasig River",
        "name:en": "Pasig River",
        "name:tl": "Ilog Pasig",
        "waterway": "river",
        "wikidata": "Q1156477"
      },
      "geometry": {
        "type": "LineString",
        "coordinates": [
          [
            121.0515762,
            14.567896
          ],
          [
            121.0503257,
            14.5684544
          ],
          [
            121.0494247,
            14.5685464
          ]
        ]
      },
      "id": "way/35354739"
    },
    {
      "type": "Feature",
      "properties": {
        "@id": "way/35354746",
        "boat": "yes",
        "name": "Pasig River",
        "name:en": "Pasig River",
        "name:tl": "Ilog Pasig",
        "waterway": "river",
        "wikidata": "Q1156477"
      },
      "geometry": {
        "type": "LineString",
        "coordinates": [
          [
            121.0494247,
            14.5685464
          ],
          [
            121.0486801,
            14.5684875
          ]
        ]
      },
      "id": "way/35354746"
    },
    {
      "type": "Feature",
      "properties": {
        "@id": "way/35354825",
        "boat": "yes",
        "name": "Pasig River",
        "name:en": "Pasig River",
        "name:tl": "Ilog Pasig",
        "waterway": "river",
        "wikidata": "Q1156477",
        "wikipedia": "en:Pasig River"
      },
      "geometry": {
        "type": "LineString",
        "coordinates": [
          [
            121.0471328,
            14.5684046
          ],
          [
            121.0465971,
            14.5684302
          ],
          [
            121.0459759,
            14.5684886
          ]
        ]
      },
      "id": "way/35354825"
    },
    {
      "type": "Feature",
      "properties": {
        "@id": "way/35354836",
        "boat": "yes",
        "name": "Pasig River",
        "name:en": "Pasig River",
        "name:tl": "Ilog Pasig",
        "waterway": "river",
        "wikidata": "Q1156477",
        "wikipedia": "en:Pasig River"
      },
      "geometry": {
        "type": "LineString",
        "coordinates": [
          [
            121.0459759,
            14.5684886
          ],
          [
            121.0452153,
            14.5685631
          ],
          [
            121.0438269,
            14.5687598
          ],
          [
            121.043269,
            14.5687541
          ]
        ]
      },
      "id": "way/35354836"
    },
    {
      "type": "Feature",
      "properties": {
        "@id": "way/35354853",
        "boat": "yes",
        "name": "Pasig River",
        "name:en": "Pasig River",
        "name:tl": "Ilog Pasig",
        "waterway": "river",
        "wikidata": "Q1156477",
        "wikipedia": "en:Pasig River"
      },
      "geometry": {
        "type": "LineString",
        "coordinates": [
          [
            121.043269,
            14.5687541
          ],
          [
            121.0424464,
            14.5686538
          ],
          [
            121.0415795,
            14.5683796
          ],
          [
            121.0403483,
            14.5681005
          ]
        ]
      },
      "id": "way/35354853"
    },
    {
      "type": "Feature",
      "properties": {
        "@id": "way/35354856",
        "boat": "yes",
        "name": "Pasig River",
        "name:en": "Pasig River",
        "name:tl": "Ilog Pasig",
        "waterway": "river",
        "wikidata": "Q1156477",
        "wikipedia": "en:Pasig River"
      },
      "geometry": {
        "type": "LineString",
        "coordinates": [
          [
            121.0383354,
            14.5676284
          ],
          [
            121.0379111,
            14.5675124
          ],
          [
            121.0375134,
            14.5674251
          ]
        ]
      },
      "id": "way/35354856"
    },
    {
      "type": "Feature",
      "properties": {
        "@id": "way/35354859",
        "boat": "yes",
        "name": "Pasig River",
        "name:en": "Pasig River",
        "name:tl": "Ilog Pasig",
        "waterway": "river",
        "wikidata": "Q1156477",
        "wikipedia": "en:Pasig River"
      },
      "geometry": {
        "type": "LineString",
        "coordinates": [
          [
            121.0403483,
            14.5681005
          ],
          [
            121.0401944,
            14.5680722
          ],
          [
            121.039415,
            14.5679048
          ],
          [
            121.0383354,
            14.5676284
          ]
        ]
      },
      "id": "way/35354859"
    },
    {
      "type": "Feature",
      "properties": {
        "@id": "way/35354941",
        "boat": "yes",
        "name": "Pasig River",
        "name:en": "Pasig River",
        "name:tl": "Ilog Pasig",
        "waterway": "river",
        "wikidata": "Q1156477",
        "wikipedia": "en:Pasig River"
      },
      "geometry": {
        "type": "LineString",
        "coordinates": [
          [
            121.0375134,
            14.5674251
          ],
          [
            121.0365928,
            14.5672249
          ],
          [
            121.0357259,
            14.5672083
          ],
          [
            121.0349191,
            14.5672665
          ],
          [
            121.0339341,
            14.567539
          ]
        ]
      },
      "id": "way/35354941"
    },
    {
      "type": "Feature",
      "properties": {
        "@id": "way/35354959",
        "boat": "yes",
        "name": "Pasig River",
        "name:en": "Pasig River",
        "name:tl": "Ilog Pasig",
        "waterway": "river",
        "wikidata": "Q1156477",
        "wikipedia": "en:Pasig River"
      },
      "geometry": {
        "type": "LineString",
        "coordinates": [
          [
            121.0274865,
            14.5731181
          ],
          [
            121.0267072,
            14.5737609
          ]
        ]
      },
      "id": "way/35354959"
    },
    {
      "type": "Feature",
      "properties": {
        "@id": "way/35354961",
        "boat": "yes",
        "name": "Pasig River",
        "name:en": "Pasig River",
        "name:tl": "Ilog Pasig",
        "waterway": "river",
        "wikidata": "Q1156477",
        "wikipedia": "en:Pasig River"
      },
      "geometry": {
        "type": "LineString",
        "coordinates": [
          [
            121.0256183,
            14.5745385
          ],
          [
            121.0250973,
            14.5749264
          ]
        ]
      },
      "id": "way/35354961"
    },
    {
      "type": "Feature",
      "properties": {
        "@id": "way/35354976",
        "boat": "yes",
        "name": "Pasig River",
        "name:en": "Pasig River",
        "name:tl": "Ilog Pasig",
        "waterway": "river",
        "wikidata": "Q1156477",
        "wikipedia": "en:Pasig River"
      },
      "geometry": {
        "type": "LineString",
        "coordinates": [
          [
            121.0250973,
            14.5749264
          ],
          [
            121.0225394,
            14.5764544
          ]
        ]
      },
      "id": "way/35354976"
    },
    {
      "type": "Feature",
      "properties": {
        "@id": "way/35355014",
        "boat": "no",
        "name": "Estero de Santa Clara",
        "waterway": "river"
      },
      "geometry": {
        "type": "LineString",
        "coordinates": [
          [
            121.0124007,
            14.5752449
          ],
          [
            121.0122491,
            14.5753948
          ],
          [
            121.0120962,
            14.5755946
          ],
          [
            121.0119981,
            14.5758144
          ],
          [
            121.0119744,
            14.5762105
          ],
          [
            121.0119948,
            14.5765777
          ],
          [
            121.0121321,
            14.5767919
          ],
          [
            121.0123436,
            14.576946
          ],
          [
            121.0124255,
            14.5770376
          ],
          [
            121.0124779,
            14.5771382
          ],
          [
            121.0126131,
            14.5773837
          ],
          [
            121.0128047,
            14.577671
          ],
          [
            121.0131197,
            14.5780935
          ],
          [
            121.0133086,
            14.5782597
          ],
          [
            121.0136776,
            14.5785089
          ],
          [
            121.0140361,
            14.578675
          ],
          [
            121.0142598,
            14.5787493
          ],
          [
            121.0144877,
            14.5789017
          ],
          [
            121.0148047,
            14.5792127
          ],
          [
            121.015278,
            14.5794198
          ],
          [
            121.015737,
            14.5795441
          ]
        ]
      },
      "id": "way/35355014"
    },
    {
      "type": "Feature",
      "properties": {
        "@id": "way/35355031",
        "boat": "yes",
        "name": "Pasig River",
        "name:en": "Pasig River",
        "name:tl": "Ilog Pasig",
        "waterway": "river",
        "wikidata": "Q1156477",
        "wikipedia": "en:Pasig River"
      },
      "geometry": {
        "type": "LineString",
        "coordinates": [
          [
            121.0213134,
            14.5772021
          ],
          [
            121.0196937,
            14.5781604
          ],
          [
            121.0185039,
            14.5789015
          ],
          [
            121.0179149,
            14.5792635
          ]
        ]
      },
      "id": "way/35355031"
    },
    {
      "type": "Feature",
      "properties": {
        "@id": "way/35676967",
        "boat": "yes",
        "name": "Ermitaño Creek",
        "waterway": "river"
      },
      "geometry": {
        "type": "LineString",
        "coordinates": [
          [
            121.0327126,
            14.6108919
          ],
          [
            121.0325136,
            14.6110659
          ],
          [
            121.0320248,
            14.6115037
          ],
          [
            121.0316733,
            14.611683
          ],
          [
            121.0314635,
            14.6118989
          ],
          [
            121.0313434,
            14.6121154
          ],
          [
            121.0312621,
            14.6122656
          ]
        ]
      },
      "id": "way/35676967"
    },
    {
      "type": "Feature",
      "properties": {
        "@id": "way/35677008",
        "boat": "yes",
        "name": "San Juan River",
        "waterway": "river"
      },
      "geometry": {
        "type": "LineString",
        "coordinates": [
          [
            121.0162538,
            14.6192791
          ],
          [
            121.016276,
            14.6191437
          ],
          [
            121.0163817,
            14.619011
          ],
          [
            121.0167294,
            14.618757
          ],
          [
            121.0170576,
            14.6186833
          ],
          [
            121.0179654,
            14.6188235
          ],
          [
            121.0186864,
            14.6188733
          ],
          [
            121.0192357,
            14.6188816
          ],
          [
            121.0195275,
            14.6186407
          ],
          [
            121.0203234,
            14.6168905
          ],
          [
            121.0203772,
            14.6167721
          ],
          [
            121.0206691,
            14.6158585
          ],
          [
            121.0207463,
            14.6153186
          ],
          [
            121.0205615,
            14.6144657
          ],
          [
            121.0203951,
            14.6135721
          ],
          [
            121.0201335,
            14.6127294
          ],
          [
            121.0198851,
            14.6120464
          ],
          [
            121.0198681,
            14.6114478
          ],
          [
            121.020042,
            14.6107892
          ],
          [
            121.0212748,
            14.6094049
          ]
        ]
      },
      "id": "way/35677008"
    },
    {
      "type": "Feature",
      "properties": {
        "@id": "way/37134116",
        "name": "Puray River",
        "waterway": "river",
        "wikidata": "Q35314303",
        "@relations": [
          {
            "role": "main_stream",
            "rel": 11957846,
            "reltags": {
              "destination": "Marikina River",
              "name": "Puray River",
              "type": "waterway",
              "waterway": "river",
              "wikidata": "Q35314303"
            }
          }
        ]
      },
      "geometry": {
        "type": "LineString",
        "coordinates": [
          [
            121.2128713,
            14.7770553
          ],
          [
            121.2123084,
            14.7769833
          ],
          [
            121.2118163,
            14.7768812
          ],
          [
            121.2115644,
            14.7768236
          ],
          [
            121.2111068,
            14.7766124
          ],
          [
            121.2109042,
            14.7764757
          ],
          [
            121.2108023,
            14.7763141
          ],
          [
            121.2107694,
            14.776083
          ],
          [
            121.2107801,
            14.7756129
          ],
          [
            121.2107401,
            14.7749768
          ],
          [
            121.2106993,
            14.7746101
          ],
          [
            121.2106964,
            14.7742704
          ],
          [
            121.2106628,
            14.7740703
          ],
          [
            121.2105918,
            14.7739281
          ],
          [
            121.2104362,
            14.773744
          ],
          [
            121.2102271,
            14.7736868
          ],
          [
            121.2100339,
            14.7736765
          ],
          [
            121.2097755,
            14.7737283
          ],
          [
            121.2093722,
            14.7738456
          ],
          [
            121.2091454,
            14.7739461
          ],
          [
            121.2086646,
            14.7741919
          ],
          [
            121.2083657,
            14.7743835
          ],
          [
            121.2080342,
            14.774662
          ],
          [
            121.2077992,
            14.7748864
          ],
          [
            121.2075591,
            14.7752021
          ],
          [
            121.2073466,
            14.7754799
          ],
          [
            121.2070866,
            14.7758268
          ],
          [
            121.2069019,
            14.7761154
          ],
          [
            121.2066926,
            14.7763591
          ],
          [
            121.2065983,
            14.7764276
          ],
          [
            121.2064338,
            14.7764483
          ],
          [
            121.2060615,
            14.776449
          ],
          [
            121.2057584,
            14.7763422
          ],
          [
            121.2054822,
            14.7761755
          ],
          [
            121.2053004,
            14.7760528
          ],
          [
            121.2049863,
            14.775749
          ],
          [
            121.2048572,
            14.7754271
          ],
          [
            121.2048176,
            14.7750597
          ],
          [
            121.2048814,
            14.7748021
          ],
          [
            121.2050158,
            14.7746754
          ],
          [
            121.2052083,
            14.7745936
          ],
          [
            121.2054312,
            14.7746024
          ],
          [
            121.2056784,
            14.7746419
          ],
          [
            121.2061217,
            14.7748329
          ],
          [
            121.2065401,
            14.7748972
          ],
          [
            121.2066927,
            14.7748795
          ],
          [
            121.2067948,
            14.7748004
          ],
          [
            121.2069551,
            14.7745979
          ],
          [
            121.207094,
            14.7743094
          ],
          [
            121.2072436,
            14.7738393
          ],
          [
            121.2072819,
            14.7735209
          ],
          [
            121.2072543,
            14.7732516
          ],
          [
            121.207103,
            14.7730906
          ],
          [
            121.2069118,
            14.7730389
          ],
          [
            121.206732,
            14.7730413
          ],
          [
            121.2064702,
            14.7730812
          ],
          [
            121.2061895,
            14.7731586
          ],
          [
            121.2058683,
            14.7732684
          ],
          [
            121.205502,
            14.7733851
          ],
          [
            121.2050319,
            14.7735081
          ],
          [
            121.2047741,
            14.7735235
          ],
          [
            121.2044817,
            14.773482
          ],
          [
            121.2042678,
            14.7734121
          ],
          [
            121.2041368,
            14.7733313
          ],
          [
            121.2041129,
            14.7731967
          ],
          [
            121.2041314,
            14.7729833
          ],
          [
            121.2041022,
            14.7726993
          ],
          [
            121.2039421,
            14.7723541
          ],
          [
            121.2036329,
            14.7719666
          ],
          [
            121.203476,
            14.7718075
          ],
          [
            121.203373,
            14.7716504
          ],
          [
            121.2033055,
            14.7714758
          ],
          [
            121.2032719,
            14.7713571
          ],
          [
            121.2032439,
            14.7712478
          ],
          [
            121.2032197,
            14.7710885
          ],
          [
            121.2031727,
            14.7709367
          ],
          [
            121.2030351,
            14.7707756
          ],
          [
            121.2028607,
            14.7706264
          ],
          [
            121.202689,
            14.7705434
          ],
          [
            121.2025259,
            14.7704936
          ],
          [
            121.2021998,
            14.7704272
          ],
          [
            121.2020305,
            14.7703892
          ],
          [
            121.2018979,
            14.7704128
          ],
          [
            121.201752,
            14.7704856
          ],
          [
            121.201607,
            14.7705683
          ],
          [
            121.2014718,
            14.7707211
          ],
          [
            121.2014033,
            14.770824
          ],
          [
            121.2012936,
            14.7709705
          ],
          [
            121.2011346,
            14.7710532
          ],
          [
            121.2009316,
            14.7710558
          ],
          [
            121.2006951,
            14.7710614
          ],
          [
            121.200628,
            14.7710272
          ],
          [
            121.2005426,
            14.7706972
          ],
          [
            121.20049,
            14.7703619
          ],
          [
            121.200466,
            14.7700818
          ],
          [
            121.2004315,
            14.7697929
          ],
          [
            121.2004369,
            14.7695787
          ],
          [
            121.2005131,
            14.7694093
          ],
          [
            121.2006872,
            14.7692284
          ],
          [
            121.2011014,
            14.7690159
          ],
          [
            121.2012525,
            14.7689606
          ],
          [
            121.2013947,
            14.7689219
          ],
          [
            121.201743,
            14.7688792
          ],
          [
            121.2019932,
            14.7688083
          ],
          [
            121.2022523,
            14.7687109
          ],
          [
            121.2023972,
            14.7685682
          ],
          [
            121.2025002,
            14.7684354
          ],
          [
            121.2025173,
            14.7682362
          ],
          [
            121.2024487,
            14.7680121
          ],
          [
            121.2023011,
            14.7679021
          ],
          [
            121.2021139,
            14.7678409
          ],
          [
            121.2019144,
            14.7678051
          ],
          [
            121.2016387,
            14.767816
          ],
          [
            121.2013157,
            14.7678544
          ],
          [
            121.2007406,
            14.7680038
          ],
          [
            121.2002686,
            14.7680951
          ],
          [
            121.1999207,
            14.7680748
          ],
          [
            121.1997248,
            14.7679398
          ],
          [
            121.1996678,
            14.767721
          ],
          [
            121.1996334,
            14.7672485
          ],
          [
            121.1996163,
            14.766958
          ],
          [
            121.1995476,
            14.7667423
          ],
          [
            121.1994961,
            14.7665182
          ],
          [
            121.1994103,
            14.7663273
          ],
          [
            121.1993522,
            14.7661458
          ],
          [
            121.199307,
            14.7660072
          ],
          [
            121.1991803,
            14.765912
          ],
          [
            121.1991184,
            14.7658459
          ],
          [
            121.1989708,
            14.7657925
          ],
          [
            121.1987306,
            14.7657835
          ],
          [
            121.1987148,
            14.7660111
          ],
          [
            121.1987655,
            14.7662396
          ],
          [
            121.1986705,
            14.7663331
          ],
          [
            121.1985906,
            14.7664471
          ],
          [
            121.1984661,
            14.7666261
          ],
          [
            121.197934,
            14.767456
          ],
          [
            121.1976743,
            14.7678124
          ],
          [
            121.1974552,
            14.7681854
          ],
          [
            121.1974168,
            14.7683104
          ],
          [
            121.1973825,
            14.7686673
          ],
          [
            121.1973482,
            14.7691403
          ],
          [
            121.1972108,
            14.7693976
          ],
          [
            121.1969126,
            14.7695724
          ],
          [
            121.1966808,
            14.769672
          ],
          [
            121.1963032,
            14.7697052
          ],
          [
            121.1961144,
            14.7696554
          ],
          [
            121.1958655,
            14.7695392
          ],
          [
            121.1956165,
            14.7693815
          ],
          [
            121.1955666,
            14.7692319
          ],
          [
            121.1955307,
            14.7691242
          ],
          [
            121.1953247,
            14.7688171
          ],
          [
            121.1952217,
            14.7684603
          ],
          [
            121.1951215,
            14.768207
          ],
          [
            121.1951215,
            14.7679685
          ],
          [
            121.1951516,
            14.7676801
          ],
          [
            121.195196,
            14.7673398
          ],
          [
            121.1951187,
            14.7671821
          ],
          [
            121.1950597,
            14.7669132
          ],
          [
            121.1949573,
            14.7666915
          ],
          [
            121.194873,
            14.7665286
          ],
          [
            121.1947625,
            14.7663818
          ],
          [
            121.1945474,
            14.7660643
          ],
          [
            121.1944547,
            14.7658127
          ],
          [
            121.194423,
            14.7654407
          ],
          [
            121.1943998,
            14.76524
          ],
          [
            121.1943288,
            14.7649427
          ],
          [
            121.1942327,
            14.7647942
          ],
          [
            121.194086,
            14.7647143
          ],
          [
            121.1938696,
            14.7646961
          ],
          [
            121.1936194,
            14.7647125
          ],
          [
            121.1932085,
            14.764772
          ],
          [
            121.1929536,
            14.7648457
          ],
          [
            121.1926436,
            14.7649687
          ],
          [
            121.1923118,
            14.7651028
          ],
          [
            121.1920986,
            14.7652052
          ],
          [
            121.1918351,
            14.7652785
          ]
        ]
      },
      "id": "way/37134116"
    },
    {
      "type": "Feature",
      "properties": {
        "@id": "way/37134118",
        "name": "Puray River",
        "waterway": "river",
        "wikidata": "Q35314303",
        "@relations": [
          {
            "role": "main_stream",
            "rel": 11957846,
            "reltags": {
              "destination": "Marikina River",
              "name": "Puray River",
              "type": "waterway",
              "waterway": "river",
              "wikidata": "Q35314303"
            }
          }
        ]
      },
      "geometry": {
        "type": "LineString",
        "coordinates": [
          [
            121.1918351,
            14.7652785
          ],
          [
            121.1916339,
            14.7652837
          ],
          [
            121.1914811,
            14.7652396
          ],
          [
            121.1913764,
            14.7651073
          ],
          [
            121.1913174,
            14.7647857
          ],
          [
            121.1912692,
            14.7644641
          ],
          [
            121.191237,
            14.7641243
          ],
          [
            121.1911377,
            14.7639557
          ],
          [
            121.191017,
            14.7638727
          ],
          [
            121.1907515,
            14.7638675
          ],
          [
            121.1904511,
            14.763839
          ],
          [
            121.190199,
            14.7637534
          ],
          [
            121.1898959,
            14.7635433
          ],
          [
            121.1897162,
            14.7633307
          ],
          [
            121.1895794,
            14.7630739
          ],
          [
            121.1894791,
            14.7627475
          ],
          [
            121.1894625,
            14.7625421
          ],
          [
            121.1894727,
            14.7623584
          ],
          [
            121.1895054,
            14.7622106
          ],
          [
            121.1895419,
            14.7619279
          ],
          [
            121.1895633,
            14.7617252
          ],
          [
            121.1895284,
            14.7615021
          ],
          [
            121.1894265,
            14.7611701
          ],
          [
            121.189279,
            14.76089
          ],
          [
            121.1890188,
            14.7605658
          ],
          [
            121.1887506,
            14.7602805
          ],
          [
            121.1884367,
            14.7600263
          ],
          [
            121.1879942,
            14.7596424
          ],
          [
            121.1877394,
            14.7594531
          ],
          [
            121.1874175,
            14.7593208
          ],
          [
            121.187101,
            14.7592689
          ],
          [
            121.1866853,
            14.7592586
          ],
          [
            121.1862776,
            14.7593571
          ],
          [
            121.1858932,
            14.7595696
          ],
          [
            121.1857436,
            14.7597384
          ],
          [
            121.1855631,
            14.7600379
          ],
          [
            121.1853498,
            14.7604786
          ],
          [
            121.1852747,
            14.7607815
          ],
          [
            121.185193,
            14.7613083
          ],
          [
            121.1851741,
            14.7614101
          ],
          [
            121.1851296,
            14.7615345
          ],
          [
            121.1850602,
            14.7616806
          ],
          [
            121.1849102,
            14.7619523
          ],
          [
            121.1847246,
            14.7622258
          ],
          [
            121.1843759,
            14.7626458
          ],
          [
            121.1837494,
            14.7634863
          ],
          [
            121.183306,
            14.763943
          ],
          [
            121.1829959,
            14.7642255
          ],
          [
            121.1828135,
            14.7643759
          ],
          [
            121.182729,
            14.7644031
          ],
          [
            121.1826338,
            14.7643902
          ],
          [
            121.1825513,
            14.7643373
          ],
          [
            121.1823625,
            14.7641479
          ],
          [
            121.1820961,
            14.7638908
          ],
          [
            121.1817326,
            14.763513
          ],
          [
            121.1815569,
            14.763437
          ],
          [
            121.1813423,
            14.763398
          ],
          [
            121.1810714,
            14.7634111
          ],
          [
            121.1807639,
            14.7634968
          ],
          [
            121.1804037,
            14.7636879
          ],
          [
            121.1801227,
            14.7638658
          ],
          [
            121.1797673,
            14.7641998
          ],
          [
            121.1795027,
            14.7645276
          ],
          [
            121.1792772,
            14.7647802
          ],
          [
            121.1791188,
            14.7650039
          ],
          [
            121.1789756,
            14.7650995
          ],
          [
            121.1788049,
            14.7651281
          ],
          [
            121.1786842,
            14.7651332
          ],
          [
            121.178581,
            14.765071
          ],
          [
            121.1785224,
            14.7649785
          ],
          [
            121.1784078,
            14.7648087
          ],
          [
            121.1783261,
            14.7646306
          ],
          [
            121.1781869,
            14.7643934
          ],
          [
            121.1779623,
            14.7640844
          ],
          [
            121.1777554,
            14.7638879
          ],
          [
            121.1773565,
            14.7636173
          ],
          [
            121.1768509,
            14.7633332
          ],
          [
            121.1766659,
            14.7632827
          ],
          [
            121.1764151,
            14.7632321
          ],
          [
            121.1762917,
            14.7632347
          ],
          [
            121.1762059,
            14.7632126
          ],
          [
            121.1761697,
            14.7631413
          ],
          [
            121.1761831,
            14.7630428
          ],
          [
            121.176234,
            14.762939
          ],
          [
            121.1762394,
            14.7628054
          ],
          [
            121.1761643,
            14.762585
          ],
          [
            121.1761522,
            14.7623995
          ],
          [
            121.1761858,
            14.7620961
          ],
          [
            121.1762314,
            14.761672
          ],
          [
            121.176214,
            14.7615734
          ],
          [
            121.1761643,
            14.7614957
          ],
          [
            121.1760731,
            14.7614321
          ],
          [
            121.1759376,
            14.7613659
          ],
          [
            121.1757875,
            14.7613088
          ],
          [
            121.175565,
            14.7612557
          ],
          [
            121.1751907,
            14.7611481
          ],
          [
            121.1747239,
            14.7610365
          ],
          [
            121.1740762,
            14.7608342
          ],
          [
            121.1737128,
            14.7606825
          ],
          [
            121.1734413,
            14.760544
          ],
          [
            121.1731656,
            14.7603752
          ],
          [
            121.1730731,
            14.7603181
          ],
          [
            121.1728049,
            14.760064
          ],
          [
            121.1726546,
            14.7598694
          ],
          [
            121.1726197,
            14.7597643
          ],
          [
            121.1726195,
            14.7596497
          ],
          [
            121.1726426,
            14.7595387
          ],
          [
            121.1726828,
            14.7594481
          ],
          [
            121.1727888,
            14.7591896
          ],
          [
            121.1728595,
            14.7589984
          ],
          [
            121.1729175,
            14.7587995
          ],
          [
            121.1729336,
            14.758675
          ],
          [
            121.1728853,
            14.758579
          ],
          [
            121.1727995,
            14.7585116
          ],
          [
            121.1726466,
            14.7584753
          ],
          [
            121.1724454,
            14.7584727
          ],
          [
            121.1721772,
            14.758509
          ],
          [
            121.1719797,
            14.7585295
          ],
          [
            121.1714707,
            14.7584564
          ],
          [
            121.1712585,
            14.7583618
          ],
          [
            121.171016,
            14.758131
          ],
          [
            121.1709956,
            14.7580224
          ],
          [
            121.1710611,
            14.7572312
          ],
          [
            121.171055,
            14.7569118
          ],
          [
            121.1710557,
            14.7566399
          ],
          [
            121.1710454,
            14.7563907
          ],
          [
            121.1710255,
            14.7561931
          ],
          [
            121.1709907,
            14.7559057
          ],
          [
            121.1709247,
            14.7557049
          ],
          [
            121.1708458,
            14.7554435
          ],
          [
            121.1707826,
            14.7552993
          ],
          [
            121.1706742,
            14.7551436
          ],
          [
            121.1705991,
            14.7549424
          ],
          [
            121.1705004,
            14.7547307
          ],
          [
            121.1703358,
            14.7542793
          ],
          [
            121.1702005,
            14.7536114
          ],
          [
            121.1699865,
            14.7527184
          ],
          [
            121.1697932,
            14.7521184
          ],
          [
            121.1696623,
            14.751576
          ],
          [
            121.1695497,
            14.7512025
          ],
          [
            121.1692727,
            14.7508533
          ],
          [
            121.1690255,
            14.7506853
          ],
          [
            121.1687752,
            14.7505851
          ],
          [
            121.1685211,
            14.7505345
          ],
          [
            121.1681808,
            14.7504614
          ],
          [
            121.1679061,
            14.7503784
          ],
          [
            121.1673397,
            14.7502622
          ],
          [
            121.1671594,
            14.7502622
          ],
          [
            121.1669878,
            14.7502539
          ],
          [
            121.1667989,
            14.7502954
          ],
          [
            121.1664041,
            14.7504033
          ],
          [
            121.166138,
            14.7505029
          ],
          [
            121.1659235,
            14.7506357
          ],
          [
            121.165623,
            14.7508847
          ],
          [
            121.1654171,
            14.750976
          ],
          [
            121.1650308,
            14.7510175
          ],
          [
            121.164754,
            14.7510909
          ],
          [
            121.1645279,
            14.7511429
          ],
          [
            121.1642216,
            14.751263
          ],
          [
            121.1638482,
            14.7514526
          ],
          [
            121.1634311,
            14.751705
          ],
          [
            121.1632391,
            14.751808
          ],
          [
            121.1631419,
            14.751927
          ],
          [
            121.1629542,
            14.7521171
          ],
          [
            121.162886,
            14.7522269
          ],
          [
            121.1628131,
            14.7524442
          ],
          [
            121.1626458,
            14.7528675
          ],
          [
            121.1624382,
            14.753366
          ],
          [
            121.1623142,
            14.75367
          ],
          [
            121.1622086,
            14.7539797
          ],
          [
            121.1621222,
            14.7541224
          ],
          [
            121.1620406,
            14.7542201
          ],
          [
            121.1618706,
            14.75443
          ],
          [
            121.1616426,
            14.7545293
          ],
          [
            121.1614717,
            14.7545644
          ],
          [
            121.1612403,
            14.7545545
          ],
          [
            121.1610471,
            14.7544873
          ],
          [
            121.1609372,
            14.7543659
          ],
          [
            121.1608328,
            14.7541217
          ],
          [
            121.1607607,
            14.7538111
          ],
          [
            121.1607138,
            14.7536435
          ],
          [
            121.1605088,
            14.7534337
          ],
          [
            121.1603144,
            14.7532467
          ],
          [
            121.1602371,
            14.753089
          ],
          [
            121.1600341,
            14.7529035
          ],
          [
            121.1598359,
            14.7526605
          ],
          [
            121.159602,
            14.7525163
          ],
          [
            121.1592672,
            14.7522507
          ],
          [
            121.1589411,
            14.7519436
          ],
          [
            121.158572,
            14.7516946
          ],
          [
            121.1582867,
            14.7515234
          ],
          [
            121.1579545,
            14.7513725
          ],
          [
            121.1576386,
            14.7512791
          ],
          [
            121.1574176,
            14.7512381
          ],
          [
            121.1571901,
            14.75118
          ],
          [
            121.1569597,
            14.751129
          ],
          [
            121.1566482,
            14.7510341
          ],
          [
            121.1564561,
            14.7509488
          ],
          [
            121.1562958,
            14.7507951
          ],
          [
            121.1562117,
            14.7505741
          ],
          [
            121.1561602,
            14.7503749
          ],
          [
            121.1560314,
            14.7500263
          ],
          [
            121.1557739,
            14.7495946
          ],
          [
            121.1555678,
            14.7491936
          ],
          [
            121.1554528,
            14.749089
          ],
          [
            121.1553794,
            14.7489913
          ],
          [
            121.155278,
            14.7488352
          ],
          [
            121.1551342,
            14.748659
          ]
        ]
      },
      "id": "way/37134118"
    },
    {
      "type": "Feature",
      "properties": {
        "@id": "way/38426268",
        "name": "Pasig River",
        "name:en": "Pasig River",
        "name:tl": "Ilog Pasig",
        "source": "Bing",
        "waterway": "river"
      },
      "geometry": {
        "type": "LineString",
        "coordinates": [
          [
            121.0026015,
            14.5962912
          ],
          [
            121.0023156,
            14.5960785
          ],
          [
            121.001893,
            14.5958949
          ],
          [
            121.0014246,
            14.5958877
          ]
        ]
      },
      "id": "way/38426268"
    },
    {
      "type": "Feature",
      "properties": {
        "@id": "way/38700103",
        "name": "Pasong Tamo Creek",
        "waterway": "drain"
      },
      "geometry": {
        "type": "LineString",
        "coordinates": [
          [
            121.0696264,
            14.6825575
          ],
          [
            121.0695121,
            14.6825607
          ],
          [
            121.0694503,
            14.6825714
          ],
          [
            121.0694011,
            14.6825958
          ],
          [
            121.0693424,
            14.6826262
          ],
          [
            121.06926,
            14.6826307
          ],
          [
            121.0691957,
            14.6826288
          ],
          [
            121.0691544,
            14.6826252
          ],
          [
            121.0691007,
            14.6826081
          ],
          [
            121.0690434,
            14.6826006
          ],
          [
            121.0689956,
            14.6826047
          ],
          [
            121.0689537,
            14.6826373
          ],
          [
            121.0689242,
            14.6826905
          ],
          [
            121.0689088,
            14.6827448
          ],
          [
            121.0688896,
            14.6828263
          ],
          [
            121.068858,
            14.6828971
          ],
          [
            121.0688173,
            14.6829252
          ],
          [
            121.0687487,
            14.6829335
          ],
          [
            121.0687186,
            14.6829432
          ],
          [
            121.0686681,
            14.6829954
          ],
          [
            121.0686754,
            14.6830242
          ],
          [
            121.068715,
            14.6830576
          ],
          [
            121.0687713,
            14.6830966
          ],
          [
            121.0688457,
            14.6831592
          ],
          [
            121.0688815,
            14.6831898
          ],
          [
            121.0688893,
            14.6832702
          ],
          [
            121.0688987,
            14.6833486
          ],
          [
            121.0688947,
            14.6833975
          ],
          [
            121.0689078,
            14.6834503
          ],
          [
            121.0689457,
            14.6835231
          ],
          [
            121.0690219,
            14.6836056
          ],
          [
            121.0691038,
            14.6836896
          ],
          [
            121.0691893,
            14.6837985
          ],
          [
            121.0692297,
            14.6838465
          ],
          [
            121.0692393,
            14.6838797
          ],
          [
            121.0692241,
            14.6839252
          ],
          [
            121.0691898,
            14.6839502
          ],
          [
            121.0691227,
            14.6839567
          ],
          [
            121.0690288,
            14.6839528
          ],
          [
            121.0687672,
            14.683943
          ],
          [
            121.0685742,
            14.6839606
          ],
          [
            121.0684857,
            14.6840021
          ],
          [
            121.0684669,
            14.6840617
          ],
          [
            121.0684682,
            14.6840994
          ],
          [
            121.0684843,
            14.6841266
          ],
          [
            121.0685058,
            14.6841435
          ],
          [
            121.0685742,
            14.6841629
          ],
          [
            121.0686591,
            14.6842071
          ],
          [
            121.0686902,
            14.684273
          ],
          [
            121.0686821,
            14.6843542
          ],
          [
            121.0686158,
            14.6844737
          ],
          [
            121.0686123,
            14.6846433
          ],
          [
            121.0686768,
            14.6847914
          ],
          [
            121.0687406,
            14.6848984
          ],
          [
            121.0688705,
            14.6850774
          ],
          [
            121.0689732,
            14.68524
          ],
          [
            121.0689644,
            14.6853193
          ],
          [
            121.0688918,
            14.685373
          ],
          [
            121.0688143,
            14.6854014
          ],
          [
            121.0687434,
            14.6854136
          ],
          [
            121.0686712,
            14.6854668
          ],
          [
            121.0685185,
            14.6856224
          ],
          [
            121.0685339,
            14.6856627
          ],
          [
            121.0686093,
            14.6857469
          ],
          [
            121.0686475,
            14.6858002
          ],
          [
            121.0686489,
            14.6858952
          ],
          [
            121.0686345,
            14.6859839
          ],
          [
            121.0685811,
            14.6860677
          ],
          [
            121.068102,
            14.6860848
          ],
          [
            121.0679355,
            14.6860753
          ],
          [
            121.0678502,
            14.6860634
          ],
          [
            121.0677111,
            14.6859564
          ],
          [
            121.067522,
            14.6858014
          ],
          [
            121.0673507,
            14.6858092
          ],
          [
            121.0672459,
            14.6857986
          ],
          [
            121.0671373,
            14.6857853
          ],
          [
            121.0670749,
            14.6857446
          ],
          [
            121.0669913,
            14.6857018
          ],
          [
            121.0669471,
            14.6856684
          ],
          [
            121.0668739,
            14.6856496
          ],
          [
            121.066765,
            14.6856438
          ],
          [
            121.0666492,
            14.6856737
          ],
          [
            121.066596,
            14.6857963
          ],
          [
            121.0664767,
            14.6858162
          ],
          [
            121.0663069,
            14.6858117
          ],
          [
            121.0660174,
            14.6858199
          ],
          [
            121.0658052,
            14.6858081
          ],
          [
            121.0656767,
            14.6857872
          ],
          [
            121.0655708,
            14.6857385
          ],
          [
            121.0654856,
            14.6857093
          ],
          [
            121.0652898,
            14.6856879
          ],
          [
            121.0651182,
            14.6856834
          ],
          [
            121.0649432,
            14.6857281
          ]
        ]
      },
      "id": "way/38700103"
    },
    {
      "type": "Feature",
      "properties": {
        "@id": "way/39726879",
        "boat": "no",
        "layer": "-1",
        "name": "Buhangin Creek",
        "waterway": "drain"
      },
      "geometry": {
        "type": "LineString",
        "coordinates": [
          [
            121.0269586,
            14.5814103
          ],
          [
            121.0269196,
            14.5815497
          ],
          [
            121.0268533,
            14.5816751
          ],
          [
            121.0268595,
            14.5817891
          ],
          [
            121.0268096,
            14.5819711
          ],
          [
            121.0267596,
            14.582071
          ]
        ]
      },
      "id": "way/39726879"
    },
    {
      "type": "Feature",
      "properties": {
        "@id": "way/40134499",
        "admin_level": "10",
        "boat": "no",
        "boundary": "administrative",
        "name": "Mariblo Creek",
        "waterway": "river"
      },
      "geometry": {
        "type": "LineString",
        "coordinates": [
          [
            121.0195123,
            14.6378541
          ],
          [
            121.019184,
            14.6373331
          ],
          [
            121.0189743,
            14.6368161
          ],
          [
            121.018897,
            14.6366075
          ],
          [
            121.0188286,
            14.6361601
          ],
          [
            121.0189471,
            14.6354253
          ],
          [
            121.0189473,
            14.6353312
          ]
        ]
      },
      "id": "way/40134499"
    },
    {
      "type": "Feature",
      "properties": {
        "@id": "way/40134522",
        "admin_level": "10",
        "boat": "no",
        "boundary": "administrative",
        "name": "Mariblo Creek",
        "waterway": "river"
      },
      "geometry": {
        "type": "LineString",
        "coordinates": [
          [
            121.0189473,
            14.6353312
          ],
          [
            121.0188455,
            14.635173
          ],
          [
            121.0184531,
            14.6349609
          ],
          [
            121.0182533,
            14.6349571
          ],
          [
            121.0181724,
            14.6349792
          ]
        ]
      },
      "id": "way/40134522"
    },
    {
      "type": "Feature",
      "properties": {
        "@id": "way/40134598",
        "admin_level": "10",
        "boat": "no",
        "boundary": "administrative",
        "name": "Mariblo Creek",
        "waterway": "river"
      },
      "geometry": {
        "type": "LineString",
        "coordinates": [
          [
            121.0181724,
            14.6349792
          ],
          [
            121.0179426,
            14.6349989
          ],
          [
            121.0177965,
            14.6349871
          ],
          [
            121.0173411,
            14.6348575
          ],
          [
            121.0172451,
            14.6347373
          ],
          [
            121.0172018,
            14.6345735
          ],
          [
            121.0172471,
            14.6335421
          ],
          [
            121.0172321,
            14.633398
          ],
          [
            121.0171692,
            14.6332087
          ],
          [
            121.0169371,
            14.6330497
          ],
          [
            121.016723,
            14.6330653
          ],
          [
            121.0164731,
            14.6332127
          ],
          [
            121.0162401,
            14.6333012
          ],
          [
            121.0160855,
            14.6333206
          ],
          [
            121.016001,
            14.6332744
          ],
          [
            121.0158544,
            14.6331943
          ],
          [
            121.0156656,
            14.6330746
          ],
          [
            121.0153983,
            14.6328607
          ],
          [
            121.0151554,
            14.6326318
          ],
          [
            121.0150843,
            14.632489
          ]
        ]
      },
      "id": "way/40134598"
    },
    {
      "type": "Feature",
      "properties": {
        "@id": "way/40134836",
        "boat": "yes",
        "name": "San Juan River",
        "waterway": "river"
      },
      "geometry": {
        "type": "LineString",
        "coordinates": [
          [
            121.0148638,
            14.6306361
          ],
          [
            121.0147763,
            14.63042
          ],
          [
            121.0147459,
            14.6302077
          ],
          [
            121.0148561,
            14.6297799
          ]
        ]
      },
      "id": "way/40134836"
    },
    {
      "type": "Feature",
      "properties": {
        "@id": "way/40134837",
        "boat": "yes",
        "name": "San Juan River",
        "waterway": "river"
      },
      "geometry": {
        "type": "LineString",
        "coordinates": [
          [
            121.0148561,
            14.6297799
          ],
          [
            121.0150786,
            14.6294279
          ],
          [
            121.0155704,
            14.6291094
          ],
          [
            121.0161103,
            14.6288237
          ],
          [
            121.0162286,
            14.62874
          ],
          [
            121.016383,
            14.6286306
          ],
          [
            121.0165819,
            14.6284986
          ],
          [
            121.0170042,
            14.6279084
          ],
          [
            121.0172596,
            14.6275469
          ],
          [
            121.0177125,
            14.6268244
          ],
          [
            121.0180751,
            14.626563
          ],
          [
            121.0186435,
            14.6265472
          ],
          [
            121.0189319,
            14.6265842
          ],
          [
            121.0193284,
            14.6264969
          ],
          [
            121.0193645,
            14.626489
          ],
          [
            121.019578,
            14.6263575
          ],
          [
            121.019652,
            14.626252
          ],
          [
            121.0199374,
            14.6258044
          ],
          [
            121.0201001,
            14.6254099
          ]
        ]
      },
      "id": "way/40134837"
    },
    {
      "type": "Feature",
      "properties": {
        "@id": "way/40134889",
        "admin_level": "10",
        "boat": "yes",
        "boundary": "administrative",
        "name": "San Juan River",
        "waterway": "river"
      },
      "geometry": {
        "type": "LineString",
        "coordinates": [
          [
            121.0150843,
            14.632489
          ],
          [
            121.0152593,
            14.6321002
          ],
          [
            121.0154224,
            14.631469
          ],
          [
            121.0152662,
            14.6311521
          ],
          [
            121.0150497,
            14.6308846
          ],
          [
            121.0148638,
            14.6306361
          ]
        ]
      },
      "id": "way/40134889"
    },
    {
      "type": "Feature",
      "properties": {
        "@id": "way/40134988",
        "boat": "yes",
        "name": "San Juan River",
        "waterway": "river"
      },
      "geometry": {
        "type": "LineString",
        "coordinates": [
          [
            121.0201001,
            14.6254099
          ],
          [
            121.0199161,
            14.6250034
          ],
          [
            121.0196133,
            14.6246121
          ],
          [
            121.0192357,
            14.6244792
          ],
          [
            121.0191384,
            14.6244729
          ],
          [
            121.0184031,
            14.6243962
          ],
          [
            121.0178452,
            14.6241221
          ],
          [
            121.0177079,
            14.623956
          ],
          [
            121.0176907,
            14.6236321
          ],
          [
            121.0178796,
            14.6230923
          ],
          [
            121.0182658,
            14.6221621
          ],
          [
            121.0181714,
            14.6217967
          ],
          [
            121.0178184,
            14.6215241
          ],
          [
            121.0173817,
            14.6212486
          ],
          [
            121.0165959,
            14.6205032
          ],
          [
            121.0164179,
            14.6201863
          ],
          [
            121.0163002,
            14.6197545
          ],
          [
            121.0162371,
            14.6194335
          ],
          [
            121.0162538,
            14.6192791
          ]
        ]
      },
      "id": "way/40134988"
    },
    {
      "type": "Feature",
      "properties": {
        "@id": "way/40135092",
        "alt_name": "Lagarian Creek",
        "boat": "no",
        "name": "Diliman Creek",
        "waterway": "river"
      },
      "geometry": {
        "type": "LineString",
        "coordinates": [
          [
            121.0333512,
            14.6261117
          ],
          [
            121.0331387,
            14.6260747
          ],
          [
            121.0325364,
            14.6259181
          ],
          [
            121.0323017,
            14.6259857
          ],
          [
            121.0321424,
            14.6261339
          ],
          [
            121.0319973,
            14.6263669
          ],
          [
            121.0319094,
            14.6264901
          ],
          [
            121.0317604,
            14.6265386
          ],
          [
            121.0313206,
            14.626447
          ],
          [
            121.030734,
            14.6265327
          ],
          [
            121.0300573,
            14.6266729
          ],
          [
            121.0295815,
            14.6267354
          ],
          [
            121.0295107,
            14.6267438
          ],
          [
            121.0294521,
            14.6267457
          ],
          [
            121.0294393,
            14.6267469
          ],
          [
            121.029401,
            14.6267378
          ]
        ]
      },
      "id": "way/40135092"
    },
    {
      "type": "Feature",
      "properties": {
        "@id": "way/41301521",
        "boat": "no",
        "name": "San Francisco River",
        "waterway": "stream"
      },
      "geometry": {
        "type": "LineString",
        "coordinates": [
          [
            121.0211621,
            14.6528932
          ],
          [
            121.0210736,
            14.6529476
          ],
          [
            121.0209663,
            14.6530456
          ],
          [
            121.0208751,
            14.6531157
          ],
          [
            121.0207564,
            14.6532389
          ],
          [
            121.0206659,
            14.6533933
          ],
          [
            121.0205754,
            14.6534342
          ],
          [
            121.0204782,
            14.6534997
          ],
          [
            121.0204151,
            14.6535867
          ],
          [
            121.0205405,
            14.6536762
          ],
          [
            121.0204647,
            14.6537936
          ],
          [
            121.0203923,
            14.6538792
          ],
          [
            121.0202911,
            14.6539519
          ],
          [
            121.020222,
            14.6539097
          ],
          [
            121.0201347,
            14.6538345
          ],
          [
            121.0199651,
            14.6537657
          ],
          [
            121.0199323,
            14.6537592
          ],
          [
            121.0199122,
            14.6537696
          ],
          [
            121.0198746,
            14.6538039
          ],
          [
            121.0198237,
            14.6539084
          ],
          [
            121.01977,
            14.653959
          ],
          [
            121.0197383,
            14.6540008
          ],
          [
            121.0197155,
            14.6540465
          ],
          [
            121.0197163,
            14.6541111
          ],
          [
            121.0197121,
            14.6541741
          ],
          [
            121.0196292,
            14.6543282
          ],
          [
            121.019581,
            14.6543801
          ],
          [
            121.0194844,
            14.6545033
          ],
          [
            121.019416,
            14.6545734
          ],
          [
            121.0193503,
            14.6546551
          ],
          [
            121.0191672,
            14.6547323
          ],
          [
            121.0190519,
            14.6547822
          ],
          [
            121.0189026,
            14.6548223
          ],
          [
            121.0187493,
            14.654833
          ],
          [
            121.0186331,
            14.6548137
          ]
        ]
      },
      "id": "way/41301521"
    },
    {
      "type": "Feature",
      "properties": {
        "@id": "way/41301839",
        "boat": "no",
        "name": "San Francisco River",
        "waterway": "river"
      },
      "geometry": {
        "type": "LineString",
        "coordinates": [
          [
            121.0150403,
            14.6544959
          ],
          [
            121.0148343,
            14.6543547
          ],
          [
            121.0147279,
            14.6542688
          ],
          [
            121.0146292,
            14.6541473
          ],
          [
            121.0145547,
            14.654032
          ],
          [
            121.0144377,
            14.6537272
          ],
          [
            121.0143788,
            14.6535004
          ],
          [
            121.0143194,
            14.6531609
          ],
          [
            121.0138188,
            14.6504193
          ],
          [
            121.0136683,
            14.64992
          ],
          [
            121.0134846,
            14.6497153
          ],
          [
            121.0133663,
            14.6496131
          ],
          [
            121.0132466,
            14.6495237
          ],
          [
            121.0131571,
            14.6494807
          ],
          [
            121.0130672,
            14.64946
          ],
          [
            121.0129193,
            14.6494316
          ],
          [
            121.0127869,
            14.6493886
          ],
          [
            121.0126662,
            14.6493899
          ],
          [
            121.0125415,
            14.6493847
          ],
          [
            121.0124083,
            14.649333
          ],
          [
            121.012217,
            14.649229
          ],
          [
            121.0121807,
            14.6491823
          ],
          [
            121.0121575,
            14.6491267
          ],
          [
            121.0121123,
            14.6489695
          ],
          [
            121.0121012,
            14.6488308
          ],
          [
            121.0121069,
            14.6487204
          ],
          [
            121.0121271,
            14.6486282
          ],
          [
            121.01217,
            14.648467
          ],
          [
            121.0122196,
            14.6480703
          ],
          [
            121.0122881,
            14.6476753
          ]
        ]
      },
      "id": "way/41301839"
    },
    {
      "type": "Feature",
      "properties": {
        "@id": "way/41301918",
        "boat": "no",
        "name": "Dario Creek",
        "waterway": "river"
      },
      "geometry": {
        "type": "LineString",
        "coordinates": [
          [
            121.015563,
            14.6575925
          ],
          [
            121.0157199,
            14.6573876
          ],
          [
            121.0157563,
            14.6573244
          ],
          [
            121.0157615,
            14.6572521
          ],
          [
            121.0157221,
            14.6571272
          ],
          [
            121.0156079,
            14.6570052
          ],
          [
            121.0154554,
            14.6569143
          ],
          [
            121.0153564,
            14.6568228
          ],
          [
            121.0152961,
            14.6566331
          ],
          [
            121.0152049,
            14.6564891
          ],
          [
            121.0150819,
            14.6562383
          ],
          [
            121.0150423,
            14.6560502
          ],
          [
            121.015045,
            14.6558216
          ],
          [
            121.0150403,
            14.6544959
          ]
        ]
      },
      "id": "way/41301918"
    },
    {
      "type": "Feature",
      "properties": {
        "@id": "way/41522702",
        "boat": "no",
        "name": "Dario Creek",
        "waterway": "river"
      },
      "geometry": {
        "type": "LineString",
        "coordinates": [
          [
            121.016117,
            14.6646784
          ],
          [
            121.016048,
            14.664427
          ],
          [
            121.0159948,
            14.6642485
          ],
          [
            121.0159646,
            14.6640714
          ],
          [
            121.0159533,
            14.663963
          ],
          [
            121.0159159,
            14.6638395
          ],
          [
            121.0158951,
            14.6637968
          ],
          [
            121.0158573,
            14.6637347
          ],
          [
            121.0158212,
            14.6636919
          ],
          [
            121.0157776,
            14.6636646
          ],
          [
            121.0157233,
            14.6636458
          ],
          [
            121.0156421,
            14.6636387
          ],
          [
            121.0155813,
            14.6636188
          ],
          [
            121.0155476,
            14.6635952
          ],
          [
            121.0154466,
            14.6634956
          ],
          [
            121.0153592,
            14.6634434
          ],
          [
            121.0153245,
            14.6634093
          ],
          [
            121.0152465,
            14.6631937
          ],
          [
            121.0152343,
            14.6630852
          ],
          [
            121.0151995,
            14.6628693
          ],
          [
            121.0151891,
            14.6627557
          ],
          [
            121.0151875,
            14.6625748
          ],
          [
            121.0151446,
            14.6624723
          ],
          [
            121.0150922,
            14.6623498
          ],
          [
            121.0150654,
            14.6623023
          ],
          [
            121.0150578,
            14.6622826
          ],
          [
            121.0150323,
            14.6622081
          ],
          [
            121.014993,
            14.662083
          ],
          [
            121.0150015,
            14.661974
          ],
          [
            121.0150399,
            14.661878
          ],
          [
            121.0150818,
            14.6617896
          ],
          [
            121.0151781,
            14.6616938
          ],
          [
            121.0152626,
            14.661577
          ],
          [
            121.015429,
            14.6613726
          ],
          [
            121.015453,
            14.6613331
          ],
          [
            121.0154562,
            14.6612919
          ],
          [
            121.0154477,
            14.6612105
          ],
          [
            121.0153245,
            14.6610142
          ],
          [
            121.0152067,
            14.6608025
          ]
        ]
      },
      "id": "way/41522702"
    },
    {
      "type": "Feature",
      "properties": {
        "@id": "way/41522772",
        "boat": "no",
        "name": "Dario Creek",
        "waterway": "river"
      },
      "geometry": {
        "type": "LineString",
        "coordinates": [
          [
            121.0152067,
            14.6608025
          ],
          [
            121.0151838,
            14.6607921
          ],
          [
            121.0151298,
            14.6606688
          ],
          [
            121.0150562,
            14.6605595
          ],
          [
            121.0149392,
            14.6602538
          ],
          [
            121.0149018,
            14.6601499
          ],
          [
            121.0148866,
            14.6600978
          ],
          [
            121.0147811,
            14.6597666
          ],
          [
            121.0146984,
            14.6592631
          ],
          [
            121.0146564,
            14.6591223
          ],
          [
            121.0146564,
            14.6590029
          ],
          [
            121.0146644,
            14.658938
          ],
          [
            121.0147034,
            14.6588407
          ],
          [
            121.0148052,
            14.6586124
          ],
          [
            121.0149287,
            14.6583649
          ],
          [
            121.0150655,
            14.6581116
          ],
          [
            121.0151191,
            14.6580454
          ],
          [
            121.0152465,
            14.6579208
          ],
          [
            121.0153524,
            14.6578079
          ],
          [
            121.015563,
            14.6575925
          ]
        ]
      },
      "id": "way/41522772"
    },
    {
      "type": "Feature",
      "properties": {
        "@id": "way/41522840",
        "name": "Santo Cristo Creek",
        "waterway": "river"
      },
      "geometry": {
        "type": "LineString",
        "coordinates": [
          [
            121.0188575,
            14.6576402
          ],
          [
            121.0189025,
            14.6573978
          ]
        ]
      },
      "id": "way/41522840"
    },
    {
      "type": "Feature",
      "properties": {
        "@id": "way/41522862",
        "boat": "no",
        "name": "Culiat Creek",
        "waterway": "river"
      },
      "geometry": {
        "type": "LineString",
        "coordinates": [
          [
            121.0220537,
            14.6616416
          ],
          [
            121.0218498,
            14.6616313
          ],
          [
            121.021402,
            14.6616197
          ],
          [
            121.020756,
            14.6616095
          ],
          [
            121.0206377,
            14.6616023
          ],
          [
            121.0204987,
            14.6615822
          ],
          [
            121.0203618,
            14.6615476
          ],
          [
            121.0202583,
            14.6615213
          ],
          [
            121.0198929,
            14.6613498
          ],
          [
            121.0197617,
            14.6612531
          ],
          [
            121.0194901,
            14.661053
          ],
          [
            121.0191746,
            14.6608349
          ],
          [
            121.0189985,
            14.6606726
          ],
          [
            121.0187455,
            14.6604018
          ],
          [
            121.0186384,
            14.6601653
          ],
          [
            121.0185757,
            14.6598752
          ],
          [
            121.018604,
            14.6595868
          ],
          [
            121.0186327,
            14.6590991
          ],
          [
            121.01874,
            14.6585384
          ],
          [
            121.0188294,
            14.6578816
          ]
        ]
      },
      "id": "way/41522862"
    },
    {
      "type": "Feature",
      "properties": {
        "@id": "way/41522993",
        "boat": "no",
        "name": "Culiat Creek",
        "waterway": "river"
      },
      "geometry": {
        "type": "LineString",
        "coordinates": [
          [
            121.0323271,
            14.6656766
          ],
          [
            121.0322194,
            14.6655582
          ],
          [
            121.0321349,
            14.6654542
          ],
          [
            121.0320612,
            14.665339
          ],
          [
            121.0319662,
            14.6651857
          ],
          [
            121.0319129,
            14.6650709
          ],
          [
            121.0318026,
            14.6648302
          ],
          [
            121.0316784,
            14.6646172
          ],
          [
            121.0313391,
            14.6641359
          ],
          [
            121.0312484,
            14.6640044
          ],
          [
            121.0311737,
            14.6639166
          ],
          [
            121.0310591,
            14.6638172
          ],
          [
            121.0309635,
            14.6637628
          ],
          [
            121.0308402,
            14.6637338
          ],
          [
            121.0307255,
            14.6637181
          ],
          [
            121.0305337,
            14.6637138
          ],
          [
            121.0303429,
            14.6636802
          ],
          [
            121.0301506,
            14.6636046
          ],
          [
            121.0300481,
            14.663551
          ],
          [
            121.0299582,
            14.6634915
          ],
          [
            121.029866,
            14.6633992
          ],
          [
            121.0297893,
            14.6633089
          ],
          [
            121.0296709,
            14.6631884
          ],
          [
            121.0294983,
            14.6630536
          ],
          [
            121.0292919,
            14.6629679
          ],
          [
            121.0291456,
            14.662927
          ],
          [
            121.0289893,
            14.6629007
          ],
          [
            121.0287896,
            14.6628686
          ],
          [
            121.0285316,
            14.6628561
          ],
          [
            121.028349,
            14.6628746
          ],
          [
            121.028226,
            14.662903
          ],
          [
            121.0281222,
            14.6629511
          ],
          [
            121.0280098,
            14.663038
          ],
          [
            121.0278953,
            14.6631404
          ],
          [
            121.0277839,
            14.663249
          ],
          [
            121.0275766,
            14.6634041
          ],
          [
            121.0274917,
            14.6634635
          ],
          [
            121.0273934,
            14.6635021
          ],
          [
            121.0272546,
            14.6635186
          ],
          [
            121.0271153,
            14.6635161
          ],
          [
            121.026955,
            14.6634851
          ],
          [
            121.0268248,
            14.6634126
          ],
          [
            121.0267145,
            14.6633348
          ],
          [
            121.0266323,
            14.6632644
          ],
          [
            121.0265645,
            14.6631877
          ],
          [
            121.0264359,
            14.6630118
          ],
          [
            121.02634,
            14.6628356
          ]
        ]
      },
      "id": "way/41522993"
    },
    {
      "type": "Feature",
      "properties": {
        "@id": "way/41523001",
        "boat": "no",
        "name": "Culiat Creek",
        "waterway": "river"
      },
      "geometry": {
        "type": "LineString",
        "coordinates": [
          [
            121.0326078,
            14.665938
          ],
          [
            121.0325334,
            14.6658884
          ],
          [
            121.0324697,
            14.6658354
          ],
          [
            121.0324176,
            14.6657872
          ],
          [
            121.0323271,
            14.6656766
          ]
        ]
      },
      "id": "way/41523001"
    },
    {
      "type": "Feature",
      "properties": {
        "@id": "way/41523046",
        "boat": "no",
        "name": "Pasong Tamo Creek",
        "waterway": "river"
      },
      "geometry": {
        "type": "LineString",
        "coordinates": [
          [
            121.0401659,
            14.668301
          ],
          [
            121.0392005,
            14.6694593
          ],
          [
            121.0389746,
            14.6696217
          ],
          [
            121.0388379,
            14.6697002
          ],
          [
            121.0386957,
            14.6697681
          ],
          [
            121.038561,
            14.6698281
          ],
          [
            121.0383683,
            14.6698658
          ],
          [
            121.0380259,
            14.6698987
          ],
          [
            121.0377173,
            14.6698798
          ],
          [
            121.0375162,
            14.6698224
          ],
          [
            121.0373179,
            14.6697518
          ],
          [
            121.0369497,
            14.6695382
          ],
          [
            121.036038,
            14.6691407
          ],
          [
            121.0356377,
            14.6688864
          ],
          [
            121.0355096,
            14.6687779
          ],
          [
            121.0354121,
            14.6686583
          ],
          [
            121.0353419,
            14.6685928
          ],
          [
            121.0352945,
            14.6685297
          ],
          [
            121.0352803,
            14.6684405
          ],
          [
            121.0351056,
            14.6676077
          ],
          [
            121.03495,
            14.6672704
          ],
          [
            121.0348826,
            14.6671965
          ]
        ]
      },
      "id": "way/41523046"
    },
    {
      "type": "Feature",
      "properties": {
        "@id": "way/41523213",
        "boat": "no",
        "waterway": "river"
      },
      "geometry": {
        "type": "LineString",
        "coordinates": [
          [
            121.0498644,
            14.6725869
          ],
          [
            121.0496837,
            14.6725042
          ],
          [
            121.0495654,
            14.6724649
          ],
          [
            121.0493161,
            14.6724099
          ],
          [
            121.0491121,
            14.672374
          ],
          [
            121.0489056,
            14.6723377
          ],
          [
            121.0488314,
            14.6723442
          ],
          [
            121.04875,
            14.6723663
          ],
          [
            121.0486373,
            14.6724065
          ],
          [
            121.0484469,
            14.6725362
          ],
          [
            121.0483921,
            14.6725663
          ],
          [
            121.0483329,
            14.6725712
          ],
          [
            121.0482538,
            14.6725674
          ],
          [
            121.047999,
            14.6725284
          ],
          [
            121.0479285,
            14.6724988
          ],
          [
            121.047885,
            14.6724701
          ],
          [
            121.0478058,
            14.6723935
          ],
          [
            121.0475796,
            14.6721706
          ],
          [
            121.0475175,
            14.6721366
          ],
          [
            121.0473566,
            14.6720821
          ],
          [
            121.0472437,
            14.6720676
          ],
          [
            121.0470843,
            14.6720238
          ],
          [
            121.0468728,
            14.6719392
          ],
          [
            121.0467496,
            14.6719106
          ],
          [
            121.0466431,
            14.6719122
          ],
          [
            121.0462931,
            14.6719135
          ],
          [
            121.0461974,
            14.671895
          ],
          [
            121.0460249,
            14.6718071
          ],
          [
            121.0458892,
            14.6716626
          ],
          [
            121.0458264,
            14.6715671
          ],
          [
            121.0457803,
            14.6715263
          ],
          [
            121.0456279,
            14.6714581
          ],
          [
            121.0454951,
            14.6713725
          ],
          [
            121.045199,
            14.6712352
          ],
          [
            121.0449694,
            14.671087
          ],
          [
            121.0447573,
            14.6709324
          ],
          [
            121.044665,
            14.6708263
          ],
          [
            121.0445939,
            14.6707083
          ],
          [
            121.0445563,
            14.6705992
          ],
          [
            121.0445425,
            14.6704954
          ],
          [
            121.0445537,
            14.6704085
          ],
          [
            121.0445926,
            14.6703203
          ],
          [
            121.044705,
            14.6701382
          ],
          [
            121.0449442,
            14.6698454
          ],
          [
            121.0449748,
            14.6697819
          ],
          [
            121.0449855,
            14.669717
          ],
          [
            121.0449835,
            14.6696516
          ],
          [
            121.0449667,
            14.669586
          ],
          [
            121.0449165,
            14.6694982
          ]
        ]
      },
      "id": "way/41523213"
    },
    {
      "type": "Feature",
      "properties": {
        "@id": "way/41664868",
        "alt_name": "Lagarian Creek",
        "boat": "no",
        "name": "Kamias Creek",
        "waterway": "river"
      },
      "geometry": {
        "type": "LineString",
        "coordinates": [
          [
            121.0393987,
            14.6261179
          ],
          [
            121.0392398,
            14.626051
          ],
          [
            121.0384632,
            14.6253798
          ],
          [
            121.0379215,
            14.6247384
          ],
          [
            121.0378461,
            14.6247145
          ],
          [
            121.0375639,
            14.6246575
          ],
          [
            121.0374146,
            14.6246906
          ]
        ]
      },
      "id": "way/41664868"
    },
    {
      "type": "Feature",
      "properties": {
        "@id": "way/41664873",
        "alt_name": "Lagarian Creek",
        "boat": "no",
        "name": "Kamias Creek",
        "waterway": "river"
      },
      "geometry": {
        "type": "LineString",
        "coordinates": [
          [
            121.0466093,
            14.6285329
          ],
          [
            121.0465157,
            14.6285925
          ],
          [
            121.0462528,
            14.6286275
          ],
          [
            121.0460032,
            14.6286089
          ],
          [
            121.0453516,
            14.6285812
          ],
          [
            121.0444583,
            14.6285591
          ],
          [
            121.0441321,
            14.6283847
          ],
          [
            121.0434798,
            14.6276206
          ],
          [
            121.0431966,
            14.6276954
          ],
          [
            121.0429648,
            14.6277369
          ],
          [
            121.0425786,
            14.6275127
          ],
          [
            121.0417632,
            14.6270974
          ],
          [
            121.0407161,
            14.626732
          ],
          [
            121.0397033,
            14.626242
          ],
          [
            121.0393987,
            14.6261179
          ]
        ]
      },
      "id": "way/41664873"
    },
    {
      "type": "Feature",
      "properties": {
        "@id": "way/45564919",
        "boat": "no",
        "name": "San Francisco River",
        "waterway": "river"
      },
      "geometry": {
        "type": "LineString",
        "coordinates": [
          [
            121.0186331,
            14.6548137
          ],
          [
            121.0185496,
            14.6548153
          ],
          [
            121.0184174,
            14.6548664
          ],
          [
            121.0181714,
            14.6549723
          ],
          [
            121.0180956,
            14.6549983
          ],
          [
            121.018013,
            14.6550171
          ],
          [
            121.0178683,
            14.6549937
          ],
          [
            121.0178084,
            14.6549507
          ],
          [
            121.0175761,
            14.6549844
          ],
          [
            121.0173051,
            14.6550632
          ],
          [
            121.0170581,
            14.6551125
          ],
          [
            121.0168208,
            14.6550591
          ],
          [
            121.0164841,
            14.6546964
          ],
          [
            121.0164077,
            14.6546642
          ],
          [
            121.0163821,
            14.65466
          ],
          [
            121.0161645,
            14.6546862
          ],
          [
            121.01599,
            14.6547369
          ],
          [
            121.0158899,
            14.6548632
          ]
        ]
      },
      "id": "way/45564919"
    },
    {
      "type": "Feature",
      "properties": {
        "@id": "way/47069806",
        "boat": "yes",
        "name": "Marikina River",
        "name:en": "Marikina River",
        "name:tl": "Ilog Marikina",
        "waterway": "river",
        "wikidata": "Q3551251",
        "wikipedia": "en:Marikina River",
        "@relations": [
          {
            "role": "main_stream",
            "rel": 11963824,
            "reltags": {
              "destination": "Pasig River",
              "name": "Marikina River",
              "name:en": "Marikina River",
              "name:tl": "Ilog Marikina",
              "type": "waterway",
              "waterway": "river",
              "wikidata": "Q3551251",
              "wikipedia": "en:Marikina River"
            }
          }
        ]
      },
      "geometry": {
        "type": "LineString",
        "coordinates": [
          [
            121.08228,
            14.62647
          ],
          [
            121.0820177,
            14.6254078
          ],
          [
            121.0819277,
            14.6247328
          ],
          [
            121.0819084,
            14.6236464
          ],
          [
            121.0816072,
            14.6210353
          ],
          [
            121.0814327,
            14.6204643
          ],
          [
            121.0813273,
            14.6202958
          ]
        ]
      },
      "id": "way/47069806"
    },
    {
      "type": "Feature",
      "properties": {
        "@id": "way/47069807",
        "boat": "yes",
        "name": "Marikina River",
        "name:en": "Marikina River",
        "name:tl": "Ilog Marikina",
        "waterway": "river",
        "wikidata": "Q3551251",
        "wikipedia": "en:Marikina River",
        "@relations": [
          {
            "role": "main_stream",
            "rel": 11963824,
            "reltags": {
              "destination": "Pasig River",
              "name": "Marikina River",
              "name:en": "Marikina River",
              "name:tl": "Ilog Marikina",
              "type": "waterway",
              "waterway": "river",
              "wikidata": "Q3551251",
              "wikipedia": "en:Marikina River"
            }
          }
        ]
      },
      "geometry": {
        "type": "LineString",
        "coordinates": [
          [
            121.0840462,
            14.6301758
          ],
          [
            121.0838604,
            14.6301401
          ],
          [
            121.0836171,
            14.6299944
          ],
          [
            121.0834465,
            14.6298109
          ],
          [
            121.0831275,
            14.6292719
          ],
          [
            121.0828842,
            14.6284933
          ],
          [
            121.0825339,
            14.6276417
          ],
          [
            121.08228,
            14.62647
          ]
        ]
      },
      "id": "way/47069807"
    },
    {
      "type": "Feature",
      "properties": {
        "@id": "way/47070000",
        "boat": "yes",
        "name": "Marikina River",
        "name:en": "Marikina River",
        "name:tl": "Ilog Marikina",
        "waterway": "river",
        "wikidata": "Q3551251",
        "wikipedia": "en:Marikina River",
        "@relations": [
          {
            "role": "main_stream",
            "rel": 11963824,
            "reltags": {
              "destination": "Pasig River",
              "name": "Marikina River",
              "name:en": "Marikina River",
              "name:tl": "Ilog Marikina",
              "type": "waterway",
              "waterway": "river",
              "wikidata": "Q3551251",
              "wikipedia": "en:Marikina River"
            }
          }
        ]
      },
      "geometry": {
        "type": "LineString",
        "coordinates": [
          [
            121.0917155,
            14.640602
          ],
          [
            121.0926006,
            14.6378862
          ],
          [
            121.0931247,
            14.635682
          ],
          [
            121.0934878,
            14.6342293
          ]
        ]
      },
      "id": "way/47070000"
    },
    {
      "type": "Feature",
      "properties": {
        "@id": "way/47070003",
        "boat": "yes",
        "name": "Marikina River",
        "name:en": "Marikina River",
        "name:tl": "Ilog Marikina",
        "waterway": "river",
        "wikidata": "Q3551251",
        "wikipedia": "en:Marikina River",
        "@relations": [
          {
            "role": "main_stream",
            "rel": 11963824,
            "reltags": {
              "destination": "Pasig River",
              "name": "Marikina River",
              "name:en": "Marikina River",
              "name:tl": "Ilog Marikina",
              "type": "waterway",
              "waterway": "river",
              "wikidata": "Q3551251",
              "wikipedia": "en:Marikina River"
            }
          }
        ]
      },
      "geometry": {
        "type": "LineString",
        "coordinates": [
          [
            121.093479,
            14.6252354
          ],
          [
            121.0932826,
            14.6249293
          ],
          [
            121.0930732,
            14.6246502
          ],
          [
            121.0927817,
            14.6243998
          ],
          [
            121.0922727,
            14.6242149
          ],
          [
            121.0916773,
            14.6241534
          ],
          [
            121.0907987,
            14.6243094
          ],
          [
            121.0898914,
            14.6247158
          ],
          [
            121.088828,
            14.625615
          ],
          [
            121.087615,
            14.6268599
          ]
        ]
      },
      "id": "way/47070003"
    },
    {
      "type": "Feature",
      "properties": {
        "@id": "way/47070006",
        "boat": "yes",
        "name": "Marikina River",
        "name:en": "Marikina River",
        "name:tl": "Ilog Marikina",
        "waterway": "river",
        "wikidata": "Q3551251",
        "wikipedia": "en:Marikina River",
        "@relations": [
          {
            "role": "main_stream",
            "rel": 11963824,
            "reltags": {
              "destination": "Pasig River",
              "name": "Marikina River",
              "name:en": "Marikina River",
              "name:tl": "Ilog Marikina",
              "type": "waterway",
              "waterway": "river",
              "wikidata": "Q3551251",
              "wikipedia": "en:Marikina River"
            }
          }
        ]
      },
      "geometry": {
        "type": "LineString",
        "coordinates": [
          [
            121.0940434,
            14.6299092
          ],
          [
            121.0941489,
            14.6290511
          ],
          [
            121.0941097,
            14.6282078
          ],
          [
            121.0940483,
            14.6270965
          ],
          [
            121.0937747,
            14.6259627
          ],
          [
            121.093479,
            14.6252354
          ]
        ]
      },
      "id": "way/47070006"
    },
    {
      "type": "Feature",
      "properties": {
        "@id": "way/47070009",
        "boat": "yes",
        "name": "Marikina River",
        "name:en": "Marikina River",
        "name:tl": "Ilog Marikina",
        "waterway": "river",
        "wikidata": "Q3551251",
        "wikipedia": "en:Marikina River",
        "@relations": [
          {
            "role": "main_stream",
            "rel": 11963824,
            "reltags": {
              "destination": "Pasig River",
              "name": "Marikina River",
              "name:en": "Marikina River",
              "name:tl": "Ilog Marikina",
              "type": "waterway",
              "waterway": "river",
              "wikidata": "Q3551251",
              "wikipedia": "en:Marikina River"
            }
          }
        ]
      },
      "geometry": {
        "type": "LineString",
        "coordinates": [
          [
            121.0934878,
            14.6342293
          ],
          [
            121.0940434,
            14.6299092
          ]
        ]
      },
      "id": "way/47070009"
    },
    {
      "type": "Feature",
      "properties": {
        "@id": "way/47070010",
        "boat": "yes",
        "name": "Marikina River",
        "name:en": "Marikina River",
        "name:tl": "Ilog Marikina",
        "waterway": "river",
        "wikidata": "Q3551251",
        "wikipedia": "en:Marikina River",
        "@relations": [
          {
            "role": "main_stream",
            "rel": 11963824,
            "reltags": {
              "destination": "Pasig River",
              "name": "Marikina River",
              "name:en": "Marikina River",
              "name:tl": "Ilog Marikina",
              "type": "waterway",
              "waterway": "river",
              "wikidata": "Q3551251",
              "wikipedia": "en:Marikina River"
            }
          }
        ]
      },
      "geometry": {
        "type": "LineString",
        "coordinates": [
          [
            121.0896603,
            14.6468726
          ],
          [
            121.0898107,
            14.6459671
          ],
          [
            121.0904365,
            14.6445902
          ],
          [
            121.0911101,
            14.6428677
          ],
          [
            121.0917155,
            14.640602
          ]
        ]
      },
      "id": "way/47070010"
    },
    {
      "type": "Feature",
      "properties": {
        "@id": "way/47893507",
        "boat": "no",
        "name": "Estero de San Miguel",
        "waterway": "stream"
      },
      "geometry": {
        "type": "LineString",
        "coordinates": [
          [
            120.9960618,
            14.599421
          ],
          [
            120.9958044,
            14.599902
          ],
          [
            120.995674,
            14.6000826
          ],
          [
            120.9955007,
            14.6002025
          ],
          [
            120.9951316,
            14.6002025
          ],
          [
            120.9947238,
            14.6002041
          ],
          [
            120.994498,
            14.600233
          ],
          [
            120.9940876,
            14.6003134
          ],
          [
            120.9939573,
            14.6004469
          ],
          [
            120.9938163,
            14.6006848
          ],
          [
            120.9936988,
            14.6007942
          ],
          [
            120.9935972,
            14.6008144
          ],
          [
            120.9934896,
            14.6008016
          ],
          [
            120.9930635,
            14.6006513
          ],
          [
            120.9929957,
            14.6006274
          ],
          [
            120.9925149,
            14.6005081
          ],
          [
            120.9921337,
            14.600648
          ],
          [
            120.9920134,
            14.600686
          ],
          [
            120.9918284,
            14.6006939
          ],
          [
            120.9916562,
            14.6006473
          ],
          [
            120.9915382,
            14.6005279
          ],
          [
            120.9914494,
            14.600414
          ],
          [
            120.9913208,
            14.6000825
          ]
        ]
      },
      "id": "way/47893507"
    },
    {
      "type": "Feature",
      "properties": {
        "@id": "way/49251142",
        "boat": "no",
        "name": "Ermitaño Creek",
        "waterway": "stream"
      },
      "geometry": {
        "type": "LineString",
        "coordinates": [
          [
            121.043409,
            14.5936793
          ],
          [
            121.0432956,
            14.5938297
          ],
          [
            121.0431929,
            14.5939659
          ]
        ]
      },
      "id": "way/49251142"
    },
    {
      "type": "Feature",
      "properties": {
        "@id": "way/49478626",
        "boat": "no",
        "name": "Culiat Creek",
        "waterway": "river"
      },
      "geometry": {
        "type": "LineString",
        "coordinates": [
          [
            121.0433421,
            14.6652057
          ],
          [
            121.0428389,
            14.6651083
          ],
          [
            121.0416373,
            14.6656813
          ],
          [
            121.0408048,
            14.6658058
          ],
          [
            121.0398005,
            14.6657394
          ],
          [
            121.03944,
            14.6656647
          ],
          [
            121.0393644,
            14.6655897
          ],
          [
            121.0394051,
            14.6651955
          ],
          [
            121.0393837,
            14.6649397
          ],
          [
            121.0391997,
            14.6647347
          ],
          [
            121.0388564,
            14.6648426
          ],
          [
            121.0386418,
            14.6652495
          ],
          [
            121.0386783,
            14.665468
          ],
          [
            121.038693,
            14.6655861
          ],
          [
            121.0386969,
            14.6657311
          ],
          [
            121.0386783,
            14.6658287
          ],
          [
            121.0386407,
            14.6659052
          ],
          [
            121.0385817,
            14.6659649
          ],
          [
            121.0384881,
            14.6660142
          ],
          [
            121.0382263,
            14.6661401
          ],
          [
            121.0381338,
            14.666137
          ],
          [
            121.0380412,
            14.6660791
          ],
          [
            121.0379772,
            14.6659776
          ],
          [
            121.037895,
            14.6657482
          ],
          [
            121.0377797,
            14.6655342
          ],
          [
            121.0377331,
            14.6653657
          ],
          [
            121.0377368,
            14.6652371
          ],
          [
            121.0377301,
            14.6651372
          ],
          [
            121.0376942,
            14.6650354
          ],
          [
            121.0375866,
            14.6649257
          ],
          [
            121.0374431,
            14.6648374
          ],
          [
            121.037341,
            14.6647923
          ],
          [
            121.0372191,
            14.6647765
          ],
          [
            121.0370662,
            14.66477
          ],
          [
            121.0367994,
            14.6647622
          ],
          [
            121.0365905,
            14.664743
          ],
          [
            121.0365002,
            14.6647138
          ],
          [
            121.0364188,
            14.664677
          ],
          [
            121.0362651,
            14.6645755
          ]
        ]
      },
      "id": "way/49478626"
    },
    {
      "type": "Feature",
      "properties": {
        "@id": "way/49478627",
        "boat": "no",
        "waterway": "river"
      },
      "geometry": {
        "type": "LineString",
        "coordinates": [
          [
            121.0447564,
            14.6616008
          ],
          [
            121.0447548,
            14.6618294
          ],
          [
            121.044785,
            14.6619721
          ],
          [
            121.0448274,
            14.6620385
          ],
          [
            121.0450043,
            14.6623168
          ],
          [
            121.0453603,
            14.6627843
          ],
          [
            121.0453254,
            14.6629999
          ],
          [
            121.0450902,
            14.6632418
          ],
          [
            121.0450533,
            14.6636249
          ],
          [
            121.0450291,
            14.6637801
          ],
          [
            121.045019,
            14.6638612
          ],
          [
            121.0449996,
            14.6639235
          ],
          [
            121.0449808,
            14.6639682
          ],
          [
            121.0449178,
            14.6640448
          ],
          [
            121.0448712,
            14.6640937
          ],
          [
            121.0448494,
            14.6641349
          ],
          [
            121.0448393,
            14.664181
          ],
          [
            121.044834,
            14.6642965
          ],
          [
            121.0447977,
            14.6644729
          ],
          [
            121.0448326,
            14.6645715
          ],
          [
            121.0448179,
            14.664652
          ],
          [
            121.0448105,
            14.6646681
          ],
          [
            121.0447615,
            14.6647155
          ],
          [
            121.0447173,
            14.6647415
          ],
          [
            121.0446328,
            14.6647778
          ],
          [
            121.0445697,
            14.6647937
          ],
          [
            121.0444638,
            14.6648012
          ],
          [
            121.0443874,
            14.664796
          ],
          [
            121.0443364,
            14.664796
          ],
          [
            121.0443042,
            14.6648083
          ],
          [
            121.0442713,
            14.6648186
          ],
          [
            121.0442432,
            14.6648491
          ],
          [
            121.0442036,
            14.6648978
          ],
          [
            121.0441712,
            14.6649388
          ]
        ]
      },
      "id": "way/49478627"
    },
    {
      "type": "Feature",
      "properties": {
        "@id": "way/49478628",
        "boat": "no",
        "name": "Culiat Creek",
        "waterway": "river"
      },
      "geometry": {
        "type": "LineString",
        "coordinates": [
          [
            121.0434792,
            14.665219
          ],
          [
            121.0433421,
            14.6652057
          ]
        ]
      },
      "id": "way/49478628"
    },
    {
      "type": "Feature",
      "properties": {
        "@id": "way/49478631",
        "boat": "no",
        "name": "Culiat Creek",
        "waterway": "stream"
      },
      "geometry": {
        "type": "LineString",
        "coordinates": [
          [
            121.0524821,
            14.6538972
          ],
          [
            121.0523984,
            14.6540647
          ],
          [
            121.0524003,
            14.6541929
          ],
          [
            121.0523507,
            14.6543402
          ],
          [
            121.0522688,
            14.6544278
          ],
          [
            121.0515507,
            14.6546549
          ],
          [
            121.0514302,
            14.6546811
          ],
          [
            121.0512871,
            14.6547561
          ],
          [
            121.0510853,
            14.655074
          ],
          [
            121.0508835,
            14.6553918
          ],
          [
            121.050508,
            14.6557967
          ],
          [
            121.050455,
            14.6558413
          ],
          [
            121.0502612,
            14.6560043
          ],
          [
            121.0497074,
            14.6562326
          ],
          [
            121.0492107,
            14.6565713
          ],
          [
            121.0488244,
            14.6568796
          ],
          [
            121.0487319,
            14.6569672
          ],
          [
            121.0486326,
            14.6570424
          ],
          [
            121.0485079,
            14.6572503
          ],
          [
            121.0477137,
            14.6583024
          ],
          [
            121.0474932,
            14.658402
          ]
        ]
      },
      "id": "way/49478631"
    },
    {
      "type": "Feature",
      "properties": {
        "@id": "way/49478699",
        "boat": "no",
        "waterway": "drain"
      },
      "geometry": {
        "type": "LineString",
        "coordinates": [
          [
            121.0553819,
            14.6524374
          ],
          [
            121.0553049,
            14.6525619
          ],
          [
            121.0549996,
            14.652558
          ],
          [
            121.0548479,
            14.6524781
          ],
          [
            121.0546606,
            14.6523442
          ],
          [
            121.0545515,
            14.6523826
          ],
          [
            121.0542953,
            14.6524751
          ],
          [
            121.0540807,
            14.652444
          ],
          [
            121.0539599,
            14.6522392
          ],
          [
            121.0538387,
            14.6521443
          ],
          [
            121.0536515,
            14.6522468
          ],
          [
            121.0535764,
            14.6525685
          ],
          [
            121.0534799,
            14.6528384
          ],
          [
            121.0534378,
            14.6529197
          ],
          [
            121.0534155,
            14.6530149
          ],
          [
            121.0532331,
            14.653129
          ],
          [
            121.0530219,
            14.6532426
          ]
        ]
      },
      "id": "way/49478699"
    },
    {
      "type": "Feature",
      "properties": {
        "@id": "way/50524910",
        "boat": "no",
        "layer": "-1",
        "name": "Tanque Creek",
        "tunnel": "yes",
        "waterway": "drain"
      },
      "geometry": {
        "type": "LineString",
        "coordinates": [
          [
            121.0433807,
            14.6399408
          ],
          [
            121.0431657,
            14.6400433
          ],
          [
            121.0430047,
            14.6400468
          ],
          [
            121.0428991,
            14.6399647
          ],
          [
            121.0427905,
            14.6399494
          ],
          [
            121.0426166,
            14.6399636
          ],
          [
            121.0423636,
            14.6400422
          ],
          [
            121.0421241,
            14.640148
          ],
          [
            121.0418918,
            14.6404081
          ],
          [
            121.0418454,
            14.6404332
          ],
          [
            121.0418003,
            14.6404364
          ],
          [
            121.0417573,
            14.640409
          ],
          [
            121.0416632,
            14.6403212
          ],
          [
            121.0412729,
            14.6400963
          ],
          [
            121.0408336,
            14.6398836
          ],
          [
            121.0407808,
            14.6398846
          ],
          [
            121.040738,
            14.6399069
          ],
          [
            121.0395625,
            14.6417337
          ],
          [
            121.0394503,
            14.6417942
          ],
          [
            121.0393478,
            14.641835
          ],
          [
            121.0391208,
            14.6417978
          ],
          [
            121.0389488,
            14.6417995
          ],
          [
            121.0387969,
            14.6419377
          ],
          [
            121.0386822,
            14.6420196
          ],
          [
            121.0368021,
            14.6408978
          ],
          [
            121.0362178,
            14.6417712
          ],
          [
            121.0335726,
            14.6401543
          ],
          [
            121.0327331,
            14.6413892
          ],
          [
            121.0312693,
            14.6404852
          ],
          [
            121.0294194,
            14.6393157
          ],
          [
            121.026383,
            14.6375598
          ],
          [
            121.0262822,
            14.6375082
          ],
          [
            121.0261583,
            14.6375263
          ],
          [
            121.026067,
            14.6375606
          ],
          [
            121.0260418,
            14.6376227
          ],
          [
            121.0260381,
            14.6376906
          ],
          [
            121.0260309,
            14.6377126
          ],
          [
            121.0260128,
            14.6377432
          ],
          [
            121.0259381,
            14.637798
          ]
        ]
      },
      "id": "way/50524910"
    },
    {
      "type": "Feature",
      "properties": {
        "@id": "way/50981132",
        "boat": "yes",
        "name": "Marikina River",
        "name:en": "Marikina River",
        "name:tl": "Ilog Marikina",
        "waterway": "river",
        "wikidata": "Q3551251",
        "wikipedia": "en:Marikina River",
        "@relations": [
          {
            "role": "main_stream",
            "rel": 11963824,
            "reltags": {
              "destination": "Pasig River",
              "name": "Marikina River",
              "name:en": "Marikina River",
              "name:tl": "Ilog Marikina",
              "type": "waterway",
              "waterway": "river",
              "wikidata": "Q3551251",
              "wikipedia": "en:Marikina River"
            }
          }
        ]
      },
      "geometry": {
        "type": "LineString",
        "coordinates": [
          [
            121.0983993,
            14.6651508
          ],
          [
            121.098272,
            14.6648377
          ],
          [
            121.0980536,
            14.6642888
          ],
          [
            121.0979135,
            14.6640424
          ],
          [
            121.0977901,
            14.6637829
          ]
        ]
      },
      "id": "way/50981132"
    },
    {
      "type": "Feature",
      "properties": {
        "@id": "way/50981140",
        "boat": "yes",
        "name": "Marikina River",
        "name:en": "Marikina River",
        "name:tl": "Ilog Marikina",
        "waterway": "river",
        "wikidata": "Q3551251",
        "wikipedia": "en:Marikina River",
        "@relations": [
          {
            "role": "main_stream",
            "rel": 11963824,
            "reltags": {
              "destination": "Pasig River",
              "name": "Marikina River",
              "name:en": "Marikina River",
              "name:tl": "Ilog Marikina",
              "type": "waterway",
              "waterway": "river",
              "wikidata": "Q3551251",
              "wikipedia": "en:Marikina River"
            }
          }
        ]
      },
      "geometry": {
        "type": "LineString",
        "coordinates": [
          [
            121.0989231,
            14.66828
          ],
          [
            121.0987592,
            14.6678005
          ],
          [
            121.0986737,
            14.6673511
          ],
          [
            121.0986873,
            14.6671562
          ],
          [
            121.0988218,
            14.6670317
          ],
          [
            121.0988701,
            14.6668294
          ],
          [
            121.0988355,
            14.666584
          ],
          [
            121.0987418,
            14.6661076
          ],
          [
            121.0983993,
            14.6651508
          ]
        ]
      },
      "id": "way/50981140"
    },
    {
      "type": "Feature",
      "properties": {
        "@id": "way/51062033",
        "boat": "yes",
        "name": "Marikina River",
        "name:en": "Marikina River",
        "name:tl": "Ilog Marikina",
        "waterway": "river",
        "wikidata": "Q3551251",
        "wikipedia": "en:Marikina River",
        "@relations": [
          {
            "role": "main_stream",
            "rel": 11963824,
            "reltags": {
              "destination": "Pasig River",
              "name": "Marikina River",
              "name:en": "Marikina River",
              "name:tl": "Ilog Marikina",
              "type": "waterway",
              "waterway": "river",
              "wikidata": "Q3551251",
              "wikipedia": "en:Marikina River"
            }
          }
        ]
      },
      "geometry": {
        "type": "LineString",
        "coordinates": [
          [
            121.1066178,
            14.6757895
          ],
          [
            121.105877,
            14.6752513
          ],
          [
            121.1050187,
            14.6744874
          ],
          [
            121.1036883,
            14.6727604
          ],
          [
            121.103246,
            14.6723195
          ],
          [
            121.1002379,
            14.6700618
          ],
          [
            121.0993176,
            14.6692092
          ],
          [
            121.0989231,
            14.66828
          ]
        ]
      },
      "id": "way/51062033"
    },
    {
      "type": "Feature",
      "properties": {
        "@id": "way/51062036",
        "boat": "yes",
        "name": "Marikina River",
        "name:tl": "Ilog Marikina",
        "waterway": "river",
        "wikidata": "Q3551251",
        "@relations": [
          {
            "role": "main_stream",
            "rel": 11963824,
            "reltags": {
              "destination": "Pasig River",
              "name": "Marikina River",
              "name:en": "Marikina River",
              "name:tl": "Ilog Marikina",
              "type": "waterway",
              "waterway": "river",
              "wikidata": "Q3551251",
              "wikipedia": "en:Marikina River"
            }
          }
        ]
      },
      "geometry": {
        "type": "LineString",
        "coordinates": [
          [
            121.1473887,
            14.7366338
          ],
          [
            121.146711,
            14.7366188
          ],
          [
            121.146284,
            14.7366327
          ],
          [
            121.1446204,
            14.736848
          ],
          [
            121.1438207,
            14.7368605
          ],
          [
            121.1433182,
            14.7368474
          ],
          [
            121.1427546,
            14.7367624
          ],
          [
            121.1420844,
            14.7364867
          ],
          [
            121.1412935,
            14.7362221
          ],
          [
            121.1405694,
            14.7361116
          ],
          [
            121.1397046,
            14.7361674
          ],
          [
            121.1388011,
            14.7362148
          ],
          [
            121.1375434,
            14.736318
          ],
          [
            121.1367193,
            14.7364916
          ],
          [
            121.1361562,
            14.736657
          ],
          [
            121.1354855,
            14.7366792
          ],
          [
            121.1351518,
            14.7366573
          ],
          [
            121.1342622,
            14.7365964
          ],
          [
            121.1335342,
            14.7364801
          ],
          [
            121.132674,
            14.7361391
          ],
          [
            121.1318997,
            14.7355853
          ],
          [
            121.1313869,
            14.7351734
          ],
          [
            121.1311997,
            14.7349875
          ],
          [
            121.1306358,
            14.7341939
          ],
          [
            121.1303882,
            14.733564
          ]
        ]
      },
      "id": "way/51062036"
    },
    {
      "type": "Feature",
      "properties": {
        "@id": "way/54032309",
        "name": "Tañong Creek",
        "waterway": "stream"
      },
      "geometry": {
        "type": "LineString",
        "coordinates": [
          [
            121.0864891,
            14.6323765
          ],
          [
            121.0864824,
            14.6321495
          ],
          [
            121.0863661,
            14.6320761
          ],
          [
            121.0862262,
            14.6319561
          ],
          [
            121.0861646,
            14.6313849
          ],
          [
            121.0861207,
            14.6306438
          ],
          [
            121.0860639,
            14.6302245
          ],
          [
            121.0859934,
            14.6300659
          ],
          [
            121.0857742,
            14.6297401
          ],
          [
            121.0856008,
            14.6295102
          ]
        ]
      },
      "id": "way/54032309"
    },
    {
      "type": "Feature",
      "properties": {
        "@id": "way/54034122",
        "boat": "yes",
        "layer": "-1",
        "name": "Marikina River",
        "name:tl": "Ilog Marikina",
        "waterway": "river",
        "wikidata": "Q3551251",
        "@relations": [
          {
            "role": "main_stream",
            "rel": 11963824,
            "reltags": {
              "destination": "Pasig River",
              "name": "Marikina River",
              "name:en": "Marikina River",
              "name:tl": "Ilog Marikina",
              "type": "waterway",
              "waterway": "river",
              "wikidata": "Q3551251",
              "wikipedia": "en:Marikina River"
            }
          }
        ]
      },
      "geometry": {
        "type": "LineString",
        "coordinates": [
          [
            121.0971918,
            14.6629036
          ],
          [
            121.09689,
            14.6626171
          ],
          [
            121.0967957,
            14.6624945
          ],
          [
            121.0966498,
            14.662317
          ],
          [
            121.0964444,
            14.6620648
          ],
          [
            121.0962982,
            14.6618339
          ],
          [
            121.0962313,
            14.6616572
          ],
          [
            121.0962122,
            14.6615013
          ],
          [
            121.0961316,
            14.6612537
          ],
          [
            121.0960087,
            14.660955
          ]
        ]
      },
      "id": "way/54034122"
    },
    {
      "type": "Feature",
      "properties": {
        "@id": "way/56997345",
        "boat": "no",
        "name": "San Francisco River",
        "waterway": "stream"
      },
      "geometry": {
        "type": "LineString",
        "coordinates": [
          [
            121.0212078,
            14.6528482
          ],
          [
            121.0211889,
            14.6528589
          ],
          [
            121.0211621,
            14.6528932
          ]
        ]
      },
      "id": "way/56997345"
    },
    {
      "type": "Feature",
      "properties": {
        "@id": "way/56997347",
        "boat": "no",
        "name": "San Francisco River",
        "waterway": "river"
      },
      "geometry": {
        "type": "LineString",
        "coordinates": [
          [
            121.0107207,
            14.6444747
          ],
          [
            121.0104132,
            14.6444204
          ],
          [
            121.0102603,
            14.6443341
          ],
          [
            121.0101368,
            14.644218
          ],
          [
            121.0101034,
            14.6441453
          ],
          [
            121.0100872,
            14.6440804
          ],
          [
            121.0100779,
            14.6439796
          ],
          [
            121.0100953,
            14.6438923
          ],
          [
            121.0101087,
            14.6438222
          ],
          [
            121.0101423,
            14.6437586
          ],
          [
            121.0102107,
            14.643647
          ],
          [
            121.0102737,
            14.6435738
          ],
          [
            121.0104466,
            14.6434264
          ],
          [
            121.010621,
            14.6432876
          ],
          [
            121.0109096,
            14.6430052
          ],
          [
            121.0109804,
            14.6429321
          ],
          [
            121.0110367,
            14.6428659
          ],
          [
            121.0110529,
            14.6427527
          ],
          [
            121.0110556,
            14.6426207
          ],
          [
            121.0110541,
            14.6425376
          ],
          [
            121.0110502,
            14.6423157
          ],
          [
            121.011121,
            14.6418039
          ],
          [
            121.0111347,
            14.6416475
          ],
          [
            121.0111843,
            14.6414723
          ],
          [
            121.0112299,
            14.6413271
          ],
          [
            121.0113158,
            14.6412255
          ],
          [
            121.0119823,
            14.6406828
          ],
          [
            121.0122518,
            14.6405057
          ],
          [
            121.0124611,
            14.6403153
          ],
          [
            121.0125187,
            14.6402137
          ],
          [
            121.0125884,
            14.640058
          ],
          [
            121.0126274,
            14.6398936
          ]
        ]
      },
      "id": "way/56997347"
    },
    {
      "type": "Feature",
      "properties": {
        "@id": "way/56997348",
        "boat": "no",
        "name": "San Francisco River",
        "waterway": "river"
      },
      "geometry": {
        "type": "LineString",
        "coordinates": [
          [
            121.0119336,
            14.6456506
          ],
          [
            121.0117529,
            14.6454234
          ],
          [
            121.0116291,
            14.6452056
          ],
          [
            121.0115223,
            14.6450484
          ],
          [
            121.0113949,
            14.6449122
          ],
          [
            121.0112447,
            14.6446851
          ],
          [
            121.0111607,
            14.6445921
          ],
          [
            121.0110556,
            14.6445359
          ],
          [
            121.0109255,
            14.6445397
          ],
          [
            121.0107207,
            14.6444747
          ]
        ]
      },
      "id": "way/56997348"
    },
    {
      "type": "Feature",
      "properties": {
        "@id": "way/56997349",
        "admin_level": "10",
        "boat": "no",
        "boundary": "administrative",
        "name": "San Francisco River",
        "waterway": "river"
      },
      "geometry": {
        "type": "LineString",
        "coordinates": [
          [
            121.0126274,
            14.6398936
          ],
          [
            121.012643,
            14.6396029
          ],
          [
            121.0125331,
            14.6393437
          ],
          [
            121.0121821,
            14.6390875
          ],
          [
            121.0120262,
            14.6385258
          ],
          [
            121.0117876,
            14.6378655
          ],
          [
            121.0115236,
            14.6375706
          ],
          [
            121.0114424,
            14.6373876
          ],
          [
            121.0113996,
            14.6371722
          ],
          [
            121.0114601,
            14.6369522
          ],
          [
            121.0118974,
            14.6363251
          ],
          [
            121.0121463,
            14.6359431
          ],
          [
            121.0122682,
            14.6358392
          ],
          [
            121.0128673,
            14.6356359
          ],
          [
            121.0136587,
            14.6353742
          ],
          [
            121.0139805,
            14.6347386
          ],
          [
            121.0140511,
            14.6345266
          ]
        ]
      },
      "id": "way/56997349"
    },
    {
      "type": "Feature",
      "properties": {
        "@id": "way/69349602",
        "alt_name": "Lagarian Creek",
        "boat": "no",
        "name": "Diliman Creek",
        "waterway": "river"
      },
      "geometry": {
        "type": "LineString",
        "coordinates": [
          [
            121.029401,
            14.6267378
          ],
          [
            121.0293026,
            14.6267291
          ],
          [
            121.0291276,
            14.6267167
          ],
          [
            121.0289227,
            14.6266568
          ],
          [
            121.0284897,
            14.6265593
          ],
          [
            121.0283525,
            14.6265661
          ],
          [
            121.0282361,
            14.626562
          ],
          [
            121.0280368,
            14.6265345
          ],
          [
            121.0277423,
            14.6264653
          ],
          [
            121.0276263,
            14.6263747
          ],
          [
            121.0274094,
            14.6261165
          ],
          [
            121.0267943,
            14.6253035
          ],
          [
            121.0263309,
            14.624988
          ],
          [
            121.0260905,
            14.6250398
          ],
          [
            121.0258121,
            14.6252186
          ],
          [
            121.0255226,
            14.6253993
          ],
          [
            121.0252894,
            14.6254887
          ],
          [
            121.0249858,
            14.6255256
          ],
          [
            121.0247865,
            14.6255548
          ],
          [
            121.024505,
            14.6256388
          ],
          [
            121.024183,
            14.6260002
          ],
          [
            121.0239462,
            14.6262161
          ]
        ]
      },
      "id": "way/69349602"
    },
    {
      "type": "Feature",
      "properties": {
        "@id": "way/75394181",
        "boat": "yes",
        "name": "Marikina River",
        "name:tl": "Ilog Marikina",
        "waterway": "river",
        "wikidata": "Q3551251",
        "@relations": [
          {
            "role": "main_stream",
            "rel": 11963824,
            "reltags": {
              "destination": "Pasig River",
              "name": "Marikina River",
              "name:en": "Marikina River",
              "name:tl": "Ilog Marikina",
              "type": "waterway",
              "waterway": "river",
              "wikidata": "Q3551251",
              "wikipedia": "en:Marikina River"
            }
          }
        ]
      },
      "geometry": {
        "type": "LineString",
        "coordinates": [
          [
            121.0788997,
            14.6141584
          ],
          [
            121.079012,
            14.6138249
          ],
          [
            121.0799561,
            14.6124462
          ],
          [
            121.0810672,
            14.6115981
          ],
          [
            121.082733,
            14.6104304
          ]
        ]
      },
      "id": "way/75394181"
    },
    {
      "type": "Feature",
      "properties": {
        "@id": "way/75394186",
        "boat": "no",
        "layer": "-1",
        "name": "Pansipit Creek",
        "tunnel": "yes",
        "waterway": "stream"
      },
      "geometry": {
        "type": "LineString",
        "coordinates": [
          [
            121.0900361,
            14.6068963
          ],
          [
            121.088558,
            14.6055143
          ]
        ]
      },
      "id": "way/75394186"
    },
    {
      "type": "Feature",
      "properties": {
        "@id": "way/78077605",
        "name": "Buayang Bato Creek",
        "waterway": "stream"
      },
      "geometry": {
        "type": "LineString",
        "coordinates": [
          [
            121.0506423,
            14.5738756
          ],
          [
            121.0505565,
            14.573965
          ],
          [
            121.0501506,
            14.5743124
          ],
          [
            121.0500953,
            14.5744333
          ],
          [
            121.0500874,
            14.5745247
          ],
          [
            121.0501569,
            14.5748415
          ],
          [
            121.0503841,
            14.5752574
          ]
        ]
      },
      "id": "way/78077605"
    },
    {
      "type": "Feature",
      "properties": {
        "@id": "way/78077621",
        "name": "Buayang Bato Creek",
        "waterway": "stream"
      },
      "geometry": {
        "type": "LineString",
        "coordinates": [
          [
            121.0508961,
            14.5732469
          ],
          [
            121.0508923,
            14.5730636
          ],
          [
            121.0509076,
            14.5729963
          ],
          [
            121.0509221,
            14.5729301
          ],
          [
            121.0509582,
            14.5728427
          ],
          [
            121.0509693,
            14.5726913
          ],
          [
            121.0509404,
            14.5721295
          ],
          [
            121.0509384,
            14.5719419
          ],
          [
            121.0509355,
            14.5718621
          ],
          [
            121.0509749,
            14.5717148
          ],
          [
            121.0511551,
            14.5714051
          ],
          [
            121.0511682,
            14.571307
          ],
          [
            121.0511666,
            14.5712263
          ],
          [
            121.0511407,
            14.5711393
          ],
          [
            121.0510728,
            14.5710175
          ],
          [
            121.05103,
            14.5709386
          ],
          [
            121.0508523,
            14.5707241
          ]
        ]
      },
      "id": "way/78077621"
    },
    {
      "type": "Feature",
      "properties": {
        "@id": "way/81606462",
        "boat": "no",
        "name": "Ilugin River",
        "waterway": "river"
      },
      "geometry": {
        "type": "LineString",
        "coordinates": [
          [
            121.0980692,
            14.5547713
          ],
          [
            121.0978692,
            14.5549854
          ],
          [
            121.0975044,
            14.5552035
          ],
          [
            121.0972071,
            14.5552939
          ],
          [
            121.0968731,
            14.5553042
          ],
          [
            121.0966831,
            14.5551885
          ],
          [
            121.0958522,
            14.5541754
          ],
          [
            121.095702,
            14.5540819
          ],
          [
            121.0955089,
            14.5540404
          ],
          [
            121.0952085,
            14.5540819
          ],
          [
            121.0949402,
            14.5541962
          ],
          [
            121.0948008,
            14.5543623
          ],
          [
            121.094554,
            14.5545908
          ],
          [
            121.094157,
            14.5546635
          ],
          [
            121.0936742,
            14.5546738
          ],
          [
            121.0932236,
            14.5545077
          ],
          [
            121.0929486,
            14.5543775
          ],
          [
            121.092553,
            14.5539106
          ],
          [
            121.0922661,
            14.5534286
          ],
          [
            121.0922688,
            14.5532615
          ],
          [
            121.0923072,
            14.552805
          ]
        ]
      },
      "id": "way/81606462"
    },
    {
      "type": "Feature",
      "properties": {
        "@id": "way/81606472",
        "boat": "no",
        "name": "Ilugin River",
        "waterway": "river"
      },
      "geometry": {
        "type": "LineString",
        "coordinates": [
          [
            121.0980692,
            14.5547713
          ],
          [
            121.0982747,
            14.5545464
          ],
          [
            121.0988038,
            14.5538634
          ]
        ]
      },
      "id": "way/81606472"
    },
    {
      "type": "Feature",
      "properties": {
        "@id": "way/81610881",
        "alt_name": "Napindan Channel",
        "alt_name:tl": "Ilog Napindan",
        "boat": "yes",
        "name": "Pasig River",
        "name:en": "Pasig River",
        "name:tl": "Ilog Pasig",
        "waterway": "river",
        "@relations": [
          {
            "role": "",
            "rel": 12548411,
            "reltags": {
              "name": "Napindan Channel",
              "type": "waterway",
              "waterway": "river"
            }
          }
        ]
      },
      "geometry": {
        "type": "LineString",
        "coordinates": [
          [
            121.1017269,
            14.5357651
          ],
          [
            121.1010718,
            14.5362181
          ],
          [
            121.1005837,
            14.5363713
          ],
          [
            121.0999466,
            14.5367551
          ],
          [
            121.0994225,
            14.5369866
          ],
          [
            121.0992793,
            14.5370879
          ],
          [
            121.0990146,
            14.5372753
          ],
          [
            121.0986764,
            14.5376144
          ],
          [
            121.0985228,
            14.5378199
          ],
          [
            121.0982797,
            14.5382459
          ],
          [
            121.0980772,
            14.5387781
          ],
          [
            121.0979551,
            14.5390663
          ],
          [
            121.097774,
            14.5393449
          ],
          [
            121.0974884,
            14.539692
          ],
          [
            121.0972033,
            14.539991
          ],
          [
            121.096835,
            14.5402595
          ],
          [
            121.0965653,
            14.5404485
          ],
          [
            121.0963889,
            14.54061
          ],
          [
            121.0962844,
            14.540749
          ],
          [
            121.0961877,
            14.5409431
          ],
          [
            121.0961428,
            14.5411748
          ],
          [
            121.0961541,
            14.5413932
          ],
          [
            121.0961669,
            14.5416482
          ],
          [
            121.0962033,
            14.5419892
          ],
          [
            121.0963219,
            14.542457
          ],
          [
            121.0964133,
            14.5428665
          ],
          [
            121.0963921,
            14.5432131
          ],
          [
            121.0962908,
            14.5436138
          ],
          [
            121.0961738,
            14.543857
          ],
          [
            121.0958944,
            14.5441587
          ],
          [
            121.0955441,
            14.5444017
          ],
          [
            121.0951646,
            14.5446097
          ],
          [
            121.0948958,
            14.5448014
          ],
          [
            121.0947346,
            14.5449541
          ]
        ]
      },
      "id": "way/81610881"
    },
    {
      "type": "Feature",
      "properties": {
        "@id": "way/82699578",
        "name": "Buayang Bato Creek",
        "waterway": "stream"
      },
      "geometry": {
        "type": "LineString",
        "coordinates": [
          [
            121.0515902,
            14.573726
          ],
          [
            121.0515317,
            14.5736739
          ]
        ]
      },
      "id": "way/82699578"
    },
    {
      "type": "Feature",
      "properties": {
        "@id": "way/82710488",
        "boat": "no",
        "name": "Ermitaño Creek",
        "waterway": "stream"
      },
      "geometry": {
        "type": "LineString",
        "coordinates": [
          [
            121.0474263,
            14.5874992
          ],
          [
            121.0473275,
            14.5877065
          ],
          [
            121.0472095,
            14.5878934
          ],
          [
            121.0472417,
            14.5881426
          ],
          [
            121.0473275,
            14.5883917
          ],
          [
            121.0474885,
            14.588506
          ],
          [
            121.0475203,
            14.588725
          ],
          [
            121.0472258,
            14.588842
          ],
          [
            121.0470849,
            14.589053
          ]
        ]
      },
      "id": "way/82710488"
    },
    {
      "type": "Feature",
      "properties": {
        "@id": "way/91905502",
        "name": "Sapa de San Agustin",
        "waterway": "river"
      },
      "geometry": {
        "type": "LineString",
        "coordinates": [
          [
            121.0847969,
            14.5574069
          ],
          [
            121.0850078,
            14.5570073
          ],
          [
            121.085451,
            14.5565032
          ],
          [
            121.0857427,
            14.5561632
          ],
          [
            121.0861157,
            14.5557459
          ],
          [
            121.0863966,
            14.5553535
          ],
          [
            121.0865611,
            14.555128
          ],
          [
            121.0868144,
            14.5548584
          ],
          [
            121.0869387,
            14.5547438
          ],
          [
            121.0873811,
            14.55441
          ],
          [
            121.0875451,
            14.5543074
          ],
          [
            121.0876742,
            14.5542867
          ],
          [
            121.0877791,
            14.5542421
          ],
          [
            121.0879064,
            14.5541533
          ],
          [
            121.0880571,
            14.5539686
          ],
          [
            121.0881218,
            14.5537662
          ],
          [
            121.0881748,
            14.553643
          ],
          [
            121.0882113,
            14.5535685
          ],
          [
            121.0882187,
            14.5535234
          ],
          [
            121.0882185,
            14.5534276
          ]
        ]
      },
      "id": "way/91905502"
    },
    {
      "type": "Feature",
      "properties": {
        "@id": "way/98681204",
        "name": "Nangka River",
        "waterway": "river"
      },
      "geometry": {
        "type": "LineString",
        "coordinates": [
          [
            121.1718619,
            14.6371501
          ],
          [
            121.171718,
            14.6370515
          ],
          [
            121.17164,
            14.6369529
          ],
          [
            121.1715783,
            14.6367762
          ],
          [
            121.1715824,
            14.6366324
          ],
          [
            121.1715989,
            14.6364146
          ],
          [
            121.1715866,
            14.636164
          ],
          [
            121.1715414,
            14.6360242
          ],
          [
            121.1714797,
            14.6359051
          ],
          [
            121.1713852,
            14.6356914
          ],
          [
            121.1713441,
            14.6355229
          ],
          [
            121.1712455,
            14.6353298
          ],
          [
            121.1712373,
            14.635223
          ],
          [
            121.1711797,
            14.6349887
          ],
          [
            121.1710811,
            14.6348038
          ],
          [
            121.1709948,
            14.6346929
          ]
        ]
      },
      "id": "way/98681204"
    },
    {
      "type": "Feature",
      "properties": {
        "@id": "way/98965349",
        "boat": "no",
        "name": "Santo Cristo Creek",
        "waterway": "river"
      },
      "geometry": {
        "type": "LineString",
        "coordinates": [
          [
            121.0188294,
            14.6578816
          ],
          [
            121.0188575,
            14.6576402
          ]
        ]
      },
      "id": "way/98965349"
    },
    {
      "type": "Feature",
      "properties": {
        "@id": "way/98965352",
        "name": "Culiat Creek",
        "waterway": "river"
      },
      "geometry": {
        "type": "LineString",
        "coordinates": [
          [
            121.0189025,
            14.6573978
          ],
          [
            121.0189178,
            14.6572103
          ],
          [
            121.0189033,
            14.6570516
          ],
          [
            121.0188801,
            14.6569628
          ],
          [
            121.0188295,
            14.6568761
          ],
          [
            121.018755,
            14.6568077
          ],
          [
            121.0186195,
            14.6567397
          ],
          [
            121.0185108,
            14.6567237
          ],
          [
            121.0183704,
            14.6567322
          ],
          [
            121.0181902,
            14.6568022
          ],
          [
            121.018082,
            14.6568537
          ],
          [
            121.0179848,
            14.6569066
          ],
          [
            121.0178672,
            14.6569554
          ],
          [
            121.0176609,
            14.656985
          ],
          [
            121.0174764,
            14.6569667
          ],
          [
            121.0173356,
            14.6569187
          ],
          [
            121.0172267,
            14.6568644
          ],
          [
            121.0171124,
            14.6567934
          ],
          [
            121.0168771,
            14.6562997
          ],
          [
            121.016798,
            14.6561676
          ],
          [
            121.0166941,
            14.656045
          ],
          [
            121.0164124,
            14.6557547
          ],
          [
            121.0163279,
            14.6556816
          ],
          [
            121.016202,
            14.655529
          ],
          [
            121.0161294,
            14.6554022
          ],
          [
            121.0159314,
            14.6550342
          ],
          [
            121.0158899,
            14.6548632
          ]
        ]
      },
      "id": "way/98965352"
    },
    {
      "type": "Feature",
      "properties": {
        "@id": "way/99684265",
        "name": "Manggahan River",
        "waterway": "river",
        "@relations": [
          {
            "role": "main_stream",
            "rel": 18120987,
            "reltags": {
              "destination": "Marikina River",
              "name": "Manggahan River",
              "type": "waterway",
              "waterway": "river"
            }
          }
        ]
      },
      "geometry": {
        "type": "LineString",
        "coordinates": [
          [
            121.1924193,
            14.6837528
          ],
          [
            121.1923189,
            14.683729
          ],
          [
            121.1922163,
            14.6836784
          ],
          [
            121.1921305,
            14.68362
          ],
          [
            121.1919219,
            14.6835636
          ],
          [
            121.191756,
            14.6835749
          ],
          [
            121.1916017,
            14.6836544
          ],
          [
            121.1915158,
            14.6838158
          ],
          [
            121.191456,
            14.6839227
          ],
          [
            121.1913991,
            14.6840218
          ],
          [
            121.1912651,
            14.6841317
          ],
          [
            121.1911244,
            14.6842347
          ],
          [
            121.191011,
            14.6843171
          ],
          [
            121.1909218,
            14.6844167
          ],
          [
            121.1908531,
            14.6845575
          ],
          [
            121.1908565,
            14.684688
          ],
          [
            121.1909115,
            14.6848391
          ],
          [
            121.191005,
            14.6850009
          ],
          [
            121.1910333,
            14.685122
          ],
          [
            121.1910328,
            14.6851809
          ],
          [
            121.1909983,
            14.685241
          ],
          [
            121.1909344,
            14.6852977
          ],
          [
            121.1907762,
            14.6854585
          ],
          [
            121.1906413,
            14.6855752
          ],
          [
            121.190439,
            14.6857826
          ],
          [
            121.1903223,
            14.6858864
          ],
          [
            121.190146,
            14.6859279
          ],
          [
            121.1899437,
            14.6858734
          ],
          [
            121.1898244,
            14.6858371
          ],
          [
            121.1896221,
            14.6858164
          ],
          [
            121.1894483,
            14.685863
          ],
          [
            121.1892772,
            14.6858656
          ],
          [
            121.1891215,
            14.685819
          ],
          [
            121.1889945,
            14.6857334
          ],
          [
            121.1889374,
            14.6856089
          ],
          [
            121.1889089,
            14.685391
          ],
          [
            121.1888025,
            14.6852665
          ],
          [
            121.1887092,
            14.685225
          ],
          [
            121.1885095,
            14.6851758
          ],
          [
            121.1883694,
            14.6851991
          ],
          [
            121.1881983,
            14.6852743
          ],
          [
            121.1880323,
            14.6853651
          ],
          [
            121.1878844,
            14.6854792
          ],
          [
            121.1878274,
            14.6855752
          ],
          [
            121.1877859,
            14.685723
          ],
          [
            121.1877833,
            14.6858708
          ],
          [
            121.1878248,
            14.686042
          ],
          [
            121.1878015,
            14.6861431
          ],
          [
            121.1877133,
            14.6862573
          ],
          [
            121.1874695,
            14.6864621
          ],
          [
            121.187279,
            14.6865529
          ],
          [
            121.1871238,
            14.6865866
          ],
          [
            121.1870184,
            14.6865633
          ],
          [
            121.1869482,
            14.6864777
          ],
          [
            121.1868989,
            14.6863143
          ],
          [
            121.1867926,
            14.6861976
          ],
          [
            121.1866733,
            14.6861276
          ],
          [
            121.1865488,
            14.686055
          ],
          [
            121.1864321,
            14.6860368
          ],
          [
            121.1863595,
            14.6860653
          ],
          [
            121.1862972,
            14.6861587
          ],
          [
            121.1862739,
            14.6862417
          ],
          [
            121.1862531,
            14.6864155
          ],
          [
            121.1862998,
            14.6866229
          ],
          [
            121.1862583,
            14.6869419
          ],
          [
            121.1862116,
            14.6872921
          ],
          [
            121.1862168,
            14.6874606
          ],
          [
            121.1861727,
            14.687694
          ],
          [
            121.1860896,
            14.6878445
          ],
          [
            121.1859877,
            14.6879586
          ],
          [
            121.1858667,
            14.6880779
          ],
          [
            121.1857137,
            14.6881894
          ],
          [
            121.1855996,
            14.6882024
          ],
          [
            121.1854368,
            14.6882128
          ],
          [
            121.1853244,
            14.688262
          ],
          [
            121.1852443,
            14.6883606
          ],
          [
            121.1852002,
            14.688524
          ],
          [
            121.1852002,
            14.6886796
          ],
          [
            121.1852313,
            14.6889519
          ],
          [
            121.1852806,
            14.6890556
          ],
          [
            121.1853428,
            14.6892553
          ],
          [
            121.1853506,
            14.6893746
          ],
          [
            121.1853117,
            14.6895432
          ],
          [
            121.1852443,
            14.6896859
          ],
          [
            121.1851302,
            14.6898129
          ],
          [
            121.1850109,
            14.6899893
          ],
          [
            121.1849486,
            14.690093
          ],
          [
            121.1849434,
            14.6902927
          ],
          [
            121.1849434,
            14.6904821
          ],
          [
            121.1850186,
            14.6908062
          ],
          [
            121.1849823,
            14.6911201
          ],
          [
            121.1848993,
            14.6914339
          ],
          [
            121.1848215,
            14.6915635
          ],
          [
            121.1847619,
            14.6916517
          ],
          [
            121.1846581,
            14.6917295
          ],
          [
            121.184544,
            14.6917399
          ],
          [
            121.1843754,
            14.6917295
          ],
          [
            121.184168,
            14.6916284
          ],
          [
            121.1838204,
            14.6914754
          ],
          [
            121.1836363,
            14.691395
          ],
          [
            121.183447,
            14.6913587
          ],
          [
            121.183268,
            14.6914313
          ],
          [
            121.1830994,
            14.6915143
          ],
          [
            121.182879,
            14.6916258
          ],
          [
            121.1826404,
            14.6916828
          ],
          [
            121.1824874,
            14.691688
          ],
          [
            121.1823188,
            14.6916569
          ],
          [
            121.182145,
            14.6916569
          ],
          [
            121.1819557,
            14.6917425
          ],
          [
            121.1818909,
            14.6917736
          ],
          [
            121.181826,
            14.6917762
          ],
          [
            121.181605,
            14.6917749
          ],
          [
            121.1814067,
            14.6917334
          ],
          [
            121.1812862,
            14.6916842
          ],
          [
            121.1811358,
            14.6915856
          ],
          [
            121.1808491,
            14.6913872
          ],
          [
            121.1806227,
            14.6912316
          ],
          [
            121.1805085,
            14.6911667
          ],
          [
            121.1803918,
            14.6910863
          ],
          [
            121.1802855,
            14.6910656
          ],
          [
            121.1801973,
            14.691076
          ],
          [
            121.1800962,
            14.6911693
          ],
          [
            121.1800236,
            14.6913223
          ],
          [
            121.180008,
            14.6914598
          ],
          [
            121.1799639,
            14.691631
          ],
          [
            121.1799691,
            14.6917918
          ],
          [
            121.1799017,
            14.6921004
          ],
          [
            121.1798939,
            14.6921886
          ],
          [
            121.1799069,
            14.6922949
          ],
          [
            121.1799717,
            14.6923909
          ],
          [
            121.1800495,
            14.6924505
          ],
          [
            121.1801662,
            14.6924972
          ],
          [
            121.1803039,
            14.6925517
          ],
          [
            121.1803402,
            14.6926969
          ],
          [
            121.1802596,
            14.6927903
          ],
          [
            121.1802155,
            14.692824
          ],
          [
            121.1801405,
            14.6928616
          ],
          [
            121.1800655,
            14.6928783
          ],
          [
            121.1799561,
            14.6929096
          ],
          [
            121.1798213,
            14.692977
          ],
          [
            121.1797046,
            14.6930781
          ],
          [
            121.1796631,
            14.693143
          ],
          [
            121.1796657,
            14.6932441
          ],
          [
            121.1797279,
            14.6933608
          ],
          [
            121.1798161,
            14.6934309
          ],
          [
            121.1799458,
            14.6934905
          ],
          [
            121.1800625,
            14.6934931
          ],
          [
            121.1800865,
            14.6934896
          ],
          [
            121.1802751,
            14.693462
          ],
          [
            121.1804593,
            14.6934412
          ],
          [
            121.1805993,
            14.6934724
          ],
          [
            121.1808198,
            14.6935398
          ],
          [
            121.1809572,
            14.6936046
          ],
          [
            121.1810713,
            14.6936721
          ],
          [
            121.1811543,
            14.6937758
          ],
          [
            121.1811647,
            14.6938354
          ],
          [
            121.1811154,
            14.6939262
          ],
          [
            121.1810039,
            14.6940118
          ],
          [
            121.1808457,
            14.6941207
          ],
          [
            121.1807446,
            14.6941674
          ],
          [
            121.1805939,
            14.6941998
          ],
          [
            121.1804774,
            14.6942322
          ],
          [
            121.1803296,
            14.6942919
          ],
          [
            121.180231,
            14.6943749
          ],
          [
            121.1800754,
            14.6944423
          ],
          [
            121.1798565,
            14.6945634
          ],
          [
            121.179855,
            14.6945642
          ],
          [
            121.1797487,
            14.6946394
          ],
          [
            121.1794879,
            14.6947626
          ],
          [
            121.1792232,
            14.6949105
          ],
          [
            121.1791476,
            14.6949687
          ],
          [
            121.1790968,
            14.6950712
          ],
          [
            121.1791076,
            14.6951867
          ],
          [
            121.1791697,
            14.6952619
          ],
          [
            121.1794193,
            14.695363
          ],
          [
            121.1798368,
            14.6955835
          ],
          [
            121.180021,
            14.6956924
          ],
          [
            121.1803449,
            14.6957689
          ],
          [
            121.1804713,
            14.6957903
          ],
          [
            121.1805593,
            14.6958026
          ],
          [
            121.1806556,
            14.6958661
          ],
          [
            121.1807446,
            14.6959699
          ],
          [
            121.1808068,
            14.6961462
          ],
          [
            121.1808379,
            14.696333
          ],
          [
            121.1807861,
            14.6964808
          ],
          [
            121.1806207,
            14.6966105
          ],
          [
            121.1805207,
            14.6966623
          ],
          [
            121.1804158,
            14.6967077
          ],
          [
            121.1802674,
            14.696735
          ],
          [
            121.1800625,
            14.696722
          ],
          [
            121.1798861,
            14.6966831
          ],
          [
            121.1796988,
            14.6966196
          ],
          [
            121.1795258,
            14.6965444
          ],
          [
            121.1794109,
            14.6964705
          ],
          [
            121.1793401,
            14.6964077
          ],
          [
            121.1792458,
            14.6963231
          ],
          [
            121.1791656,
            14.6962798
          ],
          [
            121.1790804,
            14.6962397
          ],
          [
            121.178992,
            14.696215
          ],
          [
            121.1788898,
            14.6961955
          ],
          [
            121.1787997,
            14.6961865
          ],
          [
            121.1786824,
            14.6961891
          ],
          [
            121.1785686,
            14.6962059
          ],
          [
            121.1784778,
            14.6962707
          ],
          [
            121.1783923,
            14.6963952
          ],
          [
            121.1783378,
            14.6965249
          ],
          [
            121.1783015,
            14.6967272
          ],
          [
            121.1782496,
            14.6968802
          ],
          [
            121.1781718,
            14.6971162
          ],
          [
            121.178177,
            14.6972537
          ],
          [
            121.1782263,
            14.6973963
          ],
          [
            121.1783378,
            14.6975364
          ],
          [
            121.1785521,
            14.6977153
          ],
          [
            121.178969,
            14.6979241
          ],
          [
            121.1791399,
            14.6979986
          ],
          [
            121.1792616,
            14.698046
          ],
          [
            121.1795377,
            14.6981601
          ],
          [
            121.1796786,
            14.6982159
          ],
          [
            121.1797927,
            14.6983014
          ],
          [
            121.1798887,
            14.6984259
          ],
          [
            121.1799198,
            14.6985141
          ],
          [
            121.179912,
            14.6986464
          ],
          [
            121.1798498,
            14.6987553
          ],
          [
            121.1797953,
            14.6988331
          ],
          [
            121.1796367,
            14.6988935
          ],
          [
            121.1795567,
            14.6989239
          ],
          [
            121.1793078,
            14.6990743
          ],
          [
            121.1791522,
            14.6992014
          ],
          [
            121.1790432,
            14.6993181
          ],
          [
            121.1787683,
            14.6994685
          ],
          [
            121.1785556,
            14.6995645
          ],
          [
            121.1784753,
            14.6996008
          ],
          [
            121.1782911,
            14.6996345
          ],
          [
            121.1781666,
            14.6997382
          ],
          [
            121.1780966,
            14.6998316
          ],
          [
            121.1780629,
            14.6999353
          ],
          [
            121.1780214,
            14.7000806
          ],
          [
            121.1779773,
            14.7002647
          ],
          [
            121.1779332,
            14.7003425
          ],
          [
            121.1778588,
            14.7004151
          ],
          [
            121.1777324,
            14.7004618
          ],
          [
            121.177604,
            14.7004346
          ],
          [
            121.177526,
            14.7003088
          ],
          [
            121.1775338,
            14.7001299
          ],
          [
            121.177609,
            14.6998913
          ],
          [
            121.1776557,
            14.699733
          ],
          [
            121.1777024,
            14.6994504
          ],
          [
            121.177679,
            14.6992662
          ],
          [
            121.1775338,
            14.6989732
          ],
          [
            121.1773445,
            14.6986775
          ],
          [
            121.1772226,
            14.6985426
          ],
          [
            121.1771318,
            14.6984648
          ],
          [
            121.1770021,
            14.6984493
          ],
          [
            121.1769217,
            14.6984804
          ],
          [
            121.1768725,
            14.6985349
          ],
          [
            121.1768102,
            14.6986801
          ],
          [
            121.1767765,
            14.6988201
          ],
          [
            121.1767272,
            14.6989602
          ],
          [
            121.1766287,
            14.6991495
          ],
          [
            121.1765794,
            14.6992195
          ],
          [
            121.1763693,
            14.6992947
          ],
          [
            121.1761826,
            14.6993207
          ],
          [
            121.17604,
            14.6993207
          ],
          [
            121.1758662,
            14.6993077
          ],
          [
            121.175648,
            14.6992915
          ],
          [
            121.1754486,
            14.6993129
          ],
          [
            121.1753708,
            14.6993492
          ],
          [
            121.1752904,
            14.6993985
          ],
          [
            121.1752139,
            14.6995126
          ],
          [
            121.1750986,
            14.6996891
          ],
          [
            121.1749804,
            14.6998652
          ],
          [
            121.1747593,
            14.7001148
          ],
          [
            121.1746627,
            14.7002103
          ],
          [
            121.1744811,
            14.700301
          ],
          [
            121.1740322,
            14.7004617
          ],
          [
            121.1739445,
            14.700527
          ],
          [
            121.1738632,
            14.7005876
          ],
          [
            121.1737151,
            14.7007517
          ],
          [
            121.1735541,
            14.7009389
          ],
          [
            121.1733702,
            14.701144
          ],
          [
            121.1731584,
            14.7013875
          ],
          [
            121.1731098,
            14.7015019
          ],
          [
            121.1731359,
            14.7015569
          ],
          [
            121.173085,
            14.7016512
          ],
          [
            121.1730673,
            14.7017728
          ],
          [
            121.1730096,
            14.7018682
          ],
          [
            121.1729527,
            14.7020032
          ],
          [
            121.1729424,
            14.7020236
          ],
          [
            121.172838,
            14.7022299
          ],
          [
            121.1727236,
            14.7023693
          ],
          [
            121.1726598,
            14.7024024
          ],
          [
            121.1725538,
            14.7024676
          ],
          [
            121.1723321,
            14.7025677
          ],
          [
            121.1722695,
            14.7026269
          ],
          [
            121.1722267,
            14.70268
          ],
          [
            121.1722091,
            14.7027423
          ],
          [
            121.1721675,
            14.7027902
          ],
          [
            121.1721454,
            14.7029185
          ],
          [
            121.1722239,
            14.7029981
          ],
          [
            121.1722548,
            14.7030668
          ],
          [
            121.1722565,
            14.7030706
          ],
          [
            121.1722013,
            14.7032617
          ],
          [
            121.1722067,
            14.7034236
          ],
          [
            121.1721481,
            14.7034863
          ],
          [
            121.172115,
            14.7035633
          ],
          [
            121.1720238,
            14.7035879
          ],
          [
            121.1719134,
            14.7037356
          ],
          [
            121.171901,
            14.7039066
          ],
          [
            121.1718444,
            14.7040652
          ],
          [
            121.1717076,
            14.7042741
          ],
          [
            121.171605,
            14.7044689
          ],
          [
            121.1715421,
            14.7045701
          ],
          [
            121.1715325,
            14.7045855
          ],
          [
            121.1714158,
            14.7046114
          ],
          [
            121.1713457,
            14.7045984
          ],
          [
            121.1712057,
            14.7045621
          ],
          [
            121.1710751,
            14.7045346
          ],
          [
            121.1710579,
            14.704531
          ],
          [
            121.1708693,
            14.7045048
          ],
          [
            121.170853,
            14.7045025
          ],
          [
            121.1707337,
            14.7044791
          ],
          [
            121.1706109,
            14.7044688
          ],
          [
            121.170457,
            14.7044791
          ],
          [
            121.1703135,
            14.7045206
          ],
          [
            121.1702176,
            14.7045544
          ],
          [
            121.1700645,
            14.704544
          ],
          [
            121.1699504,
            14.704474
          ],
          [
            121.1697896,
            14.7043754
          ],
          [
            121.1696444,
            14.7043132
          ],
          [
            121.1695433,
            14.7043158
          ],
          [
            121.1693617,
            14.7043339
          ],
          [
            121.1692502,
            14.7043287
          ],
          [
            121.1690868,
            14.7043106
          ],
          [
            121.1689053,
            14.7043002
          ],
          [
            121.1687775,
            14.7043029
          ],
          [
            121.1687056,
            14.704378
          ],
          [
            121.1686648,
            14.7044341
          ],
          [
            121.1686226,
            14.7045016
          ],
          [
            121.1686226,
            14.7045965
          ],
          [
            121.1685847,
            14.7046345
          ],
          [
            121.1685488,
            14.7046197
          ],
          [
            121.1685088,
            14.7046239
          ],
          [
            121.1684729,
            14.7046619
          ],
          [
            121.1684476,
            14.7047125
          ],
          [
            121.1684097,
            14.704742
          ],
          [
            121.1683063,
            14.7047441
          ],
          [
            121.1681883,
            14.7047905
          ],
          [
            121.1680807,
            14.7048495
          ],
          [
            121.1679078,
            14.704936
          ],
          [
            121.1677792,
            14.7050688
          ],
          [
            121.1677656,
            14.7050751
          ],
          [
            121.1676801,
            14.7051152
          ],
          [
            121.1675156,
            14.705111
          ],
          [
            121.1672541,
            14.7052059
          ],
          [
            121.1670538,
            14.7052291
          ],
          [
            121.1668705,
            14.7052268
          ],
          [
            121.1667185,
            14.7052249
          ],
          [
            121.1666089,
            14.7052143
          ],
          [
            121.166436,
            14.7052755
          ],
          [
            121.1663158,
            14.7052987
          ],
          [
            121.1661302,
            14.7053071
          ],
          [
            121.1657907,
            14.7053261
          ],
          [
            121.1656769,
            14.705333
          ],
          [
            121.1655841,
            14.7053387
          ],
          [
            121.1653226,
            14.7053366
          ],
          [
            121.1651307,
            14.705343
          ],
          [
            121.1648904,
            14.7052649
          ],
          [
            121.1646458,
            14.7052734
          ],
          [
            121.1645699,
            14.7052903
          ],
          [
            121.1644961,
            14.7053619
          ],
          [
            121.1644476,
            14.7054315
          ],
          [
            121.1643231,
            14.7054969
          ],
          [
            121.164243,
            14.7055117
          ],
          [
            121.1641671,
            14.7054842
          ],
          [
            121.1640364,
            14.7055264
          ],
          [
            121.1639478,
            14.7055918
          ],
          [
            121.1639373,
            14.7056972
          ],
          [
            121.1639647,
            14.7058237
          ],
          [
            121.163933,
            14.705946
          ],
          [
            121.1638677,
            14.7059987
          ],
          [
            121.1638065,
            14.7061
          ],
          [
            121.1637918,
            14.7062012
          ],
          [
            121.1637222,
            14.7063678
          ],
          [
            121.163583,
            14.7065111
          ],
          [
            121.1634755,
            14.7066124
          ],
          [
            121.1633384,
            14.7068085
          ],
          [
            121.1632161,
            14.7069961
          ],
          [
            121.1631718,
            14.7070868
          ],
          [
            121.1631339,
            14.7071374
          ],
          [
            121.1631212,
            14.7071901
          ],
          [
            121.1631423,
            14.7072808
          ],
          [
            121.1631423,
            14.7073926
          ],
          [
            121.1631423,
            14.7074664
          ],
          [
            121.1631634,
            14.7075423
          ],
          [
            121.1632161,
            14.7076793
          ],
          [
            121.1632899,
            14.707808
          ],
          [
            121.1633578,
            14.7079359
          ],
          [
            121.1633782,
            14.708032
          ],
          [
            121.1633679,
            14.7081158
          ],
          [
            121.1633425,
            14.7081618
          ],
          [
            121.1633282,
            14.7081876
          ],
          [
            121.1632693,
            14.7082176
          ],
          [
            121.1632079,
            14.7082469
          ],
          [
            121.1631225,
            14.7082545
          ],
          [
            121.1630179,
            14.708261
          ],
          [
            121.1629019,
            14.7082462
          ],
          [
            121.1628197,
            14.7081896
          ],
          [
            121.1627421,
            14.7081292
          ],
          [
            121.1626122,
            14.708004
          ],
          [
            121.1625032,
            14.7079563
          ],
          [
            121.1623665,
            14.7079335
          ],
          [
            121.1622633,
            14.7079042
          ],
          [
            121.1621516,
            14.7079197
          ],
          [
            121.1619746,
            14.7079386
          ],
          [
            121.1618839,
            14.7079497
          ],
          [
            121.1618199,
            14.7079575
          ],
          [
            121.1615947,
            14.7079592
          ],
          [
            121.1614537,
            14.708028
          ],
          [
            121.1613437,
            14.7081569
          ],
          [
            121.1613312,
            14.7081836
          ],
          [
            121.161275,
            14.708303
          ],
          [
            121.1612131,
            14.7084577
          ],
          [
            121.1612114,
            14.7085797
          ],
          [
            121.1612578,
            14.7087173
          ],
          [
            121.1614022,
            14.7089871
          ],
          [
            121.1614383,
            14.7090937
          ],
          [
            121.1614555,
            14.7091934
          ],
          [
            121.1614898,
            14.7093274
          ],
          [
            121.1615586,
            14.7094598
          ],
          [
            121.1616256,
            14.7097056
          ],
          [
            121.1616772,
            14.7098379
          ],
          [
            121.1617786,
            14.7100184
          ],
          [
            121.1619127,
            14.7102058
          ],
          [
            121.1619917,
            14.7102917
          ],
          [
            121.1620657,
            14.7104172
          ],
          [
            121.1621086,
            14.7105289
          ],
          [
            121.1621413,
            14.7106475
          ],
          [
            121.1621396,
            14.710828
          ],
          [
            121.1621082,
            14.7109246
          ],
          [
            121.1620411,
            14.7110362
          ],
          [
            121.1618775,
            14.7111737
          ],
          [
            121.1617058,
            14.7112878
          ],
          [
            121.1616793,
            14.7112968
          ],
          [
            121.1614698,
            14.7113682
          ],
          [
            121.1611855,
            14.7114046
          ],
          [
            121.1608663,
            14.7114253
          ],
          [
            121.1606376,
            14.7114027
          ],
          [
            121.1602494,
            14.7113286
          ],
          [
            121.1600456,
            14.7113008
          ],
          [
            121.1600156,
            14.7112971
          ],
          [
            121.159824,
            14.7112731
          ],
          [
            121.1590816,
            14.7110837
          ],
          [
            121.1587586,
            14.7110264
          ],
          [
            121.1585838,
            14.7110121
          ],
          [
            121.1583459,
            14.7109914
          ],
          [
            121.1578732,
            14.7110012
          ],
          [
            121.1576299,
            14.711059
          ],
          [
            121.1574601,
            14.7111252
          ],
          [
            121.1573344,
            14.711206
          ],
          [
            121.1572322,
            14.7112508
          ],
          [
            121.15721,
            14.7112605
          ],
          [
            121.1569732,
            14.7113224
          ],
          [
            121.1566848,
            14.7113344
          ],
          [
            121.1566584,
            14.7113355
          ],
          [
            121.1565266,
            14.7113279
          ],
          [
            121.1560432,
            14.7113586
          ],
          [
            121.1557624,
            14.7113643
          ],
          [
            121.1554697,
            14.7114227
          ],
          [
            121.1554528,
            14.7114304
          ],
          [
            121.1552981,
            14.7115006
          ],
          [
            121.1551023,
            14.7117107
          ],
          [
            121.1549252,
            14.7120479
          ],
          [
            121.1549169,
            14.7120614
          ],
          [
            121.1547884,
            14.7122711
          ],
          [
            121.1546919,
            14.7123878
          ],
          [
            121.154598,
            14.7124345
          ],
          [
            121.15448,
            14.7124241
          ],
          [
            121.1543995,
            14.7123619
          ],
          [
            121.1543901,
            14.7123468
          ],
          [
            121.1543217,
            14.7122373
          ],
          [
            121.1541823,
            14.7120765
          ],
          [
            121.1541584,
            14.7120579
          ],
          [
            121.1540589,
            14.7119805
          ],
          [
            121.1538175,
            14.7118923
          ],
          [
            121.1536285,
            14.711862
          ],
          [
            121.1532437,
            14.7117971
          ],
          [
            121.1530692,
            14.7117783
          ],
          [
            121.1529081,
            14.7117676
          ],
          [
            121.1527898,
            14.711742
          ],
          [
            121.1527647,
            14.7117366
          ],
          [
            121.1526692,
            14.7116656
          ],
          [
            121.152637,
            14.7115931
          ],
          [
            121.1526185,
            14.7114941
          ],
          [
            121.1526427,
            14.7113708
          ],
          [
            121.1527442,
            14.7110125
          ]
        ]
      },
      "id": "way/99684265"
    },
    {
      "type": "Feature",
      "properties": {
        "@id": "way/99684268",
        "name": "Maly Creek",
        "waterway": "stream"
      },
      "geometry": {
        "type": "LineString",
        "coordinates": [
          [
            121.1343701,
            14.7208748
          ],
          [
            121.134236,
            14.7209305
          ],
          [
            121.1341113,
            14.7209772
          ],
          [
            121.1339664,
            14.7209967
          ],
          [
            121.1338149,
            14.7210084
          ],
          [
            121.1336701,
            14.7210512
          ],
          [
            121.1335494,
            14.7210499
          ],
          [
            121.1334894,
            14.7210107
          ],
          [
            121.1334245,
            14.7209385
          ],
          [
            121.1333647,
            14.7208523
          ],
          [
            121.1333486,
            14.7207302
          ],
          [
            121.1333453,
            14.7206155
          ],
          [
            121.1333429,
            14.7203098
          ],
          [
            121.133364,
            14.7200229
          ],
          [
            121.1333733,
            14.719868
          ],
          [
            121.1333425,
            14.7197399
          ],
          [
            121.1331885,
            14.7194808
          ],
          [
            121.1330947,
            14.7192466
          ]
        ]
      },
      "id": "way/99684268"
    },
    {
      "type": "Feature",
      "properties": {
        "@id": "way/99684284",
        "name": "Manggahan River",
        "waterway": "river",
        "@relations": [
          {
            "role": "main_stream",
            "rel": 18120987,
            "reltags": {
              "destination": "Marikina River",
              "name": "Manggahan River",
              "type": "waterway",
              "waterway": "river"
            }
          }
        ]
      },
      "geometry": {
        "type": "LineString",
        "coordinates": [
          [
            121.1495232,
            14.7132815
          ],
          [
            121.1495005,
            14.7134177
          ],
          [
            121.1494656,
            14.7135734
          ],
          [
            121.1494548,
            14.7136732
          ],
          [
            121.149483,
            14.7137394
          ],
          [
            121.1495125,
            14.7138367
          ],
          [
            121.1495192,
            14.7139936
          ],
          [
            121.1495353,
            14.714218
          ],
          [
            121.1495528,
            14.7143802
          ],
          [
            121.1495769,
            14.7145903
          ],
          [
            121.1496587,
            14.714829
          ],
          [
            121.1497607,
            14.7148964
          ],
          [
            121.1498129,
            14.7149587
          ],
          [
            121.1497982,
            14.7150469
          ],
          [
            121.1497392,
            14.7151559
          ],
          [
            121.1496211,
            14.715353
          ],
          [
            121.1495903,
            14.7154776
          ],
          [
            121.1495876,
            14.7155632
          ],
          [
            121.1496346,
            14.7156514
          ],
          [
            121.1497325,
            14.7157979
          ],
          [
            121.1497741,
            14.7159341
          ],
          [
            121.1498103,
            14.7161092
          ],
          [
            121.1498438,
            14.7162506
          ],
          [
            121.1498263,
            14.7163661
          ],
          [
            121.1498022,
            14.7164828
          ],
          [
            121.1497191,
            14.716606
          ],
          [
            121.1495434,
            14.7166981
          ],
          [
            121.1493824,
            14.716737
          ],
          [
            121.1492202,
            14.7168226
          ],
          [
            121.1490659,
            14.7169757
          ],
          [
            121.1489305,
            14.717169
          ],
          [
            121.1487508,
            14.7174608
          ],
          [
            121.1485952,
            14.7177747
          ],
          [
            121.1484678,
            14.718064
          ],
          [
            121.1484029,
            14.7181778
          ],
          [
            121.1483614,
            14.7182612
          ],
          [
            121.1483601,
            14.7183531
          ],
          [
            121.1484052,
            14.7184519
          ],
          [
            121.1484622,
            14.7185284
          ],
          [
            121.1485214,
            14.7185769
          ],
          [
            121.1485861,
            14.7186365
          ],
          [
            121.1486406,
            14.7187489
          ],
          [
            121.1486389,
            14.7189464
          ],
          [
            121.1486303,
            14.7191882
          ],
          [
            121.1485997,
            14.7193074
          ],
          [
            121.1485322,
            14.7194143
          ],
          [
            121.1484504,
            14.7194882
          ],
          [
            121.1482626,
            14.7195686
          ],
          [
            121.1481258,
            14.7196828
          ],
          [
            121.1480319,
            14.7198021
          ],
          [
            121.1479756,
            14.7199811
          ],
          [
            121.1479327,
            14.7202794
          ],
          [
            121.1479273,
            14.7205654
          ],
          [
            121.1479086,
            14.7207073
          ],
          [
            121.1478348,
            14.7208566
          ],
          [
            121.1477496,
            14.7209824
          ],
          [
            121.1476705,
            14.7210551
          ],
          [
            121.1475538,
            14.7211011
          ],
          [
            121.1474352,
            14.7211102
          ],
          [
            121.1473071,
            14.7210797
          ],
          [
            121.1471388,
            14.7210194
          ],
          [
            121.1468966,
            14.7208885
          ],
          [
            121.1467829,
            14.7208204
          ],
          [
            121.1466392,
            14.7207226
          ],
          [
            121.1465286,
            14.7206395
          ],
          [
            121.1464402,
            14.7206018
          ],
          [
            121.1463548,
            14.7205727
          ],
          [
            121.1462307,
            14.7205881
          ],
          [
            121.146136,
            14.7206115
          ],
          [
            121.1460183,
            14.720651
          ],
          [
            121.1459727,
            14.7207897
          ],
          [
            121.1457943,
            14.7210071
          ],
          [
            121.1455878,
            14.7211893
          ],
          [
            121.1453799,
            14.7213618
          ],
          [
            121.1450928,
            14.7215864
          ],
          [
            121.1447807,
            14.7217759
          ],
          [
            121.144677,
            14.7218338
          ],
          [
            121.1445639,
            14.7218686
          ],
          [
            121.1442916,
            14.7218897
          ],
          [
            121.1441736,
            14.7218781
          ],
          [
            121.1440523,
            14.7219177
          ],
          [
            121.1439334,
            14.7220327
          ],
          [
            121.1438285,
            14.7221277
          ],
          [
            121.143407,
            14.7225432
          ],
          [
            121.1432573,
            14.7226989
          ],
          [
            121.1429481,
            14.7229702
          ],
          [
            121.1426267,
            14.7232616
          ],
          [
            121.1424402,
            14.7234134
          ],
          [
            121.1423255,
            14.7234793
          ],
          [
            121.142223,
            14.7235044
          ],
          [
            121.1420803,
            14.7235122
          ],
          [
            121.1418685,
            14.7235153
          ],
          [
            121.141473,
            14.7235357
          ],
          [
            121.1411694,
            14.7235408
          ],
          [
            121.1408709,
            14.7235613
          ],
          [
            121.1407739,
            14.7235562
          ],
          [
            121.1406744,
            14.7234898
          ],
          [
            121.140603,
            14.7234566
          ],
          [
            121.1405469,
            14.7234541
          ],
          [
            121.1404627,
            14.7234209
          ],
          [
            121.1403478,
            14.7233138
          ],
          [
            121.1401386,
            14.7230586
          ],
          [
            121.1398962,
            14.7226478
          ],
          [
            121.1395824,
            14.7215278
          ],
          [
            121.1394242,
            14.7210379
          ],
          [
            121.1392176,
            14.7204485
          ],
          [
            121.1390577,
            14.7201208
          ],
          [
            121.1390109,
            14.720025
          ],
          [
            121.1386767,
            14.7196244
          ],
          [
            121.1385941,
            14.7195648
          ],
          [
            121.1384893,
            14.7195431
          ],
          [
            121.1383174,
            14.7195587
          ],
          [
            121.1379833,
            14.7195932
          ],
          [
            121.1375998,
            14.7196629
          ],
          [
            121.1371367,
            14.7197702
          ],
          [
            121.1369461,
            14.7198266
          ],
          [
            121.1367608,
            14.7198715
          ],
          [
            121.1365828,
            14.7199021
          ],
          [
            121.1364416,
            14.7198881
          ],
          [
            121.1363182,
            14.7198529
          ],
          [
            121.1361966,
            14.7197705
          ],
          [
            121.1360185,
            14.7195785
          ],
          [
            121.1358576,
            14.7193884
          ],
          [
            121.1357059,
            14.7191886
          ],
          [
            121.1355878,
            14.7190135
          ],
          [
            121.1354993,
            14.7189706
          ],
          [
            121.1353357,
            14.7189538
          ],
          [
            121.1351399,
            14.7190186
          ],
          [
            121.1349776,
            14.719103
          ],
          [
            121.1349186,
            14.7191821
          ],
          [
            121.1349079,
            14.7192586
          ],
          [
            121.1349123,
            14.7193915
          ],
          [
            121.1348958,
            14.7194726
          ],
          [
            121.1348355,
            14.7195336
          ],
          [
            121.1347416,
            14.7195569
          ],
          [
            121.1345766,
            14.7195816
          ],
          [
            121.1344506,
            14.7196309
          ],
          [
            121.1343406,
            14.7197126
          ],
          [
            121.1341622,
            14.7198592
          ],
          [
            121.1340255,
            14.7199292
          ],
          [
            121.1339436,
            14.7199538
          ],
          [
            121.1338565,
            14.7199435
          ],
          [
            121.1337921,
            14.7198929
          ],
          [
            121.1337438,
            14.7198099
          ],
          [
            121.1337344,
            14.7196879
          ],
          [
            121.1337237,
            14.7195427
          ],
          [
            121.1336929,
            14.7194363
          ],
          [
            121.1336003,
            14.7193805
          ],
          [
            121.1334568,
            14.7193416
          ],
          [
            121.1333169,
            14.7193105
          ],
          [
            121.1331871,
            14.7192867
          ],
          [
            121.1330947,
            14.7192466
          ],
          [
            121.1330493,
            14.7192116
          ],
          [
            121.1329805,
            14.7191451
          ],
          [
            121.1328903,
            14.7190172
          ],
          [
            121.1327574,
            14.7188381
          ],
          [
            121.1325297,
            14.7185607
          ],
          [
            121.132361,
            14.7183435
          ],
          [
            121.1322697,
            14.7182649
          ],
          [
            121.1321669,
            14.7181101
          ],
          [
            121.1316613,
            14.7173563
          ],
          [
            121.1315082,
            14.7170989
          ],
          [
            121.1314453,
            14.7170038
          ],
          [
            121.1313754,
            14.7169238
          ],
          [
            121.131303,
            14.716859
          ],
          [
            121.1312059,
            14.7168014
          ],
          [
            121.131071,
            14.7167474
          ],
          [
            121.1309007,
            14.71668
          ],
          [
            121.1308193,
            14.7166205
          ],
          [
            121.1307463,
            14.7165538
          ],
          [
            121.1306459,
            14.7163466
          ],
          [
            121.130603,
            14.7161598
          ],
          [
            121.1305225,
            14.7158848
          ],
          [
            121.1304903,
            14.7157448
          ],
          [
            121.1304193,
            14.7155268
          ],
          [
            121.1303652,
            14.7154419
          ],
          [
            121.1302988,
            14.7153959
          ],
          [
            121.1302227,
            14.7153813
          ],
          [
            121.1301376,
            14.7153945
          ],
          [
            121.1298104,
            14.7155061
          ],
          [
            121.1297245,
            14.7155528
          ],
          [
            121.1296789,
            14.7156111
          ],
          [
            121.1296011,
            14.7156708
          ],
          [
            121.1295019,
            14.715733
          ],
          [
            121.1291895,
            14.7158952
          ],
          [
            121.1289797,
            14.7160161
          ],
          [
            121.1288582,
            14.7160768
          ],
          [
            121.1287603,
            14.716095
          ],
          [
            121.1287053,
            14.7161248
          ],
          [
            121.1286087,
            14.716165
          ],
          [
            121.1285564,
            14.7162467
          ],
          [
            121.1285413,
            14.716392
          ],
          [
            121.1285335,
            14.7165454
          ],
          [
            121.1285501,
            14.7166769
          ],
          [
            121.1285152,
            14.7167592
          ],
          [
            121.1285006,
            14.7168581
          ],
          [
            121.1284371,
            14.7169199
          ],
          [
            121.1283184,
            14.716959
          ],
          [
            121.128204,
            14.7169852
          ],
          [
            121.1281201,
            14.7169994
          ],
          [
            121.12803,
            14.7170322
          ],
          [
            121.1279544,
            14.7170722
          ],
          [
            121.1278785,
            14.717108
          ],
          [
            121.1277735,
            14.7171246
          ],
          [
            121.1276832,
            14.7172038
          ],
          [
            121.1276474,
            14.7172786
          ],
          [
            121.1276238,
            14.717344
          ],
          [
            121.1275582,
            14.7174158
          ],
          [
            121.1274619,
            14.7174463
          ],
          [
            121.1273778,
            14.717523
          ],
          [
            121.1273109,
            14.7175771
          ],
          [
            121.127259,
            14.7176363
          ],
          [
            121.1271989,
            14.7176894
          ],
          [
            121.1271211,
            14.7178084
          ],
          [
            121.1269415,
            14.7178571
          ],
          [
            121.1268242,
            14.717853
          ],
          [
            121.1267064,
            14.7178346
          ],
          [
            121.1266096,
            14.7178339
          ],
          [
            121.1264605,
            14.7178836
          ],
          [
            121.1263858,
            14.7178996
          ],
          [
            121.12628,
            14.7179086
          ],
          [
            121.1261814,
            14.7179057
          ],
          [
            121.1260839,
            14.717875
          ],
          [
            121.1260042,
            14.7178179
          ],
          [
            121.1259188,
            14.7176745
          ]
        ]
      },
      "id": "way/99684284"
    },
    {
      "type": "Feature",
      "properties": {
        "@id": "way/102259862",
        "name": "Brookside Creek",
        "waterway": "river"
      },
      "geometry": {
        "type": "LineString",
        "coordinates": [
          [
            121.1145697,
            14.7025425
          ],
          [
            121.11471,
            14.7023623
          ],
          [
            121.1148753,
            14.7022998
          ],
          [
            121.1152241,
            14.7021488
          ],
          [
            121.1155397,
            14.7019254
          ],
          [
            121.1157476,
            14.70191
          ],
          [
            121.115945,
            14.7019221
          ],
          [
            121.1160189,
            14.7020681
          ],
          [
            121.1160401,
            14.7022875
          ],
          [
            121.1162035,
            14.7024475
          ],
          [
            121.1162628,
            14.7025264
          ],
          [
            121.1163938,
            14.7025491
          ],
          [
            121.1165548,
            14.7025757
          ],
          [
            121.1166748,
            14.7025797
          ],
          [
            121.1167695,
            14.7025972
          ],
          [
            121.1168403,
            14.7026045
          ],
          [
            121.1169505,
            14.7026025
          ],
          [
            121.117053,
            14.7026212
          ],
          [
            121.1171316,
            14.7026401
          ],
          [
            121.1172287,
            14.7026628
          ],
          [
            121.1173269,
            14.7026892
          ],
          [
            121.1174282,
            14.7027002
          ],
          [
            121.117529,
            14.7027074
          ],
          [
            121.1176393,
            14.7027036
          ],
          [
            121.1177787,
            14.7026514
          ],
          [
            121.1179553,
            14.7025403
          ],
          [
            121.1180154,
            14.7024572
          ],
          [
            121.1180218,
            14.7024302
          ],
          [
            121.1180401,
            14.7023531
          ],
          [
            121.1180449,
            14.7022707
          ],
          [
            121.118043,
            14.702226
          ],
          [
            121.1180296,
            14.7021829
          ],
          [
            121.1180235,
            14.7021399
          ],
          [
            121.11802,
            14.7021056
          ],
          [
            121.1180126,
            14.7020726
          ],
          [
            121.1179966,
            14.7020196
          ],
          [
            121.1179794,
            14.7019585
          ],
          [
            121.1179169,
            14.7018412
          ],
          [
            121.1177981,
            14.7017323
          ],
          [
            121.1176331,
            14.7017001
          ],
          [
            121.1174682,
            14.7016452
          ],
          [
            121.1171137,
            14.7014567
          ],
          [
            121.1169594,
            14.7013437
          ],
          [
            121.1168777,
            14.7012241
          ],
          [
            121.1168186,
            14.7010817
          ],
          [
            121.1168157,
            14.7009897
          ],
          [
            121.1168111,
            14.7008352
          ],
          [
            121.1167989,
            14.7006817
          ],
          [
            121.1168075,
            14.7005715
          ],
          [
            121.1167709,
            14.7004779
          ],
          [
            121.1167579,
            14.7004114
          ],
          [
            121.1167914,
            14.7003124
          ],
          [
            121.1169326,
            14.7002747
          ],
          [
            121.1170285,
            14.7002935
          ],
          [
            121.1170895,
            14.7002875
          ],
          [
            121.1170755,
            14.7001862
          ],
          [
            121.1169926,
            14.7000385
          ],
          [
            121.1168356,
            14.6998066
          ],
          [
            121.1167733,
            14.6997063
          ],
          [
            121.1166924,
            14.6995342
          ],
          [
            121.1166003,
            14.699403
          ],
          [
            121.1165269,
            14.6992808
          ],
          [
            121.1164757,
            14.699173
          ],
          [
            121.1164267,
            14.6990363
          ],
          [
            121.1163332,
            14.6988828
          ],
          [
            121.1162023,
            14.6986475
          ],
          [
            121.1162223,
            14.6985655
          ],
          [
            121.1162993,
            14.6984913
          ],
          [
            121.1163982,
            14.6984809
          ],
          [
            121.116494,
            14.6985418
          ],
          [
            121.116581,
            14.6986849
          ],
          [
            121.116748,
            14.698761
          ],
          [
            121.1168978,
            14.6986609
          ],
          [
            121.1169992,
            14.6985362
          ],
          [
            121.1171053,
            14.6985193
          ],
          [
            121.1172156,
            14.698533
          ],
          [
            121.1172891,
            14.698591
          ],
          [
            121.1173855,
            14.6986122
          ],
          [
            121.1175154,
            14.6985767
          ],
          [
            121.1176232,
            14.6984841
          ],
          [
            121.1176574,
            14.6984259
          ],
          [
            121.1177103,
            14.6983149
          ],
          [
            121.1176819,
            14.6981644
          ],
          [
            121.1176455,
            14.6980815
          ],
          [
            121.1174961,
            14.6979684
          ],
          [
            121.1172011,
            14.6979048
          ],
          [
            121.1168532,
            14.6978147
          ]
        ]
      },
      "id": "way/102259862"
    },
    {
      "type": "Feature",
      "properties": {
        "@id": "way/102925201",
        "boat": "no",
        "name": "Estero de San Miguel",
        "waterway": "stream"
      },
      "geometry": {
        "type": "LineString",
        "coordinates": [
          [
            120.9962674,
            14.5990981
          ],
          [
            120.9962509,
            14.599135
          ],
          [
            120.9960618,
            14.599421
          ]
        ]
      },
      "id": "way/102925201"
    },
    {
      "type": "Feature",
      "properties": {
        "@id": "way/104081082",
        "admin_level": "10",
        "boundary": "administrative",
        "name": "Manggahan Floodway",
        "waterway": "river",
        "@relations": [
          {
            "role": "",
            "rel": 10699539,
            "reltags": {
              "name": "Manggahan Floodway",
              "type": "waterway",
              "waterway": "river",
              "wikidata": "Q16894592",
              "wikimedia_commons": "Category:Manggahan Floodway"
            }
          }
        ]
      },
      "geometry": {
        "type": "LineString",
        "coordinates": [
          [
            121.0900354,
            14.5993213
          ],
          [
            121.0904573,
            14.5979394
          ]
        ]
      },
      "id": "way/104081082"
    },
    {
      "type": "Feature",
      "properties": {
        "@id": "way/105829902",
        "boat": "yes",
        "name": "Marikina River",
        "name:tl": "Ilog Marikina",
        "waterway": "river",
        "wikidata": "Q3551251",
        "@relations": [
          {
            "role": "main_stream",
            "rel": 11963824,
            "reltags": {
              "destination": "Pasig River",
              "name": "Marikina River",
              "name:en": "Marikina River",
              "name:tl": "Ilog Marikina",
              "type": "waterway",
              "waterway": "river",
              "wikidata": "Q3551251",
              "wikipedia": "en:Marikina River"
            }
          }
        ]
      },
      "geometry": {
        "type": "LineString",
        "coordinates": [
          [
            121.1303882,
            14.733564
          ],
          [
            121.1302011,
            14.732843
          ],
          [
            121.1299797,
            14.7316093
          ],
          [
            121.1297769,
            14.7300438
          ],
          [
            121.1297457,
            14.7290604
          ],
          [
            121.1297426,
            14.7286351
          ],
          [
            121.1299048,
            14.7279081
          ],
          [
            121.1303476,
            14.7270168
          ],
          [
            121.1303791,
            14.7268724
          ],
          [
            121.1303142,
            14.7267242
          ],
          [
            121.1303005,
            14.7265189
          ],
          [
            121.1301904,
            14.7261959
          ],
          [
            121.1300725,
            14.7259032
          ],
          [
            121.1299075,
            14.7255878
          ],
          [
            121.1297385,
            14.7249797
          ],
          [
            121.129601,
            14.7244704
          ],
          [
            121.1293,
            14.7240182
          ],
          [
            121.1289163,
            14.7239272
          ],
          [
            121.1284682,
            14.7238218
          ],
          [
            121.1281984,
            14.7236447
          ],
          [
            121.1280449,
            14.7233885
          ],
          [
            121.1278518,
            14.7232903
          ],
          [
            121.127686,
            14.7232017
          ],
          [
            121.1273419,
            14.7229216
          ],
          [
            121.1272032,
            14.7227301
          ],
          [
            121.1271636,
            14.7225649
          ],
          [
            121.127275,
            14.7222297
          ],
          [
            121.1272528,
            14.7221243
          ],
          [
            121.1271017,
            14.7220333
          ],
          [
            121.1268839,
            14.7219328
          ],
          [
            121.1264878,
            14.7217388
          ],
          [
            121.1260404,
            14.7214226
          ],
          [
            121.1256864,
            14.7211104
          ],
          [
            121.1253402,
            14.7207168
          ],
          [
            121.1250544,
            14.7202066
          ],
          [
            121.1250004,
            14.7197075
          ],
          [
            121.1250714,
            14.7193201
          ],
          [
            121.1252177,
            14.7189718
          ],
          [
            121.1254073,
            14.7185703
          ],
          [
            121.1255361,
            14.7183609
          ],
          [
            121.1259188,
            14.7176745
          ],
          [
            121.1259052,
            14.7173955
          ],
          [
            121.1258634,
            14.7171936
          ],
          [
            121.1257298,
            14.7168725
          ],
          [
            121.1256826,
            14.7167589
          ],
          [
            121.1250601,
            14.7161318
          ],
          [
            121.1245844,
            14.7159682
          ],
          [
            121.1240554,
            14.7155468
          ],
          [
            121.1240173,
            14.7152947
          ],
          [
            121.124039,
            14.7150523
          ],
          [
            121.1247239,
            14.7137321
          ],
          [
            121.1248675,
            14.7133545
          ],
          [
            121.1248027,
            14.712421
          ],
          [
            121.1248456,
            14.7102874
          ],
          [
            121.1247993,
            14.7091458
          ],
          [
            121.1246188,
            14.708328
          ],
          [
            121.1243536,
            14.7077441
          ],
          [
            121.1241065,
            14.7072132
          ],
          [
            121.1237894,
            14.706847
          ],
          [
            121.1227327,
            14.7065202
          ],
          [
            121.1224383,
            14.7064339
          ],
          [
            121.1222323,
            14.706474
          ],
          [
            121.1218856,
            14.7067919
          ],
          [
            121.1215806,
            14.7071305
          ],
          [
            121.1211309,
            14.7076078
          ],
          [
            121.1209982,
            14.7077969
          ],
          [
            121.1206827,
            14.7080263
          ],
          [
            121.1204385,
            14.7081222
          ],
          [
            121.1201645,
            14.7081449
          ],
          [
            121.1200397,
            14.7080208
          ],
          [
            121.1199763,
            14.7076263
          ],
          [
            121.1204638,
            14.7073069
          ],
          [
            121.1202777,
            14.7063653
          ],
          [
            121.1200699,
            14.7057931
          ],
          [
            121.1200929,
            14.705355
          ],
          [
            121.1201063,
            14.7050994
          ],
          [
            121.1197941,
            14.7042974
          ],
          [
            121.1191931,
            14.7031837
          ],
          [
            121.1191234,
            14.7026311
          ],
          [
            121.1191769,
            14.7024046
          ],
          [
            121.1193781,
            14.7021579
          ],
          [
            121.1201061,
            14.7016524
          ],
          [
            121.1205071,
            14.7012328
          ],
          [
            121.1206308,
            14.7007831
          ],
          [
            121.1207485,
            14.7005421
          ],
          [
            121.1207666,
            14.7002683
          ],
          [
            121.1207271,
            14.6999453
          ],
          [
            121.1206332,
            14.6995925
          ],
          [
            121.1204508,
            14.6991904
          ],
          [
            121.1200887,
            14.6985041
          ],
          [
            121.1200055,
            14.6983939
          ],
          [
            121.1199036,
            14.698294
          ],
          [
            121.1197829,
            14.6982019
          ],
          [
            121.119567,
            14.6980657
          ],
          [
            121.1188602,
            14.6976635
          ],
          [
            121.1185732,
            14.6975234
          ],
          [
            121.1184204,
            14.6974793
          ],
          [
            121.1182393,
            14.6974534
          ],
          [
            121.118014,
            14.6974482
          ],
          [
            121.1177619,
            14.6974599
          ],
          [
            121.1172321,
            14.6977219
          ],
          [
            121.1161459,
            14.6976933
          ],
          [
            121.1156225,
            14.6976829
          ],
          [
            121.1151768,
            14.697722
          ],
          [
            121.1146224,
            14.6977894
          ],
          [
            121.1142027,
            14.697898
          ],
          [
            121.1139464,
            14.6980592
          ]
        ]
      },
      "id": "way/105829902"
    },
    {
      "type": "Feature",
      "properties": {
        "@id": "way/107509678",
        "name": "Katipunan Creek",
        "waterway": "river"
      },
      "geometry": {
        "type": "LineString",
        "coordinates": [
          [
            121.0868205,
            14.6493446
          ],
          [
            121.0867602,
            14.6490492
          ],
          [
            121.0868527,
            14.648993
          ],
          [
            121.0868125,
            14.648963
          ],
          [
            121.0870467,
            14.6488744
          ],
          [
            121.0872283,
            14.6488815
          ],
          [
            121.0875314,
            14.6486531
          ],
          [
            121.0875522,
            14.6483426
          ],
          [
            121.0875325,
            14.6480589
          ],
          [
            121.0876006,
            14.6479355
          ],
          [
            121.0876355,
            14.6474675
          ],
          [
            121.087754,
            14.6472876
          ],
          [
            121.0878944,
            14.6473139
          ],
          [
            121.0880349,
            14.6474675
          ],
          [
            121.0881226,
            14.6478405
          ],
          [
            121.0882938,
            14.64806
          ],
          [
            121.0883728,
            14.648354
          ],
          [
            121.0885351,
            14.6486129
          ],
          [
            121.0886386,
            14.6486952
          ],
          [
            121.0887963,
            14.6487953
          ],
          [
            121.0888752,
            14.6488525
          ],
          [
            121.0890857,
            14.648874
          ],
          [
            121.0891834,
            14.6488802
          ]
        ]
      },
      "id": "way/107509678"
    },
    {
      "type": "Feature",
      "properties": {
        "@id": "way/112651128",
        "boat": "no",
        "name": "Maytunas Creek",
        "waterway": "stream"
      },
      "geometry": {
        "type": "LineString",
        "coordinates": [
          [
            121.0297799,
            14.5947262
          ],
          [
            121.0299335,
            14.5945427
          ],
          [
            121.0300751,
            14.5943944
          ],
          [
            121.0301957,
            14.5943028
          ],
          [
            121.0304572,
            14.5942054
          ]
        ]
      },
      "id": "way/112651128"
    },
    {
      "type": "Feature",
      "properties": {
        "@id": "way/112652256",
        "boat": "yes",
        "name": "Pasig River",
        "name:tl": "Ilog Pasig",
        "waterway": "river"
      },
      "geometry": {
        "type": "LineString",
        "coordinates": [
          [
            121.0553692,
            14.5656936
          ],
          [
            121.0548229,
            14.5658749
          ],
          [
            121.0536044,
            14.5666185
          ],
          [
            121.0529018,
            14.5670806
          ]
        ]
      },
      "id": "way/112652256"
    },
    {
      "type": "Feature",
      "properties": {
        "@id": "way/112652263",
        "boat": "yes",
        "name": "Pasig River",
        "name:tl": "Ilog Pasig",
        "waterway": "river"
      },
      "geometry": {
        "type": "LineString",
        "coordinates": [
          [
            121.0661892,
            14.5605747
          ],
          [
            121.0657254,
            14.5608467
          ],
          [
            121.0649436,
            14.5609792
          ]
        ]
      },
      "id": "way/112652263"
    },
    {
      "type": "Feature",
      "properties": {
        "@id": "way/112652465",
        "boat": "yes",
        "name": "Pasig River",
        "name:en": "Pasig River",
        "name:tl": "Ilog Pasig",
        "waterway": "river"
      },
      "geometry": {
        "type": "LineString",
        "coordinates": [
          [
            121.0669281,
            14.5577153
          ],
          [
            121.0669179,
            14.5583764
          ],
          [
            121.0669318,
            14.5590928
          ]
        ]
      },
      "id": "way/112652465"
    },
    {
      "type": "Feature",
      "properties": {
        "@id": "way/113358951",
        "name": "Valencia Creek",
        "waterway": "river"
      },
      "geometry": {
        "type": "LineString",
        "coordinates": [
          [
            121.0414184,
            14.6104473
          ],
          [
            121.0411829,
            14.6102309
          ],
          [
            121.0409684,
            14.6100999
          ],
          [
            121.0407362,
            14.6100926
          ],
          [
            121.040301,
            14.6102393
          ],
          [
            121.0401257,
            14.6102144
          ],
          [
            121.0396801,
            14.6102791
          ]
        ]
      },
      "id": "way/113358951"
    },
    {
      "type": "Feature",
      "properties": {
        "@id": "way/113358965",
        "name": "Valencia Creek",
        "waterway": "river"
      },
      "geometry": {
        "type": "LineString",
        "coordinates": [
          [
            121.0383673,
            14.609687
          ],
          [
            121.0381653,
            14.6096774
          ],
          [
            121.0378699,
            14.6094142
          ],
          [
            121.0376625,
            14.6093948
          ],
          [
            121.0373566,
            14.6094888
          ],
          [
            121.0370534,
            14.6094546
          ],
          [
            121.0369212,
            14.6094206
          ],
          [
            121.0367914,
            14.6093335
          ],
          [
            121.0366356,
            14.6092004
          ],
          [
            121.0364091,
            14.6090856
          ],
          [
            121.0362123,
            14.609042
          ],
          [
            121.0358217,
            14.6089622
          ],
          [
            121.0356082,
            14.6086928
          ]
        ]
      },
      "id": "way/113358965"
    },
    {
      "type": "Feature",
      "properties": {
        "@id": "way/120412086",
        "name": "Talayan Creek",
        "waterway": "drain"
      },
      "geometry": {
        "type": "LineString",
        "coordinates": [
          [
            121.0071312,
            14.6398819
          ],
          [
            121.0071462,
            14.6397564
          ],
          [
            121.0072026,
            14.6396363
          ],
          [
            121.0072991,
            14.6395455
          ],
          [
            121.0075264,
            14.639342
          ],
          [
            121.0076409,
            14.6392763
          ]
        ]
      },
      "id": "way/120412086"
    },
    {
      "type": "Feature",
      "properties": {
        "@id": "way/124013061",
        "boat": "yes",
        "name": "San Juan River",
        "waterway": "river",
        "wikidata": "Q7414612"
      },
      "geometry": {
        "type": "LineString",
        "coordinates": [
          [
            121.0202572,
            14.60162
          ],
          [
            121.0212828,
            14.6009974
          ],
          [
            121.0230254,
            14.5999563
          ],
          [
            121.0235661,
            14.5995028
          ],
          [
            121.0241308,
            14.5986948
          ],
          [
            121.0248637,
            14.5974914
          ],
          [
            121.0254805,
            14.5962206
          ],
          [
            121.0257445,
            14.5956703
          ]
        ]
      },
      "id": "way/124013061"
    },
    {
      "type": "Feature",
      "properties": {
        "@id": "way/130995452",
        "boat": "yes",
        "name": "Marikina River",
        "name:tl": "Ilog Marikina",
        "waterway": "river",
        "wikidata": "Q3551251",
        "@relations": [
          {
            "role": "main_stream",
            "rel": 11963824,
            "reltags": {
              "destination": "Pasig River",
              "name": "Marikina River",
              "name:en": "Marikina River",
              "name:tl": "Ilog Marikina",
              "type": "waterway",
              "waterway": "river",
              "wikidata": "Q3551251",
              "wikipedia": "en:Marikina River"
            }
          }
        ]
      },
      "geometry": {
        "type": "LineString",
        "coordinates": [
          [
            121.1115295,
            14.6930258
          ],
          [
            121.1113873,
            14.6912424
          ],
          [
            121.1113484,
            14.6894359
          ],
          [
            121.1113444,
            14.6892498
          ],
          [
            121.1121855,
            14.6852978
          ],
          [
            121.1121169,
            14.6846502
          ],
          [
            121.1119916,
            14.6844409
          ],
          [
            121.1116706,
            14.6834048
          ],
          [
            121.1101685,
            14.6808973
          ],
          [
            121.1088846,
            14.6787885
          ],
          [
            121.1079596,
            14.6772824
          ],
          [
            121.1066178,
            14.6757895
          ]
        ]
      },
      "id": "way/130995452"
    },
    {
      "type": "Feature",
      "properties": {
        "@id": "way/132598093",
        "boat": "yes",
        "name": "Marikina River",
        "name:tl": "Ilog Marikina",
        "waterway": "river",
        "wikidata": "Q3551251",
        "@relations": [
          {
            "role": "main_stream",
            "rel": 11963824,
            "reltags": {
              "destination": "Pasig River",
              "name": "Marikina River",
              "name:en": "Marikina River",
              "name:tl": "Ilog Marikina",
              "type": "waterway",
              "waterway": "river",
              "wikidata": "Q3551251",
              "wikipedia": "en:Marikina River"
            }
          }
        ]
      },
      "geometry": {
        "type": "LineString",
        "coordinates": [
          [
            121.0869916,
            14.607435
          ],
          [
            121.0873671,
            14.6069989
          ],
          [
            121.0876246,
            14.6066771
          ],
          [
            121.0880242,
            14.6060925
          ],
          [
            121.0883546,
            14.6054058
          ]
        ]
      },
      "id": "way/132598093"
    },
    {
      "type": "Feature",
      "properties": {
        "@id": "way/132598094",
        "boat": "no",
        "layer": "-1",
        "name": "Pansipit Creek",
        "source": "Yahoo",
        "tunnel": "yes",
        "waterway": "stream"
      },
      "geometry": {
        "type": "LineString",
        "coordinates": [
          [
            121.0911544,
            14.607435
          ],
          [
            121.0905107,
            14.6072377
          ],
          [
            121.0902961,
            14.607082
          ],
          [
            121.0900361,
            14.6068963
          ]
        ]
      },
      "id": "way/132598094"
    },
    {
      "type": "Feature",
      "properties": {
        "@id": "way/132598417",
        "alt_name": "Napindan Channel",
        "alt_name:tl": "Ilog Napindan",
        "boat": "yes",
        "name": "Pasig River",
        "name:en": "Pasig River",
        "name:tl": "Ilog Pasig",
        "waterway": "river",
        "@relations": [
          {
            "role": "",
            "rel": 12548411,
            "reltags": {
              "name": "Napindan Channel",
              "type": "waterway",
              "waterway": "river"
            }
          }
        ]
      },
      "geometry": {
        "type": "LineString",
        "coordinates": [
          [
            121.0947346,
            14.5449541
          ],
          [
            121.094676,
            14.5450495
          ],
          [
            121.0945978,
            14.5451806
          ],
          [
            121.094551,
            14.5453353
          ],
          [
            121.0943623,
            14.5463956
          ],
          [
            121.0943234,
            14.546977
          ],
          [
            121.0942832,
            14.5476781
          ],
          [
            121.0940409,
            14.548593
          ],
          [
            121.0932841,
            14.5509844
          ],
          [
            121.093114,
            14.551833
          ],
          [
            121.0929989,
            14.5521324
          ],
          [
            121.0928393,
            14.5525475
          ],
          [
            121.0923072,
            14.552805
          ],
          [
            121.0916634,
            14.5526804
          ],
          [
            121.0907708,
            14.552265
          ],
          [
            121.0897666,
            14.5520906
          ],
          [
            121.0890027,
            14.5521903
          ],
          [
            121.0883675,
            14.5527635
          ],
          [
            121.0881005,
            14.552926
          ]
        ]
      },
      "id": "way/132598417"
    },
    {
      "type": "Feature",
      "properties": {
        "@id": "way/132598418",
        "alt_name": "Napindan Channel",
        "alt_name:tl": "Ilog Napindan",
        "boat": "yes",
        "name": "Pasig River",
        "name:en": "Pasig River",
        "name:tl": "Ilog Pasig",
        "waterway": "river",
        "@relations": [
          {
            "role": "",
            "rel": 12548411,
            "reltags": {
              "name": "Napindan Channel",
              "type": "waterway",
              "waterway": "river"
            }
          }
        ]
      },
      "geometry": {
        "type": "LineString",
        "coordinates": [
          [
            121.0789893,
            14.5537377
          ],
          [
            121.0779133,
            14.5534863
          ],
          [
            121.0766431,
            14.5535693
          ],
          [
            121.0754243,
            14.5540512
          ],
          [
            121.0742452,
            14.5546659
          ]
        ]
      },
      "id": "way/132598418"
    },
    {
      "type": "Feature",
      "properties": {
        "@id": "way/133340449",
        "boat": "no",
        "name": "Maytunas Creek",
        "waterway": "drain"
      },
      "geometry": {
        "type": "LineString",
        "coordinates": [
          [
            121.0414184,
            14.5862083
          ],
          [
            121.0412698,
            14.5862004
          ],
          [
            121.0411841,
            14.5862567
          ],
          [
            121.0411225,
            14.5862501
          ],
          [
            121.04103,
            14.5862368
          ],
          [
            121.0409409,
            14.5862899
          ],
          [
            121.0406909,
            14.5864258
          ],
          [
            121.0403018,
            14.5866882
          ],
          [
            121.0401523,
            14.5868168
          ],
          [
            121.039976,
            14.5870001
          ]
        ]
      },
      "id": "way/133340449"
    },
    {
      "type": "Feature",
      "properties": {
        "@id": "way/133342129",
        "boat": "no",
        "name": "Ermitaño Creek",
        "waterway": "stream"
      },
      "geometry": {
        "type": "LineString",
        "coordinates": [
          [
            121.0470849,
            14.589053
          ],
          [
            121.0471765,
            14.5893509
          ],
          [
            121.0470808,
            14.5894404
          ],
          [
            121.0469091,
            14.5895754
          ],
          [
            121.0465229,
            14.5896065
          ],
          [
            121.0462398,
            14.5897649
          ],
          [
            121.0462868,
            14.5900426
          ],
          [
            121.0465242,
            14.5900796
          ],
          [
            121.0465895,
            14.5901235
          ],
          [
            121.0465946,
            14.5902373
          ],
          [
            121.0465558,
            14.5904684
          ],
          [
            121.0463915,
            14.5906033
          ],
          [
            121.0461798,
            14.5907866
          ],
          [
            121.0458899,
            14.5909667
          ],
          [
            121.0455532,
            14.5911355
          ],
          [
            121.0453207,
            14.5911055
          ],
          [
            121.0451165,
            14.5910495
          ],
          [
            121.0452067,
            14.5913108
          ],
          [
            121.0451067,
            14.591517
          ],
          [
            121.0448671,
            14.5918575
          ],
          [
            121.0445855,
            14.5922503
          ],
          [
            121.0440269,
            14.592909
          ],
          [
            121.043409,
            14.5936793
          ]
        ]
      },
      "id": "way/133342129"
    },
    {
      "type": "Feature",
      "properties": {
        "@id": "way/133342133",
        "admin_level": "8",
        "boat": "yes",
        "boundary": "administrative",
        "name": "San Juan River",
        "waterway": "river"
      },
      "geometry": {
        "type": "LineString",
        "coordinates": [
          [
            121.0253792,
            14.5924867
          ],
          [
            121.0247847,
            14.5921488
          ],
          [
            121.0241887,
            14.5917977
          ],
          [
            121.0235268,
            14.5911331
          ],
          [
            121.022861,
            14.5904923
          ],
          [
            121.0219122,
            14.5898245
          ],
          [
            121.0211941,
            14.5894835
          ]
        ]
      },
      "id": "way/133342133"
    },
    {
      "type": "Feature",
      "properties": {
        "@id": "way/133342136",
        "boat": "no",
        "name": "Maytunas Creek",
        "waterway": "stream"
      },
      "geometry": {
        "type": "LineString",
        "coordinates": [
          [
            121.0371006,
            14.5883855
          ],
          [
            121.0370355,
            14.5884376
          ],
          [
            121.0369528,
            14.5884386
          ],
          [
            121.0366176,
            14.5884645
          ],
          [
            121.0364675,
            14.5885517
          ],
          [
            121.0362509,
            14.5887195
          ],
          [
            121.0361131,
            14.5888363
          ],
          [
            121.0359971,
            14.5889015
          ],
          [
            121.0358591,
            14.588969
          ],
          [
            121.0357947,
            14.5890277
          ],
          [
            121.0357537,
            14.5890832
          ],
          [
            121.0358192,
            14.5891226
          ],
          [
            121.0358868,
            14.5891749
          ],
          [
            121.0359072,
            14.5893199
          ]
        ]
      },
      "id": "way/133342136"
    },
    {
      "type": "Feature",
      "properties": {
        "@id": "way/133342502",
        "boat": "no",
        "name": "Maytunas Creek",
        "waterway": "stream"
      },
      "geometry": {
        "type": "LineString",
        "coordinates": [
          [
            121.0320646,
            14.5932335
          ],
          [
            121.0319861,
            14.5931213
          ],
          [
            121.0318475,
            14.5929199
          ],
          [
            121.0317937,
            14.5927821
          ],
          [
            121.0318621,
            14.5925842
          ],
          [
            121.0319392,
            14.5924979
          ],
          [
            121.0320888,
            14.5925128
          ],
          [
            121.0323804,
            14.5926386
          ],
          [
            121.0324629,
            14.5926418
          ],
          [
            121.0326024,
            14.5924834
          ],
          [
            121.0328738,
            14.5921871
          ],
          [
            121.0331522,
            14.5919291
          ],
          [
            121.0332901,
            14.5916923
          ],
          [
            121.0333251,
            14.5916472
          ]
        ]
      },
      "id": "way/133342502"
    },
    {
      "type": "Feature",
      "properties": {
        "@id": "way/133342505",
        "boat": "no",
        "name": "Maytunas Creek",
        "waterway": "stream"
      },
      "geometry": {
        "type": "LineString",
        "coordinates": [
          [
            121.0304572,
            14.5942054
          ],
          [
            121.0305972,
            14.5941626
          ],
          [
            121.0306698,
            14.5940753
          ],
          [
            121.0307735,
            14.5939832
          ],
          [
            121.0308891,
            14.5939657
          ],
          [
            121.0311373,
            14.5939739
          ],
          [
            121.0313997,
            14.5939382
          ],
          [
            121.0315015,
            14.5938871
          ],
          [
            121.0315709,
            14.593828
          ],
          [
            121.0316757,
            14.5936842
          ],
          [
            121.0317326,
            14.5935916
          ],
          [
            121.031853,
            14.5935084
          ],
          [
            121.0319999,
            14.5934564
          ],
          [
            121.032044,
            14.5934249
          ],
          [
            121.0320811,
            14.5933742
          ],
          [
            121.0320819,
            14.5933186
          ]
        ]
      },
      "id": "way/133342505"
    },
    {
      "type": "Feature",
      "properties": {
        "@id": "way/135048797",
        "boat": "yes",
        "name": "Pasig River",
        "name:tl": "Ilog Pasig",
        "waterway": "river"
      },
      "geometry": {
        "type": "LineString",
        "coordinates": [
          [
            121.0649436,
            14.5609792
          ],
          [
            121.0640479,
            14.561131
          ],
          [
            121.0626956,
            14.561611
          ],
          [
            121.0616999,
            14.5624085
          ],
          [
            121.0597516,
            14.5642112
          ],
          [
            121.0583484,
            14.5649752
          ],
          [
            121.058241,
            14.5650336
          ],
          [
            121.0569086,
            14.5653426
          ],
          [
            121.0558247,
            14.5655935
          ],
          [
            121.0553692,
            14.5656936
          ]
        ]
      },
      "id": "way/135048797"
    },
    {
      "type": "Feature",
      "properties": {
        "@id": "way/150867907",
        "boat": "no",
        "name": "Maytunas Creek",
        "waterway": "stream"
      },
      "geometry": {
        "type": "LineString",
        "coordinates": [
          [
            121.0280973,
            14.5953365
          ],
          [
            121.0284018,
            14.5951134
          ],
          [
            121.0285631,
            14.5950382
          ],
          [
            121.0286945,
            14.595038
          ],
          [
            121.0289992,
            14.5952546
          ],
          [
            121.0290922,
            14.5952588
          ],
          [
            121.0291555,
            14.5951895
          ],
          [
            121.0293055,
            14.5950332
          ],
          [
            121.0294191,
            14.5948203
          ],
          [
            121.0294827,
            14.5947618
          ],
          [
            121.0297799,
            14.5947262
          ]
        ]
      },
      "id": "way/150867907"
    },
    {
      "type": "Feature",
      "properties": {
        "@id": "way/152287876",
        "waterway": "drain"
      },
      "geometry": {
        "type": "LineString",
        "coordinates": [
          [
            121.055641,
            14.6898903
          ],
          [
            121.0556519,
            14.6885871
          ],
          [
            121.0556577,
            14.6883957
          ],
          [
            121.0556239,
            14.6882099
          ],
          [
            121.0555891,
            14.68811
          ],
          [
            121.0554776,
            14.6879588
          ],
          [
            121.0556511,
            14.6878525
          ],
          [
            121.0559585,
            14.687789
          ],
          [
            121.0560499,
            14.6877507
          ],
          [
            121.0561605,
            14.6876215
          ]
        ]
      },
      "id": "way/152287876"
    },
    {
      "type": "Feature",
      "properties": {
        "@id": "way/154644780",
        "boat": "yes",
        "motorboat": "yes",
        "name": "Pasig River",
        "name:en": "Pasig River",
        "name:tl": "Ilog Pasig",
        "source": "Bing",
        "waterway": "river"
      },
      "geometry": {
        "type": "LineString",
        "coordinates": [
          [
            121.014488,
            14.5901854
          ],
          [
            121.0152271,
            14.5907217
          ],
          [
            121.0158104,
            14.591156
          ],
          [
            121.0160714,
            14.5914563
          ],
          [
            121.0161604,
            14.5917751
          ],
          [
            121.0161891,
            14.5920356
          ],
          [
            121.0161169,
            14.5922923
          ],
          [
            121.0159368,
            14.5926128
          ],
          [
            121.0155911,
            14.5930161
          ],
          [
            121.0151831,
            14.5932508
          ],
          [
            121.013718,
            14.593856
          ],
          [
            121.0128645,
            14.5941717
          ],
          [
            121.0121637,
            14.594541
          ],
          [
            121.0112688,
            14.5951599
          ]
        ]
      },
      "id": "way/154644780"
    },
    {
      "type": "Feature",
      "properties": {
        "@id": "way/154644826",
        "boat": "no",
        "name": "Buhangin Creek",
        "waterway": "drain"
      },
      "geometry": {
        "type": "LineString",
        "coordinates": [
          [
            121.0255599,
            14.5847658
          ],
          [
            121.025508,
            14.5848415
          ],
          [
            121.0254577,
            14.5849592
          ],
          [
            121.0253772,
            14.5849878
          ],
          [
            121.0252659,
            14.5849657
          ],
          [
            121.0251392,
            14.5849522
          ],
          [
            121.0250324,
            14.5850635
          ],
          [
            121.0249363,
            14.5851595
          ],
          [
            121.0248467,
            14.5851393
          ],
          [
            121.0247979,
            14.5850786
          ],
          [
            121.0247609,
            14.5849864
          ],
          [
            121.0246846,
            14.5849498
          ],
          [
            121.0246018,
            14.5849559
          ],
          [
            121.0244911,
            14.5850439
          ],
          [
            121.0244175,
            14.5851054
          ],
          [
            121.024392,
            14.585248
          ],
          [
            121.0243942,
            14.5853129
          ],
          [
            121.0244264,
            14.5853898
          ],
          [
            121.0244911,
            14.5854801
          ],
          [
            121.0244397,
            14.5856102
          ],
          [
            121.0243853,
            14.5856649
          ],
          [
            121.0241676,
            14.5857107
          ],
          [
            121.0241235,
            14.5857288
          ],
          [
            121.0240388,
            14.5858017
          ],
          [
            121.023993,
            14.5858971
          ],
          [
            121.0240365,
            14.5860042
          ]
        ]
      },
      "id": "way/154644826"
    },
    {
      "type": "Feature",
      "properties": {
        "@id": "way/160192403",
        "intermittent": "no",
        "name": "Estero de Valencia",
        "tunnel": "no",
        "waterway": "river",
        "width": "5"
      },
      "geometry": {
        "type": "LineString",
        "coordinates": [
          [
            121.004179,
            14.6057014
          ],
          [
            121.0040492,
            14.6055805
          ],
          [
            121.0036716,
            14.6054642
          ],
          [
            121.0033969,
            14.6052981
          ],
          [
            121.0032081,
            14.6052565
          ],
          [
            121.0025643,
            14.6048413
          ],
          [
            121.0024411,
            14.6046618
          ],
          [
            121.0022489,
            14.6043159
          ],
          [
            121.0022082,
            14.6039858
          ],
          [
            121.0019893,
            14.6032798
          ],
          [
            121.0019951,
            14.6031282
          ],
          [
            121.0020467,
            14.602897
          ],
          [
            121.0022129,
            14.6024265
          ],
          [
            121.0023671,
            14.6022964
          ],
          [
            121.0025721,
            14.6021804
          ],
          [
            121.0026561,
            14.6020687
          ],
          [
            121.0026712,
            14.601903
          ],
          [
            121.0026334,
            14.601798
          ],
          [
            121.0025909,
            14.6017033
          ],
          [
            121.002283,
            14.6010736
          ],
          [
            121.0021009,
            14.6007963
          ],
          [
            121.0019807,
            14.600381
          ],
          [
            121.0021009,
            14.6000903
          ],
          [
            121.0022551,
            14.5997082
          ],
          [
            121.0023585,
            14.5993217
          ],
          [
            121.0024584,
            14.5989395
          ],
          [
            121.0025913,
            14.5983854
          ],
          [
            121.0026682,
            14.5980766
          ],
          [
            121.0027405,
            14.5978037
          ],
          [
            121.0028212,
            14.5976327
          ],
          [
            121.0029296,
            14.5975868
          ],
          [
            121.0030784,
            14.5972866
          ],
          [
            121.0033667,
            14.5967518
          ]
        ]
      },
      "id": "way/160192403"
    },
    {
      "type": "Feature",
      "properties": {
        "@id": "way/187486765",
        "boat": "no",
        "name": "Estero de San Miguel",
        "waterway": "river"
      },
      "geometry": {
        "type": "LineString",
        "coordinates": [
          [
            120.9858066,
            14.595329
          ],
          [
            120.9854439,
            14.5952199
          ],
          [
            120.9848824,
            14.5953847
          ],
          [
            120.984541,
            14.595438
          ],
          [
            120.9843629,
            14.5954658
          ],
          [
            120.9834747,
            14.5949777
          ],
          [
            120.9827719,
            14.5947242
          ]
        ]
      },
      "id": "way/187486765"
    },
    {
      "type": "Feature",
      "properties": {
        "@id": "way/187486773",
        "boat": "yes",
        "name": "Pasig River",
        "name:en": "Pasig River",
        "name:es": "Río Pasig",
        "name:tl": "Ilog Pasig",
        "waterway": "river"
      },
      "geometry": {
        "type": "LineString",
        "coordinates": [
          [
            120.9816925,
            14.5960662
          ],
          [
            120.9807601,
            14.5968237
          ]
        ]
      },
      "id": "way/187486773"
    },
    {
      "type": "Feature",
      "properties": {
        "@id": "way/187492411",
        "boat": "yes",
        "name": "Pasig River",
        "name:en": "Pasig River",
        "name:es": "Río Pasig",
        "name:tl": "Ilog Pasig",
        "waterway": "river"
      },
      "geometry": {
        "type": "LineString",
        "coordinates": [
          [
            120.9962409,
            14.5951773
          ],
          [
            120.9959451,
            14.5948795
          ],
          [
            120.9957133,
            14.5945642
          ],
          [
            120.9953981,
            14.5938504
          ],
          [
            120.9946815,
            14.592735
          ],
          [
            120.9940389,
            14.5920311
          ],
          [
            120.9933873,
            14.5915717
          ],
          [
            120.9928282,
            14.5912614
          ]
        ]
      },
      "id": "way/187492411"
    },
    {
      "type": "Feature",
      "properties": {
        "@id": "way/217825138",
        "name": "Pasong Tamo Creek",
        "waterway": "river"
      },
      "geometry": {
        "type": "LineString",
        "coordinates": [
          [
            121.0505928,
            14.6771498
          ],
          [
            121.0506034,
            14.676872
          ],
          [
            121.0505807,
            14.6765864
          ],
          [
            121.0505581,
            14.6762905
          ],
          [
            121.0505881,
            14.6759238
          ],
          [
            121.0506245,
            14.6755186
          ],
          [
            121.0506442,
            14.6751447
          ],
          [
            121.0505521,
            14.6749704
          ],
          [
            121.0502789,
            14.6748307
          ],
          [
            121.0501135,
            14.6746286
          ],
          [
            121.0500857,
            14.6743044
          ],
          [
            121.0501922,
            14.6741275
          ],
          [
            121.0504453,
            14.6738081
          ],
          [
            121.0505723,
            14.6734282
          ],
          [
            121.0506493,
            14.673066
          ]
        ]
      },
      "id": "way/217825138"
    },
    {
      "type": "Feature",
      "properties": {
        "@id": "way/223096984",
        "boat": "yes",
        "name": "San Juan River",
        "waterway": "river",
        "wikidata": "Q7414612"
      },
      "geometry": {
        "type": "LineString",
        "coordinates": [
          [
            121.0257445,
            14.5956703
          ],
          [
            121.0259268,
            14.5952903
          ],
          [
            121.0259967,
            14.5950248
          ]
        ]
      },
      "id": "way/223096984"
    },
    {
      "type": "Feature",
      "properties": {
        "@id": "way/225443001",
        "admin_level": "10",
        "boundary": "administrative",
        "name": "Nangka River",
        "waterway": "river"
      },
      "geometry": {
        "type": "LineString",
        "coordinates": [
          [
            121.1709948,
            14.6346929
          ],
          [
            121.1708675,
            14.6346066
          ],
          [
            121.1707483,
            14.6345819
          ],
          [
            121.1705387,
            14.6345984
          ],
          [
            121.1702757,
            14.6346354
          ],
          [
            121.170021,
            14.634697
          ],
          [
            121.1698854,
            14.6347586
          ],
          [
            121.1696676,
            14.6348367
          ],
          [
            121.1694046,
            14.634886
          ],
          [
            121.169117,
            14.6348983
          ],
          [
            121.168817,
            14.6349394
          ],
          [
            121.1687348,
            14.634923
          ],
          [
            121.1685705,
            14.6348531
          ],
          [
            121.1684307,
            14.6347586
          ],
          [
            121.1682705,
            14.6346436
          ],
          [
            121.1681842,
            14.634508
          ],
          [
            121.1680691,
            14.6343683
          ],
          [
            121.1679623,
            14.634319
          ],
          [
            121.1678103,
            14.6342943
          ],
          [
            121.1676993,
            14.6342861
          ],
          [
            121.1675678,
            14.6343477
          ],
          [
            121.1675185,
            14.6344258
          ],
          [
            121.1674487,
            14.6345203
          ],
          [
            121.1672597,
            14.6346025
          ],
          [
            121.1670172,
            14.6347504
          ],
          [
            121.1669063,
            14.6347627
          ],
          [
            121.1667953,
            14.6347422
          ],
          [
            121.1666926,
            14.6346929
          ],
          [
            121.1664625,
            14.6344874
          ],
          [
            121.1663228,
            14.6344094
          ],
          [
            121.166179,
            14.6343888
          ],
          [
            121.1660516,
            14.6344011
          ],
          [
            121.1659242,
            14.6344833
          ],
          [
            121.1657064,
            14.6344669
          ],
          [
            121.1655503,
            14.6343888
          ],
          [
            121.1652955,
            14.6343765
          ],
          [
            121.1651024,
            14.6344463
          ],
          [
            121.1649668,
            14.6344833
          ],
          [
            121.164675,
            14.6343888
          ],
          [
            121.1644983,
            14.6343477
          ],
          [
            121.1643257,
            14.6342491
          ],
          [
            121.1641038,
            14.6340724
          ],
          [
            121.1638491,
            14.6337807
          ],
          [
            121.1635656,
            14.63353
          ],
          [
            121.1634423,
            14.6333944
          ],
          [
            121.1632533,
            14.6332835
          ],
          [
            121.1631341,
            14.6331848
          ],
          [
            121.1630026,
            14.6330451
          ],
          [
            121.1629286,
            14.6329506
          ],
          [
            121.1628465,
            14.6329136
          ],
          [
            121.1627191,
            14.632926
          ],
          [
            121.1626533,
            14.6330287
          ],
          [
            121.1626246,
            14.6331479
          ],
          [
            121.162567,
            14.633267
          ],
          [
            121.1624807,
            14.6333451
          ],
          [
            121.1623821,
            14.6334396
          ],
          [
            121.1623287,
            14.633493
          ],
          [
            121.1622219,
            14.6335547
          ],
          [
            121.1620863,
            14.6336451
          ],
          [
            121.1619671,
            14.6338053
          ],
          [
            121.1618931,
            14.6339491
          ],
          [
            121.1618438,
            14.6340436
          ],
          [
            121.1617822,
            14.6341505
          ],
          [
            121.1616754,
            14.6342779
          ],
          [
            121.1616384,
            14.6344422
          ],
          [
            121.1616507,
            14.6345162
          ],
          [
            121.1617617,
            14.6345861
          ],
          [
            121.1619383,
            14.6346559
          ],
          [
            121.162115,
            14.6347627
          ],
          [
            121.1621643,
            14.6350052
          ],
          [
            121.1621395,
            14.6352608
          ],
          [
            121.1620977,
            14.6354754
          ],
          [
            121.1620995,
            14.6358427
          ],
          [
            121.1620631,
            14.6359463
          ],
          [
            121.1620359,
            14.6360772
          ],
          [
            121.1619977,
            14.6364645
          ],
          [
            121.1619631,
            14.63659
          ],
          [
            121.1619559,
            14.6366864
          ],
          [
            121.1619304,
            14.6367355
          ],
          [
            121.1618849,
            14.6368027
          ],
          [
            121.1617831,
            14.63685
          ],
          [
            121.1617177,
            14.6369591
          ],
          [
            121.1615922,
            14.6371319
          ],
          [
            121.1615504,
            14.6371628
          ],
          [
            121.1615049,
            14.6371773
          ],
          [
            121.1614322,
            14.6371555
          ],
          [
            121.1612813,
            14.6371064
          ],
          [
            121.1611376,
            14.6370518
          ],
          [
            121.1610158,
            14.6369464
          ],
          [
            121.1609285,
            14.6369318
          ],
          [
            121.1608249,
            14.6369064
          ],
          [
            121.1606903,
            14.6368009
          ],
          [
            121.1605321,
            14.6366882
          ],
          [
            121.1602557,
            14.6366227
          ],
          [
            121.1601212,
            14.6366245
          ],
          [
            121.1599884,
            14.63663
          ],
          [
            121.1598921,
            14.6366536
          ],
          [
            121.159763,
            14.6367936
          ],
          [
            121.159703,
            14.6368227
          ],
          [
            121.1596066,
            14.6368355
          ],
          [
            121.159512,
            14.6369137
          ],
          [
            121.1594211,
            14.6370573
          ],
          [
            121.1593066,
            14.6371991
          ],
          [
            121.1591684,
            14.6372791
          ],
          [
            121.1589811,
            14.6372973
          ],
          [
            121.1589156,
            14.6372846
          ],
          [
            121.1588338,
            14.637261
          ],
          [
            121.1587756,
            14.6372009
          ],
          [
            121.1587647,
            14.6369846
          ],
          [
            121.1587593,
            14.6367955
          ],
          [
            121.1586502,
            14.6366009
          ],
          [
            121.1585429,
            14.6364936
          ],
          [
            121.1583647,
            14.6364445
          ],
          [
            121.1581374,
            14.6364209
          ],
          [
            121.1580592,
            14.6364573
          ],
          [
            121.1579538,
            14.63649
          ],
          [
            121.1578283,
            14.6364845
          ],
          [
            121.1576483,
            14.63643
          ],
          [
            121.1575337,
            14.6363936
          ],
          [
            121.1573137,
            14.6362463
          ],
          [
            121.157181,
            14.6361263
          ],
          [
            121.1570901,
            14.6359445
          ],
          [
            121.1569882,
            14.6357627
          ],
          [
            121.1569737,
            14.6356554
          ],
          [
            121.1569773,
            14.6354717
          ],
          [
            121.1569846,
            14.6352972
          ],
          [
            121.1570137,
            14.6351608
          ],
          [
            121.157181,
            14.6348226
          ],
          [
            121.1573155,
            14.6344517
          ],
          [
            121.1573883,
            14.6341989
          ],
          [
            121.1574119,
            14.6341371
          ],
          [
            121.157421,
            14.6340244
          ],
          [
            121.1573992,
            14.6339607
          ],
          [
            121.1573828,
            14.6338025
          ],
          [
            121.1573755,
            14.6336934
          ],
          [
            121.1573573,
            14.6335698
          ],
          [
            121.1573137,
            14.6334352
          ],
          [
            121.1572537,
            14.6333861
          ],
          [
            121.1571028,
            14.633337
          ],
          [
            121.1570119,
            14.6333225
          ],
          [
            121.1567518,
            14.633237
          ],
          [
            121.1566427,
            14.6332152
          ],
          [
            121.1565246,
            14.6331279
          ],
          [
            121.15641,
            14.6330588
          ],
          [
            121.1562445,
            14.633017
          ],
          [
            121.1560336,
            14.632997
          ],
          [
            121.1557918,
            14.6329479
          ],
          [
            121.1556609,
            14.6329443
          ],
          [
            121.1555336,
            14.6329661
          ],
          [
            121.1553517,
            14.633057
          ],
          [
            121.1551608,
            14.6330861
          ],
          [
            121.1549135,
            14.6330807
          ],
          [
            121.1548026,
            14.6330516
          ],
          [
            121.1546026,
            14.632997
          ],
          [
            121.1543735,
            14.6329225
          ],
          [
            121.1542571,
            14.632797
          ],
          [
            121.1541917,
            14.6325988
          ],
          [
            121.1540626,
            14.6323551
          ],
          [
            121.1540098,
            14.6322715
          ],
          [
            121.1539589,
            14.632246
          ],
          [
            121.1538735,
            14.6322497
          ],
          [
            121.1537862,
            14.632197
          ],
          [
            121.1537589,
            14.6320788
          ],
          [
            121.1536534,
            14.6320806
          ],
          [
            121.1535134,
            14.6321115
          ],
          [
            121.1534062,
            14.6321315
          ],
          [
            121.1532389,
            14.6321679
          ],
          [
            121.1528879,
            14.6322897
          ],
          [
            121.152677,
            14.6323151
          ],
          [
            121.152617,
            14.6323133
          ],
          [
            121.1525097,
            14.6322897
          ],
          [
            121.1524043,
            14.6321933
          ],
          [
            121.1522588,
            14.6321606
          ],
          [
            121.1520333,
            14.6320442
          ],
          [
            121.1519024,
            14.6319897
          ],
          [
            121.1517988,
            14.6319151
          ],
          [
            121.1516115,
            14.6317551
          ],
          [
            121.1515042,
            14.6316987
          ],
          [
            121.1513351,
            14.6316624
          ],
          [
            121.1512787,
            14.6316606
          ],
          [
            121.1511969,
            14.6316606
          ],
          [
            121.1510642,
            14.6317133
          ],
          [
            121.1509696,
            14.6317878
          ],
          [
            121.1508405,
            14.6318206
          ],
          [
            121.1506005,
            14.6318678
          ]
        ]
      },
      "id": "way/225443001"
    },
    {
      "type": "Feature",
      "properties": {
        "@id": "way/225443002",
        "name": "Nangka River",
        "waterway": "river"
      },
      "geometry": {
        "type": "LineString",
        "coordinates": [
          [
            121.1506005,
            14.6318678
          ],
          [
            121.1505153,
            14.6318941
          ],
          [
            121.1503241,
            14.6319533
          ],
          [
            121.1501368,
            14.6320133
          ],
          [
            121.1499641,
            14.6320733
          ],
          [
            121.1498186,
            14.6322315
          ],
          [
            121.1495586,
            14.6325643
          ],
          [
            121.1492877,
            14.6328825
          ],
          [
            121.1491386,
            14.6329516
          ],
          [
            121.1490749,
            14.6329825
          ],
          [
            121.1490477,
            14.6331007
          ],
          [
            121.1490295,
            14.6332334
          ],
          [
            121.1490768,
            14.6333389
          ],
          [
            121.1491022,
            14.6334025
          ],
          [
            121.1491822,
            14.6335043
          ],
          [
            121.1493259,
            14.633808
          ],
          [
            121.1494477,
            14.6340025
          ],
          [
            121.1495095,
            14.6342007
          ],
          [
            121.1495604,
            14.6344553
          ],
          [
            121.1495732,
            14.6347535
          ],
          [
            121.1496004,
            14.6349953
          ],
          [
            121.149575,
            14.6350717
          ],
          [
            121.1495277,
            14.635119
          ],
          [
            121.1493895,
            14.6352499
          ],
          [
            121.1492513,
            14.6353463
          ],
          [
            121.1491568,
            14.6355136
          ],
          [
            121.1491004,
            14.6356263
          ],
          [
            121.1489367,
            14.6358536
          ],
          [
            121.1488204,
            14.63599
          ],
          [
            121.1486676,
            14.63617
          ],
          [
            121.1484913,
            14.6363591
          ],
          [
            121.1483167,
            14.6365827
          ],
          [
            121.1481694,
            14.6367573
          ],
          [
            121.147973,
            14.63699
          ],
          [
            121.1477548,
            14.6372373
          ],
          [
            121.1476676,
            14.6372937
          ],
          [
            121.1475221,
            14.6373682
          ],
          [
            121.1474475,
            14.6373682
          ],
          [
            121.1473621,
            14.6373119
          ],
          [
            121.1472421,
            14.6372191
          ],
          [
            121.1471639,
            14.6371973
          ],
          [
            121.1470112,
            14.6371973
          ],
          [
            121.1468584,
            14.6371646
          ],
          [
            121.1467402,
            14.6370809
          ],
          [
            121.1466784,
            14.6371046
          ],
          [
            121.1465948,
            14.6371391
          ],
          [
            121.1465148,
            14.6371228
          ],
          [
            121.1464366,
            14.6370646
          ],
          [
            121.1463184,
            14.6370009
          ],
          [
            121.1461493,
            14.6369864
          ],
          [
            121.1457474,
            14.6369591
          ],
          [
            121.1453819,
            14.6369446
          ],
          [
            121.1450892,
            14.6369591
          ],
          [
            121.1449728,
            14.6369591
          ],
          [
            121.1447946,
            14.6370009
          ],
          [
            121.1445728,
            14.6370791
          ],
          [
            121.1443201,
            14.637241
          ],
          [
            121.1441782,
            14.637401
          ],
          [
            121.144,
            14.6374682
          ],
          [
            121.1437709,
            14.6375755
          ],
          [
            121.1436764,
            14.6375992
          ],
          [
            121.1435473,
            14.637601
          ],
          [
            121.1434327,
            14.6375719
          ],
          [
            121.1433254,
            14.6375082
          ],
          [
            121.1431927,
            14.637401
          ],
          [
            121.1430581,
            14.6373519
          ],
          [
            121.142909,
            14.6373591
          ],
          [
            121.1427072,
            14.6373901
          ],
          [
            121.1425381,
            14.6374446
          ],
          [
            121.1424108,
            14.6375555
          ],
          [
            121.1423472,
            14.6376392
          ],
          [
            121.1422963,
            14.6377901
          ],
          [
            121.1423126,
            14.6379319
          ],
          [
            121.1424236,
            14.6380137
          ],
          [
            121.1426272,
            14.6380828
          ],
          [
            121.1428309,
            14.6382574
          ],
          [
            121.1429054,
            14.6382865
          ],
          [
            121.14304,
            14.6383174
          ],
          [
            121.1431327,
            14.6383792
          ],
          [
            121.1432345,
            14.6384574
          ],
          [
            121.1433545,
            14.6385247
          ],
          [
            121.1434764,
            14.6385556
          ],
          [
            121.1436636,
            14.6385647
          ],
          [
            121.1439,
            14.6387374
          ],
          [
            121.1439818,
            14.6388302
          ],
          [
            121.14412,
            14.638912
          ],
          [
            121.1443819,
            14.6390647
          ],
          [
            121.1445564,
            14.6391575
          ],
          [
            121.1446128,
            14.6391811
          ],
          [
            121.144771,
            14.6391865
          ],
          [
            121.1449001,
            14.639212
          ],
          [
            121.144971,
            14.639252
          ],
          [
            121.1450401,
            14.6393738
          ],
          [
            121.1451183,
            14.639552
          ],
          [
            121.1451383,
            14.6397466
          ],
          [
            121.1450892,
            14.6399539
          ],
          [
            121.1450856,
            14.6400848
          ],
          [
            121.1451128,
            14.6402339
          ],
          [
            121.1451565,
            14.6403757
          ],
          [
            121.1452401,
            14.6405539
          ],
          [
            121.1452801,
            14.6408321
          ],
          [
            121.1453838,
            14.6410685
          ],
          [
            121.1454965,
            14.641234
          ],
          [
            121.1456238,
            14.6414067
          ],
          [
            121.145702,
            14.6415303
          ],
          [
            121.1457911,
            14.6416431
          ],
          [
            121.1458329,
            14.6417413
          ],
          [
            121.1458238,
            14.6418486
          ],
          [
            121.1458231,
            14.6419954
          ],
          [
            121.1457985,
            14.642086
          ],
          [
            121.1457269,
            14.6421779
          ],
          [
            121.1456272,
            14.6422449
          ],
          [
            121.1455182,
            14.6423356
          ],
          [
            121.1453828,
            14.6424786
          ],
          [
            121.1452646,
            14.6426843
          ],
          [
            121.1450931,
            14.6429412
          ],
          [
            121.1449487,
            14.6431125
          ],
          [
            121.1447904,
            14.6432587
          ],
          [
            121.1447019,
            14.6432977
          ],
          [
            121.1446473,
            14.6433687
          ],
          [
            121.1446119,
            14.6433871
          ],
          [
            121.1445675,
            14.6434352
          ],
          [
            121.1445237,
            14.6435474
          ],
          [
            121.1444484,
            14.6436561
          ],
          [
            121.1443445,
            14.64381
          ],
          [
            121.144213,
            14.6438922
          ],
          [
            121.1441112,
            14.6439224
          ],
          [
            121.1440689,
            14.6439358
          ],
          [
            121.1440242,
            14.6439842
          ]
        ]
      },
      "id": "way/225443002"
    },
    {
      "type": "Feature",
      "properties": {
        "@id": "way/225595164",
        "name": "Manggahan Floodway",
        "waterway": "river",
        "@relations": [
          {
            "role": "",
            "rel": 10699539,
            "reltags": {
              "name": "Manggahan Floodway",
              "type": "waterway",
              "waterway": "river",
              "wikidata": "Q16894592",
              "wikimedia_commons": "Category:Manggahan Floodway"
            }
          }
        ]
      },
      "geometry": {
        "type": "LineString",
        "coordinates": [
          [
            121.1175762,
            14.5518009
          ],
          [
            121.1193467,
            14.5493332
          ]
        ]
      },
      "id": "way/225595164"
    },
    {
      "type": "Feature",
      "properties": {
        "@id": "way/225595165",
        "name": "Manggahan Floodway",
        "waterway": "river",
        "wikidata": "Q16894592",
        "wikipedia": "en:Manggahan Floodway",
        "@relations": [
          {
            "role": "",
            "rel": 10699539,
            "reltags": {
              "name": "Manggahan Floodway",
              "type": "waterway",
              "waterway": "river",
              "wikidata": "Q16894592",
              "wikimedia_commons": "Category:Manggahan Floodway"
            }
          }
        ]
      },
      "geometry": {
        "type": "LineString",
        "coordinates": [
          [
            121.1193467,
            14.5493332
          ],
          [
            121.129651,
            14.5348215
          ],
          [
            121.130324,
            14.5338736
          ],
          [
            121.1337036,
            14.528664
          ],
          [
            121.1340093,
            14.5281927
          ],
          [
            121.1372709,
            14.5236852
          ],
          [
            121.139524,
            14.5186999
          ],
          [
            121.1410303,
            14.5127066
          ],
          [
            121.1414766,
            14.5109309
          ],
          [
            121.1429182,
            14.5088794
          ],
          [
            121.1441052,
            14.5079707
          ],
          [
            121.149609,
            14.5045015
          ]
        ]
      },
      "id": "way/225595165"
    },
    {
      "type": "Feature",
      "properties": {
        "@id": "way/225595166",
        "name": "Manggahan Floodway",
        "waterway": "river",
        "wikidata": "Q16894592",
        "wikipedia": "en:Manggahan Floodway",
        "@relations": [
          {
            "role": "",
            "rel": 10699539,
            "reltags": {
              "name": "Manggahan Floodway",
              "type": "waterway",
              "waterway": "river",
              "wikidata": "Q16894592",
              "wikimedia_commons": "Category:Manggahan Floodway"
            }
          }
        ]
      },
      "geometry": {
        "type": "LineString",
        "coordinates": [
          [
            121.0927353,
            14.5900874
          ],
          [
            121.0937359,
            14.5868148
          ],
          [
            121.09453,
            14.5848641
          ],
          [
            121.0953037,
            14.5831104
          ],
          [
            121.0972204,
            14.5804243
          ],
          [
            121.0979957,
            14.5793379
          ]
        ]
      },
      "id": "way/225595166"
    },
    {
      "type": "Feature",
      "properties": {
        "@id": "way/225595175",
        "alt_name": "Napindan Channel",
        "alt_name:tl": "Ilog Napindan",
        "boat": "yes",
        "name": "Pasig River",
        "name:en": "Pasig River",
        "name:tl": "Ilog Pasig",
        "waterway": "river",
        "@relations": [
          {
            "role": "",
            "rel": 12548411,
            "reltags": {
              "name": "Napindan Channel",
              "type": "waterway",
              "waterway": "river"
            }
          }
        ]
      },
      "geometry": {
        "type": "LineString",
        "coordinates": [
          [
            121.1084498,
            14.5261723
          ],
          [
            121.1079168,
            14.5262505
          ],
          [
            121.1073519,
            14.5263165
          ],
          [
            121.1067796,
            14.5265725
          ],
          [
            121.1062842,
            14.5268807
          ],
          [
            121.10605,
            14.5270866
          ],
          [
            121.1058943,
            14.5273252
          ],
          [
            121.1058193,
            14.5275799
          ],
          [
            121.1058086,
            14.5278448
          ],
          [
            121.1058336,
            14.5281649
          ],
          [
            121.1059607,
            14.5289786
          ],
          [
            121.1061519,
            14.5296934
          ],
          [
            121.1063523,
            14.5302796
          ],
          [
            121.1064392,
            14.5308831
          ],
          [
            121.1064309,
            14.5312591
          ],
          [
            121.1063813,
            14.53167
          ],
          [
            121.1062351,
            14.5319938
          ],
          [
            121.1059661,
            14.5323348
          ],
          [
            121.1056262,
            14.5327312
          ],
          [
            121.1051059,
            14.5331207
          ],
          [
            121.1040832,
            14.5338787
          ]
        ]
      },
      "id": "way/225595175"
    },
    {
      "type": "Feature",
      "properties": {
        "@id": "way/226829296",
        "boat": "yes",
        "name": "Pasig River",
        "name:en": "Pasig River",
        "name:tl": "Ilog Pasig",
        "waterway": "river",
        "wikidata": "Q1156477",
        "wikipedia": "en:Pasig River"
      },
      "geometry": {
        "type": "LineString",
        "coordinates": [
          [
            121.0225394,
            14.5764544
          ],
          [
            121.0218947,
            14.5768554
          ]
        ]
      },
      "id": "way/226829296"
    },
    {
      "type": "Feature",
      "properties": {
        "@id": "way/226831893",
        "boat": "no",
        "name": "Balisampan Creek",
        "waterway": "river",
        "width": "4"
      },
      "geometry": {
        "type": "LineString",
        "coordinates": [
          [
            121.04213,
            14.5618191
          ],
          [
            121.0420698,
            14.5621313
          ],
          [
            121.0419853,
            14.5624097
          ],
          [
            121.0417588,
            14.5626682
          ],
          [
            121.0418864,
            14.5629288
          ],
          [
            121.0418992,
            14.5630341
          ],
          [
            121.0418778,
            14.5631051
          ],
          [
            121.0417959,
            14.5631997
          ],
          [
            121.0417311,
            14.563276
          ],
          [
            121.0416452,
            14.5633507
          ],
          [
            121.0415594,
            14.5634006
          ],
          [
            121.0414221,
            14.5634504
          ],
          [
            121.0410702,
            14.5634172
          ],
          [
            121.0408127,
            14.5634172
          ],
          [
            121.0407011,
            14.5636166
          ],
          [
            121.0406594,
            14.5637337
          ],
          [
            121.0406839,
            14.563791
          ],
          [
            121.0407526,
            14.5638242
          ],
          [
            121.0409074,
            14.5638171
          ],
          [
            121.0410244,
            14.5638252
          ],
          [
            121.0411407,
            14.5639035
          ],
          [
            121.0412193,
            14.5640387
          ],
          [
            121.0411889,
            14.5641344
          ],
          [
            121.0411265,
            14.5641951
          ],
          [
            121.040903,
            14.564341
          ],
          [
            121.040903,
            14.5644641
          ],
          [
            121.0409991,
            14.5646152
          ],
          [
            121.0410616,
            14.564738
          ],
          [
            121.0411311,
            14.5650215
          ],
          [
            121.0411714,
            14.5651968
          ],
          [
            121.04127,
            14.5654262
          ],
          [
            121.041362,
            14.5655688
          ],
          [
            121.0414564,
            14.5657681
          ],
          [
            121.0413644,
            14.5658981
          ],
          [
            121.0411199,
            14.5661156
          ],
          [
            121.0408852,
            14.5663634
          ],
          [
            121.0406261,
            14.5664927
          ],
          [
            121.0402992,
            14.5666369
          ],
          [
            121.0399742,
            14.5666959
          ],
          [
            121.0398441,
            14.5667486
          ],
          [
            121.0397584,
            14.5668296
          ],
          [
            121.0397203,
            14.5669
          ],
          [
            121.0397105,
            14.5669786
          ],
          [
            121.03992,
            14.5671471
          ],
          [
            121.0401271,
            14.5672407
          ],
          [
            121.0401912,
            14.5673909
          ],
          [
            121.0402308,
            14.5676751
          ],
          [
            121.0401944,
            14.5680722
          ]
        ]
      },
      "id": "way/226831893"
    },
    {
      "type": "Feature",
      "properties": {
        "@id": "way/226831897",
        "boat": "no",
        "name": "Pateros River",
        "waterway": "river"
      },
      "geometry": {
        "type": "LineString",
        "coordinates": [
          [
            121.0664687,
            14.5572337
          ],
          [
            121.0666671,
            14.5575046
          ],
          [
            121.0669281,
            14.5577153
          ]
        ]
      },
      "id": "way/226831897"
    },
    {
      "type": "Feature",
      "properties": {
        "@id": "way/236520944",
        "name": "Wawa River",
        "waterway": "river",
        "wikidata": "Q34846310",
        "@relations": [
          {
            "role": "main_stream",
            "rel": 18100986,
            "reltags": {
              "destination": "Marikina River",
              "name": "Wawa River",
              "type": "waterway",
              "waterway": "river",
              "wikidata": "Q34846310"
            }
          }
        ]
      },
      "geometry": {
        "type": "LineString",
        "coordinates": [
          [
            121.2206957,
            14.7453388
          ],
          [
            121.2204224,
            14.7450837
          ],
          [
            121.2203586,
            14.7448285
          ],
          [
            121.2202857,
            14.7441178
          ],
          [
            121.2201672,
            14.743234
          ],
          [
            121.2202401,
            14.7430153
          ],
          [
            121.2204224,
            14.7428331
          ],
          [
            121.2206228,
            14.7426964
          ],
          [
            121.2206684,
            14.7426144
          ],
          [
            121.2207595,
            14.7424595
          ],
          [
            121.2207413,
            14.7422863
          ],
          [
            121.220714,
            14.7420859
          ],
          [
            121.2205955,
            14.7419037
          ],
          [
            121.2204133,
            14.7417579
          ],
          [
            121.2203281,
            14.7417403
          ],
          [
            121.220149,
            14.7417032
          ],
          [
            121.2198939,
            14.7416667
          ],
          [
            121.2196114,
            14.7417214
          ],
          [
            121.2193654,
            14.7418308
          ],
          [
            121.2189463,
            14.7420494
          ],
          [
            121.2185545,
            14.7422499
          ],
          [
            121.2183449,
            14.7423592
          ],
          [
            121.2181262,
            14.7424412
          ],
          [
            121.2179349,
            14.742423
          ],
          [
            121.21778,
            14.7423228
          ],
          [
            121.217698,
            14.7422135
          ],
          [
            121.2175522,
            14.7419583
          ],
          [
            121.2174519,
            14.7417214
          ],
          [
            121.2172788,
            14.7416212
          ],
          [
            121.2170692,
            14.741603
          ],
          [
            121.2167686,
            14.7416667
          ],
          [
            121.2163585,
            14.7418216
          ],
          [
            121.2159667,
            14.7418581
          ],
          [
            121.2155931,
            14.7417852
          ],
          [
            121.2153418,
            14.741559
          ],
          [
            121.2153198,
            14.7415392
          ],
          [
            121.215092,
            14.7412112
          ],
          [
            121.2150647,
            14.7408831
          ],
          [
            121.2152104,
            14.740464
          ],
          [
            121.2153653,
            14.7402544
          ],
          [
            121.2154511,
            14.7401944
          ],
          [
            121.2155476,
            14.7401269
          ],
          [
            121.215584,
            14.7399264
          ],
          [
            121.215584,
            14.7396986
          ],
          [
            121.2154565,
            14.7394526
          ],
          [
            121.2151831,
            14.739243
          ],
          [
            121.2148551,
            14.7388512
          ],
          [
            121.2144612,
            14.7386577
          ],
          [
            121.2143357,
            14.7385961
          ],
          [
            121.2134883,
            14.7383318
          ],
          [
            121.2131512,
            14.7382863
          ],
          [
            121.212814,
            14.7381587
          ],
          [
            121.2126591,
            14.7380767
          ],
          [
            121.2125407,
            14.73794
          ],
          [
            121.2124769,
            14.7376211
          ],
          [
            121.2125225,
            14.7373022
          ],
          [
            121.2127503,
            14.7371746
          ],
          [
            121.2130874,
            14.7370562
          ],
          [
            121.2131967,
            14.7370197
          ],
          [
            121.2133514,
            14.7368994
          ],
          [
            121.2134428,
            14.7368284
          ],
          [
            121.2134701,
            14.7366735
          ],
          [
            121.2134792,
            14.7364457
          ],
          [
            121.2133334,
            14.7362088
          ],
          [
            121.2132241,
            14.7358625
          ],
          [
            121.213215,
            14.7355892
          ],
          [
            121.2132605,
            14.7353249
          ],
          [
            121.2132714,
            14.7353001
          ],
          [
            121.2133607,
            14.7350972
          ],
          [
            121.2135359,
            14.7350041
          ],
          [
            121.2136523,
            14.7349423
          ],
          [
            121.2138254,
            14.7347418
          ],
          [
            121.2139439,
            14.7344776
          ],
          [
            121.2139986,
            14.7341769
          ],
          [
            121.2139986,
            14.7337759
          ],
          [
            121.2138619,
            14.7336302
          ],
          [
            121.213625,
            14.7335299
          ],
          [
            121.2133686,
            14.7334875
          ],
          [
            121.2130236,
            14.7335482
          ],
          [
            121.2128687,
            14.7335755
          ],
          [
            121.2125954,
            14.7335482
          ],
          [
            121.2124496,
            14.7334753
          ],
          [
            121.2124301,
            14.7333713
          ],
          [
            121.2124222,
            14.7333295
          ],
          [
            121.2125407,
            14.7332384
          ],
          [
            121.2125498,
            14.7329103
          ],
          [
            121.2125771,
            14.7326552
          ],
          [
            121.2124222,
            14.7325823
          ],
          [
            121.2122764,
            14.7325641
          ],
          [
            121.2121033,
            14.7325003
          ],
          [
            121.2119666,
            14.7324001
          ],
          [
            121.2118573,
            14.7321085
          ],
          [
            121.2117571,
            14.73199
          ],
          [
            121.2115566,
            14.7317805
          ],
          [
            121.2113926,
            14.7316894
          ],
          [
            121.2109644,
            14.7315436
          ],
          [
            121.2104632,
            14.7315709
          ],
          [
            121.210117,
            14.731498
          ],
          [
            121.2100044,
            14.731415
          ],
          [
            121.2099438,
            14.7313704
          ],
          [
            121.2097798,
            14.7311973
          ],
          [
            121.2096158,
            14.730842
          ],
          [
            121.2097069,
            14.7306597
          ],
          [
            121.2098709,
            14.7304684
          ],
          [
            121.2098892,
            14.7301768
          ],
          [
            121.20988,
            14.729867
          ],
          [
            121.2098072,
            14.7296848
          ],
          [
            121.2096249,
            14.7296301
          ],
          [
            121.2094609,
            14.7296756
          ],
          [
            121.2092878,
            14.7296848
          ],
          [
            121.2091147,
            14.7296392
          ],
          [
            121.2088686,
            14.7291654
          ],
          [
            121.2088413,
            14.72881
          ],
          [
            121.2087502,
            14.7284273
          ],
          [
            121.2087775,
            14.7280538
          ],
          [
            121.2087957,
            14.7274888
          ],
          [
            121.2090782,
            14.7272701
          ],
          [
            121.2092604,
            14.7270879
          ],
          [
            121.2094765,
            14.7266637
          ],
          [
            121.2094894,
            14.726552
          ],
          [
            121.2094814,
            14.7263679
          ],
          [
            121.209388,
            14.7260765
          ],
          [
            121.2094153,
            14.7253476
          ],
          [
            121.2092604,
            14.72481
          ],
          [
            121.2091147,
            14.7246915
          ],
          [
            121.2089324,
            14.7246733
          ],
          [
            121.2086135,
            14.7247735
          ],
          [
            121.2083766,
            14.7249102
          ],
          [
            121.2083037,
            14.7250286
          ],
          [
            121.2082126,
            14.7253202
          ],
          [
            121.2080759,
            14.7254387
          ],
          [
            121.2079028,
            14.7254751
          ],
          [
            121.2076841,
            14.7253658
          ],
          [
            121.2075201,
            14.7251653
          ],
          [
            121.2072376,
            14.7248282
          ],
          [
            121.2068185,
            14.7244728
          ],
          [
            121.2064449,
            14.7241812
          ],
          [
            121.2060713,
            14.723917
          ],
          [
            121.2055155,
            14.723671
          ],
          [
            121.2050781,
            14.7237257
          ],
          [
            121.2048321,
            14.7235616
          ],
          [
            121.2046134,
            14.723261
          ],
          [
            121.2047592,
            14.7228327
          ],
          [
            121.2050508,
            14.722368
          ],
          [
            121.2051237,
            14.7218304
          ],
          [
            121.205069,
            14.7212746
          ],
          [
            121.204823,
            14.7209375
          ],
          [
            121.2045223,
            14.7208008
          ],
          [
            121.2042216,
            14.7207917
          ],
          [
            121.2039665,
            14.7208463
          ],
          [
            121.2037478,
            14.7209283
          ],
          [
            121.203438,
            14.7213293
          ],
          [
            121.2032649,
            14.7216846
          ],
          [
            121.2031829,
            14.7219489
          ],
          [
            121.2031738,
            14.722122
          ],
          [
            121.2032376,
            14.7224682
          ],
          [
            121.2034836,
            14.7228965
          ],
          [
            121.203684,
            14.7232154
          ],
          [
            121.2037843,
            14.7234796
          ],
          [
            121.2037707,
            14.723593
          ],
          [
            121.2037569,
            14.7237074
          ],
          [
            121.2037205,
            14.7238714
          ],
          [
            121.2036385,
            14.7239443
          ],
          [
            121.203356,
            14.7238897
          ],
          [
            121.2028731,
            14.7236528
          ],
          [
            121.2026238,
            14.7233857
          ],
          [
            121.202618,
            14.7233794
          ],
          [
            121.2023993,
            14.7232883
          ],
          [
            121.2022535,
            14.7233703
          ],
          [
            121.2021988,
            14.7235434
          ],
          [
            121.2022808,
            14.7237074
          ],
          [
            121.2023628,
            14.7239443
          ],
          [
            121.2023355,
            14.7242086
          ],
          [
            121.2022524,
            14.7243488
          ],
          [
            121.20212,
            14.7245454
          ],
          [
            121.2019899,
            14.724635
          ],
          [
            121.2018321,
            14.7246718
          ],
          [
            121.2016179,
            14.7246524
          ],
          [
            121.2011209,
            14.7245857
          ],
          [
            121.200803,
            14.7244885
          ],
          [
            121.2005764,
            14.7244119
          ],
          [
            121.2004268,
            14.7242556
          ],
          [
            121.2003925,
            14.7240592
          ],
          [
            121.2004494,
            14.7238714
          ],
          [
            121.2006134,
            14.7236072
          ],
          [
            121.2007357,
            14.7233792
          ],
          [
            121.2007575,
            14.7231843
          ],
          [
            121.200675,
            14.7229223
          ],
          [
            121.2004547,
            14.7226591
          ],
          [
            121.2003074,
            14.7225561
          ],
          [
            121.200166,
            14.7225493
          ],
          [
            121.1998978,
            14.7225675
          ],
          [
            121.1996752,
            14.7225675
          ],
          [
            121.1995505,
            14.7225545
          ],
          [
            121.1994777,
            14.7225376
          ],
          [
            121.1994298,
            14.7225273
          ],
          [
            121.1992313,
            14.7224611
          ],
          [
            121.1990248,
            14.7223586
          ],
          [
            121.1988048,
            14.7222691
          ],
          [
            121.1986358,
            14.7222406
          ],
          [
            121.19855,
            14.7222484
          ],
          [
            121.1984722,
            14.7222497
          ],
          [
            121.1984464,
            14.7222409
          ],
          [
            121.1984203,
            14.7222178
          ],
          [
            121.1984109,
            14.7221757
          ],
          [
            121.1984226,
            14.7221368
          ],
          [
            121.1984642,
            14.7220862
          ],
          [
            121.1985044,
            14.722024
          ],
          [
            121.1985245,
            14.7219423
          ],
          [
            121.1985031,
            14.7218203
          ],
          [
            121.1984474,
            14.721725
          ],
          [
            121.1983824,
            14.7216504
          ],
          [
            121.1983051,
            14.7215959
          ],
          [
            121.1981296,
            14.7215642
          ],
          [
            121.1979222,
            14.7215549
          ]
        ]
      },
      "id": "way/236520944"
    },
    {
      "type": "Feature",
      "properties": {
        "@id": "way/237792550",
        "name": "Buhangin Creek",
        "waterway": "drain"
      },
      "geometry": {
        "type": "LineString",
        "coordinates": [
          [
            121.0404219,
            14.5760279
          ],
          [
            121.0402427,
            14.5760296
          ],
          [
            121.0401739,
            14.5759819
          ],
          [
            121.0398668,
            14.5761543
          ],
          [
            121.0396251,
            14.5762802
          ],
          [
            121.0395376,
            14.576315
          ],
          [
            121.0394263,
            14.5763242
          ],
          [
            121.0393027,
            14.5762982
          ],
          [
            121.0391664,
            14.5762322
          ],
          [
            121.0390052,
            14.5760403
          ],
          [
            121.038937,
            14.5759143
          ],
          [
            121.0387573,
            14.5759803
          ],
          [
            121.0385837,
            14.5759083
          ],
          [
            121.0385076,
            14.5758698
          ],
          [
            121.0383094,
            14.5758289
          ],
          [
            121.0381126,
            14.5758783
          ],
          [
            121.0379593,
            14.5758888
          ],
          [
            121.0378129,
            14.5758034
          ],
          [
            121.0377323,
            14.5756863
          ],
          [
            121.0376155,
            14.5756376
          ],
          [
            121.0375176,
            14.575635
          ],
          [
            121.0374451,
            14.5756642
          ],
          [
            121.037344,
            14.5757163
          ],
          [
            121.0371518,
            14.5757043
          ],
          [
            121.0369291,
            14.5756847
          ],
          [
            121.0368122,
            14.575677
          ],
          [
            121.0366401,
            14.5755262
          ],
          [
            121.0364903,
            14.575461
          ]
        ]
      },
      "id": "way/237792550"
    },
    {
      "type": "Feature",
      "properties": {
        "@id": "way/238181724",
        "name": "Manggahan Floodway",
        "waterway": "river",
        "wikidata": "Q16894592",
        "wikipedia": "en:Manggahan Floodway",
        "@relations": [
          {
            "role": "",
            "rel": 10699539,
            "reltags": {
              "name": "Manggahan Floodway",
              "type": "waterway",
              "waterway": "river",
              "wikidata": "Q16894592",
              "wikimedia_commons": "Category:Manggahan Floodway"
            }
          }
        ]
      },
      "geometry": {
        "type": "LineString",
        "coordinates": [
          [
            121.1147737,
            14.5557121
          ],
          [
            121.1175762,
            14.5518009
          ]
        ]
      },
      "id": "way/238181724"
    },
    {
      "type": "Feature",
      "properties": {
        "@id": "way/238181725",
        "name": "Manggahan Floodway",
        "waterway": "river",
        "wikidata": "Q16894592",
        "wikipedia": "en:Manggahan Floodway",
        "@relations": [
          {
            "role": "",
            "rel": 10699539,
            "reltags": {
              "name": "Manggahan Floodway",
              "type": "waterway",
              "waterway": "river",
              "wikidata": "Q16894592",
              "wikimedia_commons": "Category:Manggahan Floodway"
            }
          }
        ]
      },
      "geometry": {
        "type": "LineString",
        "coordinates": [
          [
            121.1014994,
            14.5744278
          ],
          [
            121.1089036,
            14.564051
          ],
          [
            121.1094226,
            14.563315
          ],
          [
            121.1147737,
            14.5557121
          ]
        ]
      },
      "id": "way/238181725"
    },
    {
      "type": "Feature",
      "properties": {
        "@id": "way/238270877",
        "boat": "no",
        "name": "Buli Creek",
        "tidal": "no",
        "waterway": "river"
      },
      "geometry": {
        "type": "LineString",
        "coordinates": [
          [
            121.101526,
            14.5753659
          ],
          [
            121.1009214,
            14.575239
          ]
        ]
      },
      "id": "way/238270877"
    },
    {
      "type": "Feature",
      "properties": {
        "@id": "way/238271454",
        "name": "Pasong Tamo Creek",
        "waterway": "stream"
      },
      "geometry": {
        "type": "LineString",
        "coordinates": [
          [
            121.060523,
            14.68678
          ],
          [
            121.0601775,
            14.6866758
          ],
          [
            121.0599539,
            14.6866535
          ],
          [
            121.0598008,
            14.6867445
          ],
          [
            121.0596969,
            14.686769
          ],
          [
            121.0594858,
            14.6866839
          ],
          [
            121.0592388,
            14.686777
          ],
          [
            121.0590116,
            14.6866801
          ],
          [
            121.0588203,
            14.6865659
          ],
          [
            121.0587493,
            14.6866006
          ],
          [
            121.0586702,
            14.6867016
          ],
          [
            121.0586527,
            14.6868107
          ],
          [
            121.0585696,
            14.6868652
          ],
          [
            121.0585309,
            14.6868789
          ],
          [
            121.0584656,
            14.6868814
          ],
          [
            121.0584244,
            14.6868504
          ],
          [
            121.0582893,
            14.6866654
          ],
          [
            121.0583137,
            14.6864957
          ],
          [
            121.0582732,
            14.686415
          ],
          [
            121.0581736,
            14.6864007
          ],
          [
            121.0579998,
            14.6865198
          ],
          [
            121.0577425,
            14.6867798
          ],
          [
            121.0574923,
            14.6870533
          ],
          [
            121.0572957,
            14.6869822
          ],
          [
            121.0570483,
            14.6867427
          ],
          [
            121.0569599,
            14.6866226
          ],
          [
            121.0567583,
            14.6866541
          ],
          [
            121.0564665,
            14.686932
          ],
          [
            121.0563297,
            14.6871293
          ],
          [
            121.0562589,
            14.6874959
          ],
          [
            121.0561605,
            14.6876215
          ]
        ]
      },
      "id": "way/238271454"
    },
    {
      "type": "Feature",
      "properties": {
        "@id": "way/244104040",
        "admin_level": "10",
        "alt_name": "Lagarian Creek",
        "boat": "no",
        "boundary": "administrative",
        "name": "Diliman Creek",
        "waterway": "river"
      },
      "geometry": {
        "type": "LineString",
        "coordinates": [
          [
            121.0374146,
            14.6246906
          ],
          [
            121.0372232,
            14.6247631
          ],
          [
            121.0370734,
            14.6248161
          ],
          [
            121.0368108,
            14.6248634
          ],
          [
            121.0364074,
            14.6247969
          ],
          [
            121.0359713,
            14.6248197
          ],
          [
            121.035522,
            14.6249537
          ],
          [
            121.0345706,
            14.625478
          ],
          [
            121.034306,
            14.6256597
          ],
          [
            121.0339583,
            14.6259889
          ],
          [
            121.0333512,
            14.6261117
          ]
        ]
      },
      "id": "way/244104040"
    },
    {
      "type": "Feature",
      "properties": {
        "@id": "way/244104044",
        "name": "Valencia Creek",
        "waterway": "river"
      },
      "geometry": {
        "type": "LineString",
        "coordinates": [
          [
            121.0396801,
            14.6102791
          ],
          [
            121.0393902,
            14.6102391
          ],
          [
            121.0392794,
            14.6101482
          ],
          [
            121.0392327,
            14.6100582
          ],
          [
            121.0390248,
            14.609702
          ],
          [
            121.0389191,
            14.6096214
          ],
          [
            121.0387934,
            14.6096184
          ],
          [
            121.0385637,
            14.6097222
          ],
          [
            121.0383673,
            14.609687
          ]
        ]
      },
      "id": "way/244104044"
    },
    {
      "type": "Feature",
      "properties": {
        "@id": "way/244428672",
        "name": "Mariblo Creek",
        "waterway": "river"
      },
      "geometry": {
        "type": "LineString",
        "coordinates": [
          [
            121.0270433,
            14.6464521
          ],
          [
            121.0268747,
            14.6463967
          ],
          [
            121.0267648,
            14.6462851
          ],
          [
            121.0266164,
            14.6461785
          ],
          [
            121.0265138,
            14.6460646
          ],
          [
            121.0264398,
            14.645946
          ],
          [
            121.0263914,
            14.6458394
          ]
        ]
      },
      "id": "way/244428672"
    },
    {
      "type": "Feature",
      "properties": {
        "@id": "way/244428674",
        "boat": "no",
        "name": "San Francisco River",
        "waterway": "river"
      },
      "geometry": {
        "type": "LineString",
        "coordinates": [
          [
            121.0122881,
            14.6476753
          ],
          [
            121.0123577,
            14.6472529
          ],
          [
            121.0124234,
            14.6468234
          ],
          [
            121.0123966,
            14.646658
          ],
          [
            121.0123403,
            14.6465094
          ],
          [
            121.012288,
            14.6463628
          ],
          [
            121.0121419,
            14.6460358
          ],
          [
            121.0119336,
            14.6456506
          ]
        ]
      },
      "id": "way/244428674"
    },
    {
      "type": "Feature",
      "properties": {
        "@id": "way/244433758",
        "boat": "no",
        "name": "Talayan Creek",
        "waterway": "river"
      },
      "geometry": {
        "type": "LineString",
        "coordinates": [
          [
            121.011114,
            14.6305429
          ],
          [
            121.0113963,
            14.6302689
          ],
          [
            121.0116858,
            14.630009
          ],
          [
            121.0118206,
            14.6299695
          ],
          [
            121.0120123,
            14.6300031
          ],
          [
            121.0136819,
            14.6308335
          ],
          [
            121.0139785,
            14.6308084
          ],
          [
            121.014772,
            14.6306528
          ],
          [
            121.0148638,
            14.6306361
          ]
        ]
      },
      "id": "way/244433758"
    },
    {
      "type": "Feature",
      "properties": {
        "@id": "way/250157903",
        "boat": "yes",
        "name": "Pasig River",
        "source": "Bing",
        "waterway": "river"
      },
      "geometry": {
        "type": "LineString",
        "coordinates": [
          [
            120.9863064,
            14.590906
          ],
          [
            120.9862513,
            14.5913461
          ]
        ]
      },
      "id": "way/250157903"
    },
    {
      "type": "Feature",
      "properties": {
        "@id": "way/250157904",
        "boat": "yes",
        "name": "Pasig River",
        "name:en": "Pasig River",
        "name:es": "Río Pasig",
        "name:tl": "Ilog Pasig",
        "waterway": "river"
      },
      "geometry": {
        "type": "LineString",
        "coordinates": [
          [
            120.9862513,
            14.5913461
          ],
          [
            120.9853583,
            14.5918129
          ],
          [
            120.9847494,
            14.5922912
          ],
          [
            120.9837548,
            14.5932632
          ],
          [
            120.9831481,
            14.5940748
          ],
          [
            120.9827719,
            14.5947242
          ]
        ]
      },
      "id": "way/250157904"
    },
    {
      "type": "Feature",
      "properties": {
        "@id": "way/250168538",
        "boat": "yes",
        "motorboat": "yes",
        "name": "Pasig River",
        "name:en": "Pasig River",
        "name:tl": "Ilog Pasig",
        "source": "Bing",
        "waterway": "river"
      },
      "geometry": {
        "type": "LineString",
        "coordinates": [
          [
            121.0128549,
            14.5894544
          ],
          [
            121.014488,
            14.5901854
          ]
        ]
      },
      "id": "way/250168538"
    },
    {
      "type": "Feature",
      "properties": {
        "@id": "way/250168539",
        "boat": "no",
        "name": "Buhangin Creek",
        "tunnel": "no",
        "waterway": "drain",
        "width": "5"
      },
      "geometry": {
        "type": "LineString",
        "coordinates": [
          [
            121.0226822,
            14.5888785
          ],
          [
            121.0225367,
            14.5889646
          ],
          [
            121.0223304,
            14.589068
          ],
          [
            121.0214665,
            14.5893637
          ],
          [
            121.0211941,
            14.5894835
          ]
        ]
      },
      "id": "way/250168539"
    },
    {
      "type": "Feature",
      "properties": {
        "@id": "way/250174798",
        "name": "Pasig River",
        "name:en": "Pasig River",
        "name:tl": "Ilog Pasig",
        "source": "Bing",
        "waterway": "river"
      },
      "geometry": {
        "type": "LineString",
        "coordinates": [
          [
            121.0014246,
            14.5958877
          ],
          [
            121.0008447,
            14.5959986
          ],
          [
            121.0001814,
            14.5962594
          ],
          [
            120.9995656,
            14.5965586
          ]
        ]
      },
      "id": "way/250174798"
    },
    {
      "type": "Feature",
      "properties": {
        "@id": "way/250479516",
        "name": "Estero Santibañes",
        "waterway": "drain"
      },
      "geometry": {
        "type": "LineString",
        "coordinates": [
          [
            120.9950228,
            14.5906198
          ],
          [
            120.9948298,
            14.5905039
          ],
          [
            120.9946881,
            14.5903751
          ],
          [
            120.9945745,
            14.5902466
          ],
          [
            120.9944592,
            14.5901817
          ],
          [
            120.994199,
            14.5901596
          ],
          [
            120.9939237,
            14.5901922
          ],
          [
            120.9934342,
            14.5903044
          ],
          [
            120.9930105,
            14.5905376
          ],
          [
            120.9928282,
            14.5912614
          ]
        ]
      },
      "id": "way/250479516"
    },
    {
      "type": "Feature",
      "properties": {
        "@id": "way/250479518",
        "boat": "no",
        "name": "Estero de Pandacan",
        "old_name": "Estero de Pandacan",
        "waterway": "river"
      },
      "geometry": {
        "type": "LineString",
        "coordinates": [
          [
            120.9983514,
            14.5880341
          ],
          [
            120.9983898,
            14.5882163
          ],
          [
            120.9985231,
            14.5883863
          ],
          [
            120.9986731,
            14.5885297
          ],
          [
            120.9987737,
            14.5885946
          ],
          [
            120.9988994,
            14.5886543
          ],
          [
            120.999247,
            14.588811
          ],
          [
            121.0003457,
            14.5892014
          ],
          [
            121.0008263,
            14.5894174
          ],
          [
            121.001204,
            14.5896167
          ],
          [
            121.0016331,
            14.5899739
          ],
          [
            121.0020451,
            14.5903809
          ],
          [
            121.0024914,
            14.5908461
          ],
          [
            121.002706,
            14.5911866
          ],
          [
            121.0029206,
            14.5915604
          ],
          [
            121.003015,
            14.5919591
          ],
          [
            121.0032096,
            14.5928784
          ],
          [
            121.0033813,
            14.5940413
          ],
          [
            121.0033727,
            14.5947639
          ],
          [
            121.0032868,
            14.5951626
          ],
          [
            121.0031654,
            14.5954558
          ],
          [
            121.0030722,
            14.5955665
          ],
          [
            121.0026015,
            14.5962912
          ]
        ]
      },
      "id": "way/250479518"
    },
    {
      "type": "Feature",
      "properties": {
        "@id": "way/250479519",
        "boat": "yes",
        "name": "Pasig River",
        "name:es": "Río Pasig",
        "source": "Bing",
        "waterway": "river"
      },
      "geometry": {
        "type": "LineString",
        "coordinates": [
          [
            120.9905321,
            14.5897209
          ],
          [
            120.9896837,
            14.58955
          ],
          [
            120.9890726,
            14.5895968
          ],
          [
            120.9885973,
            14.5897574
          ],
          [
            120.9881899,
            14.589816
          ],
          [
            120.9877513,
            14.589879
          ],
          [
            120.9873827,
            14.5900011
          ],
          [
            120.9870985,
            14.5901995
          ],
          [
            120.9866877,
            14.5906267
          ],
          [
            120.9863064,
            14.590906
          ]
        ]
      },
      "id": "way/250479519"
    },
    {
      "type": "Feature",
      "properties": {
        "@id": "way/286999896",
        "boat": "no",
        "name": "Maytunas Creek",
        "waterway": "stream"
      },
      "geometry": {
        "type": "LineString",
        "coordinates": [
          [
            121.0333251,
            14.5916472
          ],
          [
            121.033424,
            14.5916776
          ],
          [
            121.0336439,
            14.5917234
          ],
          [
            121.0337423,
            14.591763
          ],
          [
            121.0338333,
            14.5917547
          ],
          [
            121.033925,
            14.5917012
          ],
          [
            121.034006,
            14.5916188
          ],
          [
            121.0340704,
            14.5915216
          ],
          [
            121.0342167,
            14.5912705
          ],
          [
            121.0342879,
            14.5911842
          ],
          [
            121.0345223,
            14.5910045
          ],
          [
            121.0346907,
            14.5907468
          ]
        ]
      },
      "id": "way/286999896"
    },
    {
      "type": "Feature",
      "properties": {
        "@id": "way/303140681",
        "boat": "yes",
        "name": "Pasig River",
        "name:en": "Pasig River",
        "name:tl": "Ilog Pasig",
        "source": "Bing",
        "waterway": "river"
      },
      "geometry": {
        "type": "LineString",
        "coordinates": [
          [
            121.0125003,
            14.5837821
          ],
          [
            121.0121408,
            14.5833455
          ]
        ]
      },
      "id": "way/303140681"
    },
    {
      "type": "Feature",
      "properties": {
        "@id": "way/303140684",
        "boat": "yes",
        "name": "Pasig River",
        "name:en": "Pasig River",
        "name:tl": "Ilog Pasig",
        "source": "Bing",
        "waterway": "river"
      },
      "geometry": {
        "type": "LineString",
        "coordinates": [
          [
            121.0113899,
            14.5826269
          ],
          [
            121.0107657,
            14.5821505
          ],
          [
            121.0103577,
            14.5820171
          ]
        ]
      },
      "id": "way/303140684"
    },
    {
      "type": "Feature",
      "properties": {
        "@id": "way/303140687",
        "boat": "yes",
        "name": "Pasig River",
        "name:en": "Pasig River",
        "name:tl": "Ilog Pasig",
        "source": "Bing",
        "waterway": "river"
      },
      "geometry": {
        "type": "LineString",
        "coordinates": [
          [
            121.0103577,
            14.5820171
          ],
          [
            121.0100351,
            14.5819922
          ],
          [
            121.009123,
            14.5820949
          ],
          [
            121.0084531,
            14.5823562
          ],
          [
            121.0078165,
            14.5830022
          ]
        ]
      },
      "id": "way/303140687"
    },
    {
      "type": "Feature",
      "properties": {
        "@id": "way/347011127",
        "boat": "no",
        "name": "Angono River",
        "waterway": "river",
        "@relations": [
          {
            "role": "main_stream",
            "rel": 15246527,
            "reltags": {
              "name": "Angono River",
              "type": "waterway",
              "waterway": "river",
              "wikidata": "Q31850644"
            }
          }
        ]
      },
      "geometry": {
        "type": "LineString",
        "coordinates": [
          [
            121.1457173,
            14.5174684
          ],
          [
            121.1456174,
            14.5172958
          ],
          [
            121.1448878,
            14.5165826
          ],
          [
            121.1436304,
            14.515114
          ],
          [
            121.1423725,
            14.5138754
          ],
          [
            121.1410303,
            14.5127066
          ]
        ]
      },
      "id": "way/347011127"
    },
    {
      "type": "Feature",
      "properties": {
        "@id": "way/369160862",
        "alt_name": "Napindan Hydraulic Control Structure",
        "name": "Napindan Floodgate",
        "operator": "MMDA",
        "seamark:type": "gate",
        "waterway": "sluice_gate"
      },
      "geometry": {
        "type": "LineString",
        "coordinates": [
          [
            121.066663,
            14.55787
          ],
          [
            121.0672706,
            14.5578784
          ]
        ]
      },
      "id": "way/369160862"
    },
    {
      "type": "Feature",
      "properties": {
        "@id": "way/375327457",
        "boat": "no",
        "layer": "-1",
        "name": "Maytunas Creek",
        "tunnel": "yes",
        "waterway": "stream"
      },
      "geometry": {
        "type": "LineString",
        "coordinates": [
          [
            121.0351074,
            14.5902537
          ],
          [
            121.0350334,
            14.5903615
          ]
        ]
      },
      "id": "way/375327457"
    },
    {
      "type": "Feature",
      "properties": {
        "@id": "way/375327458",
        "boat": "no",
        "name": "Maytunas Creek",
        "waterway": "stream"
      },
      "geometry": {
        "type": "LineString",
        "coordinates": [
          [
            121.0350334,
            14.5903615
          ],
          [
            121.0348832,
            14.5905806
          ],
          [
            121.034779,
            14.5906555
          ],
          [
            121.0346907,
            14.5907468
          ]
        ]
      },
      "id": "way/375327458"
    },
    {
      "type": "Feature",
      "properties": {
        "@id": "way/379241360",
        "boat": "no",
        "name": "Libis Creek",
        "waterway": "drain"
      },
      "geometry": {
        "type": "LineString",
        "coordinates": [
          [
            121.0811435,
            14.6053836
          ],
          [
            121.0814293,
            14.6036292
          ],
          [
            121.0814469,
            14.6035443
          ],
          [
            121.0814799,
            14.6034707
          ],
          [
            121.0815206,
            14.6034146
          ],
          [
            121.0822153,
            14.602761
          ],
          [
            121.0822956,
            14.6027182
          ],
          [
            121.0824594,
            14.6026332
          ]
        ]
      },
      "id": "way/379241360"
    },
    {
      "type": "Feature",
      "properties": {
        "@id": "way/388212040",
        "name": "Manggahan Floodway",
        "waterway": "river",
        "wikidata": "Q16894592",
        "wikipedia": "en:Manggahan Floodway",
        "@relations": [
          {
            "role": "",
            "rel": 10699539,
            "reltags": {
              "name": "Manggahan Floodway",
              "type": "waterway",
              "waterway": "river",
              "wikidata": "Q16894592",
              "wikimedia_commons": "Category:Manggahan Floodway"
            }
          }
        ]
      },
      "geometry": {
        "type": "LineString",
        "coordinates": [
          [
            121.0913733,
            14.594871
          ],
          [
            121.0927353,
            14.5900874
          ]
        ]
      },
      "id": "way/388212040"
    },
    {
      "type": "Feature",
      "properties": {
        "@id": "way/422118636",
        "name": "Banaba Creek",
        "waterway": "river"
      },
      "geometry": {
        "type": "LineString",
        "coordinates": [
          [
            121.1107517,
            14.6748547
          ],
          [
            121.1107086,
            14.6747054
          ],
          [
            121.1107759,
            14.6745383
          ],
          [
            121.1108006,
            14.6743902
          ],
          [
            121.1106719,
            14.6743404
          ],
          [
            121.1104659,
            14.6743072
          ],
          [
            121.1103543,
            14.6742076
          ],
          [
            121.1103028,
            14.6740581
          ],
          [
            121.1103714,
            14.6739086
          ],
          [
            121.1103524,
            14.6738068
          ],
          [
            121.1102684,
            14.6737426
          ],
          [
            121.110114,
            14.6736513
          ],
          [
            121.1098669,
            14.6734556
          ]
        ]
      },
      "id": "way/422118636"
    },
    {
      "type": "Feature",
      "properties": {
        "@id": "way/422118637",
        "layer": "-1",
        "name": "Banaba Creek",
        "tunnel": "culvert",
        "waterway": "river"
      },
      "geometry": {
        "type": "LineString",
        "coordinates": [
          [
            121.1108005,
            14.6749141
          ],
          [
            121.1107517,
            14.6748547
          ]
        ]
      },
      "id": "way/422118637"
    },
    {
      "type": "Feature",
      "properties": {
        "@id": "way/424712633",
        "boat": "yes",
        "name": "Marikina River",
        "name:tl": "Ilog Marikina",
        "waterway": "river",
        "wikidata": "Q3551251",
        "@relations": [
          {
            "role": "main_stream",
            "rel": 11963824,
            "reltags": {
              "destination": "Pasig River",
              "name": "Marikina River",
              "name:en": "Marikina River",
              "name:tl": "Ilog Marikina",
              "type": "waterway",
              "waterway": "river",
              "wikidata": "Q3551251",
              "wikipedia": "en:Marikina River"
            }
          }
        ]
      },
      "geometry": {
        "type": "LineString",
        "coordinates": [
          [
            121.0960087,
            14.660955
          ],
          [
            121.0960236,
            14.660928
          ],
          [
            121.0959307,
            14.6604088
          ],
          [
            121.0959768,
            14.6599881
          ],
          [
            121.0959893,
            14.6598735
          ],
          [
            121.0961556,
            14.6586539
          ],
          [
            121.0964699,
            14.6571665
          ],
          [
            121.0964699,
            14.6563029
          ],
          [
            121.0960236,
            14.6551154
          ],
          [
            121.0956374,
            14.6542269
          ],
          [
            121.0951424,
            14.6538804
          ],
          [
            121.0950108,
            14.6537619
          ],
          [
            121.09338,
            14.6529149
          ],
          [
            121.092364,
            14.6525895
          ],
          [
            121.0910798,
            14.6520347
          ],
          [
            121.0902816,
            14.6515198
          ],
          [
            121.0894243,
            14.6508306
          ],
          [
            121.0891969,
            14.6500251
          ],
          [
            121.0891834,
            14.6488802
          ],
          [
            121.0892353,
            14.6487054
          ],
          [
            121.0896603,
            14.6468726
          ]
        ]
      },
      "id": "way/424712633"
    },
    {
      "type": "Feature",
      "properties": {
        "@id": "way/424898187",
        "name": "Manggahan Floodway",
        "waterway": "river",
        "wikidata": "Q16894592",
        "wikipedia": "en:Manggahan Floodway",
        "@relations": [
          {
            "role": "",
            "rel": 10699539,
            "reltags": {
              "name": "Manggahan Floodway",
              "type": "waterway",
              "waterway": "river",
              "wikidata": "Q16894592",
              "wikimedia_commons": "Category:Manggahan Floodway"
            }
          }
        ]
      },
      "geometry": {
        "type": "LineString",
        "coordinates": [
          [
            121.1009214,
            14.575239
          ],
          [
            121.1014994,
            14.5744278
          ]
        ]
      },
      "id": "way/424898187"
    },
    {
      "type": "Feature",
      "properties": {
        "@id": "way/424898190",
        "boat": "yes",
        "name": "Marikina River",
        "name:tl": "Ilog Marikina",
        "waterway": "river",
        "wikidata": "Q3551251",
        "@relations": [
          {
            "role": "main_stream",
            "rel": 11963824,
            "reltags": {
              "destination": "Pasig River",
              "name": "Marikina River",
              "name:en": "Marikina River",
              "name:tl": "Ilog Marikina",
              "type": "waterway",
              "waterway": "river",
              "wikidata": "Q3551251",
              "wikipedia": "en:Marikina River"
            }
          }
        ]
      },
      "geometry": {
        "type": "LineString",
        "coordinates": [
          [
            121.0830518,
            14.5903997
          ],
          [
            121.0836468,
            14.5873457
          ],
          [
            121.0833893,
            14.5856014
          ],
          [
            121.0828314,
            14.5830679
          ],
          [
            121.082212,
            14.5815659
          ]
        ]
      },
      "id": "way/424898190"
    },
    {
      "type": "Feature",
      "properties": {
        "@id": "way/424905580",
        "name": "Manggahan Floodway",
        "waterway": "river",
        "wikidata": "Q16894592",
        "wikipedia": "en:Manggahan Floodway",
        "@relations": [
          {
            "role": "",
            "rel": 10699539,
            "reltags": {
              "name": "Manggahan Floodway",
              "type": "waterway",
              "waterway": "river",
              "wikidata": "Q16894592",
              "wikimedia_commons": "Category:Manggahan Floodway"
            }
          }
        ]
      },
      "geometry": {
        "type": "LineString",
        "coordinates": [
          [
            121.0979957,
            14.5793379
          ],
          [
            121.0999508,
            14.5766011
          ],
          [
            121.1009214,
            14.575239
          ]
        ]
      },
      "id": "way/424905580"
    },
    {
      "type": "Feature",
      "properties": {
        "@id": "way/424905584",
        "boat": "yes",
        "name": "Marikina River",
        "name:tl": "Ilog Marikina",
        "waterway": "river",
        "wikidata": "Q3551251",
        "@relations": [
          {
            "role": "main_stream",
            "rel": 11963824,
            "reltags": {
              "destination": "Pasig River",
              "name": "Marikina River",
              "name:en": "Marikina River",
              "name:tl": "Ilog Marikina",
              "type": "waterway",
              "waterway": "river",
              "wikidata": "Q3551251",
              "wikipedia": "en:Marikina River"
            }
          }
        ]
      },
      "geometry": {
        "type": "LineString",
        "coordinates": [
          [
            121.0784656,
            14.5764063
          ],
          [
            121.0775665,
            14.575678
          ],
          [
            121.0765274,
            14.574735
          ],
          [
            121.0762131,
            14.5743929
          ],
          [
            121.075906,
            14.5739957
          ],
          [
            121.0756418,
            14.5735765
          ],
          [
            121.0754285,
            14.5731361
          ],
          [
            121.0744251,
            14.5702951
          ]
        ]
      },
      "id": "way/424905584"
    },
    {
      "type": "Feature",
      "properties": {
        "@id": "way/425200876",
        "boat": "yes",
        "name": "Marikina River",
        "name:tl": "Ilog Marikina",
        "waterway": "river",
        "wikidata": "Q3551251",
        "@relations": [
          {
            "role": "main_stream",
            "rel": 11963824,
            "reltags": {
              "destination": "Pasig River",
              "name": "Marikina River",
              "name:en": "Marikina River",
              "name:tl": "Ilog Marikina",
              "type": "waterway",
              "waterway": "river",
              "wikidata": "Q3551251",
              "wikipedia": "en:Marikina River"
            }
          }
        ]
      },
      "geometry": {
        "type": "LineString",
        "coordinates": [
          [
            121.0977901,
            14.6637829
          ],
          [
            121.0976735,
            14.6635755
          ],
          [
            121.0974382,
            14.6631897
          ],
          [
            121.0971918,
            14.6629036
          ]
        ]
      },
      "id": "way/425200876"
    },
    {
      "type": "Feature",
      "properties": {
        "@id": "way/425991455",
        "boat": "no",
        "name": "Ermitaño Creek",
        "waterway": "river"
      },
      "geometry": {
        "type": "LineString",
        "coordinates": [
          [
            121.03862,
            14.6037556
          ],
          [
            121.0382309,
            14.6039377
          ],
          [
            121.0380968,
            14.6039626
          ],
          [
            121.0379175,
            14.6040414
          ],
          [
            121.0378572,
            14.6041495
          ],
          [
            121.0378614,
            14.6043178
          ],
          [
            121.0378692,
            14.6044065
          ],
          [
            121.0379266,
            14.6046164
          ],
          [
            121.0377895,
            14.605116
          ],
          [
            121.0376878,
            14.6053824
          ],
          [
            121.0378569,
            14.6057527
          ],
          [
            121.0378163,
            14.6059379
          ],
          [
            121.0377151,
            14.6061407
          ],
          [
            121.0377288,
            14.6062482
          ],
          [
            121.0377321,
            14.6063141
          ]
        ]
      },
      "id": "way/425991455"
    },
    {
      "type": "Feature",
      "properties": {
        "@id": "way/425991456",
        "boat": "no",
        "name": "Ermitaño Creek",
        "waterway": "stream"
      },
      "geometry": {
        "type": "LineString",
        "coordinates": [
          [
            121.0386752,
            14.6037237
          ],
          [
            121.03862,
            14.6037556
          ]
        ]
      },
      "id": "way/425991456"
    },
    {
      "type": "Feature",
      "properties": {
        "@id": "way/449474749",
        "boat": "no",
        "layer": "-1",
        "name": "Maytunas Creek",
        "tunnel": "yes",
        "waterway": "stream"
      },
      "geometry": {
        "type": "LineString",
        "coordinates": [
          [
            121.0359072,
            14.5893199
          ],
          [
            121.0359128,
            14.589504
          ]
        ]
      },
      "id": "way/449474749"
    },
    {
      "type": "Feature",
      "properties": {
        "@id": "way/449474754",
        "boat": "no",
        "name": "Maytunas Creek",
        "waterway": "stream"
      },
      "geometry": {
        "type": "LineString",
        "coordinates": [
          [
            121.0359128,
            14.589504
          ],
          [
            121.0358961,
            14.5897201
          ],
          [
            121.0358182,
            14.5897624
          ]
        ]
      },
      "id": "way/449474754"
    },
    {
      "type": "Feature",
      "properties": {
        "@id": "way/459947541",
        "boat": "no",
        "name": "Ermitaño Creek",
        "waterway": "river"
      },
      "geometry": {
        "type": "LineString",
        "coordinates": [
          [
            121.0392127,
            14.5973943
          ],
          [
            121.0392688,
            14.5975715
          ]
        ]
      },
      "id": "way/459947541"
    },
    {
      "type": "Feature",
      "properties": {
        "@id": "way/485258452",
        "name": "Salapan Creek",
        "waterway": "drain"
      },
      "geometry": {
        "type": "LineString",
        "coordinates": [
          [
            121.0247011,
            14.6143845
          ],
          [
            121.0243778,
            14.6139429
          ]
        ]
      },
      "id": "way/485258452"
    },
    {
      "type": "Feature",
      "properties": {
        "@id": "way/547598997",
        "boat": "no",
        "name": "San Francisco River",
        "waterway": "river"
      },
      "geometry": {
        "type": "LineString",
        "coordinates": [
          [
            121.0158899,
            14.6548632
          ],
          [
            121.0158072,
            14.6548089
          ],
          [
            121.0157353,
            14.6547156
          ],
          [
            121.01557,
            14.6545912
          ],
          [
            121.0153413,
            14.6545234
          ],
          [
            121.0150403,
            14.6544959
          ]
        ]
      },
      "id": "way/547598997"
    },
    {
      "type": "Feature",
      "properties": {
        "@id": "way/548435270",
        "boat": "no",
        "name": "Culiat Creek",
        "waterway": "river"
      },
      "geometry": {
        "type": "LineString",
        "coordinates": [
          [
            121.0441712,
            14.6649388
          ],
          [
            121.0440943,
            14.6650243
          ],
          [
            121.0440649,
            14.6650483
          ],
          [
            121.044029,
            14.6650684
          ],
          [
            121.0439784,
            14.6650841
          ],
          [
            121.0438831,
            14.665119
          ],
          [
            121.043745,
            14.6651657
          ],
          [
            121.0434792,
            14.665219
          ]
        ]
      },
      "id": "way/548435270"
    },
    {
      "type": "Feature",
      "properties": {
        "@id": "way/548435308",
        "boat": "no",
        "name": "Pasong Tamo Creek",
        "waterway": "river"
      },
      "geometry": {
        "type": "LineString",
        "coordinates": [
          [
            121.0345155,
            14.6670041
          ],
          [
            121.034439,
            14.6669854
          ],
          [
            121.0342902,
            14.6669405
          ],
          [
            121.0341926,
            14.6669318
          ],
          [
            121.0339617,
            14.6669375
          ],
          [
            121.0338148,
            14.6669552
          ],
          [
            121.0337267,
            14.6669549
          ],
          [
            121.0336574,
            14.6669333
          ],
          [
            121.0335914,
            14.6669003
          ],
          [
            121.0335418,
            14.6668588
          ],
          [
            121.0334694,
            14.6667888
          ],
          [
            121.033253,
            14.6666193
          ],
          [
            121.0328386,
            14.6662428
          ],
          [
            121.0326078,
            14.665938
          ]
        ]
      },
      "id": "way/548435308"
    },
    {
      "type": "Feature",
      "properties": {
        "@id": "way/550807146",
        "boat": "no",
        "layer": "-1",
        "waterway": "river"
      },
      "geometry": {
        "type": "LineString",
        "coordinates": [
          [
            121.0408119,
            14.6678306
          ],
          [
            121.0407658,
            14.6678534
          ]
        ]
      },
      "id": "way/550807146"
    },
    {
      "type": "Feature",
      "properties": {
        "@id": "way/550807147",
        "boat": "no",
        "waterway": "river"
      },
      "geometry": {
        "type": "LineString",
        "coordinates": [
          [
            121.0421583,
            14.6678657
          ],
          [
            121.0419847,
            14.667426
          ],
          [
            121.0418347,
            14.6673337
          ],
          [
            121.0415601,
            14.6673503
          ],
          [
            121.0412854,
            14.6674748
          ],
          [
            121.040985,
            14.6677405
          ],
          [
            121.0408119,
            14.6678306
          ]
        ]
      },
      "id": "way/550807147"
    },
    {
      "type": "Feature",
      "properties": {
        "@id": "way/550808641",
        "boat": "no",
        "layer": "-1",
        "waterway": "river"
      },
      "geometry": {
        "type": "LineString",
        "coordinates": [
          [
            121.0402517,
            14.6682434
          ],
          [
            121.0401659,
            14.668301
          ]
        ]
      },
      "id": "way/550808641"
    },
    {
      "type": "Feature",
      "properties": {
        "@id": "way/550808644",
        "boat": "no",
        "waterway": "river"
      },
      "geometry": {
        "type": "LineString",
        "coordinates": [
          [
            121.0407658,
            14.6678534
          ],
          [
            121.0405062,
            14.6680096
          ],
          [
            121.0402517,
            14.6682434
          ]
        ]
      },
      "id": "way/550808644"
    },
    {
      "type": "Feature",
      "properties": {
        "@id": "way/558035349",
        "boat": "no",
        "layer": "-1",
        "name": "Tanque Creek",
        "tunnel": "yes",
        "waterway": "stream"
      },
      "geometry": {
        "type": "LineString",
        "coordinates": [
          [
            121.0259381,
            14.637798
          ],
          [
            121.0258609,
            14.6378386
          ]
        ]
      },
      "id": "way/558035349"
    },
    {
      "type": "Feature",
      "properties": {
        "@id": "way/561484130",
        "name": "Banaba Creek",
        "waterway": "river"
      },
      "geometry": {
        "type": "LineString",
        "coordinates": [
          [
            121.1136848,
            14.6768477
          ],
          [
            121.1137792,
            14.6767231
          ],
          [
            121.113762,
            14.6765986
          ],
          [
            121.1136075,
            14.6765404
          ],
          [
            121.1134016,
            14.676474
          ],
          [
            121.1134187,
            14.676283
          ],
          [
            121.1134702,
            14.6759343
          ],
          [
            121.1133672,
            14.6758679
          ],
          [
            121.1132984,
            14.6758641
          ],
          [
            121.113088,
            14.6758228
          ],
          [
            121.1128281,
            14.6758742
          ],
          [
            121.1126033,
            14.6759177
          ],
          [
            121.1124392,
            14.6758932
          ],
          [
            121.1122801,
            14.6758597
          ],
          [
            121.1120473,
            14.6757711
          ],
          [
            121.111848,
            14.6754459
          ],
          [
            121.1117337,
            14.6754154
          ],
          [
            121.1116506,
            14.6754195
          ],
          [
            121.1115648,
            14.6755441
          ],
          [
            121.1115402,
            14.6755588
          ],
          [
            121.1114532,
            14.6756271
          ],
          [
            121.1113588,
            14.6756354
          ],
          [
            121.1113159,
            14.6755524
          ],
          [
            121.1111663,
            14.6754254
          ],
          [
            121.1112043,
            14.6752701
          ],
          [
            121.1111185,
            14.6750874
          ],
          [
            121.1108005,
            14.6749141
          ]
        ]
      },
      "id": "way/561484130"
    },
    {
      "type": "Feature",
      "properties": {
        "@id": "way/563753215",
        "name": "Mariblo Creek",
        "waterway": "river"
      },
      "geometry": {
        "type": "LineString",
        "coordinates": [
          [
            121.0295626,
            14.6542946
          ],
          [
            121.0294911,
            14.6542853
          ],
          [
            121.029334,
            14.6542886
          ],
          [
            121.0292671,
            14.6542533
          ],
          [
            121.0292663,
            14.6541022
          ],
          [
            121.0292412,
            14.6540178
          ],
          [
            121.029024,
            14.6537598
          ],
          [
            121.0288782,
            14.6535152
          ],
          [
            121.0287789,
            14.6533354
          ],
          [
            121.0289044,
            14.6530816
          ],
          [
            121.0288416,
            14.652868
          ],
          [
            121.0287382,
            14.6528218
          ],
          [
            121.0286063,
            14.6528421
          ],
          [
            121.0284472,
            14.6528344
          ],
          [
            121.0282983,
            14.6527953
          ],
          [
            121.0281107,
            14.6526406
          ],
          [
            121.0280379,
            14.6524922
          ],
          [
            121.0280044,
            14.6523757
          ],
          [
            121.0279533,
            14.6523119
          ],
          [
            121.0278019,
            14.6521243
          ],
          [
            121.0277389,
            14.6519855
          ],
          [
            121.0276814,
            14.6520301
          ],
          [
            121.0276219,
            14.6519437
          ],
          [
            121.0275966,
            14.6518812
          ],
          [
            121.0274998,
            14.651692
          ],
          [
            121.027482,
            14.651644
          ],
          [
            121.0274177,
            14.6515775
          ],
          [
            121.0273994,
            14.6515173
          ],
          [
            121.0273815,
            14.651485
          ],
          [
            121.0273986,
            14.6514545
          ],
          [
            121.027358,
            14.6513426
          ]
        ]
      },
      "id": "way/563753215"
    },
    {
      "type": "Feature",
      "properties": {
        "@id": "way/568914897",
        "boat": "no",
        "name": "Estero de Santa Clara",
        "waterway": "river"
      },
      "geometry": {
        "type": "LineString",
        "coordinates": [
          [
            121.015789,
            14.5795567
          ],
          [
            121.0163628,
            14.5796258
          ],
          [
            121.016894,
            14.579602
          ],
          [
            121.0171493,
            14.5796623
          ],
          [
            121.0172846,
            14.5797867
          ]
        ]
      },
      "id": "way/568914897"
    },
    {
      "type": "Feature",
      "properties": {
        "@id": "way/585012391",
        "name": "Pasong Tamo Creek",
        "waterway": "stream"
      },
      "geometry": {
        "type": "LineString",
        "coordinates": [
          [
            121.0750755,
            14.6803921
          ],
          [
            121.0750654,
            14.6804533
          ],
          [
            121.0750438,
            14.6805298
          ],
          [
            121.0749919,
            14.6806131
          ],
          [
            121.074942,
            14.6806796
          ],
          [
            121.0748922,
            14.6807224
          ],
          [
            121.074764,
            14.680769
          ],
          [
            121.0746937,
            14.6808059
          ],
          [
            121.0746483,
            14.6808217
          ],
          [
            121.074553,
            14.6808662
          ],
          [
            121.0745059,
            14.6808892
          ],
          [
            121.074406,
            14.6809346
          ],
          [
            121.0743456,
            14.6809378
          ],
          [
            121.0742813,
            14.680932
          ],
          [
            121.0741901,
            14.6809015
          ],
          [
            121.0740935,
            14.6808554
          ],
          [
            121.0740378,
            14.6808036
          ],
          [
            121.0739936,
            14.6807406
          ],
          [
            121.0739507,
            14.6806433
          ],
          [
            121.0739178,
            14.6805616
          ],
          [
            121.0738716,
            14.6804967
          ],
          [
            121.0738137,
            14.6804516
          ],
          [
            121.0737713,
            14.6804306
          ],
          [
            121.0737126,
            14.680428
          ],
          [
            121.0736878,
            14.6804364
          ],
          [
            121.0736713,
            14.6804858
          ],
          [
            121.0736416,
            14.6805052
          ],
          [
            121.0735704,
            14.6805184
          ],
          [
            121.0734772,
            14.6805314
          ],
          [
            121.0732674,
            14.6805269
          ],
          [
            121.0731653,
            14.6805435
          ],
          [
            121.0731176,
            14.6805789
          ],
          [
            121.0730814,
            14.6806129
          ],
          [
            121.073043,
            14.6806801
          ],
          [
            121.0730409,
            14.6807674
          ],
          [
            121.0728588,
            14.6807788
          ],
          [
            121.0727948,
            14.6808965
          ],
          [
            121.072785,
            14.6809434
          ],
          [
            121.0727873,
            14.680993
          ],
          [
            121.0727888,
            14.6810669
          ],
          [
            121.0727752,
            14.681129
          ],
          [
            121.0727356,
            14.6812119
          ],
          [
            121.0727027,
            14.681263
          ],
          [
            121.0726121,
            14.6812963
          ],
          [
            121.0725562,
            14.681307
          ],
          [
            121.0725306,
            14.6813244
          ],
          [
            121.0724798,
            14.6813923
          ],
          [
            121.0724617,
            14.6814263
          ],
          [
            121.072447,
            14.6814561
          ],
          [
            121.072441,
            14.681473
          ],
          [
            121.0724319,
            14.6815057
          ],
          [
            121.0724279,
            14.6815125
          ],
          [
            121.0724185,
            14.6815193
          ],
          [
            121.0723583,
            14.6815186
          ],
          [
            121.0722508,
            14.6815444
          ],
          [
            121.0722408,
            14.6815682
          ],
          [
            121.0722158,
            14.6815844
          ],
          [
            121.0722019,
            14.6815899
          ],
          [
            121.0721372,
            14.6815909
          ],
          [
            121.0720497,
            14.6816216
          ],
          [
            121.0718715,
            14.6817522
          ]
        ]
      },
      "id": "way/585012391"
    },
    {
      "type": "Feature",
      "properties": {
        "@id": "way/585791957",
        "layer": "-1",
        "name": "Ampid River",
        "waterway": "river"
      },
      "geometry": {
        "type": "LineString",
        "coordinates": [
          [
            121.118967,
            14.6856042
          ],
          [
            121.118761,
            14.6856042
          ]
        ]
      },
      "id": "way/585791957"
    },
    {
      "type": "Feature",
      "properties": {
        "@id": "way/585791958",
        "name": "Ampid River",
        "waterway": "river"
      },
      "geometry": {
        "type": "LineString",
        "coordinates": [
          [
            121.1210382,
            14.6861076
          ],
          [
            121.121117,
            14.6859141
          ],
          [
            121.1210688,
            14.6856342
          ],
          [
            121.1207456,
            14.6852889
          ],
          [
            121.1203658,
            14.6849163
          ],
          [
            121.1202345,
            14.6848358
          ],
          [
            121.1199111,
            14.6846992
          ],
          [
            121.1196793,
            14.6846327
          ],
          [
            121.1194991,
            14.6846244
          ],
          [
            121.1193446,
            14.684749
          ],
          [
            121.1192244,
            14.6851807
          ],
          [
            121.118967,
            14.6856042
          ]
        ]
      },
      "id": "way/585791958"
    },
    {
      "type": "Feature",
      "properties": {
        "@id": "way/585791960",
        "name": "Ampid River",
        "waterway": "river"
      },
      "geometry": {
        "type": "LineString",
        "coordinates": [
          [
            121.118761,
            14.6856042
          ],
          [
            121.118615,
            14.6855211
          ],
          [
            121.1185035,
            14.68538
          ],
          [
            121.1181859,
            14.6852139
          ],
          [
            121.1178512,
            14.685189
          ],
          [
            121.1171623,
            14.6848547
          ],
          [
            121.1171222,
            14.6847934
          ],
          [
            121.1170538,
            14.6847714
          ],
          [
            121.1169158,
            14.6847575
          ],
          [
            121.1167611,
            14.6847822
          ],
          [
            121.1165363,
            14.6848742
          ],
          [
            121.1164288,
            14.6849037
          ],
          [
            121.1163121,
            14.6849008
          ],
          [
            121.1162129,
            14.6848725
          ],
          [
            121.1161313,
            14.6847929
          ],
          [
            121.1157741,
            14.684832
          ],
          [
            121.1153196,
            14.684973
          ],
          [
            121.114897,
            14.6852478
          ],
          [
            121.114487,
            14.6855903
          ],
          [
            121.1143786,
            14.6856433
          ],
          [
            121.1142044,
            14.6856696
          ],
          [
            121.1140864,
            14.6855743
          ],
          [
            121.1137179,
            14.6853529
          ],
          [
            121.1134292,
            14.6852393
          ],
          [
            121.1131133,
            14.6850645
          ],
          [
            121.1128939,
            14.6849234
          ],
          [
            121.1126756,
            14.6847822
          ],
          [
            121.1125554,
            14.6847158
          ],
          [
            121.1123165,
            14.6845918
          ],
          [
            121.1119916,
            14.6844409
          ]
        ]
      },
      "id": "way/585791960"
    },
    {
      "type": "Feature",
      "properties": {
        "@id": "way/606905334",
        "name": "Mahabang Sapa Creek",
        "waterway": "river"
      },
      "geometry": {
        "type": "LineString",
        "coordinates": [
          [
            121.1166792,
            14.5686991
          ],
          [
            121.1164775,
            14.5684818
          ],
          [
            121.11641,
            14.568309
          ],
          [
            121.1164396,
            14.5681088
          ],
          [
            121.1168265,
            14.56733
          ],
          [
            121.1168696,
            14.5671573
          ],
          [
            121.1166989,
            14.5667396
          ],
          [
            121.1165236,
            14.5664361
          ],
          [
            121.116044,
            14.5659458
          ],
          [
            121.115386,
            14.5654014
          ],
          [
            121.1151251,
            14.5652148
          ],
          [
            121.1148746,
            14.5651363
          ],
          [
            121.1146464,
            14.5651097
          ],
          [
            121.1145094,
            14.5651097
          ],
          [
            121.1143564,
            14.5651727
          ],
          [
            121.1132964,
            14.5656997
          ],
          [
            121.1130535,
            14.5658392
          ],
          [
            121.1128744,
            14.5659276
          ],
          [
            121.112638,
            14.5659535
          ],
          [
            121.1124947,
            14.5659416
          ],
          [
            121.1123274,
            14.5659047
          ],
          [
            121.1120202,
            14.5658475
          ],
          [
            121.1117978,
            14.5657896
          ],
          [
            121.1116823,
            14.5657276
          ],
          [
            121.1115644,
            14.5656076
          ],
          [
            121.1112242,
            14.5652153
          ],
          [
            121.1106794,
            14.5644647
          ],
          [
            121.1094226,
            14.563315
          ]
        ]
      },
      "id": "way/606905334"
    },
    {
      "type": "Feature",
      "properties": {
        "@id": "way/612314864",
        "boat": "no",
        "name": "Buhangin Creek",
        "waterway": "drain",
        "width": "5"
      },
      "geometry": {
        "type": "LineString",
        "coordinates": [
          [
            121.0240365,
            14.5860042
          ],
          [
            121.0242619,
            14.5860395
          ],
          [
            121.0244607,
            14.5860798
          ],
          [
            121.0245623,
            14.5861534
          ],
          [
            121.0245846,
            14.5862558
          ],
          [
            121.0245939,
            14.5863486
          ],
          [
            121.0245471,
            14.586457
          ],
          [
            121.0244841,
            14.586603
          ],
          [
            121.0241293,
            14.5873612
          ],
          [
            121.0240646,
            14.5874463
          ],
          [
            121.0239359,
            14.5875975
          ]
        ]
      },
      "id": "way/612314864"
    },
    {
      "type": "Feature",
      "properties": {
        "@id": "way/612314865",
        "boat": "no",
        "name": "Buhangin Creek",
        "waterway": "stream"
      },
      "geometry": {
        "type": "LineString",
        "coordinates": [
          [
            121.0222068,
            14.5843972
          ],
          [
            121.0223128,
            14.5846205
          ],
          [
            121.0222712,
            14.5846983
          ],
          [
            121.0222055,
            14.5847697
          ],
          [
            121.0221626,
            14.5848398
          ],
          [
            121.022184,
            14.584954
          ],
          [
            121.0222645,
            14.5850812
          ],
          [
            121.0223718,
            14.5851487
          ],
          [
            121.0224858,
            14.5851889
          ],
          [
            121.022577,
            14.5851643
          ],
          [
            121.0226803,
            14.5851305
          ],
          [
            121.0227326,
            14.5851578
          ],
          [
            121.0228117,
            14.5852525
          ],
          [
            121.0228881,
            14.5853434
          ],
          [
            121.0229833,
            14.5853771
          ],
          [
            121.0231175,
            14.5853875
          ],
          [
            121.0231908,
            14.5854234
          ],
          [
            121.0232145,
            14.5854754
          ],
          [
            121.023177,
            14.5855624
          ],
          [
            121.0231213,
            14.5857153
          ],
          [
            121.0230915,
            14.5858484
          ],
          [
            121.023126,
            14.5859856
          ],
          [
            121.0231426,
            14.5860112
          ],
          [
            121.0231928,
            14.5860845
          ],
          [
            121.0232526,
            14.5861278
          ],
          [
            121.0233562,
            14.5861337
          ],
          [
            121.0234464,
            14.5861088
          ],
          [
            121.0235853,
            14.5860699
          ],
          [
            121.0237113,
            14.5860439
          ],
          [
            121.0238544,
            14.5860206
          ],
          [
            121.0240365,
            14.5860042
          ]
        ]
      },
      "id": "way/612314865"
    },
    {
      "type": "Feature",
      "properties": {
        "@id": "way/628747760",
        "boat": "yes",
        "name": "Pasig River",
        "name:en": "Pasig River",
        "name:tl": "Ilog Pasig",
        "waterway": "river",
        "wikidata": "Q1156477",
        "wikipedia": "en:Pasig River"
      },
      "geometry": {
        "type": "LineString",
        "coordinates": [
          [
            121.0330171,
            14.5682805
          ],
          [
            121.0315824,
            14.5695734
          ],
          [
            121.030507,
            14.5706165
          ],
          [
            121.0274865,
            14.5731181
          ]
        ]
      },
      "id": "way/628747760"
    },
    {
      "type": "Feature",
      "properties": {
        "@id": "way/628747761",
        "boat": "yes",
        "name": "Pasig River",
        "name:en": "Pasig River",
        "name:tl": "Ilog Pasig",
        "waterway": "river",
        "wikidata": "Q1156477",
        "wikipedia": "en:Pasig River"
      },
      "geometry": {
        "type": "LineString",
        "coordinates": [
          [
            121.0339341,
            14.567539
          ],
          [
            121.0330171,
            14.5682805
          ]
        ]
      },
      "id": "way/628747761"
    },
    {
      "type": "Feature",
      "properties": {
        "@id": "way/628747763",
        "boat": "yes",
        "name": "Pasig River",
        "name:en": "Pasig River",
        "name:tl": "Ilog Pasig",
        "waterway": "river",
        "wikidata": "Q1156477",
        "wikipedia": "en:Pasig River"
      },
      "geometry": {
        "type": "LineString",
        "coordinates": [
          [
            121.0267072,
            14.5737609
          ],
          [
            121.0256183,
            14.5745385
          ]
        ]
      },
      "id": "way/628747763"
    },
    {
      "type": "Feature",
      "properties": {
        "@id": "way/628747765",
        "boat": "yes",
        "motorboat": "yes",
        "name": "Pasig River",
        "name:en": "Pasig River",
        "name:tl": "Ilog Pasig",
        "source": "Bing",
        "waterway": "river"
      },
      "geometry": {
        "type": "LineString",
        "coordinates": [
          [
            121.0189473,
            14.5869859
          ],
          [
            121.0186613,
            14.5869442
          ],
          [
            121.0181727,
            14.5868312
          ]
        ]
      },
      "id": "way/628747765"
    },
    {
      "type": "Feature",
      "properties": {
        "@id": "way/628747766",
        "boat": "yes",
        "motorboat": "yes",
        "name": "Pasig River",
        "name:en": "Pasig River",
        "name:tl": "Ilog Pasig",
        "source": "Bing",
        "waterway": "river"
      },
      "geometry": {
        "type": "LineString",
        "coordinates": [
          [
            121.0199832,
            14.5864478
          ],
          [
            121.0195742,
            14.5867492
          ],
          [
            121.0192809,
            14.5869147
          ],
          [
            121.0189473,
            14.5869859
          ]
        ]
      },
      "id": "way/628747766"
    },
    {
      "type": "Feature",
      "properties": {
        "@id": "way/628747769",
        "boat": "yes",
        "name": "Pasig River",
        "name:en": "Pasig River",
        "name:tl": "Ilog Pasig",
        "source": "Bing",
        "waterway": "river"
      },
      "geometry": {
        "type": "LineString",
        "coordinates": [
          [
            121.0121408,
            14.5833455
          ],
          [
            121.0113899,
            14.5826269
          ]
        ]
      },
      "id": "way/628747769"
    },
    {
      "type": "Feature",
      "properties": {
        "@id": "way/628747772",
        "boat": "yes",
        "motorboat": "yes",
        "name": "Pasig River",
        "name:en": "Pasig River",
        "name:tl": "Ilog Pasig",
        "source": "Bing",
        "waterway": "river"
      },
      "geometry": {
        "type": "LineString",
        "coordinates": [
          [
            121.0094959,
            14.5960868
          ],
          [
            121.0076411,
            14.5967621
          ],
          [
            121.006973,
            14.5969354
          ],
          [
            121.0063408,
            14.5971942
          ],
          [
            121.0056832,
            14.5973472
          ],
          [
            121.0050099,
            14.597296
          ],
          [
            121.0041752,
            14.597065
          ],
          [
            121.0033667,
            14.5967518
          ],
          [
            121.0032176,
            14.5966781
          ],
          [
            121.0026015,
            14.5962912
          ]
        ]
      },
      "id": "way/628747772"
    },
    {
      "type": "Feature",
      "properties": {
        "@id": "way/628747773",
        "boat": "yes",
        "motorboat": "yes",
        "name": "Pasig River",
        "name:en": "Pasig River",
        "name:tl": "Ilog Pasig",
        "source": "Bing",
        "waterway": "river"
      },
      "geometry": {
        "type": "LineString",
        "coordinates": [
          [
            121.0112688,
            14.5951599
          ],
          [
            121.0094959,
            14.5960868
          ]
        ]
      },
      "id": "way/628747773"
    },
    {
      "type": "Feature",
      "properties": {
        "@id": "way/628747775",
        "boat": "yes",
        "name": "Pasig River",
        "source": "Bing",
        "waterway": "river"
      },
      "geometry": {
        "type": "LineString",
        "coordinates": [
          [
            120.978363,
            14.5963841
          ],
          [
            120.9778558,
            14.5960747
          ],
          [
            120.9773389,
            14.5957838
          ]
        ]
      },
      "id": "way/628747775"
    },
    {
      "type": "Feature",
      "properties": {
        "@id": "way/628747777",
        "alt_name": "Napindan Channel",
        "alt_name:tl": "Ilog Napindan",
        "boat": "yes",
        "name": "Pasig River",
        "name:en": "Pasig River",
        "name:tl": "Ilog Pasig",
        "waterway": "river",
        "@relations": [
          {
            "role": "",
            "rel": 12548411,
            "reltags": {
              "name": "Napindan Channel",
              "type": "waterway",
              "waterway": "river"
            }
          }
        ]
      },
      "geometry": {
        "type": "LineString",
        "coordinates": [
          [
            121.1040832,
            14.5338787
          ],
          [
            121.1033661,
            14.5344058
          ],
          [
            121.1027159,
            14.5349437
          ],
          [
            121.1025753,
            14.5350627
          ],
          [
            121.1023432,
            14.535255
          ],
          [
            121.1019847,
            14.5355934
          ],
          [
            121.1017269,
            14.5357651
          ]
        ]
      },
      "id": "way/628747777"
    },
    {
      "type": "Feature",
      "properties": {
        "@id": "way/628747779",
        "boat": "yes",
        "name": "Pasig River",
        "name:en": "Pasig River",
        "name:tl": "Ilog Pasig",
        "waterway": "river",
        "wikidata": "Q1156477",
        "wikipedia": "en:Pasig River"
      },
      "geometry": {
        "type": "LineString",
        "coordinates": [
          [
            121.0486801,
            14.5684875
          ],
          [
            121.0471328,
            14.5684046
          ]
        ]
      },
      "id": "way/628747779"
    },
    {
      "type": "Feature",
      "properties": {
        "@id": "way/635524611",
        "name": "Sapa de San Agustin",
        "waterway": "river"
      },
      "geometry": {
        "type": "LineString",
        "coordinates": [
          [
            121.0882185,
            14.5534276
          ],
          [
            121.0881005,
            14.552926
          ]
        ]
      },
      "id": "way/635524611"
    },
    {
      "type": "Feature",
      "properties": {
        "@id": "way/638673723",
        "admin_level": "10",
        "boundary": "administrative",
        "name": "Nangka River",
        "waterway": "river"
      },
      "geometry": {
        "type": "LineString",
        "coordinates": [
          [
            121.1440242,
            14.6439842
          ],
          [
            121.1439629,
            14.6439466
          ],
          [
            121.1439145,
            14.6439112
          ],
          [
            121.143881,
            14.6438777
          ],
          [
            121.1438187,
            14.6438683
          ],
          [
            121.1437632,
            14.6438548
          ],
          [
            121.1437034,
            14.6438227
          ],
          [
            121.1436579,
            14.6437427
          ],
          [
            121.143574,
            14.643563
          ],
          [
            121.1435404,
            14.6435001
          ],
          [
            121.1434955,
            14.6434481
          ],
          [
            121.1434439,
            14.6433974
          ],
          [
            121.1433731,
            14.6433575
          ],
          [
            121.1433068,
            14.6433178
          ],
          [
            121.1432708,
            14.6432038
          ],
          [
            121.1432007,
            14.6429932
          ],
          [
            121.1431817,
            14.642863
          ],
          [
            121.1431559,
            14.6427571
          ],
          [
            121.143132,
            14.642658
          ],
          [
            121.1429375,
            14.6422872
          ],
          [
            121.1428446,
            14.6422051
          ],
          [
            121.1427645,
            14.6421381
          ],
          [
            121.1426432,
            14.6421499
          ],
          [
            121.1424419,
            14.642231
          ],
          [
            121.1423026,
            14.6422457
          ],
          [
            121.1421203,
            14.6422676
          ],
          [
            121.1418891,
            14.6422867
          ],
          [
            121.1417874,
            14.6423153
          ],
          [
            121.1415162,
            14.6423167
          ],
          [
            121.1409717,
            14.642217
          ],
          [
            121.1407577,
            14.6421598
          ],
          [
            121.1405052,
            14.6421279
          ],
          [
            121.1402487,
            14.6420795
          ],
          [
            121.1400613,
            14.6420984
          ],
          [
            121.1398695,
            14.6421895
          ],
          [
            121.1396278,
            14.6423402
          ],
          [
            121.1392953,
            14.6426885
          ],
          [
            121.1391909,
            14.642831
          ],
          [
            121.1390935,
            14.6431547
          ],
          [
            121.1389829,
            14.6435263
          ],
          [
            121.1389751,
            14.6438011
          ],
          [
            121.1388388,
            14.6442456
          ],
          [
            121.1389037,
            14.6447767
          ],
          [
            121.1390542,
            14.6454734
          ],
          [
            121.139066,
            14.6459014
          ],
          [
            121.1390168,
            14.6460952
          ],
          [
            121.1389092,
            14.6463998
          ],
          [
            121.1387786,
            14.6466446
          ],
          [
            121.1386439,
            14.646799
          ],
          [
            121.1383729,
            14.6469866
          ],
          [
            121.1381971,
            14.6470708
          ],
          [
            121.1380206,
            14.6471825
          ],
          [
            121.1378603,
            14.6473335
          ],
          [
            121.1377594,
            14.6474861
          ],
          [
            121.1376713,
            14.6477283
          ],
          [
            121.137452,
            14.6482728
          ],
          [
            121.1373998,
            14.6483214
          ],
          [
            121.1373205,
            14.6483639
          ],
          [
            121.1371323,
            14.6483919
          ],
          [
            121.1369337,
            14.6484043
          ],
          [
            121.136714,
            14.6483961
          ],
          [
            121.1365481,
            14.6483755
          ],
          [
            121.13646,
            14.6483344
          ],
          [
            121.1363313,
            14.6482023
          ],
          [
            121.1358403,
            14.6477234
          ],
          [
            121.1350231,
            14.6470762
          ],
          [
            121.1346121,
            14.6468869
          ],
          [
            121.134463,
            14.6468551
          ],
          [
            121.134317,
            14.6468635
          ],
          [
            121.1340545,
            14.6469288
          ],
          [
            121.1336329,
            14.6470986
          ],
          [
            121.1330073,
            14.6474383
          ],
          [
            121.1327822,
            14.6475987
          ],
          [
            121.1326491,
            14.6477109
          ],
          [
            121.1326014,
            14.6477622
          ],
          [
            121.1325863,
            14.6478415
          ],
          [
            121.1325985,
            14.6479114
          ],
          [
            121.1326319,
            14.6479675
          ],
          [
            121.1327287,
            14.6480167
          ],
          [
            121.1328431,
            14.6480693
          ],
          [
            121.1331029,
            14.6481433
          ],
          [
            121.1333237,
            14.6481831
          ],
          [
            121.1334577,
            14.648202
          ],
          [
            121.1335776,
            14.6482347
          ],
          [
            121.1337818,
            14.6483034
          ],
          [
            121.1340204,
            14.6483655
          ],
          [
            121.1341933,
            14.6484829
          ],
          [
            121.1343551,
            14.6486287
          ],
          [
            121.1346166,
            14.6488201
          ],
          [
            121.1347571,
            14.6489672
          ],
          [
            121.1348575,
            14.649091
          ],
          [
            121.1348967,
            14.6492065
          ],
          [
            121.1349113,
            14.6493051
          ],
          [
            121.1349471,
            14.64939
          ],
          [
            121.1350191,
            14.6494841
          ],
          [
            121.1350975,
            14.6495962
          ],
          [
            121.135176,
            14.6497494
          ],
          [
            121.1352429,
            14.6498237
          ],
          [
            121.1354089,
            14.6499323
          ],
          [
            121.1356308,
            14.6500716
          ],
          [
            121.1357849,
            14.6501821
          ],
          [
            121.135992,
            14.6502645
          ],
          [
            121.1362948,
            14.6504042
          ],
          [
            121.136409,
            14.6504701
          ],
          [
            121.1364712,
            14.65054
          ],
          [
            121.1364995,
            14.6506128
          ],
          [
            121.136522,
            14.6507977
          ],
          [
            121.1365677,
            14.6510264
          ],
          [
            121.1365389,
            14.6512261
          ],
          [
            121.1364967,
            14.6513138
          ],
          [
            121.1364194,
            14.6513861
          ],
          [
            121.1363164,
            14.6514652
          ],
          [
            121.1362099,
            14.6514895
          ],
          [
            121.1361353,
            14.6514905
          ],
          [
            121.1360395,
            14.651471
          ],
          [
            121.1359612,
            14.6514526
          ],
          [
            121.1358951,
            14.6514474
          ],
          [
            121.1357859,
            14.6514857
          ],
          [
            121.1356342,
            14.6515754
          ],
          [
            121.1354017,
            14.6517753
          ],
          [
            121.1351785,
            14.6519673
          ],
          [
            121.134828,
            14.6522117
          ],
          [
            121.1345883,
            14.6523474
          ],
          [
            121.1343202,
            14.6524488
          ],
          [
            121.1340073,
            14.6525868
          ],
          [
            121.1337685,
            14.6527569
          ],
          [
            121.133434,
            14.653224
          ],
          [
            121.1333336,
            14.6534098
          ],
          [
            121.1332746,
            14.6536181
          ]
        ]
      },
      "id": "way/638673723"
    },
    {
      "type": "Feature",
      "properties": {
        "@id": "way/638673728",
        "name": "Nangka River",
        "waterway": "river"
      },
      "geometry": {
        "type": "LineString",
        "coordinates": [
          [
            121.1332746,
            14.6536181
          ],
          [
            121.133272,
            14.653672
          ],
          [
            121.1332777,
            14.6537209
          ],
          [
            121.1332971,
            14.6537655
          ],
          [
            121.1333196,
            14.6538017
          ],
          [
            121.1333517,
            14.6538334
          ],
          [
            121.1335098,
            14.6539464
          ],
          [
            121.1341822,
            14.6543798
          ],
          [
            121.1344192,
            14.6545495
          ],
          [
            121.1345651,
            14.6546916
          ],
          [
            121.1346392,
            14.6548501
          ],
          [
            121.134655,
            14.6550556
          ],
          [
            121.1345911,
            14.6553488
          ],
          [
            121.1346116,
            14.6556863
          ],
          [
            121.1346161,
            14.6557603
          ],
          [
            121.134625,
            14.6558873
          ],
          [
            121.1347653,
            14.6565549
          ],
          [
            121.1349506,
            14.6569701
          ],
          [
            121.1350232,
            14.6575236
          ],
          [
            121.1349772,
            14.6577801
          ],
          [
            121.1348048,
            14.6583397
          ],
          [
            121.1346892,
            14.6587575
          ],
          [
            121.1343869,
            14.6593915
          ],
          [
            121.1341725,
            14.6598098
          ],
          [
            121.1337232,
            14.6605066
          ],
          [
            121.1335078,
            14.6607744
          ],
          [
            121.1332554,
            14.6610125
          ],
          [
            121.1329859,
            14.6614291
          ],
          [
            121.1328047,
            14.6617446
          ],
          [
            121.132442,
            14.6624383
          ],
          [
            121.1322699,
            14.6627807
          ],
          [
            121.1320669,
            14.6631201
          ],
          [
            121.1319309,
            14.6633978
          ],
          [
            121.131763,
            14.663683
          ],
          [
            121.1309249,
            14.6646237
          ],
          [
            121.1308148,
            14.6648496
          ],
          [
            121.1307135,
            14.6649537
          ],
          [
            121.1306321,
            14.6651398
          ],
          [
            121.1305907,
            14.6653528
          ],
          [
            121.1305584,
            14.6657585
          ],
          [
            121.1305787,
            14.6662771
          ],
          [
            121.1305851,
            14.6663314
          ],
          [
            121.1306489,
            14.6664113
          ],
          [
            121.1308484,
            14.6666076
          ],
          [
            121.130974,
            14.6667049
          ],
          [
            121.1310173,
            14.6667922
          ],
          [
            121.1310492,
            14.6668712
          ],
          [
            121.1310883,
            14.6670193
          ],
          [
            121.1311762,
            14.6677107
          ],
          [
            121.1311662,
            14.6677865
          ],
          [
            121.1311483,
            14.6678309
          ],
          [
            121.1310755,
            14.6678996
          ],
          [
            121.1309521,
            14.667954
          ],
          [
            121.1307078,
            14.6680233
          ],
          [
            121.1303445,
            14.6681525
          ],
          [
            121.1299812,
            14.6683518
          ],
          [
            121.1299071,
            14.668408
          ],
          [
            121.1298874,
            14.6684944
          ],
          [
            121.1298171,
            14.6685921
          ],
          [
            121.1297335,
            14.6686235
          ],
          [
            121.129586,
            14.6686389
          ],
          [
            121.1293517,
            14.6686486
          ],
          [
            121.1289662,
            14.6687289
          ],
          [
            121.1283873,
            14.6689511
          ],
          [
            121.1280243,
            14.669069
          ],
          [
            121.127672,
            14.6691528
          ],
          [
            121.1274345,
            14.6691768
          ],
          [
            121.1271224,
            14.6692851
          ],
          [
            121.1268696,
            14.6694047
          ],
          [
            121.1265707,
            14.669617
          ],
          [
            121.1263608,
            14.6697347
          ],
          [
            121.1262917,
            14.6697665
          ],
          [
            121.1260542,
            14.6698126
          ],
          [
            121.1257429,
            14.6699443
          ],
          [
            121.1256143,
            14.6700216
          ],
          [
            121.1255662,
            14.6700438
          ],
          [
            121.1255368,
            14.6700509
          ],
          [
            121.1255095,
            14.6700462
          ],
          [
            121.1254754,
            14.6700251
          ],
          [
            121.1254494,
            14.6700011
          ],
          [
            121.1253426,
            14.6698577
          ],
          [
            121.125251,
            14.669748
          ],
          [
            121.1252425,
            14.6697054
          ],
          [
            121.1252533,
            14.6695044
          ],
          [
            121.1252481,
            14.6694335
          ],
          [
            121.1252449,
            14.6694047
          ],
          [
            121.1251755,
            14.6692653
          ],
          [
            121.1249485,
            14.6688399
          ],
          [
            121.1245501,
            14.6679925
          ],
          [
            121.1245321,
            14.6679066
          ],
          [
            121.1245303,
            14.6678246
          ],
          [
            121.1245356,
            14.6677787
          ],
          [
            121.1245471,
            14.6677319
          ],
          [
            121.1245629,
            14.6676881
          ],
          [
            121.1245909,
            14.6676501
          ],
          [
            121.1246688,
            14.6676013
          ],
          [
            121.1247467,
            14.667578
          ],
          [
            121.1247965,
            14.6675567
          ],
          [
            121.1248641,
            14.6674828
          ],
          [
            121.1249252,
            14.6673763
          ],
          [
            121.1249829,
            14.6673264
          ],
          [
            121.1250926,
            14.6672707
          ],
          [
            121.1251215,
            14.6672227
          ],
          [
            121.1251445,
            14.6671639
          ],
          [
            121.1251588,
            14.6671092
          ],
          [
            121.1251519,
            14.6670553
          ],
          [
            121.125124,
            14.6669653
          ],
          [
            121.1250882,
            14.666919
          ],
          [
            121.1249558,
            14.6668206
          ],
          [
            121.1247805,
            14.666727
          ],
          [
            121.1242624,
            14.6665744
          ],
          [
            121.1240299,
            14.6665447
          ],
          [
            121.1237193,
            14.6665405
          ],
          [
            121.1231002,
            14.6665123
          ],
          [
            121.122739,
            14.6664983
          ],
          [
            121.1225567,
            14.6664168
          ],
          [
            121.1224275,
            14.6664023
          ],
          [
            121.1221297,
            14.6664537
          ],
          [
            121.1219146,
            14.6665423
          ],
          [
            121.1215634,
            14.666684
          ],
          [
            121.1214649,
            14.6667607
          ],
          [
            121.1214125,
            14.6668014
          ]
        ]
      },
      "id": "way/638673728"
    },
    {
      "type": "Feature",
      "properties": {
        "@id": "way/670821725",
        "boat": "no",
        "layer": "-1",
        "tunnel": "culvert",
        "waterway": "drain"
      },
      "geometry": {
        "type": "LineString",
        "coordinates": [
          [
            121.0530219,
            14.6532426
          ],
          [
            121.0528791,
            14.6534093
          ],
          [
            121.0527342,
            14.6536001
          ]
        ]
      },
      "id": "way/670821725"
    },
    {
      "type": "Feature",
      "properties": {
        "@id": "way/670821726",
        "boat": "no",
        "layer": "-1",
        "tunnel": "culvert",
        "waterway": "drain"
      },
      "geometry": {
        "type": "LineString",
        "coordinates": [
          [
            121.0527342,
            14.6536001
          ],
          [
            121.0524821,
            14.6538972
          ]
        ]
      },
      "id": "way/670821726"
    },
    {
      "type": "Feature",
      "properties": {
        "@id": "way/677318407",
        "name": "Pasong Tamo Creek",
        "waterway": "drain"
      },
      "geometry": {
        "type": "LineString",
        "coordinates": [
          [
            121.0717877,
            14.6818136
          ],
          [
            121.0717834,
            14.6818811
          ],
          [
            121.0717564,
            14.6819092
          ],
          [
            121.0716936,
            14.6819392
          ],
          [
            121.0716075,
            14.6819572
          ],
          [
            121.0715188,
            14.6819703
          ],
          [
            121.0715066,
            14.6820273
          ],
          [
            121.0714947,
            14.6820627
          ],
          [
            121.0714137,
            14.6820912
          ],
          [
            121.0713047,
            14.6820924
          ],
          [
            121.0712474,
            14.6821011
          ],
          [
            121.0711772,
            14.6821185
          ],
          [
            121.0711253,
            14.6821236
          ],
          [
            121.0711099,
            14.6821367
          ],
          [
            121.0709911,
            14.6821536
          ],
          [
            121.0708763,
            14.6821542
          ],
          [
            121.0707688,
            14.6821484
          ],
          [
            121.0706856,
            14.6821422
          ],
          [
            121.0706052,
            14.6821607
          ],
          [
            121.0705771,
            14.6821988
          ],
          [
            121.0705835,
            14.682229
          ],
          [
            121.0706196,
            14.6822893
          ],
          [
            121.0705766,
            14.6823904
          ],
          [
            121.0705565,
            14.6824374
          ],
          [
            121.0705096,
            14.6825339
          ],
          [
            121.0704736,
            14.6825622
          ],
          [
            121.0703956,
            14.6825715
          ],
          [
            121.0702684,
            14.6825782
          ],
          [
            121.0701998,
            14.6825852
          ],
          [
            121.0701005,
            14.6825827
          ],
          [
            121.0700331,
            14.6825822
          ],
          [
            121.0699315,
            14.6825922
          ],
          [
            121.0698226,
            14.6825919
          ],
          [
            121.0696822,
            14.682565
          ]
        ]
      },
      "id": "way/677318407"
    },
    {
      "type": "Feature",
      "properties": {
        "@id": "way/693351880",
        "boat": "no",
        "name": "Estero de Aviles",
        "waterway": "river"
      },
      "geometry": {
        "type": "LineString",
        "coordinates": [
          [
            120.999462,
            14.5984741
          ],
          [
            120.999291,
            14.5983361
          ],
          [
            120.9992397,
            14.598158
          ],
          [
            120.9992255,
            14.5978258
          ],
          [
            120.999197,
            14.5974995
          ]
        ]
      },
      "id": "way/693351880"
    },
    {
      "type": "Feature",
      "properties": {
        "@id": "way/693657073",
        "layer": "-1",
        "tunnel": "culvert",
        "waterway": "stream"
      },
      "geometry": {
        "type": "LineString",
        "coordinates": [
          [
            121.0606496,
            14.6868341
          ],
          [
            121.060523,
            14.68678
          ]
        ]
      },
      "id": "way/693657073"
    },
    {
      "type": "Feature",
      "properties": {
        "@id": "way/693657074",
        "waterway": "stream"
      },
      "geometry": {
        "type": "LineString",
        "coordinates": [
          [
            121.061072,
            14.6864543
          ],
          [
            121.060957,
            14.6868011
          ],
          [
            121.0606496,
            14.6868341
          ]
        ]
      },
      "id": "way/693657074"
    },
    {
      "type": "Feature",
      "properties": {
        "@id": "way/693657075",
        "layer": "-1",
        "tunnel": "culvert",
        "waterway": "stream"
      },
      "geometry": {
        "type": "LineString",
        "coordinates": [
          [
            121.0611565,
            14.6864604
          ],
          [
            121.061072,
            14.6864543
          ]
        ]
      },
      "id": "way/693657075"
    },
    {
      "type": "Feature",
      "properties": {
        "@id": "way/693657076",
        "waterway": "stream"
      },
      "geometry": {
        "type": "LineString",
        "coordinates": [
          [
            121.0615549,
            14.6869158
          ],
          [
            121.0614482,
            14.6867893
          ],
          [
            121.0614201,
            14.6867063
          ],
          [
            121.0613797,
            14.6864719
          ],
          [
            121.061345,
            14.6864371
          ],
          [
            121.061298,
            14.6864345
          ],
          [
            121.0612505,
            14.6864458
          ],
          [
            121.0611565,
            14.6864604
          ]
        ]
      },
      "id": "way/693657076"
    },
    {
      "type": "Feature",
      "properties": {
        "@id": "way/693657077",
        "layer": "-1",
        "tunnel": "culvert",
        "waterway": "stream"
      },
      "geometry": {
        "type": "LineString",
        "coordinates": [
          [
            121.0616231,
            14.6869489
          ],
          [
            121.0615549,
            14.6869158
          ]
        ]
      },
      "id": "way/693657077"
    },
    {
      "type": "Feature",
      "properties": {
        "@id": "way/693657078",
        "name": "Pasong Tamo Creek",
        "waterway": "stream"
      },
      "geometry": {
        "type": "LineString",
        "coordinates": [
          [
            121.0647461,
            14.6864923
          ],
          [
            121.0647414,
            14.6867006
          ],
          [
            121.0636577,
            14.6867152
          ],
          [
            121.0636648,
            14.6870598
          ],
          [
            121.0630409,
            14.6870671
          ],
          [
            121.0628134,
            14.6870626
          ],
          [
            121.0623729,
            14.687593
          ],
          [
            121.0623293,
            14.687595
          ],
          [
            121.0622633,
            14.6875661
          ],
          [
            121.0621029,
            14.6872904
          ],
          [
            121.0618724,
            14.6871029
          ],
          [
            121.0616231,
            14.6869489
          ]
        ]
      },
      "id": "way/693657078"
    },
    {
      "type": "Feature",
      "properties": {
        "@id": "way/695798275",
        "boat": "no",
        "layer": "-1",
        "name": "Buhangin Creek",
        "tunnel": "culvert",
        "waterway": "stream"
      },
      "geometry": {
        "type": "LineString",
        "coordinates": [
          [
            121.029106,
            14.5782495
          ],
          [
            121.0290746,
            14.5784015
          ],
          [
            121.0288673,
            14.5786042
          ]
        ]
      },
      "id": "way/695798275"
    },
    {
      "type": "Feature",
      "properties": {
        "@id": "way/695798276",
        "boat": "no",
        "name": "Buhangin Creek",
        "waterway": "drain"
      },
      "geometry": {
        "type": "LineString",
        "coordinates": [
          [
            121.0317015,
            14.5763617
          ],
          [
            121.0315994,
            14.576467
          ],
          [
            121.0314991,
            14.5765509
          ],
          [
            121.0314513,
            14.5765984
          ],
          [
            121.0314431,
            14.5766378
          ],
          [
            121.031378,
            14.5767077
          ],
          [
            121.0313327,
            14.5767674
          ],
          [
            121.0313032,
            14.5767843
          ],
          [
            121.0312278,
            14.5768587
          ],
          [
            121.031152,
            14.5769313
          ],
          [
            121.0310502,
            14.5769937
          ],
          [
            121.0309713,
            14.5770945
          ],
          [
            121.0309669,
            14.5771432
          ],
          [
            121.0309179,
            14.5772388
          ],
          [
            121.0307774,
            14.5774329
          ],
          [
            121.0306088,
            14.577556
          ],
          [
            121.0303729,
            14.5776132
          ],
          [
            121.0300281,
            14.5778075
          ]
        ]
      },
      "id": "way/695798276"
    },
    {
      "type": "Feature",
      "properties": {
        "@id": "way/695915151",
        "boat": "no",
        "name": "Buhangin Creek",
        "waterway": "stream"
      },
      "geometry": {
        "type": "LineString",
        "coordinates": [
          [
            121.028259,
            14.5795545
          ],
          [
            121.0281608,
            14.5797687
          ],
          [
            121.0280584,
            14.5799376
          ],
          [
            121.0278616,
            14.580046
          ]
        ]
      },
      "id": "way/695915151"
    },
    {
      "type": "Feature",
      "properties": {
        "@id": "way/695915153",
        "boat": "no",
        "layer": "-1",
        "name": "Buhangin Creek",
        "tunnel": "culvert",
        "waterway": "stream"
      },
      "geometry": {
        "type": "LineString",
        "coordinates": [
          [
            121.0288673,
            14.5786042
          ],
          [
            121.0286635,
            14.5788383
          ],
          [
            121.0285818,
            14.5789025
          ],
          [
            121.0283464,
            14.5793998
          ],
          [
            121.0283146,
            14.5794574
          ]
        ]
      },
      "id": "way/695915153"
    },
    {
      "type": "Feature",
      "properties": {
        "@id": "way/696269998",
        "boat": "no",
        "name": "Buhangin Creek",
        "waterway": "drain"
      },
      "geometry": {
        "type": "LineString",
        "coordinates": [
          [
            121.0295105,
            14.5779947
          ],
          [
            121.0292356,
            14.5780433
          ],
          [
            121.029133,
            14.5781536
          ],
          [
            121.029106,
            14.5782495
          ]
        ]
      },
      "id": "way/696269998"
    },
    {
      "type": "Feature",
      "properties": {
        "@id": "way/696270000",
        "boat": "no",
        "layer": "-1",
        "name": "Buhangin Creek",
        "tunnel": "culvert",
        "waterway": "drain"
      },
      "geometry": {
        "type": "LineString",
        "coordinates": [
          [
            121.0299507,
            14.5778494
          ],
          [
            121.0298832,
            14.5778947
          ],
          [
            121.0295105,
            14.5779947
          ]
        ]
      },
      "id": "way/696270000"
    },
    {
      "type": "Feature",
      "properties": {
        "@id": "way/696275911",
        "name": "Maytunas Creek",
        "waterway": "stream"
      },
      "geometry": {
        "type": "LineString",
        "coordinates": [
          [
            121.0320764,
            14.5932745
          ],
          [
            121.0320646,
            14.5932335
          ]
        ]
      },
      "id": "way/696275911"
    },
    {
      "type": "Feature",
      "properties": {
        "@id": "way/696275912",
        "name": "Maytunas Creek",
        "waterway": "stream"
      },
      "geometry": {
        "type": "LineString",
        "coordinates": [
          [
            121.032078,
            14.593286
          ],
          [
            121.0320773,
            14.5932803
          ]
        ]
      },
      "id": "way/696275912"
    },
    {
      "type": "Feature",
      "properties": {
        "@id": "way/696275914",
        "name": "Maytunas Creek",
        "waterway": "stream"
      },
      "geometry": {
        "type": "LineString",
        "coordinates": [
          [
            121.0320773,
            14.5932803
          ],
          [
            121.0320764,
            14.5932745
          ]
        ]
      },
      "id": "way/696275914"
    },
    {
      "type": "Feature",
      "properties": {
        "@id": "way/696275915",
        "name": "Maytunas Creek",
        "waterway": "stream"
      },
      "geometry": {
        "type": "LineString",
        "coordinates": [
          [
            121.0320819,
            14.5933186
          ],
          [
            121.032078,
            14.593286
          ]
        ]
      },
      "id": "way/696275915"
    },
    {
      "type": "Feature",
      "properties": {
        "@id": "way/696276978",
        "boat": "no",
        "layer": "-1",
        "name": "Ermitaño Creek",
        "note": "building built over part of the waterway",
        "waterway": "river"
      },
      "geometry": {
        "type": "LineString",
        "coordinates": [
          [
            121.039201,
            14.5973341
          ],
          [
            121.0392127,
            14.5973943
          ]
        ]
      },
      "id": "way/696276978"
    },
    {
      "type": "Feature",
      "properties": {
        "@id": "way/696277170",
        "boat": "no",
        "name": "Maytunas Creek",
        "waterway": "stream"
      },
      "geometry": {
        "type": "LineString",
        "coordinates": [
          [
            121.0279678,
            14.595418
          ],
          [
            121.0280973,
            14.5953365
          ]
        ]
      },
      "id": "way/696277170"
    },
    {
      "type": "Feature",
      "properties": {
        "@id": "way/696277171",
        "boat": "no",
        "name": "Maytunas Creek",
        "waterway": "stream"
      },
      "geometry": {
        "type": "LineString",
        "coordinates": [
          [
            121.0259967,
            14.5950248
          ],
          [
            121.026263,
            14.5951587
          ],
          [
            121.0264763,
            14.5954129
          ],
          [
            121.0267566,
            14.5958618
          ],
          [
            121.0268578,
            14.5959397
          ],
          [
            121.0269136,
            14.5959451
          ],
          [
            121.0270075,
            14.5959603
          ],
          [
            121.0273172,
            14.5958319
          ],
          [
            121.0279678,
            14.595418
          ]
        ]
      },
      "id": "way/696277171"
    },
    {
      "type": "Feature",
      "properties": {
        "@id": "way/696277546",
        "boat": "no",
        "name": "Buhangin Creek",
        "waterway": "drain"
      },
      "geometry": {
        "type": "LineString",
        "coordinates": [
          [
            121.0266043,
            14.5832535
          ],
          [
            121.0265171,
            14.5834184
          ],
          [
            121.0264429,
            14.5835608
          ],
          [
            121.0263292,
            14.5836769
          ],
          [
            121.0262618,
            14.5837736
          ],
          [
            121.0261541,
            14.5839467
          ],
          [
            121.0260225,
            14.5841549
          ],
          [
            121.0258784,
            14.5844244
          ],
          [
            121.0256944,
            14.5845646
          ]
        ]
      },
      "id": "way/696277546"
    },
    {
      "type": "Feature",
      "properties": {
        "@id": "way/696278193",
        "boat": "no",
        "name": "Maytunas Creek",
        "waterway": "stream"
      },
      "geometry": {
        "type": "LineString",
        "coordinates": [
          [
            121.0372001,
            14.5879425
          ],
          [
            121.0371988,
            14.5879483
          ],
          [
            121.0371557,
            14.5881539
          ],
          [
            121.0371372,
            14.5882801
          ],
          [
            121.0371229,
            14.5883482
          ],
          [
            121.0371128,
            14.5883652
          ],
          [
            121.0371006,
            14.5883855
          ]
        ]
      },
      "id": "way/696278193"
    },
    {
      "type": "Feature",
      "properties": {
        "@id": "way/696278194",
        "boat": "no",
        "layer": "-1",
        "name": "Maytunas Creek",
        "tunnel": "culvert",
        "waterway": "stream"
      },
      "geometry": {
        "type": "LineString",
        "coordinates": [
          [
            121.0372176,
            14.5878666
          ],
          [
            121.0372001,
            14.5879425
          ]
        ]
      },
      "id": "way/696278194"
    },
    {
      "type": "Feature",
      "properties": {
        "@id": "way/696278195",
        "boat": "no",
        "layer": "-1",
        "name": "Maytunas Creek",
        "waterway": "stream"
      },
      "geometry": {
        "type": "LineString",
        "coordinates": [
          [
            121.0374732,
            14.5870748
          ],
          [
            121.0373889,
            14.5871697
          ]
        ]
      },
      "id": "way/696278195"
    },
    {
      "type": "Feature",
      "properties": {
        "@id": "way/696278196",
        "boat": "no",
        "name": "Maytunas Creek",
        "waterway": "stream"
      },
      "geometry": {
        "type": "LineString",
        "coordinates": [
          [
            121.0378146,
            14.5869807
          ],
          [
            121.0376959,
            14.5870086
          ],
          [
            121.0376316,
            14.5869949
          ],
          [
            121.0374732,
            14.5870748
          ]
        ]
      },
      "id": "way/696278196"
    },
    {
      "type": "Feature",
      "properties": {
        "@id": "way/696278197",
        "boat": "no",
        "name": "Maytunas Creek",
        "waterway": "stream"
      },
      "geometry": {
        "type": "LineString",
        "coordinates": [
          [
            121.0373889,
            14.5871697
          ],
          [
            121.0373172,
            14.5872587
          ],
          [
            121.0373194,
            14.5873985
          ],
          [
            121.0373227,
            14.5874757
          ],
          [
            121.0373006,
            14.5875783
          ],
          [
            121.0372474,
            14.5877371
          ],
          [
            121.0372176,
            14.5878666
          ]
        ]
      },
      "id": "way/696278197"
    },
    {
      "type": "Feature",
      "properties": {
        "@id": "way/696278198",
        "boat": "no",
        "check_date": "2024-04-12",
        "layer": "-1",
        "name": "Maytunas Creek",
        "waterway": "stream"
      },
      "geometry": {
        "type": "LineString",
        "coordinates": [
          [
            121.0379884,
            14.5869453
          ],
          [
            121.0378146,
            14.5869807
          ]
        ]
      },
      "id": "way/696278198"
    },
    {
      "type": "Feature",
      "properties": {
        "@id": "way/696300671",
        "boat": "no",
        "layer": "-1",
        "name": "Maytunas Creek",
        "tunnel": "culvert",
        "waterway": "drain"
      },
      "geometry": {
        "type": "LineString",
        "coordinates": [
          [
            121.0415874,
            14.586197
          ],
          [
            121.0414184,
            14.5862083
          ]
        ]
      },
      "id": "way/696300671"
    },
    {
      "type": "Feature",
      "properties": {
        "@id": "way/696300672",
        "boat": "no",
        "name": "Maytunas Creek",
        "waterway": "drain"
      },
      "geometry": {
        "type": "LineString",
        "coordinates": [
          [
            121.0424422,
            14.5861523
          ],
          [
            121.0423591,
            14.5860479
          ],
          [
            121.0423009,
            14.585955
          ],
          [
            121.042157,
            14.5859053
          ],
          [
            121.0420645,
            14.5859418
          ],
          [
            121.0419515,
            14.5860147
          ],
          [
            121.0419035,
            14.5861009
          ],
          [
            121.0418203,
            14.5861609
          ],
          [
            121.0415874,
            14.586197
          ]
        ]
      },
      "id": "way/696300672"
    },
    {
      "type": "Feature",
      "properties": {
        "@id": "way/696300673",
        "boat": "no",
        "layer": "-1",
        "name": "Maytunas Creek",
        "waterway": "stream"
      },
      "geometry": {
        "type": "LineString",
        "coordinates": [
          [
            121.0424692,
            14.586189
          ],
          [
            121.0424422,
            14.5861523
          ]
        ]
      },
      "id": "way/696300673"
    },
    {
      "type": "Feature",
      "properties": {
        "@id": "way/696300674",
        "boat": "no",
        "name": "Maytunas Creek",
        "waterway": "stream"
      },
      "geometry": {
        "type": "LineString",
        "coordinates": [
          [
            121.0442671,
            14.5856235
          ],
          [
            121.0441232,
            14.5857628
          ],
          [
            121.0439588,
            14.5858987
          ],
          [
            121.0436676,
            14.5860147
          ],
          [
            121.0434792,
            14.5860976
          ],
          [
            121.0433765,
            14.5860876
          ],
          [
            121.0432258,
            14.5861374
          ],
          [
            121.0431778,
            14.5861904
          ],
          [
            121.043075,
            14.5862965
          ],
          [
            121.0429757,
            14.5863827
          ],
          [
            121.0428832,
            14.5864059
          ],
          [
            121.0427565,
            14.5863694
          ],
          [
            121.0426468,
            14.586323
          ],
          [
            121.0425647,
            14.5862658
          ],
          [
            121.0424692,
            14.586189
          ]
        ]
      },
      "id": "way/696300674"
    },
    {
      "type": "Feature",
      "properties": {
        "@id": "way/696300679",
        "boat": "no",
        "name": "Maytunas Creek",
        "waterway": "stream"
      },
      "geometry": {
        "type": "LineString",
        "coordinates": [
          [
            121.039962,
            14.5870122
          ],
          [
            121.0398873,
            14.5870569
          ],
          [
            121.0397599,
            14.5870848
          ],
          [
            121.0396101,
            14.5871558
          ],
          [
            121.0395481,
            14.5871395
          ],
          [
            121.0394748,
            14.5871703
          ],
          [
            121.039415,
            14.5872089
          ],
          [
            121.0393685,
            14.5872025
          ],
          [
            121.0392755,
            14.5871382
          ],
          [
            121.0391726,
            14.5870996
          ],
          [
            121.0390264,
            14.5870803
          ],
          [
            121.0388405,
            14.5871028
          ],
          [
            121.0386379,
            14.5871028
          ],
          [
            121.0385283,
            14.58709
          ],
          [
            121.0384154,
            14.5869935
          ],
          [
            121.0382759,
            14.5869325
          ],
          [
            121.0381408,
            14.586927
          ],
          [
            121.0379884,
            14.5869453
          ]
        ]
      },
      "id": "way/696300679"
    },
    {
      "type": "Feature",
      "properties": {
        "@id": "way/696300680",
        "boat": "no",
        "layer": "-1",
        "name": "Maytunas Creek",
        "waterway": "stream"
      },
      "geometry": {
        "type": "LineString",
        "coordinates": [
          [
            121.039976,
            14.5870001
          ],
          [
            121.039962,
            14.5870122
          ]
        ]
      },
      "id": "way/696300680"
    },
    {
      "type": "Feature",
      "properties": {
        "@id": "way/696329386",
        "name": "Buayang Bato Creek",
        "waterway": "stream"
      },
      "geometry": {
        "type": "LineString",
        "coordinates": [
          [
            121.0539139,
            14.5755617
          ],
          [
            121.0536968,
            14.5752675
          ],
          [
            121.0532602,
            14.5745673
          ]
        ]
      },
      "id": "way/696329386"
    },
    {
      "type": "Feature",
      "properties": {
        "@id": "way/696329387",
        "layer": "-1",
        "name": "Buayang Bato Creek",
        "tunnel": "culvert",
        "waterway": "stream"
      },
      "geometry": {
        "type": "LineString",
        "coordinates": [
          [
            121.0540354,
            14.5757141
          ],
          [
            121.0539139,
            14.5755617
          ]
        ]
      },
      "id": "way/696329387"
    },
    {
      "type": "Feature",
      "properties": {
        "@id": "way/696329389",
        "name": "Buayang Bato Creek",
        "waterway": "stream"
      },
      "geometry": {
        "type": "LineString",
        "coordinates": [
          [
            121.0508523,
            14.5707241
          ],
          [
            121.0507231,
            14.5705275
          ]
        ]
      },
      "id": "way/696329389"
    },
    {
      "type": "Feature",
      "properties": {
        "@id": "way/696329390",
        "layer": "-1",
        "name": "Buayang Bato Creek",
        "tunnel": "culvert",
        "waterway": "stream"
      },
      "geometry": {
        "type": "LineString",
        "coordinates": [
          [
            121.0506759,
            14.5738446
          ],
          [
            121.0506423,
            14.5738756
          ]
        ]
      },
      "id": "way/696329390"
    },
    {
      "type": "Feature",
      "properties": {
        "@id": "way/696329391",
        "name": "Buayang Bato Creek",
        "waterway": "stream"
      },
      "geometry": {
        "type": "LineString",
        "coordinates": [
          [
            121.0508961,
            14.5732469
          ],
          [
            121.0509039,
            14.5733815
          ],
          [
            121.0508924,
            14.5735012
          ],
          [
            121.0508578,
            14.573606
          ],
          [
            121.050804,
            14.573707
          ],
          [
            121.0506759,
            14.5738446
          ]
        ]
      },
      "id": "way/696329391"
    },
    {
      "type": "Feature",
      "properties": {
        "@id": "way/696329392",
        "name": "Buayang Bato Creek",
        "waterway": "stream"
      },
      "geometry": {
        "type": "LineString",
        "coordinates": [
          [
            121.0532037,
            14.5745359
          ],
          [
            121.0529633,
            14.5744397
          ],
          [
            121.0526047,
            14.5744195
          ],
          [
            121.0524554,
            14.5743483
          ],
          [
            121.0519586,
            14.5739929
          ],
          [
            121.0515902,
            14.573726
          ]
        ]
      },
      "id": "way/696329392"
    },
    {
      "type": "Feature",
      "properties": {
        "@id": "way/696329393",
        "layer": "-1",
        "name": "Buayang Bato Creek",
        "tunnel": "culvert",
        "waterway": "stream"
      },
      "geometry": {
        "type": "LineString",
        "coordinates": [
          [
            121.0532602,
            14.5745673
          ],
          [
            121.0532037,
            14.5745359
          ]
        ]
      },
      "id": "way/696329393"
    },
    {
      "type": "Feature",
      "properties": {
        "@id": "way/696329406",
        "culvert": "box",
        "layer": "-1",
        "name": "Buayang Bato Creek",
        "tunnel": "culvert",
        "waterway": "drain"
      },
      "geometry": {
        "type": "LineString",
        "coordinates": [
          [
            121.055367,
            14.5769104
          ],
          [
            121.0552834,
            14.5768586
          ]
        ]
      },
      "id": "way/696329406"
    },
    {
      "type": "Feature",
      "properties": {
        "@id": "way/696329407",
        "name": "Buayang Bato Creek",
        "waterway": "drain"
      },
      "geometry": {
        "type": "LineString",
        "coordinates": [
          [
            121.0567133,
            14.5783591
          ],
          [
            121.0563463,
            14.577911
          ],
          [
            121.0563328,
            14.5778871
          ],
          [
            121.0561358,
            14.5775371
          ],
          [
            121.0558806,
            14.5772477
          ],
          [
            121.0556111,
            14.577051
          ],
          [
            121.055367,
            14.5769104
          ]
        ]
      },
      "id": "way/696329407"
    },
    {
      "type": "Feature",
      "properties": {
        "@id": "way/696329409",
        "layer": "-1",
        "name": "Buayang Bato Creek",
        "tunnel": "culvert",
        "waterway": "stream"
      },
      "geometry": {
        "type": "LineString",
        "coordinates": [
          [
            121.0515317,
            14.5736739
          ],
          [
            121.0515066,
            14.573655
          ]
        ]
      },
      "id": "way/696329409"
    },
    {
      "type": "Feature",
      "properties": {
        "@id": "way/696329410",
        "name": "Buayang Bato Creek",
        "waterway": "stream"
      },
      "geometry": {
        "type": "LineString",
        "coordinates": [
          [
            121.0515066,
            14.573655
          ],
          [
            121.0514627,
            14.5736148
          ]
        ]
      },
      "id": "way/696329410"
    },
    {
      "type": "Feature",
      "properties": {
        "@id": "way/696543592",
        "boat": "no",
        "name": "Buhangin Creek",
        "waterway": "drain"
      },
      "geometry": {
        "type": "LineString",
        "coordinates": [
          [
            121.0317436,
            14.5763321
          ],
          [
            121.0317015,
            14.5763617
          ]
        ]
      },
      "id": "way/696543592"
    },
    {
      "type": "Feature",
      "properties": {
        "@id": "way/696543593",
        "boat": "no",
        "name": "Buhangin Creek",
        "waterway": "drain"
      },
      "geometry": {
        "type": "LineString",
        "coordinates": [
          [
            121.0323722,
            14.5761292
          ],
          [
            121.0321764,
            14.5761867
          ],
          [
            121.031984,
            14.5762441
          ],
          [
            121.0318074,
            14.5763025
          ],
          [
            121.0317436,
            14.5763321
          ]
        ]
      },
      "id": "way/696543593"
    },
    {
      "type": "Feature",
      "properties": {
        "@id": "way/696543597",
        "boat": "no",
        "name": "Buhangin Creek",
        "waterway": "drain"
      },
      "geometry": {
        "type": "LineString",
        "coordinates": [
          [
            121.0330222,
            14.5759833
          ],
          [
            121.0329505,
            14.5759668
          ],
          [
            121.0327535,
            14.576019
          ],
          [
            121.0325871,
            14.5760659
          ]
        ]
      },
      "id": "way/696543597"
    },
    {
      "type": "Feature",
      "properties": {
        "@id": "way/696543598",
        "name": "Buhangin Creek",
        "waterway": "drain"
      },
      "geometry": {
        "type": "LineString",
        "coordinates": [
          [
            121.0336683,
            14.5763848
          ],
          [
            121.0333882,
            14.5762153
          ],
          [
            121.0332467,
            14.5761387
          ],
          [
            121.0330222,
            14.5759833
          ]
        ]
      },
      "id": "way/696543598"
    },
    {
      "type": "Feature",
      "properties": {
        "@id": "way/696543599",
        "layer": "-1",
        "name": "Buhangin Creek",
        "tunnel": "culvert",
        "waterway": "drain"
      },
      "geometry": {
        "type": "LineString",
        "coordinates": [
          [
            121.0345378,
            14.5764682
          ],
          [
            121.0343917,
            14.5765708
          ],
          [
            121.0340219,
            14.5764795
          ],
          [
            121.0337455,
            14.5765238
          ],
          [
            121.0336683,
            14.5763848
          ]
        ]
      },
      "id": "way/696543599"
    },
    {
      "type": "Feature",
      "properties": {
        "@id": "way/696602835",
        "name": "Buhangin Creek",
        "waterway": "drain"
      },
      "geometry": {
        "type": "LineString",
        "coordinates": [
          [
            121.036418,
            14.575434
          ],
          [
            121.0361871,
            14.5753053
          ],
          [
            121.0360861,
            14.5752786
          ],
          [
            121.0359981,
            14.5753137
          ],
          [
            121.0358959,
            14.575384
          ],
          [
            121.0358005,
            14.5754764
          ],
          [
            121.0356716,
            14.5755875
          ],
          [
            121.035607,
            14.5756457
          ],
          [
            121.0354187,
            14.5757164
          ],
          [
            121.0351633,
            14.5757726
          ],
          [
            121.0350349,
            14.5758034
          ],
          [
            121.0349946,
            14.575861
          ],
          [
            121.0348299,
            14.5760342
          ]
        ]
      },
      "id": "way/696602835"
    },
    {
      "type": "Feature",
      "properties": {
        "@id": "way/741799325",
        "boat": "yes",
        "name": "Pasig River",
        "name:en": "Pasig River",
        "name:es": "Río Pasig",
        "name:tl": "Ilog Pasig",
        "waterway": "river"
      },
      "geometry": {
        "type": "LineString",
        "coordinates": [
          [
            120.9827719,
            14.5947242
          ],
          [
            120.982104,
            14.5955756
          ]
        ]
      },
      "id": "way/741799325"
    },
    {
      "type": "Feature",
      "properties": {
        "@id": "way/771327586",
        "boat": "no",
        "name": "Buhangin Creek",
        "waterway": "drain"
      },
      "geometry": {
        "type": "LineString",
        "coordinates": [
          [
            121.0267596,
            14.582071
          ],
          [
            121.0269405,
            14.5822173
          ],
          [
            121.0269634,
            14.5822891
          ],
          [
            121.026722,
            14.5829576
          ],
          [
            121.0266043,
            14.5832535
          ]
        ]
      },
      "id": "way/771327586"
    },
    {
      "type": "Feature",
      "properties": {
        "@id": "way/771327587",
        "boat": "no",
        "name": "Buhangin Creek",
        "waterway": "river"
      },
      "geometry": {
        "type": "LineString",
        "coordinates": [
          [
            121.0272439,
            14.5810872
          ],
          [
            121.0271724,
            14.5812009
          ],
          [
            121.0270522,
            14.5812714
          ],
          [
            121.0269624,
            14.5813506
          ],
          [
            121.0269586,
            14.5814103
          ]
        ]
      },
      "id": "way/771327587"
    },
    {
      "type": "Feature",
      "properties": {
        "@id": "way/771327588",
        "boat": "no",
        "name": "Buhangin Creek",
        "waterway": "river"
      },
      "geometry": {
        "type": "LineString",
        "coordinates": [
          [
            121.0273484,
            14.5808968
          ],
          [
            121.0272439,
            14.5810872
          ]
        ]
      },
      "id": "way/771327588"
    },
    {
      "type": "Feature",
      "properties": {
        "@id": "way/771327589",
        "boat": "no",
        "layer": "-1",
        "name": "Buhangin Creek",
        "tunnel": "culvert",
        "waterway": "stream"
      },
      "geometry": {
        "type": "LineString",
        "coordinates": [
          [
            121.0278168,
            14.580077
          ],
          [
            121.02771,
            14.5801596
          ],
          [
            121.0276638,
            14.5802096
          ],
          [
            121.0276103,
            14.580273
          ],
          [
            121.027448,
            14.5803771
          ]
        ]
      },
      "id": "way/771327589"
    },
    {
      "type": "Feature",
      "properties": {
        "@id": "way/771333123",
        "boat": "no",
        "name": "Buhangin Creek",
        "waterway": "river"
      },
      "geometry": {
        "type": "LineString",
        "coordinates": [
          [
            121.0273163,
            14.5805221
          ],
          [
            121.0273191,
            14.5806846
          ],
          [
            121.0273567,
            14.5808076
          ],
          [
            121.0273484,
            14.5808968
          ]
        ]
      },
      "id": "way/771333123"
    },
    {
      "type": "Feature",
      "properties": {
        "@id": "way/774961196",
        "boat": "yes",
        "name": "Pasig River",
        "name:en": "Pasig River",
        "name:tl": "Ilog Pasig",
        "waterway": "river",
        "wikidata": "Q1156477",
        "wikipedia": "en:Pasig River"
      },
      "geometry": {
        "type": "LineString",
        "coordinates": [
          [
            121.0218947,
            14.5768554
          ],
          [
            121.0213134,
            14.5772021
          ]
        ]
      },
      "id": "way/774961196"
    },
    {
      "type": "Feature",
      "properties": {
        "@id": "way/780059859",
        "layer": "-1",
        "name": "Talayan Creek",
        "tunnel": "culvert",
        "waterway": "stream"
      },
      "geometry": {
        "type": "LineString",
        "coordinates": [
          [
            121.0076828,
            14.6385296
          ],
          [
            121.0076175,
            14.6383773
          ]
        ]
      },
      "id": "way/780059859"
    },
    {
      "type": "Feature",
      "properties": {
        "@id": "way/784140770",
        "boat": "yes",
        "name": "Pasig River",
        "source": "Bing",
        "waterway": "river"
      },
      "geometry": {
        "type": "LineString",
        "coordinates": [
          [
            120.9629324,
            14.5958351
          ],
          [
            120.9627355,
            14.5958255
          ],
          [
            120.9603964,
            14.5957121
          ]
        ]
      },
      "id": "way/784140770"
    },
    {
      "type": "Feature",
      "properties": {
        "@id": "way/788962245",
        "name": "Manggahan Floodway",
        "waterway": "river",
        "wikidata": "Q16894592",
        "wikipedia": "en:Manggahan Floodway",
        "@relations": [
          {
            "role": "",
            "rel": 10699539,
            "reltags": {
              "name": "Manggahan Floodway",
              "type": "waterway",
              "waterway": "river",
              "wikidata": "Q16894592",
              "wikimedia_commons": "Category:Manggahan Floodway"
            }
          }
        ]
      },
      "geometry": {
        "type": "LineString",
        "coordinates": [
          [
            121.0904573,
            14.5979394
          ],
          [
            121.0907744,
            14.5970461
          ],
          [
            121.0913733,
            14.594871
          ]
        ]
      },
      "id": "way/788962245"
    },
    {
      "type": "Feature",
      "properties": {
        "@id": "way/788962248",
        "boat": "yes",
        "name": "Marikina River",
        "name:tl": "Ilog Marikina",
        "waterway": "river",
        "wikidata": "Q3551251",
        "@relations": [
          {
            "role": "main_stream",
            "rel": 11963824,
            "reltags": {
              "destination": "Pasig River",
              "name": "Marikina River",
              "name:en": "Marikina River",
              "name:tl": "Ilog Marikina",
              "type": "waterway",
              "waterway": "river",
              "wikidata": "Q3551251",
              "wikipedia": "en:Marikina River"
            }
          }
        ]
      },
      "geometry": {
        "type": "LineString",
        "coordinates": [
          [
            121.0823855,
            14.596288
          ],
          [
            121.0823165,
            14.5951453
          ],
          [
            121.0827285,
            14.5921634
          ],
          [
            121.0830518,
            14.5903997
          ]
        ]
      },
      "id": "way/788962248"
    },
    {
      "type": "Feature",
      "properties": {
        "@id": "way/795038373",
        "layer": "-1",
        "source:outline": "Bing",
        "tunnel": "yes",
        "waterway": "ditch"
      },
      "geometry": {
        "type": "LineString",
        "coordinates": [
          [
            121.036102,
            14.6695834
          ],
          [
            121.0360845,
            14.6696097
          ],
          [
            121.0360565,
            14.6698277
          ],
          [
            121.0361086,
            14.6699023
          ],
          [
            121.0360833,
            14.6701534
          ]
        ]
      },
      "id": "way/795038373"
    },
    {
      "type": "Feature",
      "properties": {
        "@id": "way/795038374",
        "source:outline": "Bing",
        "waterway": "ditch"
      },
      "geometry": {
        "type": "LineString",
        "coordinates": [
          [
            121.036038,
            14.6691407
          ],
          [
            121.0360858,
            14.669244
          ],
          [
            121.0360591,
            14.6694121
          ],
          [
            121.0360215,
            14.6694952
          ],
          [
            121.036102,
            14.6695834
          ]
        ]
      },
      "id": "way/795038374"
    },
    {
      "type": "Feature",
      "properties": {
        "@id": "way/795212376",
        "layer": "-1",
        "name": "Pasong Tamo Creek",
        "tunnel": "culvert",
        "waterway": "stream"
      },
      "geometry": {
        "type": "LineString",
        "coordinates": [
          [
            121.0718715,
            14.6817522
          ],
          [
            121.0717877,
            14.6818136
          ]
        ]
      },
      "id": "way/795212376"
    },
    {
      "type": "Feature",
      "properties": {
        "@id": "way/797393028",
        "boat": "yes",
        "name": "Marikina River",
        "name:tl": "Ilog Marikina",
        "waterway": "river",
        "wikidata": "Q3551251",
        "@relations": [
          {
            "role": "main_stream",
            "rel": 11963824,
            "reltags": {
              "destination": "Pasig River",
              "name": "Marikina River",
              "name:en": "Marikina River",
              "name:tl": "Ilog Marikina",
              "type": "waterway",
              "waterway": "river",
              "wikidata": "Q3551251",
              "wikipedia": "en:Marikina River"
            }
          }
        ]
      },
      "geometry": {
        "type": "LineString",
        "coordinates": [
          [
            121.1139464,
            14.6980592
          ],
          [
            121.1136835,
            14.6981078
          ],
          [
            121.1132035,
            14.6978983
          ],
          [
            121.112718,
            14.6977972
          ],
          [
            121.1124859,
            14.6976077
          ],
          [
            121.1121494,
            14.696915
          ],
          [
            121.1121743,
            14.6964194
          ],
          [
            121.1114141,
            14.6957288
          ],
          [
            121.1114034,
            14.6951533
          ],
          [
            121.1115761,
            14.693783
          ],
          [
            121.1115295,
            14.6930258
          ]
        ]
      },
      "id": "way/797393028"
    },
    {
      "type": "Feature",
      "properties": {
        "@id": "way/798253804",
        "boat": "yes",
        "name": "Pasig River",
        "name:en": "Pasig River",
        "name:es": "Río Pasig",
        "name:tl": "Ilog Pasig",
        "waterway": "river"
      },
      "geometry": {
        "type": "LineString",
        "coordinates": [
          [
            120.982104,
            14.5955756
          ],
          [
            120.9816925,
            14.5960662
          ]
        ]
      },
      "id": "way/798253804"
    },
    {
      "type": "Feature",
      "properties": {
        "@id": "way/798270647",
        "boat": "yes",
        "name": "Pasig River",
        "name:en": "Pasig River",
        "name:tl": "Ilog Pasig",
        "source": "Bing",
        "waterway": "river"
      },
      "geometry": {
        "type": "LineString",
        "coordinates": [
          [
            121.0203561,
            14.5857665
          ],
          [
            121.020332,
            14.5859794
          ],
          [
            121.0202515,
            14.586174
          ],
          [
            121.0199832,
            14.5864478
          ]
        ]
      },
      "id": "way/798270647"
    },
    {
      "type": "Feature",
      "properties": {
        "@id": "way/800561242",
        "boat": "no",
        "layer": "-1",
        "waterway": "river"
      },
      "geometry": {
        "type": "LineString",
        "coordinates": [
          [
            121.0348826,
            14.6671965
          ],
          [
            121.0347011,
            14.6670875
          ]
        ]
      },
      "id": "way/800561242"
    },
    {
      "type": "Feature",
      "properties": {
        "@id": "way/800561243",
        "boat": "no",
        "layer": "-1",
        "waterway": "river"
      },
      "geometry": {
        "type": "LineString",
        "coordinates": [
          [
            121.0347011,
            14.6670875
          ],
          [
            121.0346917,
            14.6670822
          ],
          [
            121.0345155,
            14.6670041
          ]
        ]
      },
      "id": "way/800561243"
    },
    {
      "type": "Feature",
      "properties": {
        "@id": "way/801449567",
        "admin_level": "8",
        "boat": "no",
        "boundary": "administrative",
        "name": "Pandacan Creek",
        "old_name": "Estero de Pandacan",
        "waterway": "river"
      },
      "geometry": {
        "type": "LineString",
        "coordinates": [
          [
            121.005728,
            14.5907233
          ],
          [
            121.0059246,
            14.5907533
          ],
          [
            121.0061416,
            14.5907738
          ],
          [
            121.006586,
            14.5907972
          ],
          [
            121.0068276,
            14.5908063
          ],
          [
            121.0075151,
            14.5908041
          ],
          [
            121.007755,
            14.5907929
          ],
          [
            121.00786,
            14.590791
          ],
          [
            121.0081839,
            14.5908621
          ],
          [
            121.0085081,
            14.5909465
          ],
          [
            121.0086193,
            14.5909822
          ],
          [
            121.0088175,
            14.591017
          ],
          [
            121.0089183,
            14.5910164
          ],
          [
            121.0090735,
            14.5909942
          ],
          [
            121.0092114,
            14.5909289
          ],
          [
            121.0093948,
            14.5908516
          ]
        ]
      },
      "id": "way/801449567"
    },
    {
      "type": "Feature",
      "properties": {
        "@id": "way/801449570",
        "admin_level": "8",
        "boat": "no",
        "boundary": "administrative",
        "name": "Pandacan Creek",
        "old_name": "Estero de Pandacan",
        "waterway": "canal"
      },
      "geometry": {
        "type": "LineString",
        "coordinates": [
          [
            121.0095395,
            14.5907907
          ],
          [
            121.0105474,
            14.5902499
          ],
          [
            121.011019,
            14.590066
          ],
          [
            121.0119123,
            14.5897117
          ],
          [
            121.0122604,
            14.5895889
          ],
          [
            121.012375,
            14.5895572
          ],
          [
            121.0128549,
            14.5894544
          ]
        ]
      },
      "id": "way/801449570"
    },
    {
      "type": "Feature",
      "properties": {
        "@id": "way/801449571",
        "admin_level": "8",
        "boat": "no",
        "boundary": "administrative",
        "layer": "-1",
        "name": "Pandacan Creek",
        "old_name": "Estero de Pandacan",
        "tunnel": "culvert",
        "waterway": "canal"
      },
      "geometry": {
        "type": "LineString",
        "coordinates": [
          [
            121.0093948,
            14.5908516
          ],
          [
            121.0095395,
            14.5907907
          ]
        ]
      },
      "id": "way/801449571"
    },
    {
      "type": "Feature",
      "properties": {
        "@id": "way/803093719",
        "name": "Talayan Creek",
        "waterway": "drain"
      },
      "geometry": {
        "type": "LineString",
        "coordinates": [
          [
            121.0076409,
            14.6392763
          ],
          [
            121.0077659,
            14.6390643
          ]
        ]
      },
      "id": "way/803093719"
    },
    {
      "type": "Feature",
      "properties": {
        "@id": "way/803093720",
        "name": "Talayan Creek",
        "waterway": "drain"
      },
      "geometry": {
        "type": "LineString",
        "coordinates": [
          [
            121.0077659,
            14.6390643
          ],
          [
            121.0076828,
            14.6385296
          ]
        ]
      },
      "id": "way/803093720"
    },
    {
      "type": "Feature",
      "properties": {
        "@id": "way/818379314",
        "boat": "yes",
        "name": "Pasig River (Napindan Channel)",
        "name:tl": "Ilog Napindan",
        "waterway": "river",
        "@relations": [
          {
            "role": "",
            "rel": 12548411,
            "reltags": {
              "name": "Napindan Channel",
              "type": "waterway",
              "waterway": "river"
            }
          }
        ]
      },
      "geometry": {
        "type": "LineString",
        "coordinates": [
          [
            121.0713678,
            14.5558332
          ],
          [
            121.0709878,
            14.5560374
          ],
          [
            121.0701851,
            14.5562713
          ]
        ]
      },
      "id": "way/818379314"
    },
    {
      "type": "Feature",
      "properties": {
        "@id": "way/818379315",
        "boat": "yes",
        "name": "Marikina River",
        "name:tl": "Ilog Marikina",
        "waterway": "river",
        "wikidata": "Q3551251",
        "@relations": [
          {
            "role": "main_stream",
            "rel": 11963824,
            "reltags": {
              "destination": "Pasig River",
              "name": "Marikina River",
              "name:en": "Marikina River",
              "name:tl": "Ilog Marikina",
              "type": "waterway",
              "waterway": "river",
              "wikidata": "Q3551251",
              "wikipedia": "en:Marikina River"
            }
          }
        ]
      },
      "geometry": {
        "type": "LineString",
        "coordinates": [
          [
            121.0744251,
            14.5702951
          ],
          [
            121.0741071,
            14.5691406
          ],
          [
            121.0736316,
            14.5666214
          ],
          [
            121.073394,
            14.5648305
          ]
        ]
      },
      "id": "way/818379315"
    },
    {
      "type": "Feature",
      "properties": {
        "@id": "way/818420594",
        "boat": "yes",
        "name": "Marikina River",
        "name:tl": "Ilog Marikina",
        "waterway": "river",
        "wikidata": "Q3551251",
        "@relations": [
          {
            "role": "main_stream",
            "rel": 11963824,
            "reltags": {
              "destination": "Pasig River",
              "name": "Marikina River",
              "name:en": "Marikina River",
              "name:tl": "Ilog Marikina",
              "type": "waterway",
              "waterway": "river",
              "wikidata": "Q3551251",
              "wikipedia": "en:Marikina River"
            }
          }
        ]
      },
      "geometry": {
        "type": "LineString",
        "coordinates": [
          [
            121.073394,
            14.5648305
          ],
          [
            121.0730897,
            14.5625497
          ],
          [
            121.0728202,
            14.5615616
          ]
        ]
      },
      "id": "way/818420594"
    },
    {
      "type": "Feature",
      "properties": {
        "@id": "way/818420603",
        "boat": "yes",
        "name": "Marikina River",
        "name:tl": "Ilog Marikina",
        "waterway": "river",
        "wikidata": "Q3551251",
        "@relations": [
          {
            "role": "main_stream",
            "rel": 11963824,
            "reltags": {
              "destination": "Pasig River",
              "name": "Marikina River",
              "name:en": "Marikina River",
              "name:tl": "Ilog Marikina",
              "type": "waterway",
              "waterway": "river",
              "wikidata": "Q3551251",
              "wikipedia": "en:Marikina River"
            }
          }
        ]
      },
      "geometry": {
        "type": "LineString",
        "coordinates": [
          [
            121.0728202,
            14.5615616
          ],
          [
            121.0726712,
            14.5610154
          ],
          [
            121.07245,
            14.560446
          ],
          [
            121.0722085,
            14.5600335
          ]
        ]
      },
      "id": "way/818420603"
    },
    {
      "type": "Feature",
      "properties": {
        "@id": "way/818420611",
        "boat": "yes",
        "name": "Pasig River (Napindan Channel)",
        "name:tl": "Ilog Napindan",
        "waterway": "river",
        "@relations": [
          {
            "role": "",
            "rel": 12548411,
            "reltags": {
              "name": "Napindan Channel",
              "type": "waterway",
              "waterway": "river"
            }
          }
        ]
      },
      "geometry": {
        "type": "LineString",
        "coordinates": [
          [
            121.073663,
            14.5549872
          ],
          [
            121.0722791,
            14.5554796
          ],
          [
            121.0717162,
            14.5556798
          ],
          [
            121.0713678,
            14.5558332
          ]
        ]
      },
      "id": "way/818420611"
    },
    {
      "type": "Feature",
      "properties": {
        "@id": "way/824137875",
        "name": "Ilog Pugad",
        "waterway": "river"
      },
      "geometry": {
        "type": "LineString",
        "coordinates": [
          [
            121.1284135,
            14.5430004
          ],
          [
            121.1284074,
            14.5429718
          ],
          [
            121.1283317,
            14.5425878
          ],
          [
            121.1282432,
            14.5416925
          ],
          [
            121.1282647,
            14.5414305
          ],
          [
            121.1283316,
            14.5408079
          ],
          [
            121.1283949,
            14.5406726
          ],
          [
            121.1286253,
            14.5403555
          ],
          [
            121.1286291,
            14.5402071
          ],
          [
            121.1285734,
            14.5401033
          ],
          [
            121.1296327,
            14.5386108
          ],
          [
            121.1306714,
            14.5370866
          ],
          [
            121.1307203,
            14.5367881
          ],
          [
            121.1302274,
            14.5354001
          ],
          [
            121.1301228,
            14.5352471
          ],
          [
            121.129651,
            14.5348215
          ]
        ]
      },
      "id": "way/824137875"
    },
    {
      "type": "Feature",
      "properties": {
        "@id": "way/859828203",
        "boat": "no",
        "name": "Angono River",
        "waterway": "river",
        "@relations": [
          {
            "role": "side_stream",
            "rel": 15246527,
            "reltags": {
              "name": "Angono River",
              "type": "waterway",
              "waterway": "river",
              "wikidata": "Q31850644"
            }
          }
        ]
      },
      "geometry": {
        "type": "LineString",
        "coordinates": [
          [
            121.1457173,
            14.5174684
          ],
          [
            121.1457901,
            14.5173039
          ],
          [
            121.1457457,
            14.5166302
          ],
          [
            121.1457028,
            14.5160237
          ],
          [
            121.1454658,
            14.5152893
          ],
          [
            121.1450806,
            14.5138967
          ],
          [
            121.1449366,
            14.5135342
          ],
          [
            121.1444002,
            14.5115333
          ],
          [
            121.1441696,
            14.5108945
          ],
          [
            121.1439282,
            14.5103804
          ],
          [
            121.1429182,
            14.5088794
          ]
        ]
      },
      "id": "way/859828203"
    },
    {
      "type": "Feature",
      "properties": {
        "@id": "way/878612119",
        "layer": "-1",
        "name": "Estero de Valencia",
        "tunnel": "culvert",
        "waterway": "river"
      },
      "geometry": {
        "type": "LineString",
        "coordinates": [
          [
            121.0044583,
            14.6059618
          ],
          [
            121.0042593,
            14.6057764
          ]
        ]
      },
      "id": "way/878612119"
    },
    {
      "type": "Feature",
      "properties": {
        "@id": "way/878612120",
        "layer": "-1",
        "name": "Estero de Valencia",
        "tunnel": "culvert",
        "waterway": "river"
      },
      "geometry": {
        "type": "LineString",
        "coordinates": [
          [
            121.0042593,
            14.6057764
          ],
          [
            121.004179,
            14.6057014
          ]
        ]
      },
      "id": "way/878612120"
    },
    {
      "type": "Feature",
      "properties": {
        "@id": "way/886890868",
        "name": "Campupot Creek",
        "waterway": "river"
      },
      "geometry": {
        "type": "LineString",
        "coordinates": [
          [
            121.0193284,
            14.6264969
          ],
          [
            121.0193486,
            14.6265992
          ],
          [
            121.0194264,
            14.6267134
          ],
          [
            121.0194404,
            14.6267766
          ],
          [
            121.0194591,
            14.6268535
          ],
          [
            121.0194404,
            14.62705
          ],
          [
            121.0193891,
            14.6272714
          ],
          [
            121.0193844,
            14.6274206
          ],
          [
            121.0192443,
            14.6275742
          ],
          [
            121.0191836,
            14.6276872
          ],
          [
            121.0192116,
            14.627782
          ],
          [
            121.019319,
            14.6278114
          ],
          [
            121.0194825,
            14.6277956
          ],
          [
            121.0196553,
            14.6277419
          ],
          [
            121.0198654,
            14.6277459
          ]
        ]
      },
      "id": "way/886890868"
    },
    {
      "type": "Feature",
      "properties": {
        "@id": "way/895227964",
        "boat": "no",
        "waterway": "river"
      },
      "geometry": {
        "type": "LineString",
        "coordinates": [
          [
            121.0506493,
            14.673066
          ],
          [
            121.0505021,
            14.6730175
          ],
          [
            121.0499697,
            14.6726471
          ],
          [
            121.0498644,
            14.6725869
          ]
        ]
      },
      "id": "way/895227964"
    },
    {
      "type": "Feature",
      "properties": {
        "@id": "way/895240770",
        "name": "Kalamyong Creek",
        "waterway": "river"
      },
      "geometry": {
        "type": "LineString",
        "coordinates": [
          [
            121.1108995,
            14.7070311
          ],
          [
            121.1111622,
            14.7068091
          ],
          [
            121.1112337,
            14.7066842
          ],
          [
            121.1114363,
            14.7062242
          ],
          [
            121.1115161,
            14.7059529
          ],
          [
            121.1115172,
            14.7057128
          ],
          [
            121.1114742,
            14.7055092
          ],
          [
            121.1114692,
            14.7053777
          ],
          [
            121.1115,
            14.7053074
          ],
          [
            121.1115711,
            14.705297
          ],
          [
            121.1116857,
            14.7053309
          ],
          [
            121.1118434,
            14.7053602
          ],
          [
            121.1120313,
            14.7053417
          ],
          [
            121.1121658,
            14.7052617
          ],
          [
            121.1122605,
            14.70514
          ],
          [
            121.1122441,
            14.7048976
          ],
          [
            121.1122239,
            14.7046762
          ],
          [
            121.1122385,
            14.7045991
          ],
          [
            121.1122833,
            14.704526
          ],
          [
            121.1123481,
            14.7044566
          ],
          [
            121.1124491,
            14.7044096
          ],
          [
            121.1125087,
            14.7044403
          ],
          [
            121.1126331,
            14.7045374
          ],
          [
            121.1127828,
            14.7045659
          ],
          [
            121.1129242,
            14.7045526
          ],
          [
            121.1130014,
            14.7044504
          ],
          [
            121.1130739,
            14.7042703
          ],
          [
            121.1132394,
            14.7039544
          ],
          [
            121.1133485,
            14.7036964
          ],
          [
            121.1134778,
            14.7036201
          ],
          [
            121.1138384,
            14.7033562
          ],
          [
            121.1139845,
            14.7032533
          ],
          [
            121.1142703,
            14.7028783
          ],
          [
            121.1145697,
            14.7025425
          ]
        ]
      },
      "id": "way/895240770"
    },
    {
      "type": "Feature",
      "properties": {
        "@id": "way/898046650",
        "boat": "no",
        "name": "San Jose Creek (Guadalupe Nuevo Creek)",
        "waterway": "stream"
      },
      "geometry": {
        "type": "LineString",
        "coordinates": [
          [
            121.0483099,
            14.5643888
          ],
          [
            121.0482569,
            14.564529
          ],
          [
            121.0482541,
            14.5645757
          ],
          [
            121.0482397,
            14.5648114
          ],
          [
            121.0479736,
            14.5650108
          ],
          [
            121.0478191,
            14.5655507
          ],
          [
            121.047596,
            14.566315
          ],
          [
            121.0474081,
            14.5666423
          ],
          [
            121.0471943,
            14.5668923
          ],
          [
            121.0471369,
            14.5671549
          ],
          [
            121.0471208,
            14.5675562
          ],
          [
            121.0471091,
            14.5676947
          ],
          [
            121.0470862,
            14.5678523
          ],
          [
            121.0471328,
            14.5684046
          ]
        ]
      },
      "id": "way/898046650"
    },
    {
      "type": "Feature",
      "properties": {
        "@id": "way/898046651",
        "boat": "no",
        "layer": "-1",
        "name": "San Jose Creek",
        "tunnel": "culvert",
        "waterway": "stream"
      },
      "geometry": {
        "type": "LineString",
        "coordinates": [
          [
            121.0483131,
            14.5643807
          ],
          [
            121.0483099,
            14.5643888
          ]
        ]
      },
      "id": "way/898046651"
    },
    {
      "type": "Feature",
      "properties": {
        "@id": "way/900661051",
        "name": "Campupot Creek",
        "waterway": "stream"
      },
      "geometry": {
        "type": "LineString",
        "coordinates": [
          [
            121.0200755,
            14.6276826
          ],
          [
            121.0203137,
            14.62752
          ],
          [
            121.0204024,
            14.627538
          ],
          [
            121.0205099,
            14.627529
          ],
          [
            121.0205846,
            14.6275742
          ],
          [
            121.0206546,
            14.6276465
          ],
          [
            121.0206873,
            14.6277595
          ],
          [
            121.0207013,
            14.6278815
          ],
          [
            121.0208041,
            14.6280667
          ],
          [
            121.0209185,
            14.6281142
          ],
          [
            121.0210049,
            14.6281164
          ],
          [
            121.0211632,
            14.6281376
          ],
          [
            121.0215157,
            14.6282402
          ]
        ]
      },
      "id": "way/900661051"
    },
    {
      "type": "Feature",
      "properties": {
        "@id": "way/900661052",
        "layer": "-1",
        "name": "Campupot Creek",
        "tunnel": "yes",
        "waterway": "stream"
      },
      "geometry": {
        "type": "LineString",
        "coordinates": [
          [
            121.0198654,
            14.6277459
          ],
          [
            121.0200755,
            14.6276826
          ]
        ]
      },
      "id": "way/900661052"
    },
    {
      "type": "Feature",
      "properties": {
        "@id": "way/900661053",
        "layer": "-1",
        "name": "Waling-Waling Creek",
        "tunnel": "yes",
        "waterway": "stream"
      },
      "geometry": {
        "type": "LineString",
        "coordinates": [
          [
            121.0169227,
            14.6294018
          ],
          [
            121.0167499,
            14.6294372
          ]
        ]
      },
      "id": "way/900661053"
    },
    {
      "type": "Feature",
      "properties": {
        "@id": "way/900661054",
        "name": "Waling-Waling Creek",
        "waterway": "stream"
      },
      "geometry": {
        "type": "LineString",
        "coordinates": [
          [
            121.0167499,
            14.6294372
          ],
          [
            121.0166157,
            14.6294175
          ],
          [
            121.0165202,
            14.6293487
          ],
          [
            121.0163962,
            14.6292051
          ]
        ]
      },
      "id": "way/900661054"
    },
    {
      "type": "Feature",
      "properties": {
        "@id": "way/900661055",
        "layer": "-1",
        "name": "Waling-Waling Creek",
        "tunnel": "yes",
        "waterway": "stream"
      },
      "geometry": {
        "type": "LineString",
        "coordinates": [
          [
            121.0163962,
            14.6292051
          ],
          [
            121.0163637,
            14.6290222
          ]
        ]
      },
      "id": "way/900661055"
    },
    {
      "type": "Feature",
      "properties": {
        "@id": "way/900661056",
        "name": "Waling-Waling Creek",
        "waterway": "stream"
      },
      "geometry": {
        "type": "LineString",
        "coordinates": [
          [
            121.0163637,
            14.6290222
          ],
          [
            121.0162702,
            14.6288373
          ],
          [
            121.0162286,
            14.62874
          ]
        ]
      },
      "id": "way/900661056"
    },
    {
      "type": "Feature",
      "properties": {
        "@id": "way/900668550",
        "boat": "no",
        "layer": "-1",
        "name": "Mahabang Sapa Creek",
        "tunnel": "culvert",
        "waterway": "stream"
      },
      "geometry": {
        "type": "LineString",
        "coordinates": [
          [
            121.1077412,
            14.5634115
          ],
          [
            121.1079357,
            14.563531
          ],
          [
            121.108134,
            14.5636668
          ],
          [
            121.1089036,
            14.564051
          ]
        ]
      },
      "id": "way/900668550"
    },
    {
      "type": "Feature",
      "properties": {
        "@id": "way/905266502",
        "boat": "no",
        "loc_name": "Bitukang Manok",
        "name": "Parian Creek",
        "old_name": "Pariancillo River",
        "waterway": "river"
      },
      "geometry": {
        "type": "LineString",
        "coordinates": [
          [
            121.0911076,
            14.5572772
          ],
          [
            121.0915625,
            14.5567508
          ],
          [
            121.0925125,
            14.5557619
          ],
          [
            121.0926192,
            14.5556835
          ],
          [
            121.0927555,
            14.5556024
          ],
          [
            121.0933097,
            14.5552751
          ],
          [
            121.0934492,
            14.5551508
          ],
          [
            121.0935871,
            14.5548837
          ],
          [
            121.0936396,
            14.5547819
          ],
          [
            121.0936742,
            14.5546738
          ]
        ]
      },
      "id": "way/905266502"
    },
    {
      "type": "Feature",
      "properties": {
        "@id": "way/907237184",
        "name": "San Antonio Creek",
        "waterway": "river"
      },
      "geometry": {
        "type": "LineString",
        "coordinates": [
          [
            121.0957601,
            14.6679246
          ],
          [
            121.0959571,
            14.6679745
          ],
          [
            121.0960783,
            14.6679882
          ],
          [
            121.0963002,
            14.6680489
          ],
          [
            121.096468,
            14.668059
          ],
          [
            121.0966809,
            14.6681036
          ],
          [
            121.096824,
            14.668034
          ],
          [
            121.0968045,
            14.6678826
          ],
          [
            121.096619,
            14.6677166
          ],
          [
            121.0967183,
            14.6676296
          ],
          [
            121.096843,
            14.667627
          ],
          [
            121.0970574,
            14.6675848
          ],
          [
            121.0970829,
            14.6674332
          ],
          [
            121.0971858,
            14.6673095
          ],
          [
            121.0973353,
            14.6672767
          ],
          [
            121.0975536,
            14.6671886
          ],
          [
            121.0975124,
            14.6670234
          ],
          [
            121.0974675,
            14.6668207
          ],
          [
            121.0972243,
            14.6668087
          ],
          [
            121.0969126,
            14.6667711
          ],
          [
            121.0968046,
            14.6665693
          ],
          [
            121.0969227,
            14.6664759
          ],
          [
            121.0971999,
            14.6662619
          ],
          [
            121.097334,
            14.6661495
          ],
          [
            121.0974147,
            14.6661496
          ],
          [
            121.0976149,
            14.6661913
          ],
          [
            121.0977311,
            14.66616
          ],
          [
            121.0977966,
            14.6660933
          ],
          [
            121.0977921,
            14.6657929
          ],
          [
            121.0977941,
            14.6656243
          ],
          [
            121.0978398,
            14.6654536
          ],
          [
            121.0979637,
            14.665222
          ],
          [
            121.0980463,
            14.6651735
          ],
          [
            121.0983993,
            14.6651508
          ]
        ]
      },
      "id": "way/907237184"
    },
    {
      "type": "Feature",
      "properties": {
        "@id": "way/907237185",
        "layer": "-1",
        "name": "San Antonio Creek",
        "tunnel": "culvert",
        "waterway": "river"
      },
      "geometry": {
        "type": "LineString",
        "coordinates": [
          [
            121.0952986,
            14.667828
          ],
          [
            121.0957601,
            14.6679246
          ]
        ]
      },
      "id": "way/907237185"
    },
    {
      "type": "Feature",
      "properties": {
        "@id": "way/915555640",
        "name": "Bangiad River",
        "waterway": "river"
      },
      "geometry": {
        "type": "LineString",
        "coordinates": [
          [
            121.1340864,
            14.5380865
          ],
          [
            121.1342467,
            14.5370762
          ],
          [
            121.1342816,
            14.5363674
          ],
          [
            121.1343996,
            14.535656
          ],
          [
            121.1345217,
            14.5350173
          ],
          [
            121.1346263,
            14.5345928
          ],
          [
            121.134696,
            14.5343566
          ],
          [
            121.1347349,
            14.5341995
          ],
          [
            121.134751,
            14.5341047
          ],
          [
            121.1347631,
            14.5338749
          ],
          [
            121.1347724,
            14.5337153
          ],
          [
            121.1347885,
            14.5335919
          ],
          [
            121.1348127,
            14.5334972
          ],
          [
            121.1348315,
            14.5334258
          ],
          [
            121.1348636,
            14.5333712
          ],
          [
            121.1349025,
            14.5333102
          ],
          [
            121.1349213,
            14.5331843
          ],
          [
            121.134979,
            14.5328546
          ],
          [
            121.1349978,
            14.5326079
          ],
          [
            121.1350085,
            14.5322846
          ],
          [
            121.135034,
            14.5319263
          ],
          [
            121.1350232,
            14.5316174
          ],
          [
            121.1349817,
            14.5313564
          ],
          [
            121.1349414,
            14.5310721
          ],
          [
            121.1348737,
            14.5308034
          ],
          [
            121.1346933,
            14.5301984
          ],
          [
            121.1346169,
            14.5299479
          ],
          [
            121.1345042,
            14.5296934
          ],
          [
            121.1343715,
            14.5294468
          ],
          [
            121.1337036,
            14.528664
          ]
        ]
      },
      "id": "way/915555640"
    },
    {
      "type": "Feature",
      "properties": {
        "@id": "way/931670209",
        "layer": "-1",
        "name": "Mariblo Creek",
        "tunnel": "culvert",
        "waterway": "river"
      },
      "geometry": {
        "type": "LineString",
        "coordinates": [
          [
            121.027358,
            14.6513426
          ],
          [
            121.027324,
            14.6513089
          ],
          [
            121.0275166,
            14.6509918
          ]
        ]
      },
      "id": "way/931670209"
    },
    {
      "type": "Feature",
      "properties": {
        "@id": "way/945124153",
        "name": "Daang Manunuso Creek",
        "waterway": "drain"
      },
      "geometry": {
        "type": "LineString",
        "coordinates": [
          [
            121.0810743,
            14.547543
          ],
          [
            121.0819508,
            14.5474494
          ],
          [
            121.0821096,
            14.547414
          ],
          [
            121.0846267,
            14.5470626
          ]
        ]
      },
      "id": "way/945124153"
    },
    {
      "type": "Feature",
      "properties": {
        "@id": "way/948014481",
        "boat": "yes",
        "name": "Pasig River (Napindan Channel)",
        "name:tl": "Ilog Napindan",
        "waterway": "river",
        "@relations": [
          {
            "role": "",
            "rel": 12548411,
            "reltags": {
              "name": "Napindan Channel",
              "type": "waterway",
              "waterway": "river"
            }
          }
        ]
      },
      "geometry": {
        "type": "LineString",
        "coordinates": [
          [
            121.0742452,
            14.5546659
          ],
          [
            121.073663,
            14.5549872
          ]
        ]
      },
      "id": "way/948014481"
    },
    {
      "type": "Feature",
      "properties": {
        "@id": "way/1010825398",
        "boat": "yes",
        "name": "Marikina River",
        "name:tl": "Ilog Marikina",
        "waterway": "river",
        "wikidata": "Q3551251",
        "@relations": [
          {
            "role": "main_stream",
            "rel": 11963824,
            "reltags": {
              "destination": "Pasig River",
              "name": "Marikina River",
              "name:en": "Marikina River",
              "name:tl": "Ilog Marikina",
              "type": "waterway",
              "waterway": "river",
              "wikidata": "Q3551251",
              "wikipedia": "en:Marikina River"
            }
          }
        ]
      },
      "geometry": {
        "type": "LineString",
        "coordinates": [
          [
            121.082212,
            14.5815659
          ],
          [
            121.0812436,
            14.5792468
          ]
        ]
      },
      "id": "way/1010825398"
    },
    {
      "type": "Feature",
      "properties": {
        "@id": "way/1011051299",
        "boat": "yes",
        "name": "Marikina River",
        "name:tl": "Ilog Marikina",
        "waterway": "river",
        "wikidata": "Q3551251",
        "@relations": [
          {
            "role": "main_stream",
            "rel": 11963824,
            "reltags": {
              "destination": "Pasig River",
              "name": "Marikina River",
              "name:en": "Marikina River",
              "name:tl": "Ilog Marikina",
              "type": "waterway",
              "waterway": "river",
              "wikidata": "Q3551251",
              "wikipedia": "en:Marikina River"
            }
          }
        ]
      },
      "geometry": {
        "type": "LineString",
        "coordinates": [
          [
            121.0812436,
            14.5792468
          ],
          [
            121.0809288,
            14.5788478
          ]
        ]
      },
      "id": "way/1011051299"
    },
    {
      "type": "Feature",
      "properties": {
        "@id": "way/1020708528",
        "boat": "no",
        "description": "It has grown weeds because it is too low and full of mud.",
        "intermittent": "no",
        "name": "Sucol Creek",
        "tidal": "no",
        "tunnel": "no",
        "waterway": "river"
      },
      "geometry": {
        "type": "LineString",
        "coordinates": [
          [
            121.0888885,
            14.5441804
          ],
          [
            121.0891199,
            14.5443056
          ],
          [
            121.0902407,
            14.5448804
          ]
        ]
      },
      "id": "way/1020708528"
    },
    {
      "type": "Feature",
      "properties": {
        "@id": "way/1064477673",
        "name": "Wack-wack Creek",
        "waterway": "stream"
      },
      "geometry": {
        "type": "LineString",
        "coordinates": [
          [
            121.0553495,
            14.5855297
          ],
          [
            121.0553691,
            14.5859129
          ],
          [
            121.0551394,
            14.5860043
          ],
          [
            121.0548305,
            14.5859725
          ],
          [
            121.0546624,
            14.5859363
          ],
          [
            121.0544014,
            14.5857457
          ]
        ]
      },
      "id": "way/1064477673"
    },
    {
      "type": "Feature",
      "properties": {
        "@id": "way/1064477677",
        "name": "Wack-wack Creek",
        "waterway": "stream"
      },
      "geometry": {
        "type": "LineString",
        "coordinates": [
          [
            121.0540553,
            14.5857013
          ],
          [
            121.0534388,
            14.5860809
          ],
          [
            121.0530746,
            14.5861985
          ],
          [
            121.0527103,
            14.5862708
          ],
          [
            121.0524301,
            14.5861985
          ],
          [
            121.0517382,
            14.5859911
          ],
          [
            121.0516094,
            14.5859201
          ],
          [
            121.0514711,
            14.5858424
          ],
          [
            121.0513551,
            14.5858113
          ],
          [
            121.0512733,
            14.5858619
          ],
          [
            121.0512418,
            14.5860488
          ],
          [
            121.0512149,
            14.5861409
          ],
          [
            121.0511767,
            14.5862279
          ],
          [
            121.0510524,
            14.5862704
          ],
          [
            121.0509416,
            14.5862851
          ],
          [
            121.0508817,
            14.58625
          ],
          [
            121.0508104,
            14.5862578
          ],
          [
            121.0506619,
            14.5862756
          ],
          [
            121.0504827,
            14.5862915
          ],
          [
            121.0502999,
            14.5862745
          ],
          [
            121.0502212,
            14.5862247
          ],
          [
            121.0501698,
            14.5861261
          ],
          [
            121.0501246,
            14.5860287
          ],
          [
            121.0500587,
            14.5859406
          ],
          [
            121.0499053,
            14.5858502
          ],
          [
            121.049796,
            14.585967
          ],
          [
            121.0496655,
            14.5860538
          ],
          [
            121.0494483,
            14.5859835
          ],
          [
            121.0493386,
            14.585855
          ],
          [
            121.0491798,
            14.585873
          ],
          [
            121.048937,
            14.5859906
          ],
          [
            121.0488062,
            14.5861713
          ],
          [
            121.04847,
            14.5862798
          ],
          [
            121.0481711,
            14.5865239
          ],
          [
            121.0479843,
            14.5865962
          ],
          [
            121.0475785,
            14.5871851
          ],
          [
            121.0475134,
            14.5873583
          ]
        ]
      },
      "id": "way/1064477677"
    },
    {
      "type": "Feature",
      "properties": {
        "@id": "way/1064477678",
        "layer": "2",
        "name": "Wack-wack Creek",
        "tunnel": "culvert",
        "waterway": "stream"
      },
      "geometry": {
        "type": "LineString",
        "coordinates": [
          [
            121.0475134,
            14.5873583
          ],
          [
            121.0474263,
            14.5874992
          ]
        ]
      },
      "id": "way/1064477678"
    },
    {
      "type": "Feature",
      "properties": {
        "@id": "way/1067027349",
        "name": "Daang Manunuso Creek",
        "waterway": "river"
      },
      "geometry": {
        "type": "LineString",
        "coordinates": [
          [
            121.0899635,
            14.5457335
          ],
          [
            121.0901633,
            14.5451157
          ]
        ]
      },
      "id": "way/1067027349"
    },
    {
      "type": "Feature",
      "properties": {
        "@id": "way/1068091429",
        "boat": "no",
        "name": "Estero de Aviles",
        "waterway": "river"
      },
      "geometry": {
        "type": "LineString",
        "coordinates": [
          [
            120.9991919,
            14.597441
          ],
          [
            120.9991724,
            14.5972144
          ],
          [
            120.9990909,
            14.5966627
          ]
        ]
      },
      "id": "way/1068091429"
    },
    {
      "type": "Feature",
      "properties": {
        "@id": "way/1068091430",
        "boat": "no",
        "name": "Estero de Aviles",
        "waterway": "river"
      },
      "geometry": {
        "type": "LineString",
        "coordinates": [
          [
            120.999197,
            14.5974995
          ],
          [
            120.9991919,
            14.597441
          ]
        ]
      },
      "id": "way/1068091430"
    },
    {
      "type": "Feature",
      "properties": {
        "@id": "way/1070505895",
        "layer": "-1",
        "name": "Tañong Creek",
        "tunnel": "culvert",
        "waterway": "stream"
      },
      "geometry": {
        "type": "LineString",
        "coordinates": [
          [
            121.086453,
            14.6335971
          ],
          [
            121.0864021,
            14.6334976
          ],
          [
            121.0863876,
            14.6333218
          ],
          [
            121.0864627,
            14.6330934
          ],
          [
            121.0865056,
            14.6329377
          ],
          [
            121.0864891,
            14.6323765
          ]
        ]
      },
      "id": "way/1070505895"
    },
    {
      "type": "Feature",
      "properties": {
        "@id": "way/1076686990",
        "boat": "no",
        "name": "San Jose Creek (Guadalupe Nuevo Creek)",
        "waterway": "stream"
      },
      "geometry": {
        "type": "LineString",
        "coordinates": [
          [
            121.0490301,
            14.5636701
          ],
          [
            121.0488319,
            14.5639142
          ],
          [
            121.0484114,
            14.5641219
          ],
          [
            121.0483131,
            14.5643807
          ]
        ]
      },
      "id": "way/1076686990"
    },
    {
      "type": "Feature",
      "properties": {
        "@id": "way/1089374170",
        "name": "Wack-wack Creek",
        "waterway": "stream"
      },
      "geometry": {
        "type": "LineString",
        "coordinates": [
          [
            121.0543022,
            14.5857964
          ],
          [
            121.0540553,
            14.5857013
          ]
        ]
      },
      "id": "way/1089374170"
    },
    {
      "type": "Feature",
      "properties": {
        "@id": "way/1089374171",
        "layer": "-1",
        "name": "Wack-wack Creek",
        "tunnel": "culvert",
        "waterway": "stream"
      },
      "geometry": {
        "type": "LineString",
        "coordinates": [
          [
            121.0544014,
            14.5857457
          ],
          [
            121.0543022,
            14.5857964
          ]
        ]
      },
      "id": "way/1089374171"
    },
    {
      "type": "Feature",
      "properties": {
        "@id": "way/1092242408",
        "layer": "-1",
        "name": "Mariblo Creek",
        "tunnel": "culvert",
        "waterway": "river"
      },
      "geometry": {
        "type": "LineString",
        "coordinates": [
          [
            121.027719,
            14.6507955
          ],
          [
            121.0277637,
            14.6507614
          ]
        ]
      },
      "id": "way/1092242408"
    },
    {
      "type": "Feature",
      "properties": {
        "@id": "way/1092242409",
        "name": "Mariblo Creek",
        "waterway": "river"
      },
      "geometry": {
        "type": "LineString",
        "coordinates": [
          [
            121.0275166,
            14.6509918
          ],
          [
            121.027719,
            14.6507955
          ]
        ]
      },
      "id": "way/1092242409"
    },
    {
      "type": "Feature",
      "properties": {
        "@id": "way/1097046103",
        "layer": "-1",
        "name": "Pasong Tamo Creek",
        "tunnel": "culvert",
        "waterway": "stream"
      },
      "geometry": {
        "type": "LineString",
        "coordinates": [
          [
            121.0649432,
            14.6857281
          ],
          [
            121.0648706,
            14.685852
          ],
          [
            121.0647567,
            14.6860172
          ],
          [
            121.0647507,
            14.686284
          ],
          [
            121.0647461,
            14.6864923
          ]
        ]
      },
      "id": "way/1097046103"
    },
    {
      "type": "Feature",
      "properties": {
        "@id": "way/1098482601",
        "fixme": "improve shape",
        "layer": "-1",
        "name": "Bona Creek",
        "tunnel": "culvert",
        "waterway": "stream"
      },
      "geometry": {
        "type": "LineString",
        "coordinates": [
          [
            121.1037282,
            14.6998177
          ],
          [
            121.1036893,
            14.6999312
          ]
        ]
      },
      "id": "way/1098482601"
    },
    {
      "type": "Feature",
      "properties": {
        "@id": "way/1098482602",
        "fixme": "improve shape",
        "name": "Bona Creek",
        "waterway": "stream"
      },
      "geometry": {
        "type": "LineString",
        "coordinates": [
          [
            121.1034163,
            14.6986118
          ],
          [
            121.1036156,
            14.6991363
          ],
          [
            121.1036403,
            14.6993601
          ],
          [
            121.1037042,
            14.6995595
          ],
          [
            121.1036991,
            14.6996301
          ],
          [
            121.1037192,
            14.6997183
          ],
          [
            121.1037282,
            14.6998177
          ]
        ]
      },
      "id": "way/1098482602"
    },
    {
      "type": "Feature",
      "properties": {
        "@id": "way/1102738619",
        "layer": "-1",
        "name": "Pasong Tamo Creek",
        "tunnel": "culvert",
        "waterway": "stream"
      },
      "geometry": {
        "type": "LineString",
        "coordinates": [
          [
            121.0696822,
            14.682565
          ],
          [
            121.0696264,
            14.6825575
          ]
        ]
      },
      "id": "way/1102738619"
    },
    {
      "type": "Feature",
      "properties": {
        "@id": "way/1258510381",
        "layer": "-1",
        "name": "Pasong Tamo Creek",
        "tunnel": "culvert",
        "waterway": "stream"
      },
      "geometry": {
        "type": "LineString",
        "coordinates": [
          [
            121.0518195,
            14.6851566
          ],
          [
            121.0516608,
            14.6850853
          ]
        ]
      },
      "id": "way/1258510381"
    },
    {
      "type": "Feature",
      "properties": {
        "@id": "way/1258517844",
        "name": "Buhangin Creek",
        "waterway": "drain"
      },
      "geometry": {
        "type": "LineString",
        "coordinates": [
          [
            121.0348299,
            14.5760342
          ],
          [
            121.0346939,
            14.5761762
          ],
          [
            121.0345644,
            14.5763268
          ],
          [
            121.0345378,
            14.5764682
          ]
        ]
      },
      "id": "way/1258517844"
    },
    {
      "type": "Feature",
      "properties": {
        "@id": "way/1258855551",
        "name": "Buhangin Creek",
        "waterway": "drain"
      },
      "geometry": {
        "type": "LineString",
        "coordinates": [
          [
            121.0412549,
            14.5765971
          ],
          [
            121.0410473,
            14.5763281
          ],
          [
            121.0409186,
            14.5762142
          ],
          [
            121.0408539,
            14.5761766
          ],
          [
            121.0407764,
            14.5761295
          ]
        ]
      },
      "id": "way/1258855551"
    },
    {
      "type": "Feature",
      "properties": {
        "@id": "way/1258855552",
        "layer": "-1",
        "name": "Buhangin Creek",
        "tunnel": "culvert",
        "waterway": "drain"
      },
      "geometry": {
        "type": "LineString",
        "coordinates": [
          [
            121.0407764,
            14.5761295
          ],
          [
            121.0405471,
            14.5760536
          ],
          [
            121.0404219,
            14.5760279
          ]
        ]
      },
      "id": "way/1258855552"
    },
    {
      "type": "Feature",
      "properties": {
        "@id": "way/1280105499",
        "boat": "yes",
        "name": "Marikina River",
        "name:tl": "Ilog Marikina",
        "waterway": "river",
        "wikidata": "Q3551251",
        "@relations": [
          {
            "role": "main_stream",
            "rel": 11963824,
            "reltags": {
              "destination": "Pasig River",
              "name": "Marikina River",
              "name:en": "Marikina River",
              "name:tl": "Ilog Marikina",
              "type": "waterway",
              "waterway": "river",
              "wikidata": "Q3551251",
              "wikipedia": "en:Marikina River"
            }
          }
        ]
      },
      "geometry": {
        "type": "LineString",
        "coordinates": [
          [
            121.082733,
            14.6104304
          ],
          [
            121.0846661,
            14.6090753
          ]
        ]
      },
      "id": "way/1280105499"
    },
    {
      "type": "Feature",
      "properties": {
        "@id": "way/1280105505",
        "boat": "yes",
        "name": "Marikina River",
        "name:tl": "Ilog Marikina",
        "waterway": "river",
        "wikidata": "Q3551251",
        "@relations": [
          {
            "role": "main_stream",
            "rel": 11963824,
            "reltags": {
              "destination": "Pasig River",
              "name": "Marikina River",
              "name:en": "Marikina River",
              "name:tl": "Ilog Marikina",
              "type": "waterway",
              "waterway": "river",
              "wikidata": "Q3551251",
              "wikipedia": "en:Marikina River"
            }
          }
        ]
      },
      "geometry": {
        "type": "LineString",
        "coordinates": [
          [
            121.0784392,
            14.6155269
          ],
          [
            121.0788997,
            14.6141584
          ]
        ]
      },
      "id": "way/1280105505"
    },
    {
      "type": "Feature",
      "properties": {
        "@id": "way/1280105524",
        "boat": "yes",
        "name": "Marikina River",
        "name:tl": "Ilog Marikina",
        "waterway": "river",
        "wikidata": "Q3551251",
        "@relations": [
          {
            "role": "main_stream",
            "rel": 11963824,
            "reltags": {
              "destination": "Pasig River",
              "name": "Marikina River",
              "name:en": "Marikina River",
              "name:tl": "Ilog Marikina",
              "type": "waterway",
              "waterway": "river",
              "wikidata": "Q3551251",
              "wikipedia": "en:Marikina River"
            }
          }
        ]
      },
      "geometry": {
        "type": "LineString",
        "coordinates": [
          [
            121.0846661,
            14.6090753
          ],
          [
            121.0866938,
            14.6076539
          ],
          [
            121.0869916,
            14.607435
          ]
        ]
      },
      "id": "way/1280105524"
    },
    {
      "type": "Feature",
      "properties": {
        "@id": "way/1303361887",
        "boat": "no",
        "description": "Former \"Matalahib Creek\"",
        "layer": "-1",
        "name": "Talayan Creek",
        "tunnel": "culvert",
        "waterway": "stream"
      },
      "geometry": {
        "type": "LineString",
        "coordinates": [
          [
            121.011098,
            14.6305555
          ],
          [
            121.011114,
            14.6305429
          ]
        ]
      },
      "id": "way/1303361887"
    },
    {
      "type": "Feature",
      "properties": {
        "@id": "way/1318002165",
        "name": "Ilaya River",
        "waterway": "river"
      },
      "geometry": {
        "type": "LineString",
        "coordinates": [
          [
            121.1685777,
            14.7722703
          ],
          [
            121.1685987,
            14.7722449
          ],
          [
            121.1686398,
            14.7721812
          ],
          [
            121.1686645,
            14.7720971
          ],
          [
            121.168658,
            14.7719958
          ],
          [
            121.1686671,
            14.7719107
          ],
          [
            121.168745,
            14.7716751
          ],
          [
            121.1686965,
            14.7715264
          ],
          [
            121.1685695,
            14.7714034
          ],
          [
            121.1684511,
            14.7712232
          ],
          [
            121.1683562,
            14.771003
          ],
          [
            121.1680902,
            14.7706441
          ],
          [
            121.1679577,
            14.770365
          ],
          [
            121.1678729,
            14.7701761
          ],
          [
            121.1678175,
            14.7700695
          ],
          [
            121.1677348,
            14.7698308
          ],
          [
            121.1675818,
            14.769572
          ],
          [
            121.1673562,
            14.769384
          ],
          [
            121.1670839,
            14.7692012
          ],
          [
            121.1667657,
            14.7690362
          ],
          [
            121.1666158,
            14.7689776
          ],
          [
            121.1664392,
            14.7688945
          ],
          [
            121.1662908,
            14.7688485
          ],
          [
            121.166123,
            14.7688127
          ],
          [
            121.1660123,
            14.768779
          ],
          [
            121.1658321,
            14.76869
          ],
          [
            121.1657353,
            14.7685951
          ],
          [
            121.1656841,
            14.7684916
          ],
          [
            121.165588,
            14.7683931
          ],
          [
            121.1654096,
            14.7682838
          ],
          [
            121.1651778,
            14.7682257
          ],
          [
            121.1649188,
            14.7681915
          ],
          [
            121.1645069,
            14.7681542
          ],
          [
            121.1641993,
            14.7681776
          ],
          [
            121.1637359,
            14.7681679
          ],
          [
            121.1632824,
            14.7681599
          ],
          [
            121.1629191,
            14.7681602
          ],
          [
            121.1626002,
            14.7682378
          ],
          [
            121.1623097,
            14.7683282
          ],
          [
            121.1618196,
            14.768437
          ],
          [
            121.1614274,
            14.7686682
          ],
          [
            121.1612189,
            14.7686981
          ],
          [
            121.1610321,
            14.7687229
          ],
          [
            121.1608686,
            14.768699
          ],
          [
            121.1606608,
            14.7686236
          ],
          [
            121.1605531,
            14.7685946
          ],
          [
            121.1604177,
            14.7685535
          ],
          [
            121.1602748,
            14.7685441
          ],
          [
            121.1600984,
            14.7685627
          ],
          [
            121.1600084,
            14.7685769
          ],
          [
            121.1599265,
            14.7686116
          ],
          [
            121.1598577,
            14.768594
          ],
          [
            121.159783,
            14.7684962
          ],
          [
            121.159674,
            14.7683274
          ],
          [
            121.1595994,
            14.7681627
          ],
          [
            121.1595783,
            14.7680844
          ],
          [
            121.1595285,
            14.7680295
          ],
          [
            121.1593999,
            14.7678639
          ],
          [
            121.1592778,
            14.7677878
          ],
          [
            121.1592305,
            14.7677928
          ],
          [
            121.1591931,
            14.7677856
          ],
          [
            121.1591539,
            14.7677715
          ],
          [
            121.1587089,
            14.7676761
          ],
          [
            121.1585496,
            14.7675699
          ],
          [
            121.158356,
            14.7674203
          ],
          [
            121.1582601,
            14.7672908
          ],
          [
            121.1581226,
            14.7670933
          ],
          [
            121.1580688,
            14.7669948
          ],
          [
            121.1580244,
            14.7669265
          ],
          [
            121.1579797,
            14.7668448
          ],
          [
            121.1579368,
            14.7667618
          ],
          [
            121.157816,
            14.766632
          ],
          [
            121.1577135,
            14.7665393
          ],
          [
            121.1573615,
            14.766077
          ],
          [
            121.1569561,
            14.7654174
          ],
          [
            121.1569247,
            14.7653393
          ],
          [
            121.1568845,
            14.765252
          ],
          [
            121.1567966,
            14.7651672
          ],
          [
            121.1566824,
            14.7650823
          ],
          [
            121.1566102,
            14.7650301
          ],
          [
            121.1565822,
            14.7649973
          ],
          [
            121.1565369,
            14.7649093
          ],
          [
            121.1564966,
            14.7648597
          ],
          [
            121.1564574,
            14.7648528
          ],
          [
            121.1564201,
            14.7648545
          ],
          [
            121.1563402,
            14.7647629
          ],
          [
            121.1562687,
            14.7646361
          ],
          [
            121.1561278,
            14.7642263
          ],
          [
            121.1559876,
            14.7636613
          ],
          [
            121.1559642,
            14.7636158
          ],
          [
            121.1559538,
            14.763603
          ],
          [
            121.1559175,
            14.7635661
          ],
          [
            121.1558937,
            14.7633882
          ],
          [
            121.1558327,
            14.7630899
          ],
          [
            121.1558351,
            14.7630321
          ],
          [
            121.1558556,
            14.7629837
          ],
          [
            121.1558102,
            14.7627583
          ],
          [
            121.1557534,
            14.7626126
          ],
          [
            121.1557205,
            14.7625856
          ],
          [
            121.1556913,
            14.7625313
          ],
          [
            121.1556923,
            14.7624997
          ],
          [
            121.1555748,
            14.7623647
          ],
          [
            121.155424,
            14.7622695
          ],
          [
            121.1552397,
            14.7621469
          ],
          [
            121.1551345,
            14.7620052
          ],
          [
            121.1547733,
            14.7614923
          ],
          [
            121.1544988,
            14.7610391
          ],
          [
            121.1543495,
            14.7606767
          ],
          [
            121.1542881,
            14.7606031
          ],
          [
            121.1540748,
            14.7603256
          ],
          [
            121.1539859,
            14.7602033
          ],
          [
            121.1538135,
            14.7598357
          ],
          [
            121.1536109,
            14.759419
          ],
          [
            121.1535102,
            14.7592038
          ],
          [
            121.1534552,
            14.7589869
          ],
          [
            121.1533679,
            14.7587646
          ],
          [
            121.1533725,
            14.75865
          ],
          [
            121.1533116,
            14.7583646
          ],
          [
            121.1533015,
            14.7581104
          ],
          [
            121.1533185,
            14.7579329
          ],
          [
            121.1532741,
            14.7576219
          ],
          [
            121.1532574,
            14.7574436
          ],
          [
            121.1531696,
            14.7570624
          ],
          [
            121.1530047,
            14.7566045
          ],
          [
            121.1529797,
            14.7564325
          ],
          [
            121.1529823,
            14.7562072
          ],
          [
            121.1530175,
            14.7560473
          ],
          [
            121.1529823,
            14.7559112
          ],
          [
            121.1529702,
            14.7556865
          ],
          [
            121.1529442,
            14.7550985
          ],
          [
            121.1528879,
            14.7545467
          ],
          [
            121.1528646,
            14.7542878
          ],
          [
            121.1528997,
            14.7540132
          ],
          [
            121.1530156,
            14.7536424
          ],
          [
            121.1530369,
            14.7535893
          ],
          [
            121.153054,
            14.7535449
          ],
          [
            121.1530891,
            14.753491
          ],
          [
            121.1531893,
            14.7533928
          ],
          [
            121.153241,
            14.7533627
          ],
          [
            121.1535453,
            14.7532296
          ],
          [
            121.1538527,
            14.7531203
          ],
          [
            121.1541436,
            14.7529685
          ],
          [
            121.15423,
            14.7529087
          ],
          [
            121.1542637,
            14.7528398
          ],
          [
            121.1542789,
            14.7527526
          ],
          [
            121.1542806,
            14.7525711
          ],
          [
            121.1542844,
            14.7523237
          ],
          [
            121.1542504,
            14.7522173
          ],
          [
            121.1541867,
            14.7520313
          ],
          [
            121.1541758,
            14.7518034
          ],
          [
            121.1541722,
            14.7517018
          ],
          [
            121.1541516,
            14.7515877
          ],
          [
            121.1541385,
            14.7514283
          ],
          [
            121.154169,
            14.7512979
          ],
          [
            121.1542392,
            14.7511287
          ],
          [
            121.1543902,
            14.7508162
          ],
          [
            121.1545221,
            14.7506386
          ],
          [
            121.1545868,
            14.75057
          ],
          [
            121.1546553,
            14.7504533
          ],
          [
            121.1546993,
            14.7503474
          ],
          [
            121.1547168,
            14.7502465
          ],
          [
            121.1547616,
            14.7501334
          ],
          [
            121.1549126,
            14.7497736
          ],
          [
            121.155024,
            14.7493186
          ],
          [
            121.1551342,
            14.748659
          ]
        ]
      },
      "id": "way/1318002165"
    },
    {
      "type": "Feature",
      "properties": {
        "@id": "way/1319205127",
        "layer": "1",
        "name": "Marikina River",
        "name:en": "Marikina River",
        "name:tl": "Ilog Marikina",
        "waterway": "river",
        "wikidata": "Q3551251",
        "wikipedia": "en:Marikina River",
        "@relations": [
          {
            "role": "main_stream",
            "rel": 11963824,
            "reltags": {
              "destination": "Pasig River",
              "name": "Marikina River",
              "name:en": "Marikina River",
              "name:tl": "Ilog Marikina",
              "type": "waterway",
              "waterway": "river",
              "wikidata": "Q3551251",
              "wikipedia": "en:Marikina River"
            }
          }
        ]
      },
      "geometry": {
        "type": "LineString",
        "coordinates": [
          [
            121.1917501,
            14.7279648
          ],
          [
            121.191683,
            14.7280049
          ]
        ]
      },
      "id": "way/1319205127"
    },
    {
      "type": "Feature",
      "properties": {
        "@id": "way/1319216497",
        "name": "Marikina River",
        "name:en": "Marikina River",
        "name:tl": "Ilog Marikina",
        "waterway": "river",
        "wikidata": "Q3551251",
        "wikipedia": "en:Marikina River",
        "@relations": [
          {
            "role": "main_stream",
            "rel": 11963824,
            "reltags": {
              "destination": "Pasig River",
              "name": "Marikina River",
              "name:en": "Marikina River",
              "name:tl": "Ilog Marikina",
              "type": "waterway",
              "waterway": "river",
              "wikidata": "Q3551251",
              "wikipedia": "en:Marikina River"
            }
          }
        ]
      },
      "geometry": {
        "type": "LineString",
        "coordinates": [
          [
            121.1927135,
            14.7275767
          ],
          [
            121.1924465,
            14.7276339
          ],
          [
            121.1922334,
            14.7277077
          ],
          [
            121.192051,
            14.7277868
          ],
          [
            121.191882,
            14.727886
          ],
          [
            121.1917501,
            14.7279648
          ]
        ]
      },
      "id": "way/1319216497"
    },
    {
      "type": "Feature",
      "properties": {
        "@id": "way/1319216498",
        "name": "Marikina River",
        "name:en": "Marikina River",
        "name:tl": "Ilog Marikina",
        "waterway": "river",
        "wikidata": "Q3551251",
        "wikipedia": "en:Marikina River",
        "@relations": [
          {
            "role": "side_stream",
            "rel": 11963824,
            "reltags": {
              "destination": "Pasig River",
              "name": "Marikina River",
              "name:en": "Marikina River",
              "name:tl": "Ilog Marikina",
              "type": "waterway",
              "waterway": "river",
              "wikidata": "Q3551251",
              "wikipedia": "en:Marikina River"
            }
          }
        ]
      },
      "geometry": {
        "type": "LineString",
        "coordinates": [
          [
            121.1949706,
            14.7254275
          ],
          [
            121.1948888,
            14.7255468
          ],
          [
            121.1948378,
            14.7256415
          ],
          [
            121.1947896,
            14.7257907
          ],
          [
            121.1947855,
            14.7258983
          ],
          [
            121.1948271,
            14.7260138
          ],
          [
            121.1948494,
            14.7260812
          ],
          [
            121.1948687,
            14.7261396
          ],
          [
            121.1948767,
            14.726242
          ],
          [
            121.1948553,
            14.7263263
          ],
          [
            121.1948284,
            14.7264288
          ],
          [
            121.1947574,
            14.7265494
          ],
          [
            121.1945415,
            14.7268205
          ],
          [
            121.1943993,
            14.7270151
          ],
          [
            121.1942692,
            14.7271396
          ],
          [
            121.1941043,
            14.7272239
          ],
          [
            121.1936979,
            14.7273847
          ],
          [
            121.1934029,
            14.727469
          ],
          [
            121.1931185,
            14.7275274
          ],
          [
            121.1927135,
            14.7275767
          ]
        ]
      },
      "id": "way/1319216498"
    },
    {
      "type": "Feature",
      "properties": {
        "@id": "way/1319216499",
        "name": "Marikina River",
        "name:en": "Marikina River",
        "name:tl": "Ilog Marikina",
        "waterway": "river",
        "wikidata": "Q3551251",
        "wikipedia": "en:Marikina River",
        "@relations": [
          {
            "role": "main_stream",
            "rel": 11963824,
            "reltags": {
              "destination": "Pasig River",
              "name": "Marikina River",
              "name:en": "Marikina River",
              "name:tl": "Ilog Marikina",
              "type": "waterway",
              "waterway": "river",
              "wikidata": "Q3551251",
              "wikipedia": "en:Marikina River"
            }
          }
        ]
      },
      "geometry": {
        "type": "LineString",
        "coordinates": [
          [
            121.1949706,
            14.7254275
          ],
          [
            121.1948861,
            14.7254405
          ],
          [
            121.1947949,
            14.7254456
          ],
          [
            121.1946876,
            14.7254625
          ],
          [
            121.194638,
            14.7254872
          ],
          [
            121.1945914,
            14.725523
          ],
          [
            121.1943524,
            14.7258555
          ],
          [
            121.1941327,
            14.7260454
          ],
          [
            121.1939245,
            14.7262005
          ],
          [
            121.1937824,
            14.7263328
          ],
          [
            121.1936272,
            14.7265204
          ],
          [
            121.1933753,
            14.7269566
          ],
          [
            121.1931963,
            14.7271565
          ],
          [
            121.1930612,
            14.7273013
          ],
          [
            121.1929214,
            14.7274353
          ],
          [
            121.1927135,
            14.7275767
          ]
        ]
      },
      "id": "way/1319216499"
    },
    {
      "type": "Feature",
      "properties": {
        "@id": "way/1319241664",
        "name": "Puray River",
        "waterway": "river",
        "wikidata": "Q35314303",
        "@relations": [
          {
            "role": "main_stream",
            "rel": 11957846,
            "reltags": {
              "destination": "Marikina River",
              "name": "Puray River",
              "type": "waterway",
              "waterway": "river",
              "wikidata": "Q35314303"
            }
          }
        ]
      },
      "geometry": {
        "type": "LineString",
        "coordinates": [
          [
            121.1551342,
            14.748659
          ],
          [
            121.1550291,
            14.7484311
          ],
          [
            121.1549485,
            14.7482539
          ],
          [
            121.1548586,
            14.7480798
          ],
          [
            121.154665,
            14.7477228
          ],
          [
            121.1544391,
            14.7472373
          ],
          [
            121.154319,
            14.7471275
          ],
          [
            121.1542055,
            14.7470738
          ],
          [
            121.1540002,
            14.7471008
          ],
          [
            121.1535908,
            14.7472649
          ],
          [
            121.153277,
            14.7473324
          ],
          [
            121.1530221,
            14.7473454
          ],
          [
            121.1528429,
            14.7473338
          ],
          [
            121.1524527,
            14.7472514
          ],
          [
            121.1520452,
            14.7471981
          ],
          [
            121.1516353,
            14.7471571
          ],
          [
            121.1512243,
            14.7471522
          ],
          [
            121.1501951,
            14.7472212
          ],
          [
            121.1497843,
            14.7472031
          ],
          [
            121.1493897,
            14.7471184
          ],
          [
            121.1491897,
            14.7470116
          ],
          [
            121.1487562,
            14.7467601
          ],
          [
            121.1484108,
            14.7464329
          ],
          [
            121.1482083,
            14.7461878
          ],
          [
            121.1479748,
            14.7458267
          ],
          [
            121.147787,
            14.7454648
          ],
          [
            121.1474754,
            14.7448845
          ],
          [
            121.1473114,
            14.7446175
          ],
          [
            121.1472492,
            14.7444654
          ],
          [
            121.147124,
            14.7442853
          ],
          [
            121.1470161,
            14.7441302
          ],
          [
            121.1468656,
            14.7440015
          ],
          [
            121.1466567,
            14.743836
          ],
          [
            121.1465049,
            14.7437355
          ],
          [
            121.1461332,
            14.743438
          ],
          [
            121.1458919,
            14.7432553
          ],
          [
            121.1457983,
            14.7431727
          ],
          [
            121.1457338,
            14.7430924
          ],
          [
            121.1456902,
            14.7430178
          ],
          [
            121.1456688,
            14.7429466
          ],
          [
            121.145645,
            14.742849
          ],
          [
            121.1456661,
            14.7427956
          ],
          [
            121.14576,
            14.7426394
          ],
          [
            121.1463306,
            14.7419716
          ],
          [
            121.1464252,
            14.7418236
          ],
          [
            121.1465098,
            14.7416915
          ],
          [
            121.1466999,
            14.7414214
          ],
          [
            121.146915,
            14.7411044
          ],
          [
            121.1469906,
            14.7409191
          ],
          [
            121.1470479,
            14.7407811
          ],
          [
            121.1470765,
            14.7406442
          ],
          [
            121.1471311,
            14.7405334
          ],
          [
            121.1471907,
            14.740313
          ],
          [
            121.1472653,
            14.7400202
          ],
          [
            121.1474355,
            14.7393845
          ],
          [
            121.1475619,
            14.7386522
          ],
          [
            121.1476022,
            14.7382706
          ],
          [
            121.1476164,
            14.7380332
          ],
          [
            121.1476033,
            14.7378364
          ],
          [
            121.1475667,
            14.7375458
          ],
          [
            121.1475355,
            14.7373331
          ],
          [
            121.1474969,
            14.7371319
          ],
          [
            121.1474663,
            14.7369882
          ],
          [
            121.1473887,
            14.7366338
          ]
        ]
      },
      "id": "way/1319241664"
    },
    {
      "type": "Feature",
      "properties": {
        "@id": "way/1337340054",
        "name": "Rio Dayap Creek",
        "waterway": "river"
      },
      "geometry": {
        "type": "LineString",
        "coordinates": [
          [
            121.0980236,
            14.5624516
          ],
          [
            121.0979549,
            14.5622522
          ],
          [
            121.0975687,
            14.5619781
          ],
          [
            121.0971567,
            14.5617455
          ],
          [
            121.0963544,
            14.560421
          ],
          [
            121.0962866,
            14.5602645
          ],
          [
            121.0963127,
            14.5600221
          ],
          [
            121.09641,
            14.5598597
          ],
          [
            121.0981695,
            14.558572
          ],
          [
            121.0981972,
            14.5583662
          ],
          [
            121.097912,
            14.5575834
          ],
          [
            121.0978863,
            14.5567859
          ],
          [
            121.0982639,
            14.555573
          ],
          [
            121.0983068,
            14.5553155
          ],
          [
            121.098221,
            14.5549749
          ],
          [
            121.0980692,
            14.5547713
          ]
        ]
      },
      "id": "way/1337340054"
    },
    {
      "type": "Feature",
      "properties": {
        "@id": "way/1337340071",
        "alt_name": "Napindan Channel",
        "alt_name:tl": "Ilog Napindan",
        "boat": "yes",
        "name": "Pasig River",
        "name:en": "Pasig River",
        "name:tl": "Ilog Pasig",
        "waterway": "river",
        "@relations": [
          {
            "role": "",
            "rel": 12548411,
            "reltags": {
              "name": "Napindan Channel",
              "type": "waterway",
              "waterway": "river"
            }
          }
        ]
      },
      "geometry": {
        "type": "LineString",
        "coordinates": [
          [
            121.0881005,
            14.552926
          ],
          [
            121.087535,
            14.5532703
          ],
          [
            121.0864621,
            14.5534198
          ],
          [
            121.0845051,
            14.5531914
          ],
          [
            121.0829173,
            14.55337
          ],
          [
            121.0825335,
            14.5534766
          ],
          [
            121.0820765,
            14.5536034
          ],
          [
            121.0817896,
            14.5536831
          ],
          [
            121.0808144,
            14.5537937
          ],
          [
            121.0795463,
            14.5538269
          ],
          [
            121.0789893,
            14.5537377
          ]
        ]
      },
      "id": "way/1337340071"
    },
    {
      "type": "Feature",
      "properties": {
        "@id": "way/1375782171",
        "boat": "no",
        "name": "Daang Paa Creek",
        "waterway": "drain"
      },
      "geometry": {
        "type": "LineString",
        "coordinates": [
          [
            121.0808693,
            14.5469848
          ],
          [
            121.0810743,
            14.547543
          ]
        ]
      },
      "id": "way/1375782171"
    },
    {
      "type": "Feature",
      "properties": {
        "@id": "way/1396108312",
        "name": "Manggahan River",
        "waterway": "river",
        "@relations": [
          {
            "role": "main_stream",
            "rel": 18120987,
            "reltags": {
              "destination": "Marikina River",
              "name": "Manggahan River",
              "type": "waterway",
              "waterway": "river"
            }
          }
        ]
      },
      "geometry": {
        "type": "LineString",
        "coordinates": [
          [
            121.1527442,
            14.7110125
          ],
          [
            121.1527805,
            14.7108944
          ],
          [
            121.1528168,
            14.7107339
          ],
          [
            121.1527981,
            14.7106431
          ],
          [
            121.1527443,
            14.7105559
          ],
          [
            121.1526666,
            14.7105014
          ],
          [
            121.1525726,
            14.7104835
          ],
          [
            121.1524569,
            14.7104605
          ],
          [
            121.1522837,
            14.7104898
          ],
          [
            121.1522556,
            14.7104945
          ],
          [
            121.1519603,
            14.7105744
          ],
          [
            121.1519362,
            14.7105809
          ],
          [
            121.1517214,
            14.7107474
          ],
          [
            121.1515496,
            14.7108601
          ],
          [
            121.1513966,
            14.7109756
          ],
          [
            121.1513634,
            14.7109961
          ],
          [
            121.151257,
            14.7110615
          ],
          [
            121.1510568,
            14.7111217
          ],
          [
            121.150885,
            14.7111581
          ],
          [
            121.1506969,
            14.7111777
          ],
          [
            121.150529,
            14.711176
          ],
          [
            121.1502579,
            14.7111793
          ],
          [
            121.1499224,
            14.7111651
          ],
          [
            121.1495467,
            14.7111659
          ],
          [
            121.1494098,
            14.7111662
          ],
          [
            121.1491305,
            14.7111948
          ],
          [
            121.1488621,
            14.7112916
          ],
          [
            121.1487037,
            14.7113885
          ],
          [
            121.1486151,
            14.711536
          ],
          [
            121.1486098,
            14.7116315
          ],
          [
            121.1487011,
            14.7117228
          ],
          [
            121.1488917,
            14.7118122
          ],
          [
            121.1491494,
            14.7118828
          ],
          [
            121.1495709,
            14.7119394
          ],
          [
            121.1497427,
            14.7119475
          ],
          [
            121.1498796,
            14.7120253
          ],
          [
            121.1500919,
            14.7123203
          ],
          [
            121.1502527,
            14.7126311
          ],
          [
            121.1503119,
            14.712805
          ],
          [
            121.1503319,
            14.7129391
          ],
          [
            121.1503065,
            14.7130857
          ],
          [
            121.1502595,
            14.7132063
          ],
          [
            121.1501643,
            14.7133101
          ],
          [
            121.1500597,
            14.7133451
          ],
          [
            121.1499672,
            14.7133477
          ],
          [
            121.1498103,
            14.7133282
          ],
          [
            121.1496265,
            14.7132945
          ],
          [
            121.1495232,
            14.7132815
          ]
        ]
      },
      "id": "way/1396108312"
    },
    {
      "type": "Feature",
      "properties": {
        "@id": "way/1426821306",
        "boat": "yes",
        "layer": "-1",
        "name": "Perlita Creek",
        "tunnel": "culvert",
        "waterway": "stream"
      },
      "geometry": {
        "type": "LineString",
        "coordinates": [
          [
            121.0060821,
            14.5949378
          ],
          [
            121.0061055,
            14.594969
          ]
        ]
      },
      "id": "way/1426821306"
    },
    {
      "type": "Feature",
      "properties": {
        "@id": "way/1426821307",
        "boat": "yes",
        "name": "Perlita Creek",
        "waterway": "stream"
      },
      "geometry": {
        "type": "LineString",
        "coordinates": [
          [
            121.0057588,
            14.59444
          ],
          [
            121.0060821,
            14.5949378
          ]
        ]
      },
      "id": "way/1426821307"
    },
    {
      "type": "Feature",
      "properties": {
        "@id": "way/1429333641",
        "boat": "no",
        "name": "Estero de Paco",
        "waterway": "river"
      },
      "geometry": {
        "type": "LineString",
        "coordinates": [
          [
            120.9913306,
            14.5894077
          ],
          [
            120.9913105,
            14.5894343
          ],
          [
            120.9912064,
            14.5895101
          ],
          [
            120.9905321,
            14.5897209
          ]
        ]
      },
      "id": "way/1429333641"
    },
    {
      "type": "Feature",
      "properties": {
        "@id": "way/1429333642",
        "boat": "no",
        "layer": "-1",
        "name": "Estero de Paco",
        "tunnel": "culvert",
        "waterway": "river"
      },
      "geometry": {
        "type": "LineString",
        "coordinates": [
          [
            120.9914315,
            14.5892773
          ],
          [
            120.9913306,
            14.5894077
          ]
        ]
      },
      "id": "way/1429333642"
    },
    {
      "type": "Feature",
      "properties": {
        "@id": "way/1430784794",
        "layer": "-1",
        "name": "Daang Manunuso Creek",
        "tunnel": "culvert",
        "waterway": "river"
      },
      "geometry": {
        "type": "LineString",
        "coordinates": [
          [
            121.0901633,
            14.5451157
          ],
          [
            121.0902035,
            14.5449832
          ]
        ]
      },
      "id": "way/1430784794"
    },
    {
      "type": "Feature",
      "properties": {
        "@id": "way/1430784795",
        "name": "Daang Manunuso Creek",
        "waterway": "river"
      },
      "geometry": {
        "type": "LineString",
        "coordinates": [
          [
            121.0902035,
            14.5449832
          ],
          [
            121.0902407,
            14.5448804
          ]
        ]
      },
      "id": "way/1430784795"
    },
    {
      "type": "Feature",
      "properties": {
        "@id": "way/1462035211",
        "boat": "no",
        "name": "Estero de la Reina",
        "waterway": "canal",
        "wikidata": "Q31212084"
      },
      "geometry": {
        "type": "LineString",
        "coordinates": [
          [
            120.9799185,
            14.5978253
          ],
          [
            120.9798928,
            14.5977797
          ],
          [
            120.979771,
            14.5975658
          ],
          [
            120.979747,
            14.5970416
          ]
        ]
      },
      "id": "way/1462035211"
    },
    {
      "type": "Feature",
      "properties": {
        "@id": "way/1462035212",
        "boat": "no",
        "layer": "-1",
        "name": "Estero de la Reina",
        "tunnel": "culvert",
        "waterway": "canal",
        "wikidata": "Q31212084"
      },
      "geometry": {
        "type": "LineString",
        "coordinates": [
          [
            120.9800243,
            14.5980105
          ],
          [
            120.9799185,
            14.5978253
          ]
        ]
      },
      "id": "way/1462035212"
    }
  ]
}